Country Name,Country Code,year,energy_pc,co2_total_mt,gdp_pc,pop,urban_pct,co2_pc,ln_gdp_pc,ln_co2_pc
Afghanistan,AFG,1992,,1.8107,,13278974.0,17.4882026076758,0.13635842648686564,,-1.9924683711830502
Afghanistan,AFG,1993,,1.7729,,14943172.0,17.6004672404128,0.11864281559497541,,-2.1316378491770243
Afghanistan,AFG,1994,,1.6737,,16250794.0,17.7152595327158,0.10299189073469271,,-2.273105024583067
Afghanistan,AFG,1995,,1.4526,,17065836.0,17.8343849378999,0.08511742407462489,,-2.4637235161279074
Afghanistan,AFG,1996,,1.4056,,17763266.0,17.9596489092802,0.07912959249723558,,-2.5366683591628005
Afghanistan,AFG,1997,,1.3735,,18452091.0,18.0928569001719,0.07443600836349658,,-2.597815470844941
Afghanistan,AFG,1998,,1.4093,,19159996.0,18.2358143638901,0.07355429510528082,,-2.6097314365590973
Afghanistan,AFG,1999,,1.3633,,19887785.0,18.3903267537499,0.06854961475096397,,-2.6801974929609558
Afghanistan,AFG,2000,,1.0093,1617.82647494969,20130327.0,18.5581995230666,0.05013828140993438,7.38883884523527,-2.992970462668411
Afghanistan,AFG,2001,,0.9402,1454.11078195559,20284307.0,18.7412381251552,0.046351102850099836,7.28214984635722,-3.071510193292183
Afghanistan,AFG,2002,,0.9388,1774.30874287341,21378117.0,18.9412480133309,0.04391406408712236,7.4811661854231195,-3.125520643758128
Afghanistan,AFG,2003,,1.0172,1815.92819979586,22733049.0,19.1600346409089,0.04474542768108229,7.504352020822263,-3.1067660142058835
Afghanistan,AFG,2004,,0.9024,1776.91820712187,23560654.0,19.3993593959593,0.03830114393259203,7.482635798463827,-3.2622755155498697
Afghanistan,AFG,2005,,1.2763,1908.11478234587,24404567.0,19.7059095753667,0.05229758839810598,7.55387100866098,-2.9508050199092777
Afghanistan,AFG,2006,,1.4185,1929.72389709372,25424094.0,20.1104530189181,0.055793531915040905,7.565132213164425,-2.8860973318146517
Afghanistan,AFG,2007,,2.0642,2155.35306784413,25909852.0,20.5906579215423,0.07966853689476883,7.675709825704703,-2.529880540327731
Afghanistan,AFG,2008,,3.9029,2191.50435559062,26482622.0,21.1241481349633,0.1473758904990601,7.692343507349757,-1.9147688777404137
Afghanistan,AFG,2009,,6.1659,2565.02208584099,27466101.0,21.6885475109053,0.2244912738069375,7.849722368032124,-1.4939184420121134
Afghanistan,AFG,2010,,7.8684,2848.58606111495,28284089.0,22.2614799010924,0.2781917423608729,7.954578031247957,-1.2794446823169596
Afghanistan,AFG,2011,,11.5231,2757.05258747725,29347708.0,22.8205691572485,0.39264054283216937,7.921917485008463,-0.9348607349417773
Afghanistan,AFG,2012,,9.8844,2985.31914452845,30560034.0,23.3434391310979,0.3234420485265167,8.001461936201517,-1.1287353201100796
Afghanistan,AFG,2013,,8.4287,3046.57993117128,31622704.0,23.8077136743646,0.26653950908182933,8.021774906393857,-1.322232794650256
Afghanistan,AFG,2014,,7.9588,3017.94254424696,32792523.0,24.1910166387726,0.24270166708429236,8.012330601455044,-1.4159222973638506
Afghanistan,AFG,2015,,8.4272,2967.692067153,33831764.0,24.4649118421568,0.24909135686806044,7.995539847945536,-1.3899355547545094
Afghanistan,AFG,2016,,7.6117,2958.7853992308,34700612.0,24.6588345720126,0.219353479990497,7.992534125008689,-1.5170707864832387
Afghanistan,AFG,2017,,10.3972,2952.99891598909,35688935.0,24.8352821238871,0.2913283907182997,7.99057651465584,-1.233304157636454
Afghanistan,AFG,2018,,11.8099,2902.39211285546,36743039.0,24.9991645191406,0.3214187046422589,7.97329054246104,-1.1350106299786646
Afghanistan,AFG,2019,,12.1046,2927.2451435353,37856121.0,25.1437258839803,0.3197527818552778,7.981817035673841,-1.1402071384663386
Afghanistan,AFG,2020,,12.1436,2769.68574507111,39068979.0,25.2622103446137,0.31082460588488886,7.926489143312698,-1.1685264941085858
Afghanistan,AFG,2021,,12.4864,2144.16657002819,40000412.0,25.3478620272481,0.3121567847851167,7.670506210417376,-1.1642497020542912
Afghanistan,AFG,2022,,11.298,1981.71016810561,40578842.0,25.3939250580909,0.27842095641861836,7.591715472161472,-1.2786210788626913
Afghanistan,AFG,2023,,11.6486,1983.81261992909,41454761.0,25.4730529631167,0.28099546877136744,7.592775837784295,-1.2694167351472057
Albania,ALB,1992,418.273208912166,2.3632,3761.15540576541,3247039.0,36.7184275131439,0.7278015447304452,8.232481477947813,-0.3177268713407554
Albania,ALB,1993,412.351824377392,2.2228,4145.91969834494,3227287.0,37.201625125729,0.688751883548008,8.329879924343354,-0.3728741837848023
Albania,ALB,1994,441.348009597146,2.3443,4517.79881384115,3207536.0,37.728534048792,0.7308725451561573,8.415780166120825,-0.31351619126580016
Albania,ALB,1995,417.034611074232,2.0702,5151.39732484423,3187784.0,38.2956838868638,0.6494166480539458,8.547023282068224,-0.4316807835872531
Albania,ALB,1996,447.838930515247,2.0552,5563.79315082011,3168033.0,38.8996042444751,0.6487306161267892,8.624035376007939,-0.43273772375105607
Albania,ALB,1997,384.584954066613,1.5806,4943.00399871118,3148281.0,39.5368247261567,0.5020517545924268,8.505728522271063,-0.6890520678068546
Albania,ALB,1998,426.818906731072,1.9149,5387.56822958918,3128530.0,40.2038749364394,0.612076598274589,8.591849398756716,-0.4908978437223489
Albania,ALB,1999,576.974269147942,3.0869,6086.00863561374,3108778.0,40.8972844798541,0.9929625080980372,8.713747749386856,-0.007062371845077644
Albania,ALB,2000,581.374748988005,3.2329,6582.01638790869,3089027.0,41.6135829609314,1.0465755074332468,8.792096419307036,0.04552341265007931
Albania,ALB,2001,598.228317118281,3.4396,7232.99054955267,3060173.0,42.354513990929,1.1239887418129628,8.88640786027476,0.116883735240699
Albania,ALB,2002,661.11795163205,4.0067,7590.49000137636,3051010.0,43.1520419609419,1.313237255859535,8.93465142711696,0.2724952765288411
Albania,ALB,2003,649.35788110735,4.2116,8025.28131314895,3039616.0,44.0295089223208,1.385569756179728,8.990352001981819,0.32611143135032183
Albania,ALB,2004,716.623145884767,4.4144,8483.29399553028,3026939.0,44.9784925669394,1.4583709813775567,9.045854096230686,0.3773200466099992
Albania,ALB,2005,721.077407396492,4.1489,8964.31799702863,3011487.0,45.9937666920583,1.3776914859668996,9.10100730919439,0.3204092621603025
Albania,ALB,2006,707.890606549635,4.1351,9564.02920336839,2992547.0,47.0701050949378,1.381799517267398,9.1657643820416,0.32338664772193776
Albania,ALB,2007,680.948166186712,4.246,10262.9667962049,2970017.0,48.2022815728384,1.4296214466112485,9.236297238349133,0.35740968657711375
Albania,ALB,2008,712.287869024953,4.195,11056.3517677907,2947314.0,49.3850699230207,1.423329852197628,9.310760362414356,0.35299909280664205
Albania,ALB,2009,734.057809949862,4.2836,11430.6220336089,2927519.0,50.6132439427449,1.463218513697093,9.344051176446216,0.38063847089657477
Albania,ALB,2010,731.053397459356,4.567,11829.0532917923,2913021.0,51.8815774292716,1.5677882171120634,9.378313927717118,0.4496658471887277
Albania,ALB,2011,766.894617514824,5.0007,12153.1140578808,2905195.0,53.2917382892465,1.72129581663193,9.405340716989338,0.5430773889385269
Albania,ALB,2012,699.444897699178,4.5385,12463.5700560026,2860708.0,53.8637553661449,1.5864953710759715,9.430565272650565,0.4615274143412825
Albania,ALB,2013,826.01838486232,4.7703,12873.4832044649,2816902.0,54.2979678058548,1.6934561443742098,9.462924909229919,0.5267714964976248
Albania,ALB,2014,844.590080017958,5.1022,13366.5595256489,2773767.0,54.7325813178673,1.8394479420946317,9.500511309056938,0.609465495132139
Albania,ALB,2015,803.987448070775,4.8756,13876.81917653,2731293.0,55.1579291374894,1.785088600893423,9.537975041842213,0.5794680503546181
Albania,ALB,2016,840.619363568519,4.5382,14643.4892877063,2689469.0,55.5738734464276,1.6873962852890292,9.591751098441199,0.5231866813063054
Albania,ALB,2017,894.466399568989,5.3613,15359.4611530571,2648285.0,55.980276426546,2.0244422333698977,9.639486924905126,0.7052942223066913
Albania,ALB,2018,904.739774695665,5.3341,16170.990493278,2607733.0,56.377000259892,2.045493154398859,9.69097420569069,0.7156389117177508
Albania,ALB,2019,908.317252679183,4.984,16761.1925261726,2567801.0,56.7639071287255,1.9409603781601457,9.726821524617735,0.6631828908719519
Albania,ALB,2020,855.185594249541,4.5676,16457.7872245882,2528480.0,57.1408592155544,1.8064607985825476,9.708554031693959,0.5913695711666993
Albania,ALB,2021,914.732925521475,5.1122,18212.8702466686,2489762.0,57.5077187031778,2.053288627587697,9.809883779557968,0.7194427163615803
Albania,ALB,2022,884.57221529163,4.5239,19388.8731331744,2451636.0,57.8643477747383,1.8452576157308833,9.872454630672422,0.6126188968676819
Albania,ALB,2023,888.463855695385,4.2226,20481.0358398226,2414095.0,58.2106086137857,1.7491440891928445,9.927254655990753,0.5591265764011681
Algeria,DZA,1992,902.220501427253,84.7835,11241.4154173757,26628568.0,53.7052303119619,3.1839301309781285,9.327360042332351,1.1581163239530918
Algeria,DZA,1993,883.920900907848,82.975,10743.7063534104,27277048.0,54.4778516978094,3.0419347430851023,9.282075406613114,1.1124937416297203
Algeria,DZA,1994,833.35888667661,81.1548,10414.0348241407,27887279.0,55.2466217950637,2.9101010536022534,9.250909677690817,1.0681878069042547
Algeria,DZA,1995,851.702645830746,83.819,10588.4433695754,28470191.0,56.0131170977738,2.9440968625746136,9.267518437194052,1.0798021020151276
Algeria,DZA,1996,808.685420917717,81.5084,10808.8788666941,29033044.0,56.7789140999889,2.807435555155705,9.288123192645488,1.0322714528365318
Algeria,DZA,1997,813.381549041801,79.6229,10725.9673493368,29579301.0,57.5455892957581,2.691845219736599,9.280422935471185,0.9902269137463654
Algeria,DZA,1998,828.485785729723,81.4406,11094.8875368585,30054133.0,58.3146995318038,2.709797018599738,9.314239698934834,0.9968737312006927
Algeria,DZA,1999,872.199058779228,84.9551,11292.0372997165,30474354.0,59.0844647469391,2.787757207256961,9.33185309256634,1.0252374041911592
Algeria,DZA,2000,873.657787057718,87.9391,11558.220469383,30903893.0,59.8521239445692,2.8455670617290836,9.355152191741912,1.0457623664266549
Algeria,DZA,2001,863.498325342364,85.8235,11742.5946761225,31331221.0,60.6177172788536,2.7392325374105275,9.370978080557384,1.00767778533024
Algeria,DZA,2002,911.440557642084,89.6877,12213.1263531246,31750835.0,61.3812658601162,2.8247351605083773,9.41026658290686,1.03841461171113
Algeria,DZA,2003,955.848483496115,96.5063,12835.1814413331,32175818.0,62.1427907986812,2.999342549737197,9.459945229655116,1.0983931145636194
Algeria,DZA,2004,954.298409338891,96.626,13226.7650481165,32628286.0,62.9023132048725,2.9614182001469525,9.489997710816683,1.0856682752650977
Algeria,DZA,2005,979.326457769033,101.4002,13738.495644436,33109249.0,63.6598541890144,3.0625943826149604,9.527957072477655,1.1192623942090039
Algeria,DZA,2006,1032.63866815022,105.5039,13920.6940553701,33623506.0,64.4154348614309,3.137801869918027,9.541131792945004,1.1435225133493683
Algeria,DZA,2007,1077.66189233078,108.9161,14114.6745192683,34189416.0,65.1690763324461,3.185667166704456,9.554970281212958,1.1586617385808016
Algeria,DZA,2008,1070.72807038599,113.7088,14206.7767147039,34816961.0,65.901485871159,3.2659025007955176,9.561474363179547,1.1835361413150147
Algeria,DZA,2009,1147.30600554253,116.0891,14104.42817214,35490445.0,66.5097384559521,3.2709958976282207,9.554244081823088,1.1850944943910522
Algeria,DZA,2010,1151.13889665565,118.6168,14496.4211312996,36188236.0,67.1235057867459,3.277772367793777,9.581657079412897,1.1871640355045991
Algeria,DZA,2011,1174.26806450034,124.8035,14641.9640935685,36903376.0,67.7344007507578,3.3818992603820313,9.591646937913492,1.2184374630374875
Algeria,DZA,2012,1258.83718458975,140.2699,14697.5396133853,37646166.0,68.3421258553675,3.726007583348594,9.595435385519268,1.3153373074292294
Algeria,DZA,2013,1273.72242693806,145.7286,14778.1914257233,38414171.0,68.9463836079277,3.793615642519007,9.600907820690283,1.3333195597175418
Algeria,DZA,2014,1358.04787814425,155.033,15073.7629403565,39205031.0,69.5468765157615,3.9544159523812135,9.620710957887058,1.374832917086335
Algeria,DZA,2015,1414.49702064392,164.5785,15239.5171456469,40019529.0,70.1433070861612,4.112454696805652,9.631647145382207,1.4140201000565045
Algeria,DZA,2016,1371.20207705232,160.7458,15511.6858768094,40850721.0,70.7353778263851,3.9349562520573382,9.649348946382828,1.3698997641601287
Algeria,DZA,2017,1380.3468180174,166.3203,15427.6641894713,41689299.0,71.3227912436551,3.9895201883821554,9.643917552787839,1.3836709701324288
Algeria,DZA,2018,1442.30211193457,174.8053,15343.4261222434,42505035.0,71.905249845153,4.112578662739603,9.638442395631522,1.4140502436263944
Algeria,DZA,2019,1463.50985736009,181.6864,15199.1989965639,43294546.0,72.4824561380175,4.196519349111549,9.62899800785132,1.434255455303748
Algeria,DZA,2020,1373.67832094406,171.9505,14194.1557479619,44042091.0,73.0541126293395,3.9042310684113524,9.560585591827454,1.3620608544046957
Algeria,DZA,2021,1451.44517709293,181.3215,14496.8654697299,44761099.0,73.6199218261573,4.050872388097531,9.581687730538205,1.3989322623907625
Algeria,DZA,2022,1499.50999958517,189.1886,14782.2002970247,45477389.0,74.1795862354514,4.160058529305629,9.601179053315587,1.4255291437188191
Algeria,DZA,2023,1503.41406578063,190.5786,15159.3242373415,46164219.0,74.732808364138,4.1282751907922455,9.6263710828296,1.4178596903933929
Angola,AGO,1992,487.66526325083,12.119,7447.49422684139,12423712.0,40.5205765835195,0.9754733528916317,8.91563290940639,-0.024832435651237567
Angola,AGO,1993,489.171805015051,12.1418,5483.27751126366,12827135.0,41.7840948723822,0.9465714674399233,8.609458287156931,-0.05490880411520996
Angola,AGO,1994,480.041934528091,11.4905,5379.47533872491,13249764.0,43.0,0.8672229935567154,8.590346127717277,-0.14245913393802948
Angola,AGO,1995,460.744687477655,12.9537,5983.18421691116,13699778.0,44.2110025396864,0.9455408693483939,8.69670818297305,-0.05599816670051737
Angola,AGO,1996,455.930060729858,15.6788,6567.67778259899,14170973.0,45.4556005898678,1.1064025032014386,8.789915591250253,0.10111376384003731
Angola,AGO,1997,448.250287767476,16.4022,6810.21622212226,14660413.0,46.7206500231881,1.1188088630245274,8.826179149318262,0.11226460421679882
Angola,AGO,1998,429.96411434091,17.0365,6895.02600537711,15159370.0,47.993006712291,1.1238263859250088,8.838555561848587,0.11673927862037213
Angola,AGO,1999,434.376831763019,18.0315,6817.05713550008,15667235.0,49.2595265298203,1.1509050575931234,8.82718315265377,0.14054863945056775
Angola,AGO,2000,428.222669261961,16.512,6796.40633958013,16194869.0,50.5070653484197,1.0195821898898967,8.824149271996191,0.019392925624907343
Angola,AGO,2001,428.599480858479,16.1923,6848.68325514498,16747208.0,51.7224790407329,0.9668656411265687,8.831811687252296,-0.03369573720875734
Angola,AGO,2002,429.424207435976,15.9155,7523.81291488042,17327699.0,52.8926234794038,0.9185004887261718,8.925828324997534,-0.08501284223545771
Angola,AGO,2003,446.134132051678,17.3297,7518.88948314505,17943712.0,54.0043545370761,0.9657812162834535,8.925173730925152,-0.03481795459965339
Angola,AGO,2004,433.557080102511,17.6903,8081.75707952672,18600423.0,55.0445280863936,0.9510697686821423,8.997364588211534,-0.050167855634401466
Angola,AGO,2005,392.557802386847,15.6389,8895.37660461036,19291161.0,56.0,0.810676972733782,9.093286938114334,-0.2098856115687882
Angola,AGO,2006,422.909458684002,16.3203,9588.82238860962,20015279.0,56.8939032662772,0.8153920812195523,9.168353364572047,-0.20408620017277465
Angola,AGO,2007,446.790005661844,17.0559,10437.5899897179,20778561.0,57.7564632930133,0.8208412507487887,9.253168990891323,-0.19742554906824053
Angola,AGO,2008,472.064397001416,19.1195,11134.7047183666,21578655.0,58.5851745819614,0.8860376144852402,9.31782206100726,-0.12099587500593308
Angola,AGO,2009,504.92416679274,21.0889,10933.2712187989,22414773.0,59.3775316348744,0.9408482521772583,9.29956582448057,-0.0609734146992639
Angola,AGO,2010,487.281074343005,22.7399,11077.1301919405,23294825.0,60.1310289535053,0.9761781854982813,9.312637918805315,-0.024110142123496346
Angola,AGO,2011,486.235365702241,23.6501,11037.6388778577,24218352.0,60.8431610396073,0.9765363060211529,9.309066427198422,-0.023743349611388728
Angola,AGO,2012,531.24332255994,24.7162,11519.9933863364,25177394.0,61.5114223949332,0.9816822185806839,9.351839360146974,-0.018487629332815263
Angola,AGO,2013,512.021802587495,28.5343,11626.1877218484,26165620.0,62.1333075212361,1.090526423604715,9.361015394857965,0.0866605370901644
Angola,AGO,2014,447.160325436651,30.8873,11721.664415634,27160769.0,62.723115793241,1.137202705858586,9.369194068033666,0.12857148019619105
Angola,AGO,2015,517.525209417242,33.0865,11392.9059344932,28157798.0,63.51567832685,1.1750386163008912,9.340746154234047,0.16130101199301078
Angola,AGO,2016,462.934994006148,31.2748,10805.7122533667,29183070.0,64.2992302517989,1.071676146478078,9.287830185636244,0.06922391484058625
Angola,AGO,2017,456.692217487614,27.9951,10414.2358842987,30234839.0,65.0850525086068,0.9259219141203299,9.250928984157573,-0.07696537389555845
Angola,AGO,2018,405.179753107747,25.8142,10000.9443772509,31297155.0,65.8732136723372,0.8248097950117191,9.210434805242311,-0.19260247072948547
Angola,AGO,2019,416.996507156148,26.9963,9648.01103767178,32375632.0,66.6637823180533,0.8338462705531123,9.174507063003603,-0.18170622148782678
Angola,AGO,2020,397.633186643914,20.538,8960.33797242389,33451132.0,67.4568270208187,0.613970253682297,9.100563225394184,-0.48780879878008065
Angola,AGO,2021,418.358996013843,25.5641,8862.28133314521,34532429.0,68.2524163556969,0.7402925522557362,9.089559497266059,-0.3007098300244093
Angola,AGO,2022,423.122517600564,26.6839,8950.14259255142,35635029.0,69.0506188977513,0.7488109522795674,9.099424743270637,-0.28926872748399013
Angola,AGO,2023,,27.336,8788.26106439635,36749906.0,69.8515032220457,0.7438386373015484,9.08117213998137,-0.29593115301945455
Antigua and Barbuda,ATG,1992,,0.1658,21330.2731918527,64404.0,35.4264942344835,2.5743742624681696,9.967882619252702,0.9456064997185024
Antigua and Barbuda,ATG,1993,,0.1617,22051.4373204261,65587.0,35.2418190034,2.465427599981704,10.001133063350391,0.9023652610031392
Antigua and Barbuda,ATG,1994,,0.1761,23081.6639123529,66843.0,34.9622518377762,2.634531663749383,10.046793811279633,0.9687054294787817
Antigua and Barbuda,ATG,1995,,0.1842,21639.6020640854,68189.0,34.6045871837806,2.7013154614380617,9.98228034388586,0.9937388623030535
Antigua and Barbuda,ATG,1996,,0.1827,22597.314506816,69612.0,34.1856194875816,2.6245474918117564,10.025586351067838,0.9649084971120334
Antigua and Barbuda,ATG,1997,,0.1933,23350.3093865169,71053.0,33.7221431953478,2.720504412199344,10.05836551296716,1.0008173087765084
Antigua and Barbuda,ATG,1998,,0.1979,23996.1144041367,72412.0,33.2309527532477,2.732972435507927,10.085647196395254,1.0053898210948227
Antigua and Barbuda,ATG,1999,,0.2005,24462.2034022412,73666.0,32.7288426074498,2.7217440881817936,10.104884487041813,1.001272883711686
Antigua and Barbuda,ATG,2000,,0.1357,25547.6120273679,74912.0,32.2326072041227,1.811458778299872,10.14829912853861,0.5941324755323232
Antigua and Barbuda,ATG,2001,,0.1326,24014.7754593511,76069.0,31.7554348168059,1.7431542415438614,10.086424564038603,0.5556962546157342
Antigua and Barbuda,ATG,2002,,0.1501,23958.1638142071,77032.0,31.2280374899146,1.9485408661335548,10.084064413825589,0.6670808187014334
Antigua and Barbuda,ATG,2003,,0.1637,25136.001691807,77884.0,30.6003743426951,2.1018437676544606,10.132056427801535,0.7428149441237146
Antigua and Barbuda,ATG,2004,1714.96080996964,0.1664,26303.6179046605,78719.0,29.905566716031,2.1138479909551697,10.177461771619793,0.7485099789758298
Antigua and Barbuda,ATG,2005,1720.86771928502,0.1725,27692.634871178,79611.0,29.1737995723752,2.1667859969099745,10.228921767693501,0.7732449622137936
Antigua and Barbuda,ATG,2006,1774.10550344896,0.1962,30827.3416754916,80604.0,28.43525787418,2.4341223760607416,10.336157291910935,0.889586271058535
Antigua and Barbuda,ATG,2007,1786.93821599922,0.2146,33245.2678606765,81704.0,27.7201265838981,2.6265543914618625,10.411667715975897,0.9656728699208004
Antigua and Barbuda,ATG,2008,,0.2311,32756.3067839753,82912.0,27.0585906639822,2.7872925511385565,10.396850796079988,1.0250707129006356
Antigua and Barbuda,ATG,2009,,0.2667,28405.6900929523,84173.0,26.4808350768849,3.1684744514274175,10.254344759466482,1.1532502264468643
Antigua and Barbuda,ATG,2010,,0.2789,25826.6086383235,85320.0,26.0170447850587,3.2688701359587435,10.159160582012024,1.1844444010302935
Antigua and Barbuda,ATG,2011,,0.2128,25023.9174488179,86332.0,25.694689859722,2.464902932863828,10.127587344459238,0.9021524285707653
Antigua and Barbuda,ATG,2012,,0.2268,25592.9066121735,87260.0,25.4555618588267,2.599129039651616,10.150070506610412,0.9551764041581334
Antigua and Barbuda,ATG,2013,,0.2598,25206.8458285339,88064.0,25.2475667667937,2.950127180232558,10.134870896469112,1.0818482813656753
Antigua and Barbuda,ATG,2014,,0.2797,25557.5249124716,88765.0,25.0899726107741,3.151016729566834,10.148687069392373,1.147725172049153
Antigua and Barbuda,ATG,2015,,0.291,25734.1516444171,89409.0,25.0,3.2547059020903935,10.155574246492673,1.1801019189180837
Antigua and Barbuda,ATG,2016,,0.3149,26627.71453894,89969.0,24.9239807471655,3.5000944769865177,10.189707852328896,1.2527899615557714
Antigua and Barbuda,ATG,2017,,0.2772,27199.1952402262,90468.0,24.8500263836871,3.064066852367688,10.210942665090002,1.119743070298183
Antigua and Barbuda,ATG,2018,,0.2872,28878.6067675471,90926.0,24.7781432093764,3.158612498075358,10.270856349722129,1.150132848286158
Antigua and Barbuda,ATG,2019,,0.3426,29651.8641526705,91364.0,24.708337524045,3.749835821548969,10.297280274377693,1.3217120581036321
Antigua and Barbuda,ATG,2020,,0.326,23930.6714995115,91846.0,24.6406156275043,3.5494196807699847,10.082916241499586,1.266784119918976
Antigua and Barbuda,ATG,2021,,0.3315,25745.4958067746,92349.0,24.574983819566,3.589643634473573,10.156014970666314,1.2780529314096256
Antigua and Barbuda,ATG,2022,,0.343,27941.7851474762,92840.0,24.5114484000414,3.694528220594571,10.237878522948753,1.3068528657597036
Antigua and Barbuda,ATG,2023,,0.3441,28474.0444178181,93316.0,24.4500156687422,3.6874705302413306,10.256748229115514,1.3049407298350424
Argentina,ARG,1992,1407.27675440761,107.5265,19476.2840606477,33693527.0,87.4815873775619,3.1913103071696827,9.876952802359902,1.1604315870588233
Argentina,ARG,1993,1432.607502841,111.2874,20791.3451479504,34152717.0,87.7307713525095,3.2585225942638765,9.942292080440112,1.1812739007125148
Argentina,ARG,1994,1530.52760849222,114.6933,21711.842788091,34613491.0,87.964582650281,3.313543265543484,9.985613141264123,1.1980180898152013
Argentina,ARG,1995,1507.19847475089,116.2841,20819.4999479903,35070020.0,88.1853677511823,3.3157694235703317,9.943645324012625,1.1986897003470687
Argentina,ARG,1996,1534.09177637667,126.592,21695.5949515372,35513793.0,88.3954731355194,3.5645868634758333,9.98486452129673,1.2710481603278143
Argentina,ARG,1997,1567.39444751302,130.9503,23172.1583398342,35947791.0,88.5972452835983,3.6427912914036917,10.050706765433036,1.2927502260761037
Argentina,ARG,1998,1648.11263598533,138.0301,23783.1017185449,36372860.0,88.793030675725,3.7948651824464723,10.076730595655953,1.333648885169521
Argentina,ARG,1999,1666.81862190168,139.931,22714.5111302701,36794682.0,88.9851757922053,3.803022404161558,10.030759256071969,1.335796120109826
Argentina,ARG,2000,1643.32131961789,136.7561,22281.3814299958,37213984.0,89.1760271133454,3.674857816889479,10.011506695260747,1.301514442634576
Argentina,ARG,2001,1518.56737304195,131.3266,21066.4581290433,37624825.0,89.3682951289372,3.490424207953127,9.955437392480027,1.2500232783845568
Argentina,ARG,2002,1484.25701881625,124.0151,18571.7020471274,38029349.0,89.5616701920513,3.2610366272638536,9.829394305888538,1.1820451286557432
Argentina,ARG,2003,1590.61721067918,135.1954,20005.1385113465,38424282.0,89.752468256564,3.518488647361062,9.903744445103731,1.2580315358627918
Argentina,ARG,2004,1740.90890259945,149.6663,21591.449396517,38815916.0,89.9397208794212,3.8557971941200613,9.980052654026137,1.3495777804792635
Argentina,ARG,2005,1712.4320350003,153.6289,23262.4075792816,39216789.0,90.1233737736072,3.9174267939172682,10.054593927993945,1.3654350081346402
Argentina,ARG,2006,1784.01669776279,162.5613,24877.2493922296,39622115.0,90.3033726521064,4.102792089720602,10.12170898576677,1.411667739429518
Argentina,ARG,2007,1845.91422802344,173.0862,26850.6645932771,40016763.0,90.4796632279031,4.325342357151676,10.198045851708043,1.4644912949739664
Argentina,ARG,2008,1889.40923801554,179.2241,27658.4853446831,40424148.0,90.6521912139817,4.433590041279287,10.227687843946534,1.4892096489311832
Argentina,ARG,2009,1722.74402909882,164.8204,25747.1976809995,40854831.0,90.8209023233265,4.034294010419478,10.156081072247344,1.394831319974708
Argentina,ARG,2010,1826.05112368849,177.3162,28056.2570212342,41288694.0,90.9930051940977,4.294546105042702,10.24196695278583,1.4573458700013495
Argentina,ARG,2011,1865.25736115683,184.8342,29425.7593876084,41730660.0,91.1072286738406,4.4292182294744435,10.28962573936075,1.4882230965821146
Argentina,ARG,2012,1897.60983922809,188.8365,28825.9666865361,42161721.0,91.2041217246797,4.478861287469741,10.269031880968202,1.4993688372143938
Argentina,ARG,2013,1928.54922885127,193.179,29227.6601818437,42582455.0,91.3014507719473,4.536586723334763,10.282870806384087,1.5121749062385546
Argentina,ARG,2014,1911.61727736839,190.0264,28200.8152571318,43024071.0,91.3975345472954,4.416746151241709,10.247106166335692,1.485403260109743
Argentina,ARG,2015,1919.75859208058,196.1938,28669.2061336796,43477012.0,91.4923019108628,4.512587019549549,10.263578868702613,1.5068706075837668
Argentina,ARG,2016,1889.87018853289,194.1404,27802.1057201498,43900313.0,91.5856817228217,4.4223010437306,10.232867042139326,1.4866601587545085
Argentina,ARG,2017,1874.82963739464,191.3736,28334.904184742,44288894.0,91.6776028433824,4.321029104948974,10.251849687081927,1.463493592624629
Argentina,ARG,2018,1806.77623499039,189.8171,27367.115094108,44654882.0,91.7679941327998,4.25075806940885,10.217097392537358,1.4470973363030886
Argentina,ARG,2019,1777.41507710553,183.2687,26629.5529419501,44973465.0,91.8567844513802,4.07504069344001,10.189776890907021,1.404880732763213
Argentina,ARG,2020,1623.92450833523,168.1154,23877.0931404855,45191965.0,91.9439026594897,3.7200285493228717,10.080674832311747,1.313731342804765
Argentina,ARG,2021,1741.51377200597,185.676,26300.274261175,45312281.0,92.0292776175651,4.0976970459730335,10.177334646293042,1.4104251197957702
Argentina,ARG,2022,1808.76021335553,195.0411,27825.0273492567,45407904.0,92.112838186126,4.295311670849198,10.23369115904557,1.4575241187753099
Argentina,ARG,2023,1832.06690004241,189.8908,27230.3968496682,45538401.0,92.1945132257907,4.169904867762045,10.212089159548686,1.4278932220641585
Armenia,ARM,1992,1156.52854495764,10.9766,3136.72428260526,3571861.0,67.3189719323147,3.0730759119685787,8.050934312267142,1.122678985729204
Armenia,ARM,1993,634.938401584258,5.1153,2958.88037185647,3453332.0,67.0403082101074,1.4812650506814868,7.992566223011297,0.39289648664731197
Armenia,ARM,1994,409.762251524819,2.8083,3200.89649468569,3364610.0,66.7276623541806,0.834658400230636,8.071186204141126,-0.18073273935633488
Armenia,ARM,1995,497.307222678528,3.5412,3480.7559365251,3307581.0,66.3956964271579,1.0706313768279598,8.155004772318387,0.06824854625173514
Armenia,ARM,1996,543.248963246472,2.5941,3717.33576522762,3278735.0,66.0590724916631,0.7911892848918867,8.220762498535969,-0.23421804162190388
Armenia,ARM,1997,573.598498068918,3.3384,3879.17938009678,3246289.0,65.7324526103198,1.0283742451765694,8.263378910272989,0.027979152510401957
Armenia,ARM,1998,591.114376781768,3.4727,4211.51276778797,3208401.0,65.4304988457517,1.08237717168147,8.345577189399398,0.0791597071877605
Armenia,ARM,1999,578.924652970815,3.1043,4406.96706718618,3167286.0,65.1678732605826,0.9801135735768731,8.390941991972264,-0.020086822627436957
Armenia,ARM,2000,625.503227341883,3.5697,4589.00825039977,3221100.0,64.959237917436,1.1082238986681567,8.431419212257627,0.10275864252101788
Armenia,ARM,2001,624.555471332605,3.6334,5044.11647826468,3211800.0,64.8228123790872,1.1312659567843577,8.525977789257652,0.12333732137725407
Armenia,ARM,2002,586.440648432386,3.1014,5731.35346609213,3199800.0,64.7396211980252,0.9692480780048753,8.653706988813186,-0.03123468540456287
Armenia,ARM,2003,622.582881402385,3.4708,6569.26023440631,3182500.0,64.6663537455064,1.0905891594658288,8.790156507636237,0.0867180634877731
Armenia,ARM,2004,661.929679898088,3.7592,7299.40001858866,3164900.0,64.5972633621116,1.1877784448165818,8.895547434524332,0.17208470928609934
Armenia,ARM,2005,798.544180515189,4.4627,8362.90084037119,3146400.0,64.5334210637509,1.418351131451818,9.031560636366498,0.3494950218931724
Armenia,ARM,2006,818.274997390362,4.4457,9525.23146779778,3127100.0,64.4758978663344,1.4216686386748105,9.161699500780767,0.3518312793846367
Armenia,ARM,2007,918.181612522836,5.1543,10898.8483795634,3107400.0,64.4257647857723,1.6587178992083413,9.296412409384473,0.5060449540781302
Armenia,ARM,2008,973.21714524559,5.6485,11727.4821272949,3087100.0,64.3840928379746,1.8297107317547212,9.36969026620187,0.6041578842795505
Armenia,ARM,2009,851.338387705143,4.502,10143.2350796867,3066000.0,64.3519530388516,1.4683626875407698,9.224562267651514,0.3841479620349182
Armenia,ARM,2010,815.62798698571,4.2991,10438.5641904169,3044800.0,64.3304164043132,1.41194823962165,9.253262322325007,0.3449704809073988
Armenia,ARM,2011,896.948023835655,4.9041,10990.177099035,3027900.0,64.3207449145194,1.619637372436342,9.304757161829704,0.4822022800123485
Armenia,ARM,2012,982.442415313472,5.6696,11796.2741177994,3024100.0,64.3268379506998,1.8748057273238319,9.375539007864504,0.628505041960314
Armenia,ARM,2013,959.801682347684,5.4929,12194.0189523843,3022000.0,64.3584061131466,1.8176373262739907,9.408700860705055,0.5975374853560559
Armenia,ARM,2014,1045.97511363021,5.7607,12667.3757330249,3013800.0,64.4142934233291,1.9114407060853407,9.44678512739667,0.6478572540997585
Armenia,ARM,2015,1084.52062940136,5.6172,13112.7600902915,3004600.0,64.4929623431549,1.869533382147374,9.481341087801754,0.625688871465702
Armenia,ARM,2016,1043.09797203416,5.3749,13192.9940731731,2992300.0,64.5928753345316,1.7962436921431675,9.487441215643404,0.5856976467240228
Armenia,ARM,2017,1105.96696981707,5.6892,14243.8749003795,2979400.0,64.7124948593667,1.909511982278311,9.564082261740419,0.6468477027505803
Armenia,ARM,2018,1072.33682481147,5.9516,15037.0452420712,2969000.0,64.8502833795679,2.004580666891209,9.618272118234373,0.6954348951897825
Armenia,ARM,2019,1163.09284675689,6.4247,16215.3607965094,2962500.0,65.0047033570428,2.168675105485232,9.693714269280761,0.7741164306228963
Armenia,ARM,2020,1233.30455891532,6.9145,15052.9359791136,2961500.0,65.174217253699,2.334796555799426,9.619328332819745,0.8479247591876932
Armenia,ARM,2021,1271.52805556324,7.4634,15921.705281964,2962300.0,65.3572875314441,2.5194612294500893,9.675438569363154,0.9240450808280501
Armenia,ARM,2022,1347.59055747413,7.7742,17886.1783877168,2969200.0,65.5624462874485,2.61828101845615,9.791783536451202,0.9625180026194283
Armenia,ARM,2023,,7.4987,19402.7510915578,2964300.0,65.6956882008852,2.5296697365313903,9.873170143840682,0.9280887552980833
Aruba,ABW,1992,,0.2508,34371.1629150514,69005.0,65.3905890889858,3.6345192377363964,10.444973204449004,1.2904768430187625
Aruba,ABW,1993,,0.2516,34540.335984878,73685.0,65.3844666218501,3.4145348442695256,10.449883079067314,1.2280412741610591
Aruba,ABW,1994,,0.2858,35490.7214500469,77595.0,65.3800478100985,3.6832270120497457,10.47702657369673,1.303789273372179
Aruba,ABW,1995,,0.3144,35386.8602892056,79805.0,65.376703433065,3.9396027817805903,10.474095851947132,1.3710799014205297
Aruba,ABW,1996,,0.2068,34419.4315497134,83021.0,65.3738042700838,2.49093602823382,10.446376554513332,0.9126585547916337
Aruba,ABW,1997,,0.343,35444.5787437592,86301.0,65.3707211004889,3.9744614778507783,10.475725593432465,1.3798892616581764
Aruba,ABW,1998,,0.3512,35271.9070906287,88451.0,65.3668247036146,3.9705599710574218,10.470842092951425,1.3789071353965792
Aruba,ABW,1999,,0.3559,35227.47657679,89659.0,65.3614858587949,3.969484379705328,10.469581641656399,1.378636207096646
Aruba,ABW,2000,,0.2689,37524.0346018738,90588.0,65.3545497799987,2.968384333465801,10.53273692937189,1.088017809329331
Aruba,ABW,2001,,0.2719,38729.4588237779,91439.0,65.3351137913914,2.973567077505222,10.564355799361287,1.089762268344653
Aruba,ABW,2002,,0.297,38098.9048329158,92074.0,65.2820691308217,3.225666311879575,10.547940816158768,1.171139537241925
Aruba,ABW,2003,,0.3424,38086.0123762909,93128.0,65.1982922587168,3.6766600807490764,10.547602364475146,1.3020047533216472
Aruba,ABW,2004,,0.3494,40000.5625183532,95138.0,65.0886533661558,3.6725598604132945,10.596648795956021,1.3008889285690808
Aruba,ABW,2005,,0.3853,38828.2166342999,97635.0,64.9580226442175,3.9463307215650127,10.566902494148476,1.3727862159396516
Aruba,ABW,2006,,0.4242,38566.8026759098,99405.0,64.811270283981,4.267390976309039,10.560147151108385,1.4510026279222823
Aruba,ABW,2007,,0.4581,39462.5851547515,100150.0,64.6532664765254,4.574138791812282,10.583108290729019,1.5204184387808692
Aruba,ABW,2008,,0.4545,39881.5879733887,100917.0,64.4888814129295,4.5037010612681705,10.593670042074118,1.5048995168025705
Aruba,ABW,2009,,0.4933,34986.1484622772,101604.0,64.3229852842726,4.85512381402307,10.462707503917947,1.580034603791552
Aruba,ABW,2010,,0.4828,33951.6246182745,101838.0,64.1612965549477,4.74086293917791,10.432691985104784,1.556219173815927
Aruba,ABW,2011,,0.2907,34837.9402869986,102591.0,63.9992605838571,2.833581893148522,10.458462310016724,1.0415415979739693
Aruba,ABW,2012,,0.3754,33972.3401082566,104110.0,63.8252085199599,3.6058015560464893,10.43330194627851,1.282544091665747
Aruba,ABW,2013,,0.4128,35621.7848546409,105675.0,63.6382914355326,3.906316536550745,10.480712663803912,1.3625948677144992
Aruba,ABW,2014,,0.4411,35746.8630679768,106807.0,63.4392531303795,4.129879127772524,10.484217797921918,1.4182481396614917
Aruba,ABW,2015,,0.4625,36660.6310808381,107906.0,63.2288374043053,4.286137934869238,10.509458735671009,1.4553860791908464
Aruba,ABW,2016,,0.4854,36832.9040242979,108727.0,63.0077880571142,4.464392469211879,10.514146855754984,1.4961331399446445
Aruba,ABW,2017,,0.4671,38116.8310992499,108735.0,62.7768488886109,4.29576493309422,10.548411224702237,1.4576296380871114
Aruba,ABW,2018,,0.4653,39278.8297271438,108908.0,62.5367636985996,4.272413413156058,10.578440968927426,1.452178869718237
Aruba,ABW,2019,,0.5095,39652.6320700939,109203.0,62.288276286885,4.665622739302033,10.587912607459865,1.540221317201865
Aruba,ABW,2020,,0.4887,30347.6371851417,108587.0,62.0028837566365,4.500538738523027,10.32047394123762,1.50419710928223
Aruba,ABW,2021,,0.5074,35104.7868035374,107700.0,61.9275339886843,4.7112349117920145,10.466092776324729,1.5499500630028384
Aruba,ABW,2022,,0.5355,38979.8358245412,107310.0,61.8811657924257,4.990215264187867,10.570799761265643,1.6074790479487675
Aruba,ABW,2023,,0.5371,41964.7711908515,107359.0,61.8351492675589,5.002840935552679,10.644585764121544,1.6100059381874576
Australia,AUS,1992,4960.57443467868,283.1177,35426.2848289008,17478635.0,85.3907597470933,16.19792964381944,10.475209332889202,2.7848834343070203
Australia,AUS,1993,5171.29276055127,287.0291,36533.1468283451,17634808.0,85.3660763370105,16.27628154499896,10.505975259751365,2.789708928158851
Australia,AUS,1994,5127.43388651941,292.3876,37622.6524772939,17805468.0,85.3300727660859,16.421225210143312,10.535361607474613,2.7985747181798772
Australia,AUS,1995,5138.24234027092,302.6941,38653.3366778657,18004882.0,85.2868710503009,16.81177916078539,10.562388380893841,2.8220797812479694
Australia,AUS,1996,5429.944199086,312.678,39663.1617728168,18224767.0,85.2405932056372,17.1567625528491,10.588178120853216,2.8423924138394416
Australia,AUS,1997,5497.64639169812,322.3762,40773.5660516518,18423037.0,85.1953612480762,17.49853729328123,10.615789259529365,2.862117294195122
Australia,AUS,1998,5584.82787538452,342.1206,42257.1718122395,18607584.0,85.1552971935996,18.38608386773909,10.651529365415177,2.911594066931164
Australia,AUS,1999,5644.57987814369,348.1305,43899.073794405,18812264.0,85.1245230581889,18.505507896338262,10.68964850076336,2.9180684118996387
Australia,AUS,2000,5681.22885913159,353.8956,45099.0752097084,19028802.0,85.1071608578257,18.597891764284476,10.71661701995256,2.9230482282888004
Australia,AUS,2001,5486.39455905443,360.4279,45428.2000837579,19274701.0,85.1481094164726,18.69953261531787,10.723888338416689,2.928498529714921
Australia,AUS,2002,5480.23464289818,368.6413,46688.3947760633,19495210.0,85.2842102783464,18.909326957750135,10.751250906908407,2.9396552901675865
Australia,AUS,2003,5615.57675632995,368.1402,47581.2285345879,19720737.0,85.4097077818668,18.667669468945302,10.770193603922682,2.92679312217473
Australia,AUS,2004,5652.13037917952,381.9789,49061.2761503925,19932722.0,85.518767609412,19.16340879083148,10.800825329508264,2.953002668557084
Australia,AUS,2005,5624.49561264785,384.1228,49997.0664953941,20176844.0,85.6190871221958,19.037803930089364,10.819719612597009,2.9464266829048413
Australia,AUS,2006,5775.11675226564,390.1907,50693.7248649798,20450966.0,85.7492544263523,19.079328575481473,10.833557411997642,2.948605475436676
Australia,AUS,2007,5853.76413229662,400.701,51663.2403953881,20827622.0,85.8968519574969,19.238922235097217,10.85250179010637,2.956935426781717
Australia,AUS,2008,5951.19291532561,404.3323,52473.3819160773,21249199.0,86.0253816967666,19.028119601120025,10.868061308883778,2.9459178640831816
Australia,AUS,2009,5843.93312947132,410.3013,52407.9115378584,21691653.0,86.1278139101818,18.915169812093158,10.866812842459181,2.939964235686415
Australia,AUS,2010,5762.9435664152,415.3195,52739.2681556133,22031750.0,86.2198600512143,18.85095373722015,10.873115583353155,2.9365635087530784
Australia,AUS,2011,5698.65597309349,412.862,53257.0473237603,22340024.0,86.3268946146423,18.480821685777958,10.882885418923138,2.9167335287411884
Australia,AUS,2012,5533.72233837943,413.3728,54403.8836902433,22733465.0,86.4451259136625,18.183448937502487,10.904190821660558,2.900511781290255
Australia,AUS,2013,5533.38146350965,405.7424,54895.0052588984,23128129.0,86.5740515760243,17.543243554201897,10.913177644468051,2.8646688931204642
Australia,AUS,2014,5407.4382264583,396.4423,55489.068844146,23475686.0,86.7221289343356,16.887357413112444,10.923941322572663,2.8265652599116606
Australia,AUS,2015,5318.66679266228,400.6316,55879.9958817103,23815995.0,86.8778642539361,16.821955160806844,10.930961739672082,2.822684888027648
Australia,AUS,2016,5216.98867184459,408.6132,56529.951824687,24190907.0,87.0166295249235,16.8911897350521,10.942525897461065,2.8267921685433013
Australia,AUS,2017,5162.45894302308,411.2113,56881.8569859104,24592588.0,87.12809266445,16.72094453824868,10.948731711375824,2.81666209758302
Australia,AUS,2018,5086.37378454852,409.2476,57647.8455068105,24963258.0,87.2267680845925,16.393997930879053,10.962108153044138,2.7969152880187442
Australia,AUS,2019,5231.57466031316,407.9086,58048.6188420831,25334826.0,87.3019647888406,16.10070659257735,10.969036194286282,2.7788631587651023
Australia,AUS,2020,5159.03638381788,392.5458,57260.4650530108,25649248.0,87.2713470458985,15.304378514333052,10.955365700397168,2.728138964864835
Australia,AUS,2021,5006.44306522882,384.7347,58327.4146842325,25685412.0,87.2353407632761,14.97872411001233,10.973827496533854,2.706630801565283
Australia,AUS,2022,4942.16372202842,378.0651,60029.1329190733,26018721.0,87.3343268253813,14.530502863688035,11.002585272014857,2.676250085633569
Australia,AUS,2023,4927.64894813822,377.4957,60684.9596204883,26659922.0,87.4866955653765,14.159670084556137,11.013451164144975,2.650397788880878
Austria,AUT,1992,3245.8963821747,60.5108,44734.8538849803,7840709.0,64.9499929346872,7.717516362359578,10.70850820574143,2.0434925975551406
Austria,AUT,1993,3256.11678131379,60.5672,44601.2068091388,7905633.0,65.280505951617,7.661271399772795,10.70551619614295,2.036177949062106
Austria,AUT,1994,3234.79392759607,61.0918,45497.1385930997,7936118.0,65.585473658006,7.697945015434498,10.725404714897762,2.040953412128134
Austria,AUT,1995,3374.07611625172,64.0569,46639.5321839019,7948278.0,65.8629352596037,8.059217355004442,10.75020379061176,2.0868164494470287
Austria,AUT,1996,3580.79320121771,67.9763,47608.6310978165,7959017.0,66.1109299621598,8.540790904203371,10.770769349366395,2.1448536152456925
Austria,AUT,1997,3550.91398526082,67.5301,48575.1588721006,7968041.0,66.3274969714236,8.475119543185082,10.790867544895992,2.137134758557604
Austria,AUT,1998,3607.0067907444,68.0944,50216.6986894124,7976789.0,66.5106754931446,8.536567784355334,10.824102893581719,2.144359028230084
Austria,AUT,1999,3592.17196845349,66.2257,52004.5327523874,7992324.0,66.6585047330725,8.286163073468993,10.85908616207977,2.1145870240636486
Austria,AUT,2000,3570.94853169443,66.6946,53534.3421055422,8011566.0,66.7690238969566,8.324789435673374,10.888078635463758,2.1192377425344264
Austria,AUT,2001,3758.79316326234,71.3722,54032.1515612712,8042293.0,66.8408161285718,8.874608274033289,10.897334547649384,2.1831941962502692
Austria,AUT,2002,3771.71949185232,73.2194,54565.0769851287,8081957.0,66.8887457136458,9.059612665595722,10.907149341434653,2.2038263669992366
Austria,AUT,2003,3956.93894640762,78.1693,54919.7872512396,8121423.0,66.9263574955092,9.625074325029,10.913628986080514,2.264371602224968
Austria,AUT,2004,3974.50636807099,79.6087,55980.2317146013,8171966.0,66.9558612872944,9.741682723594298,10.932753902299915,2.276413866961817
Austria,AUT,2005,4084.35261902051,80.4137,56890.2794433829,8227829.0,66.9797950654143,9.773380073893126,10.948879769727407,2.2796623707972743
Austria,AUT,2006,4105.07525027388,78.2717,58460.2370782474,8268641.0,67.0006968062814,9.466090014066399,10.976102094049546,2.2477159406366467
Austria,AUT,2007,4010.09514877294,75.4421,60470.9099906715,8295487.0,67.0211044863084,9.09435455688135,11.009917701784284,2.207653842643835
Austria,AUT,2008,4027.90556617748,75.2415,61157.9873105684,8321496.0,67.0435560819078,9.041823729771666,11.0212157509104,2.2018608940762934
Austria,AUT,2009,3819.49986886808,68.0602,58810.4422020872,8343323.0,67.0705895694924,8.157445181014806,10.982074706590623,2.098931029391022
Austria,AUT,2010,4065.04189639106,73.7998,59730.5512005635,8363404.0,67.1047429254747,8.824134287904782,10.997598913886744,2.177490500319624
Austria,AUT,2011,3927.58256477323,72.1872,61272.2584397775,8391643.0,67.1484255415056,8.602272522794404,11.023082465490468,2.1520264151889745
Austria,AUT,2012,3899.1648418957,69.0207,61376.7207131054,8429991.0,67.2085909812279,8.187517637919186,11.024785900762563,2.1026107552087216
Austria,AUT,2013,3924.82135403554,69.6088,60863.0547666965,8479823.0,67.2981308784247,8.208756244086699,11.016381615531715,2.1052014191850614
Austria,AUT,2014,3750.34480080041,65.9262,60845.6597729815,8546356.0,67.4154327591781,7.71395434498633,11.016095769215791,2.043030941306807
Austria,AUT,2015,3795.51037374619,67.3632,60951.6892510507,8642699.0,67.5576175537383,7.79423187131705,11.017836849883036,2.0533839564505225
Austria,AUT,2016,3797.16802222945,67.7745,61572.7121353063,8736668.0,67.7218061923556,7.7574768779127234,11.027974066558395,2.0486571367252857
Austria,AUT,2017,3839.94805232106,70.0851,62535.8983176843,8797566.0,67.9051196052802,7.966419348260644,11.043496043918358,2.075235125636092
Austria,AUT,2018,3717.62532112148,67.2508,63778.0257051746,8840521.0,68.1046787227623,7.607108223599039,11.063163985321292,2.029083102757534
Austria,AUT,2019,3765.98011899602,68.7767,64609.374295614,8879920.0,68.3176044750522,7.745193650393246,11.07611479217803,2.047072476834918
Austria,AUT,2020,3546.50449865153,62.9162,60276.4153459141,8916864.0,68.5410177924001,7.055866277650977,11.006696184248828,1.9538593669448296
Austria,AUT,2021,3728.13398931398,66.2034,62968.9422311892,8955797.0,68.773601700253,7.392239908966226,11.05039690336154,2.000430789030016
Austria,AUT,2022,3486.72943293763,62.6472,65694.5513287254,9041851.0,68.998085127906,6.92858132698714,11.092771268441906,1.9356550775244228
Austria,AUT,2023,3308.71167042411,58.4761,64536.2981841434,9131761.0,69.2265358276021,6.403595100660212,11.074983107037266,1.8568595671300316
Azerbaijan,AZE,1992,2464.93313825551,44.9015,8050.21624195194,7382050.0,52.9185485839844,6.082524502001476,8.993454232406101,1.8054198239455161
Azerbaijan,AZE,1993,2175.6175329618,39.385,6097.48622316834,7494800.0,52.6992034912109,5.254976783903507,8.715631870664536,1.6591755864130673
Azerbaijan,AZE,1994,1948.0597753184,34.5121,4830.69940287626,7596550.0,52.5011177062988,4.543128130532939,8.482746540071673,1.5136157903269207
Azerbaijan,AZE,1995,1809.44915921154,33.88,4211.72114349636,7684850.0,52.3116760253906,4.408674209646252,8.345626665814423,1.4835740115263991
Azerbaijan,AZE,1996,1513.85470497375,28.402,4223.5229711304,7763000.0,52.1216049194336,3.658637124822878,8.348424886037666,1.2970907077992782
Azerbaijan,AZE,1997,1444.49013087356,27.4204,4425.5882352872,7838250.0,51.9270782470703,3.4982808662647913,8.3951584831352,1.25227166675923
Azerbaijan,AZE,1998,1485.30877090791,27.377,4822.1601856452,7913000.0,51.4672050476074,3.4597497788449387,8.480977277941571,1.241196268201634
Azerbaijan,AZE,1999,1369.28240914717,27.3928,5133.74812032569,7982750.0,50.998251151426,3.431499170085497,8.543591299130101,1.2329972415147081
Azerbaijan,AZE,2000,1403.59874667104,28.7946,5656.92989378687,8048600.0,51.1320838928223,3.5775911338617896,8.640636602440992,1.2746897062992109
Azerbaijan,AZE,2001,1411.21434888717,27.7171,6168.98512059749,8111200.0,51.1584815979004,3.417139264227241,8.727289617243281,1.2288037285880484
Azerbaijan,AZE,2002,1414.77602454642,27.4864,6701.08174444207,8171950.0,51.2144165039062,3.363505650426153,8.810024246741039,1.2129837784066413
Azerbaijan,AZE,2003,1476.84102371293,29.7755,7329.40601818943,8234100.0,51.7257995605469,3.6161207660825103,8.899649757243816,1.2854018396720486
Azerbaijan,AZE,2004,1539.50003907972,29.5011,7937.8594791002,8306500.0,52.2831993103027,3.5515680491181603,8.979398930880981,1.2673892099417856
Azerbaijan,AZE,2005,1600.22780340266,31.2193,10054.1003389401,8391850.0,52.5028533935547,3.7201928061154574,9.21573582420472,1.3137754965428772
Azerbaijan,AZE,2006,1559.84917576741,31.9395,13371.6585214534,8484550.0,52.6540145874023,3.7644306415779267,9.500892710379743,1.3255966257998655
Azerbaijan,AZE,2007,1459.38898151201,28.9209,16587.3657240228,8581300.0,52.8281555175781,3.370223625790964,9.716396583597769,1.2149790999641619
Azerbaijan,AZE,2008,1587.24837009442,32.2309,17963.0208126838,8763400.0,53.063304901123,3.677898988976881,9.796070524410029,1.3023416622315567
Azerbaijan,AZE,2009,1391.33099195543,27.9826,19242.3900077231,8947243.0,53.1358125434574,3.1275108991674867,9.864870937280564,1.140237448298496
Azerbaijan,AZE,2010,1305.91209278641,26.6362,19925.3900662137,9054332.0,53.2848367714869,2.94181834728393,9.899750080190191,1.0790278756380014
Azerbaijan,AZE,2011,1396.04478051641,29.4692,19358.0778100345,9173082.0,53.5085461893249,3.2125734840264157,9.870865069229549,1.1670723243648329
Azerbaijan,AZE,2012,1497.29486664714,32.2811,19523.3737161356,9295784.0,53.8076442276208,3.472660294172068,9.879367678851462,1.2449209556096474
Azerbaijan,AZE,2013,1497.90257470252,33.2118,20398.6462250349,9416801.0,54.1821087431318,3.5268665016920284,9.923223816112388,1.2604098001525492
Azerbaijan,AZE,2014,1526.15877863995,34.7247,20709.201611232,9535079.0,54.6319175926151,3.6417841949710117,9.938333402764439,1.2924737250113596
Azerbaijan,AZE,2015,1510.91856857889,34.5229,20678.7539572375,9649341.0,55.1570486328276,3.5777469155665655,9.936862073288554,1.2747332490930592
Azerbaijan,AZE,2016,1480.9342834589,34.4155,19822.4105943941,9757812.0,55.7574797205266,3.526968955745407,9.894568424827092,1.2604388493284209
Azerbaijan,AZE,2017,1478.78418442924,34.226,19659.0048562768,9854033.0,56.4331887124691,3.4732986991214663,9.886290774733203,1.245104776145246
Azerbaijan,AZE,2018,1471.37027563956,34.7625,19781.8509058437,9939771.0,57.1841534654123,3.4973139723239095,9.8925201754118,1.2519952373863608
Azerbaijan,AZE,2019,1587.78477584687,36.9819,20101.491875147,10024283.0,58.1308191977779,3.6892314392959578,9.908549313936932,1.3054181543251049
Azerbaijan,AZE,2020,1536.83056349558,35.4067,19126.096851126,10093121.0,58.2934691761937,3.508003124107994,9.858809008743053,1.255046965076243
Azerbaijan,AZE,2021,1623.82932438235,37.4242,20111.3756952109,10137750.0,58.3659969744818,3.691568641957042,9.90904088894066,1.3060514739418063
Azerbaijan,AZE,2022,1714.03725982832,39.6836,21051.2442291612,10141756.0,58.4382815854684,3.9128924024596925,9.954714945637393,1.3642768453954965
Azerbaijan,AZE,2023,1732.19739502846,41.7458,21310.7386915022,10153958.0,58.5075350483702,4.1112835014680975,9.966966388569878,1.4137352672183874
"Bahamas, The",BHS,1992,,0.8467,29412.8804985919,285927.0,80.581153601484,2.9612453528348146,10.289187969580649,1.0856099071641103
"Bahamas, The",BHS,1993,,0.8703,28955.3510589021,291339.0,80.6457325200193,2.9872416669240986,10.273510303879332,1.0943504421962913
"Bahamas, The",BHS,1994,,0.9648,29346.3604837079,296509.0,80.6987329843932,3.253864132286035,10.286923813604863,1.1798432538642836
"Bahamas, The",BHS,1995,,1.1156,30128.1935557246,301461.0,80.7448226594184,3.700644527816202,10.313216675322812,1.3085070011867757
"Bahamas, The",BHS,1996,,1.2452,30907.8208035756,306268.0,80.7886692099075,4.065720218893257,10.338764531300663,1.402590902925525
"Bahamas, The",BHS,1997,,1.2557,30839.0247952491,310904.0,80.8349403006729,4.038867303090343,10.336536205752171,1.3959642821397036
"Bahamas, The",BHS,1998,,1.4427,31836.5264901331,315368.0,80.8883035965274,4.574655640394713,10.36836954136071,1.5205314260354876
"Bahamas, The",BHS,1999,,1.2965,33657.804588874,319614.0,80.9534267622834,4.056455599566978,10.424000242470735,1.4003095872900548
"Bahamas, The",BHS,2000,,0.9973,34597.1621145274,323835.0,81.0361161567684,3.079654762456189,10.45152693787066,1.1248175005912902
"Bahamas, The",BHS,2001,,0.9927,35072.3658990461,327836.0,81.152720524793,3.0280384094486266,10.465168803049973,1.1079150202532146
"Bahamas, The",BHS,2002,,1.0869,35610.6786425646,331614.0,81.3054206830642,3.277605891186741,10.480400833730346,1.1871132446576047
"Bahamas, The",BHS,2003,,0.8096,34740.7635535381,335618.0,81.4819614595541,2.412266326597501,10.455669018642164,0.8805666900983748
"Bahamas, The",BHS,2004,1954.1941597848,0.874,34617.8051137459,339782.0,81.6708410883427,2.572237493451684,10.452123427348505,0.9447761401574563
"Bahamas, The",BHS,2005,2023.87945122625,0.8606,35365.4663980219,343894.0,81.8605578035102,2.502515309950159,10.473491097507598,0.917296350050726
"Bahamas, The",BHS,2006,2026.55184786509,1.0954,35789.1322131898,348375.0,82.0396098391364,3.144312881234302,10.485399556838283,1.1455953865475086
"Bahamas, The",BHS,2007,2006.59998754719,1.3138,35797.118972073,353334.0,82.1964954293015,3.7182948711417527,10.485622693510035,1.3132651952296965
"Bahamas, The",BHS,2008,,1.3616,34498.0351399173,358120.0,82.3197128080855,3.8020775159164524,10.448657648931432,1.3355476320531543
"Bahamas, The",BHS,2009,,1.1324,32630.263065979,362810.0,82.3977602095684,3.1211929108899974,10.392995451644325,1.138215271980816
"Bahamas, The",BHS,2010,,1.283,32711.4592459383,367478.0,82.4198104431593,3.491365469497494,10.395480731152718,1.2502929117002408
"Bahamas, The",BHS,2011,,0.8542,32535.6625139135,371729.0,82.4130347470308,2.2979105746390514,10.390092074835744,0.832000264239026
"Bahamas, The",BHS,2012,,1.0171,33667.5547098911,375469.0,82.3947485339925,2.7088787622946233,10.424289884328925,0.9965348084265557
"Bahamas, The",BHS,2013,,1.0911,32402.9163503108,378953.0,82.3635791100868,2.8792488778291765,10.386003708541752,1.057529453822661
"Bahamas, The",BHS,2014,,1.1363,32712.6356664811,382298.0,82.3180931037043,2.97228863347441,10.395516694066519,1.089332239728872
"Bahamas, The",BHS,2015,,1.1204,32777.5849410742,385346.0,82.2568571432361,2.9075168809329797,10.397500174814763,1.0672994113896934
"Bahamas, The",BHS,2016,,1.2455,32172.3365152976,388055.0,82.1784378570728,3.2095965778046924,10.378862247850444,1.1661452525475893
"Bahamas, The",BHS,2017,,1.3738,33050.0350128611,390485.0,82.0814018736052,3.5181889189085367,10.405777904669925,1.257946345529745
"Bahamas, The",BHS,2018,,1.2106,33650.2164350935,392717.0,81.9643158212241,3.0826269298247846,10.423774767001476,1.1257821327673196
"Bahamas, The",BHS,2019,,1.4505,33202.4902105068,394675.0,81.8257463283204,3.675175777538481,10.41038015843231,1.3016009621436682
"Bahamas, The",BHS,2020,,1.1733,26452.695760929,395863.0,81.6642600232849,2.9639041789710077,10.183113351220795,1.0865073786288841
"Bahamas, The",BHS,2021,,1.4488,31064.6822166194,396373.0,81.4784235345083,3.65514300923625,10.343826832817896,1.296135219450322
"Bahamas, The",BHS,2022,,1.4055,34342.9285316569,397538.0,81.3200717047725,3.535511070639788,10.444151411294527,1.2628578633370715
"Bahamas, The",BHS,2023,,1.4098,35221.2696932313,399440.0,81.3213799173676,3.529441217704787,10.469405431747681,1.2611395631474214
Bahrain,BHR,1992,11504.983995158,13.6153,49511.9474019627,516458.0,88.4377266220855,26.36284073438692,10.809969281089556,3.271955470686257
Bahrain,BHR,1993,11627.9853884558,14.7278,54433.1375084971,530225.0,88.3963386224123,27.77650997218162,10.904728392767082,3.324190698482983
Bahrain,BHR,1994,12068.5698908927,14.9996,52886.5789027329,544366.0,88.3272531646575,27.554255776444524,10.875904878714673,3.3161569983130286
Bahrain,BHR,1995,11537.6005741003,15.2432,53537.6828948177,558879.0,88.2394796624129,27.27459790043999,10.88814103811798,3.305955789188465
Bahrain,BHR,1996,11566.1634942483,15.7943,54289.4380390309,573792.0,88.1420275292704,27.52617673303218,10.902084975750526,3.315137433122073
Bahrain,BHR,1997,12331.2457338806,16.2596,54512.8551056888,589115.0,88.043906178822,27.600044133997603,10.906191826336432,3.31781737177971
Bahrain,BHR,1998,12558.2438388176,17.2345,55638.6935860684,604842.0,87.9541250246595,28.494218324785646,10.926634166000195,3.349701200897561
Bahrain,BHR,1999,12575.7861396596,17.3259,56522.2261899823,620989.0,87.8816934803747,27.900494211652703,10.942389223672867,3.328644402349743
Bahrain,BHR,2000,12833.272118279,17.7715,57968.9956082135,637582.0,87.8356209595597,27.873277476465773,10.967663588122157,3.3276684333046695
Bahrain,BHR,2001,12648.0885082095,18.4025,57280.6986707494,661316.0,87.8397146150894,27.82709022615512,10.95571899902434,3.3260100147770517
Bahrain,BHR,2002,12214.6865774264,19.2269,55096.6571550779,710553.0,88.1427867595875,27.059065263252705,10.916844324608714,3.298022079028968
Bahrain,BHR,2003,11894.9484733033,19.8961,54431.8763559658,764517.0,88.8325339694118,26.024404951099843,10.904705223660928,3.2590347497285825
Bahrain,BHR,2004,11271.2138903395,19.9206,54045.092888858,823741.0,89.8569005979296,24.183086674088095,10.897574030580587,3.185653491054789
Bahrain,BHR,2005,11975.4282360997,23.3702,53478.2662415503,888822.0,91.168165501421,26.293453582382075,10.887030611871198,3.2693199949822707
Bahrain,BHR,2006,11582.0205666291,25.449,52691.9323366851,960424.0,92.7186075361661,26.497671861594462,10.87221763622009,3.277056874853309
Bahrain,BHR,2007,11533.9934710843,25.8519,52731.7921672618,1039295.0,94.460505558445,24.874458166353154,10.872973819568072,3.21384150055026
Bahrain,BHR,2008,11593.7971674415,27.669,52765.3899455546,1103496.0,96.3461384245376,25.073946801800822,10.873610761309184,3.2218293310436934
Bahrain,BHR,2009,10432.8967547383,27.6556,50665.7507489219,1178415.0,98.3277849907243,23.468472482105202,10.833005433672998,3.1556579238976434
Bahrain,BHR,2010,10317.976004905,28.8353,50704.8479679819,1228543.0,100.0,23.47113613442916,10.833776805678164,3.1557714166346016
Bahrain,BHR,2011,10624.3872166304,29.0035,53132.3284162611,1195020.0,100.0,24.27030509949624,10.880540843371985,3.18925359071414
Bahrain,BHR,2012,9996.52196196405,30.2164,54516.8406594787,1208964.0,100.0,24.993630910432405,10.906264935845979,3.2186210288277426
Bahrain,BHR,2013,11219.433931134,32.1308,55376.4005147894,1253191.0,100.0,25.63918828015841,10.921908798491078,3.2441219732111777
Bahrain,BHR,2014,10257.0253426946,33.2899,55065.8189472129,1314562.0,100.0,25.323948204801297,10.916284456861337,3.231750517378939
Bahrain,BHR,2015,10405.6390717453,33.4691,54149.9131524721,1370322.0,100.0,24.42425940764287,10.899511648595388,3.1955768763900485
Bahrain,BHR,2016,9878.66504979139,33.4571,54107.0752236423,1423726.0,100.0,23.499676201741064,10.898720236757532,3.1569866424058706
Bahrain,BHR,2017,9444.4239393348,33.7521,53859.7749589601,1501116.0,100.0,22.48467140447507,10.894139188097672,3.112833806127674
Bahrain,BHR,2018,9533.85538285247,33.822,54893.0724411368,1503091.0,100.0,22.5016316377385,10.913142434492574,3.1135878238139494
Bahrain,BHR,2019,10388.189018559,36.8474,56749.9628370612,1483756.0,100.0,24.833867563130326,10.946410280489888,3.212208349095286
Bahrain,BHR,2020,10832.91852134,36.8402,53814.2452592358,1472204.0,100.0,25.023841804532523,10.893293492871551,3.219829042593099
Bahrain,BHR,2021,10666.0574068433,37.3578,54954.6757895532,1504365.0,100.0,24.832936155786662,10.914264047923288,3.2121708428627915
Bahrain,BHR,2022,10701.7927575092,38.8307,57572.997981018,1524693.0,100.0,25.467881075075443,10.960808951718148,3.2374180925614766
Bahrain,BHR,2023,,38.689,57819.9051831242,1577059.0,100.0,24.53237323397539,10.965088375706042,3.199993601816248
Bangladesh,BGD,1992,114.342298793574,15.7331,2174.38232866943,115952192.0,20.6483331421589,0.13568609379976188,7.684499916372239,-1.9974111949181987
Bangladesh,BGD,1993,117.010113116711,16.9529,2234.8101219225,118132360.0,21.002845267132,0.1435076722415433,7.711911546804422,-1.941366780113806
Bangladesh,BGD,1994,121.494605858892,18.0011,2279.09435302944,120343179.0,21.3383159101032,0.14958139006781598,7.731533429454695,-1.8999146191222325
Bangladesh,BGD,1995,128.845088533536,21.7789,2351.70387946903,122600370.0,21.661231550566,0.17764138884735828,7.76289539950595,-1.7279884302632058
Bangladesh,BGD,1996,127.58062045112,22.0864,2413.54298201505,124862179.0,21.9780786680138,0.17688622909584176,7.788851063939297,-1.7322485265455603
Bangladesh,BGD,1997,130.68749269677,23.9579,2475.59574602489,127198069.0,22.2953437419401,0.18835112976439916,7.814236351502481,-1.66944734664387
Bangladesh,BGD,1998,132.229468311487,24.4802,2555.06119218282,129622332.0,22.6195132518384,0.18885788908658116,7.845831452324715,-1.6667604563431047
Bangladesh,BGD,1999,134.80626588897,26.1314,2624.06553797638,132108065.0,22.957073677202,0.1978032151178658,7.8724801261150255,-1.620482605538034
Bangladesh,BGD,2000,135.945727032601,26.9773,2712.93512215725,134544304.0,23.3145114975244,0.2005086740795805,7.905786398682339,-1.6068977709290002
Bangladesh,BGD,2001,148.255373268618,32.633,2803.55471950946,136805810.0,23.6999214768623,0.23853519086652827,7.938643433657343,-1.4332384287352367
Bangladesh,BGD,2002,147.979643675058,34.3448,2866.43454328715,138933658.0,24.1132383547332,0.2472028772178445,7.9608242170230525,-1.3975459142355742
Bangladesh,BGD,2003,153.143093984627,35.9887,2958.91503115633,140970351.0,24.5525557512625,0.2552926891697957,7.99257793659634,-1.365344591377408
Bangladesh,BGD,2004,154.242895346549,37.9102,3071.83778764611,142902856.0,25.0094809886101,0.26528651043895163,8.030031289372793,-1.3269448655731135
Bangladesh,BGD,2005,159.825599702335,40.3834,3231.61370692891,144715786.0,25.4769540701509,0.2790531780686317,8.080736891126731,-1.276352912926571
Bangladesh,BGD,2006,168.32467252269,43.4924,3407.4273502159,146405973.0,25.9479149992596,0.2970671148778882,8.133712842790475,-1.2137971896883466
Bangladesh,BGD,2007,174.011519357534,46.2192,3608.91543819399,147989278.0,26.415303779311,0.31231451781256747,8.191162573554758,-1.1637445290218427
Bangladesh,BGD,2008,180.396452212736,51.3301,3787.9382761855,149474264.0,26.87206041368,0.3434042665699294,8.23957715960761,-1.0688469061057606
Bangladesh,BGD,2009,187.659357547152,55.1298,3942.13631207203,150873714.0,27.3111249057412,0.3654036116589534,8.279478066534402,-1.0067527509629584
Bangladesh,BGD,2010,195.590116597033,60.7693,4125.46390163202,152201981.0,27.7254372588696,0.39926747076964786,8.324933753447219,-0.9181237338722186
Bangladesh,BGD,2011,200.299626883527,65.3074,4352.42643359325,153591076.0,28.1100162712427,0.4252030892732336,8.37848876939571,-0.8551883670815804
Bangladesh,BGD,2012,208.040539602777,69.872,4592.04840919812,155070101.0,28.4787972894576,0.4505833139297433,8.432081480016596,-0.7972122824513996
Bangladesh,BGD,2013,218.935059190067,72.0796,4822.72621378266,156532141.0,28.8407036106763,0.4604779538535795,8.481094651669922,-0.7754902988006952
Bangladesh,BGD,2014,224.107149946033,76.6542,5068.63965672741,157964929.0,29.1944442321013,0.48526087711532473,8.530827748300487,-0.723068641696709
Bangladesh,BGD,2015,237.713163558492,85.4452,5352.71133299566,159383179.0,29.5395099477892,0.5360992329058765,8.585358502728898,-0.6234359990284666
Bangladesh,BGD,2016,255.923548835134,93.9921,5682.53553494306,160811932.0,29.8753915517965,0.5844846139899619,8.645152809106717,-0.5370248217869472
Bangladesh,BGD,2017,260.880286120411,101.0415,6005.70718781048,162186147.0,30.2015798381799,0.6229971046787368,8.700465494076488,-0.4732134075911382
Bangladesh,BGD,2018,257.873889464682,105.1823,6392.59334024091,163523103.0,30.5175656009959,0.643225929977613,8.762895308582543,-0.44125924791004806
Bangladesh,BGD,2019,273.340023331257,109.3222,6838.32611608243,164913055.0,30.8228396343012,0.6629081002713824,8.830298260796813,-0.4111189103624992
Bangladesh,BGD,2020,272.076572071717,104.1229,7015.19792797056,166298024.0,31.1168927321524,0.626122292349066,8.855834207102255,-0.4682095717711776
Bangladesh,BGD,2021,292.487219529267,117.7683,7441.06913961254,167658854.0,31.3992156886061,0.7024281580738945,8.914769819063883,-0.353212149090752
Bangladesh,BGD,2022,297.118356342706,120.8657,7888.16389098304,169384897.0,31.673734726234,0.7135565339098681,8.97311867332107,-0.3374936105722332
Bangladesh,BGD,2023,,118.9891,8242.39798977242,171466990.0,32.1578465036834,0.6939475639013667,9.017046598742207,-0.3653588776679448
Barbados,BRB,1992,,0.5704,17660.3232739416,260267.0,63.4960325310869,2.191595553796678,9.779075779423115,0.7846298419324282
Barbados,BRB,1993,,0.5429,17748.5545234391,261027.0,63.428796531611,2.079861470269359,9.784059356288322,0.7323012906632539
Barbados,BRB,1994,,0.5292,18064.4007339676,261620.0,63.3412978875224,2.0227811329409064,9.801698470264704,0.7044733629807195
Barbados,BRB,1995,,0.5412,18398.7507400297,262039.0,63.2362646258735,2.0653414186437895,9.820038046728534,0.7252955486515045
Barbados,BRB,1996,,0.5287,19112.5029984541,262284.0,63.1164247737166,2.015753915602934,9.858098007121757,0.7009932770853537
Barbados,BRB,1997,,0.6283,20010.2158345921,262392.0,62.984506358104,2.3945089789322846,9.903998213856044,0.873178190608608
Barbados,BRB,1998,,0.6907,20752.8095915976,262436.0,62.843237406088,2.6318797725921748,9.940436918497523,0.967698333313432
Barbados,BRB,1999,,0.7235,20815.8353874873,262517.0,62.695345944721,2.7560119916043533,9.94346929274097,1.0137847042320598
Barbados,BRB,2000,,0.588,21779.2203006868,262063.0,62.5379397803044,2.243735285026883,9.988711596979618,0.8081420150276579
Barbados,BRB,2001,,0.5649,21234.708034436,262425.0,62.3048911059175,2.1526150328665334,9.963392293391536,0.7666833974093551
Barbados,BRB,2002,,0.6061,21262.3089250843,264148.0,61.965577912278,2.294546996380817,9.964691250189162,0.8305354368311905
Barbados,BRB,2003,,0.6372,21591.7915931807,265776.0,61.5543861265895,2.3975076756366263,9.980068502612573,0.8744297292871723
Barbados,BRB,2004,1402.92856661853,0.6307,21771.9014007178,267298.0,61.101971231796,2.3595387919101527,9.988375490824279,0.8584661727824286
Barbados,BRB,2005,1451.40041532381,0.6457,22514.483943994,268706.0,60.6389887108416,2.4029980722425255,10.021914111930865,0.8767171545245159
Barbados,BRB,2006,1474.06315508774,0.6979,23766.6070131111,270002.0,60.1960940466703,2.5847956681802358,10.076036807763852,0.9496464596447585
Barbados,BRB,2007,1478.1339388399,0.6716,24145.753990727,271288.0,59.803942722226,2.475597888590723,10.091863825433531,0.9064819379948089
Barbados,BRB,2008,,0.7921,24171.6517995745,272714.0,59.4931902204528,2.904508019390277,10.092935812263285,1.066264019469285
Barbados,BRB,2009,,0.7987,22840.8841002763,274123.0,59.2944920242948,2.9136555487864935,10.036307371439197,1.069408495153539
Barbados,BRB,2010,,0.8204,22243.4579670705,275243.0,59.2366008990356,2.9806389263305517,10.009803220408982,1.0921376823447968
Barbados,BRB,2011,,0.6789,22102.4817004397,276139.0,59.236693205614,2.458544428711627,10.003445175338873,0.8995694791776405
Barbados,BRB,2012,,0.6436,21286.3318932135,276938.0,59.2372151062924,2.3239858740945625,9.965820450568765,0.8432837606986285
Barbados,BRB,2013,,0.7307,20854.5676341718,277665.0,59.2385370835674,2.6315884249005097,9.94532827441766,0.967587627717414
Barbados,BRB,2014,,0.667,20959.9650372142,278348.0,59.2410313429534,2.396280914538635,9.950369470361746,0.8739179165104117
Barbados,BRB,2015,,0.7195,20666.9651609374,278990.0,59.2450700899645,2.5789454819169144,9.93629181852598,0.947380587442314
Barbados,BRB,2016,,0.7728,20930.633669268,279598.0,59.2510255301153,2.7639682687286746,9.948969090627614,1.016667425640059
Barbados,BRB,2017,,0.6819,21035.7933581451,280171.0,59.25926986892,2.4338707432246736,9.953980711412513,0.8894828884817211
Barbados,BRB,2018,,0.7782,20727.4216338412,280711.0,59.270175311893,2.772246189141145,9.939212819201233,1.0196578902055125
Barbados,BRB,2019,,0.8686,20737.9776890352,281207.0,59.2841140645486,3.088827803006326,9.939721969268248,1.127791667159678
Barbados,BRB,2020,,0.6726,17728.0729247569,281698.0,59.3014583324011,2.387663384191581,9.782904703074024,0.8703152242005544
Barbados,BRB,2021,,0.6515,17682.7314537483,282147.0,59.3220365433819,2.3090800185718794,9.780343818248955,0.8368491848484894
Barbados,BRB,2022,,0.6889,20716.2851304966,282318.0,59.3538514107686,2.440156135988495,9.938675391230516,0.8920620274170469
Barbados,BRB,2023,,0.6906,21318.6724772626,282336.0,59.4235740235775,2.4460217613056785,9.967338609796233,0.8944629339161978
Belarus,BLR,1992,3619.90821413806,91.8419,11002.6017626136,10216470.0,67.3208541870117,8.989592295577632,9.30588704768711,2.1960674965739044
Belarus,BLR,1993,3078.21614120512,79.2927,10143.9840118445,10239050.0,67.5179672241211,7.744146185437126,9.224636100556335,2.0469372270477977
Belarus,BLR,1994,2618.94615391899,67.5941,8967.73072971831,10226955.0,67.7585983276367,6.6094062211088245,9.101387938623061,1.8884938194365952
Belarus,BLR,1995,2431.09978098082,60.4273,8061.19604112609,10193831.0,68.0162734985352,5.927830273034741,8.994817216690908,1.7796582561795034
Belarus,BLR,1996,2506.79637741155,61.3587,8314.85656685025,10159569.0,68.2737426757812,6.03949832911219,9.025799141550435,1.7983209504032007
Belarus,BLR,1997,2511.70284864681,61.8071,9301.32717519867,10117433.0,68.6145935058594,6.108970526417126,9.13791237597028,1.8097582690393808
Belarus,BLR,1998,2472.95575538019,60.3076,10128.1560469563,10071963.0,69.0234222412109,5.98767092373155,9.223074551745151,1.7897025090905931
Belarus,BLR,1999,2419.74819135878,58.1614,10519.7489145442,10026738.0,69.4807636785987,5.800630274771317,9.261009618568105,1.7579665797124475
Belarus,BLR,2000,2471.64424935802,56.2599,11182.4548339393,9979610.0,69.9172295434732,5.637484831571575,9.322101296303925,1.7294380141948578
Belarus,BLR,2001,2496.01811483439,54.9987,11771.0872003861,9928549.0,70.3147201538086,5.539449923649467,9.373401566454543,1.7118952040694153
Belarus,BLR,2002,2560.5012580496,55.1904,12443.9322575939,9865548.0,70.8804702758789,5.594255889282582,9.428988414222085,1.721740337259232
Belarus,BLR,2003,2652.43981373496,55.8311,13413.9265504854,9796749.0,71.3092422485352,5.698941557041015,9.504048741058394,1.740280465850467
Belarus,BLR,2004,2760.11626065827,59.1875,15052.1182160947,9730146.0,71.7658538818359,6.082899475506329,9.6192740055288,1.8054814697222132
Belarus,BLR,2005,2776.99847069087,60.0192,16579.8731683834,9663915.0,72.0310134887695,6.210650652452966,9.715944778984719,1.826265665409044
Belarus,BLR,2006,2974.24553406449,62.4637,18349.8719060634,9604924.0,72.6113815307617,6.5032997658284435,9.817377872862352,1.872309704369034
Belarus,BLR,2007,2925.85288440163,61.0589,20019.6111676728,9560953.0,73.0913467407227,6.386277602243207,9.904467630486433,1.8541515637898711
Belarus,BLR,2008,2939.40597422615,64.7655,22137.9472928315,9527985.0,73.5531692504883,6.797397351066358,10.005048487096746,1.9165397964272177
Belarus,BLR,2009,2789.00314061154,61.6066,22236.8387691136,9504583.0,74.1909646620571,6.48177831683936,10.009505596584887,1.8689949043257292
Belarus,BLR,2010,2895.6108099575,66.1204,24012.6133040213,9483836.0,74.5501403808594,6.971904617498658,10.086334525608992,1.941888446769392
Belarus,BLR,2011,3081.68018120351,62.961,25404.7566082412,9461643.0,75.0597534179688,6.654341111792106,10.14269170351515,1.8952694404530626
Belarus,BLR,2012,3219.42653369693,64.269,25879.1319400701,9446836.0,75.5281066894531,6.803230203213013,10.161192206323943,1.91739752927535
Belarus,BLR,2013,2870.32580279278,64.4295,26147.6253584645,9443211.0,75.94970703125,6.822838121482196,10.171513656898009,1.9202755321351843
Belarus,BLR,2014,2923.57682069269,63.9709,26564.4347246547,9448515.0,76.3405227661133,6.770471338617762,10.187328559707192,1.9125707061576895
Belarus,BLR,2015,2660.14026759548,59.1683,25513.2132958317,9461076.0,76.6263885498047,6.253865839361189,10.146951765407586,1.8331998068326056
Belarus,BLR,2016,2639.09486268036,59.0629,24846.8301529359,9469379.0,76.8458709716797,6.23725167194174,10.120485464150411,1.8305396481715652
Belarus,BLR,2017,2692.58344898873,60.2218,25503.9809845207,9458989.0,77.0208206176758,6.366621210786903,10.146589836001548,1.8510689066920083
Belarus,BLR,2018,2849.29477344053,63.4486,26363.4629778536,9438785.0,77.2132720947266,6.7221151874950005,10.179734352440555,1.9054028650524069
Belarus,BLR,2019,2748.96883661007,61.2475,26798.8206398076,9419758.0,77.4550771852757,6.50202478662403,10.196113159553327,1.872113634028251
Belarus,BLR,2020,2673.86548599188,58.1601,26731.4953869922,9379952.0,77.7890385790408,6.200468829691239,10.193597751713012,1.8246249068843077
Belarus,BLR,2021,2929.27533668037,58.6423,27611.1801135157,9302585.0,78.131086803694,6.303871450784916,10.22597604626053,1.8411639606574546
Belarus,BLR,2022,2862.48703453706,55.8945,26537.5083081674,9228071.0,78.4732787892908,6.057008013917535,10.186314419084185,1.8012159510815628
Belarus,BLR,2023,,53.8204,27782.4380139967,9178298.0,78.8146420666327,5.863875851492292,10.232159373940483,1.7688107930594665
Belgium,BEL,1992,5042.29401936772,117.6155,42719.0486134245,10045158.0,79.2814540177363,11.708675961094889,10.662400203101082,2.460330102138688
Belgium,BEL,1993,4897.97659266192,115.6992,42143.196061205,10084475.0,79.6385319631731,11.473001817149628,10.648828528364595,2.4399966072018646
Belgium,BEL,1994,5185.9337354394,122.0309,43369.2759444308,10115603.0,79.9914812124564,12.063630808761475,10.677506541841788,2.4901952080753014
Belgium,BEL,1995,5261.8093544142,122.3064,44310.6278688274,10136811.0,80.3401728004321,12.065569733913359,10.698979834005746,2.4903559200021324
Belgium,BEL,1996,5527.62586906518,127.3074,44808.524358035,10156637.0,80.6844777619461,12.53440484286285,10.710153676151918,2.52847725085505
Belgium,BEL,1997,5533.73928264128,124.3425,46396.0021283993,10181245.0,81.0242671318444,12.212897342122696,10.744968573476395,2.5024925525303288
Belgium,BEL,1998,5620.64607760812,127.3085,47205.3098527353,10203008.0,81.3594119449727,12.477545837462834,10.762261662126333,2.5239306959644034
Belgium,BEL,1999,5610.79882111599,122.9722,48765.7668571996,10226419.0,81.6897832361771,12.024952234012707,10.79478384684793,2.48698384376046
Belgium,BEL,2000,5662.98174716427,124.8977,50455.7338920672,10251250.0,82.0152520403035,12.183655651749786,10.828851674270343,2.5000953528617096
Belgium,BEL,2001,5606.17298271092,125.7555,50835.3969916061,10286570.0,82.3356893921976,12.225212096938046,10.836348182093662,2.5035003846532207
Belgium,BEL,2002,5397.64817804299,118.493,51471.8532550932,10332785.0,82.6509663267055,11.467673042650166,10.848790398509038,2.4395320372074885
Belgium,BEL,2003,5609.48271408916,123.3712,51788.8439641973,10376133.0,82.9609538786731,11.889901565448323,10.854930037566128,2.475689431900408
Belgium,BEL,2004,5615.40613034968,121.9791,53406.6918625201,10421137.0,83.2655230829461,11.704970388547814,10.88569133287445,2.4600135711274413
Belgium,BEL,2005,5549.63760862596,119.0079,54346.8934219286,10478617.0,83.5645449743707,11.357214411023898,10.903142732165568,2.429853172926853
Belgium,BEL,2006,5445.56547084695,116.0773,55367.6227467907,10547958.0,83.8578905877926,11.0047176903814,10.92175027493814,2.3983240617989896
Belgium,BEL,2007,5302.04532963844,112.9137,56983.4612170062,10625700.0,84.1454309580577,10.626471667748948,10.950516350626234,2.3633482151246525
Belgium,BEL,2008,5425.00683224834,114.2497,56787.7366257414,10709973.0,84.427037120012,10.66759925538561,10.947075676922132,2.3672110405022213
Belgium,BEL,2009,5161.34227289199,107.2918,55258.7071019666,10796493.0,84.7025801085014,9.937652902660151,10.919781201569004,2.2963308662932906
Belgium,BEL,2010,5510.36842215322,114.9031,56240.2030936239,10895586.0,84.9719309583717,10.545839388537708,10.93738713767333,2.3557314113827585
Belgium,BEL,2011,5063.16739563614,104.4948,56585.3025000677,11038264.0,85.2349607044689,9.466597283775782,10.943504557326685,2.2477695272935776
Belgium,BEL,2012,4822.68880223172,103.0142,56356.8251292135,11106932.0,85.4915403816388,9.274766425147826,10.939458632438924,2.2272974249039232
Belgium,BEL,2013,5000.34617077523,104.3595,56263.1752679668,11159407.0,85.7415410247275,9.35170659157785,10.937795519625885,2.235558849808676
Belgium,BEL,2014,4701.25771608477,97.7801,57002.9092185204,11209057.0,85.9848336685807,8.72331187181937,10.950857584435656,2.165998967628584
Belgium,BEL,2015,4661.66376202285,102.4165,57509.0245728702,11274196.0,86.2212893480444,9.084151100442106,10.959697163563616,2.20653125779521
Belgium,BEL,2016,4904.15770755315,101.3516,57901.4976903148,11331422.0,86.4507790979645,8.94429666461985,10.96649853007136,2.191016084983842
Belgium,BEL,2017,4863.63280171736,99.7694,58529.3302957534,11375158.0,86.6731739531869,8.77081443615992,10.977283280151694,2.1714296682250818
Belgium,BEL,2018,4660.20692893781,100.4585,59357.6896884394,11427054.0,86.8883449485575,8.791286013000375,10.991336956740843,2.173761005091291
Belgium,BEL,2019,4775.95747475268,100.3135,60479.9769955466,11488980.0,87.0961631189222,8.731279887335516,11.010067630488702,2.166911967047829
Belgium,BEL,2020,4386.43050829817,91.9274,57333.5424137922,11538604.0,87.2964994991269,7.966942968144154,10.95664111387302,2.0753008518617686
Belgium,BEL,2021,4823.5834216252,96.0214,60669.2137746531,11586195.0,87.4305564090635,8.287569819082107,11.013191661805944,2.1147567801017857
Belgium,BEL,2022,4368.44562567427,89.6767,62561.7810453236,11680210.0,87.489200269855,7.677661617385304,11.043909844208507,2.038315023894122
Belgium,BEL,2023,4051.07409072709,85.7301,63095.4017281289,11779946.0,87.551492636772,7.277630984046955,11.052403173102622,1.9848053949706144
Belize,BLZ,1992,,0.1212,9967.77779283553,190983.0,47.3157093961853,0.6346114575642858,9.207112948727753,-0.45474234521461265
Belize,BLZ,1993,,0.1183,10366.8590598807,194902.0,47.3536666895074,0.6069717088588111,9.24636936815794,-0.499273097149176
Belize,BLZ,1994,,0.1149,10146.3996755203,199097.0,47.4066621669842,0.5771056319281557,9.224874209773434,-0.5497299582967969
Belize,BLZ,1995,,0.1298,9967.84688088643,204146.0,47.4683420814088,0.6358194625415144,9.207119879842482,-0.45284061986744234
Belize,BLZ,1996,,0.108,9782.64416029651,210310.0,47.5323526855742,0.5135276496600257,9.18836509052559,-0.6664514055713671
Belize,BLZ,1997,,0.1858,9862.26634546876,217446.0,47.5923402322735,0.854465016601823,9.196471273666265,-0.15727971746137762
Belize,BLZ,1998,,0.1889,9894.59919785026,225173.0,47.6419509742997,0.8389105265729018,9.19974435169333,-0.17565122114221587
Belize,BLZ,1999,,0.1973,10460.6346102795,233059.0,47.6748311644458,0.8465667491922646,9.255374405977356,-0.16656622736676055
Belize,BLZ,2000,,0.1397,11363.6868781615,240799.0,47.6836847507377,0.5801519109298626,9.3381781887544,-0.5444652943392067
Belize,BLZ,2001,,0.1425,11567.0265720608,248379.0,47.6257993221451,0.5737200004831327,9.355913792522884,-0.5556138057140194
Belize,BLZ,2002,,0.1422,11828.1865744067,256009.0,47.4865009861554,0.5554492224882719,9.378240654808621,-0.5879780827424556
Belize,BLZ,2003,,0.1497,12589.2679378206,263780.0,47.2806245981404,0.567518386534233,9.440599979026988,-0.5664821309721562
Belize,BLZ,2004,570.507346662348,0.1372,12807.1658774384,271688.0,47.0226655922949,0.5049910191101558,9.457760127433893,-0.683214633805199
Belize,BLZ,2005,575.5529419335,0.1509,12714.9697390831,279731.0,46.7271194028137,0.539446825700405,9.450535297914977,-0.6172110613279788
Belize,BLZ,2006,597.475319406137,0.1745,12912.5300233774,287878.0,46.4084814638913,0.6061595536998312,9.465953438565744,-0.5006120376338197
Belize,BLZ,2007,601.148260722729,0.1684,12973.2067214746,296100.0,46.0812472097226,0.5687267814927389,9.470641488191193,-0.5643551332993193
Belize,BLZ,2008,,0.1628,12415.6811300464,304361.0,45.7599120745023,0.5348911325695473,9.426715559912665,-0.625692043317347
Belize,BLZ,2009,,0.1967,12033.9096816588,312614.0,45.4589714924251,0.6292104640227245,9.395483750488612,-0.46328947725810077
Belize,BLZ,2010,,0.2333,11913.6635959061,320245.0,45.1914838193558,0.7285047385595403,9.385441221757262,-0.3167611488250802
Belize,BLZ,2011,,0.15,11641.7717375703,327298.0,44.9417819131729,0.4582979425477699,9.362354920833958,-0.7802357767903151
Belize,BLZ,2012,,0.1629,11843.4153404212,334414.0,44.6903068035216,0.48712075451386605,9.379527324647887,-0.7192432307548975
Belize,BLZ,2013,,0.2057,12064.797259406,341627.0,44.4380542363795,0.602118684998551,9.398047173890259,-0.5073007019446683
Belize,BLZ,2014,,0.2045,12272.2957895446,348923.0,44.1850161758379,0.5860891944641081,9.415099626115184,-0.5342832920046168
Belize,BLZ,2015,,0.2472,12348.7944978311,356333.0,43.931184585988,0.6937331091984184,9.421313725780157,-0.3656679613192672
Belize,BLZ,2016,,0.2608,12063.0600374093,364705.0,43.6765514309211,0.7150985042705748,9.397903172541252,-0.3353349775667037
Belize,BLZ,2017,,0.2847,11572.3007931461,373202.0,43.4211086747287,0.7628576481369339,9.356369658944011,-0.2706838337316432
Belize,BLZ,2018,,0.2846,11451.8979413877,380226.0,43.164848281502,0.748502206582401,9.34591075431903,-0.28968112712091965
Belize,BLZ,2019,,0.3982,11765.9748661176,385829.0,42.9077622153323,1.0320634270622477,9.372967159277092,0.0315601255023976
Belize,BLZ,2020,,0.3186,10045.1404163746,390812.0,42.649842440311,0.8152257351360757,9.214844255884493,-0.20429022846485534
Belize,BLZ,2021,,0.3361,11716.3267818656,395346.0,42.3910809205294,0.8501413951323651,9.368738599489822,-0.16235259611739147
Belize,BLZ,2022,,0.3545,12565.3645829576,402733.0,42.1373251262137,0.8802357889718498,9.438699465311426,-0.12756546538646962
Belize,BLZ,2023,,0.3756,12371.0086545348,411106.0,41.9459437504976,0.9136329803019173,9.423111002445062,-0.09032634145227278
Benin,BEN,1992,307.698007930126,0.3808,2226.56666006625,5617844.0,35.7897618395069,0.0677840110903756,7.708216063710056,-2.6914289364725152
Benin,BEN,1993,301.262670850293,0.3854,2254.24565428893,5872706.0,36.181941228694,0.0656256247120152,7.7205706745923885,-2.7237890386944748
Benin,BEN,1994,296.5110317345,0.3921,2215.36616821938,6096506.0,36.5273254197057,0.0643155276153259,7.703172981782414,-2.743954189872795
Benin,BEN,1995,296.679128573565,0.3986,2300.14122107459,6226773.0,36.8385136903681,0.06401389612243774,7.740725800499522,-2.748655092278012
Benin,BEN,1996,336.540298422814,1.0761,2337.63030771279,6391858.0,37.126775626037,0.16835480387705734,7.756893006224154,-1.781681598723915
Benin,BEN,1997,339.005955567862,1.3648,2399.78593127356,6583365.0,37.4033808120677,0.20731039521582048,7.783134817055216,-1.5735381150387573
Benin,BEN,1998,324.253310224769,1.3155,2419.10014338548,6789489.0,37.679598833816,0.19375537687740566,7.791150908424263,-1.6411588595084303
Benin,BEN,1999,327.943290924178,1.4415,2470.68504400549,7002818.0,37.9666992766374,0.2058457038295155,7.81225073692001,-1.580628401377428
Benin,BEN,2000,274.581436432907,1.5461,2536.16885867097,7221619.0,38.2759517258875,0.21409326634373815,7.8384098979898935,-1.5413435348678364
Benin,BEN,2001,283.230273372813,1.8573,2591.06485220288,7445596.0,38.6186257669218,0.2494494732187994,7.859824210045427,-1.3884988964480185
Benin,BEN,2002,294.724145806201,2.1429,2630.18061029627,7675426.0,39.0035069872981,0.27918971533306425,7.874807795930372,-1.2758637449720158
Benin,BEN,2003,301.499151686105,2.4,2639.04370114641,7913070.0,39.4169696013044,0.3032956867562147,7.87817189610339,-1.1930470854364805
Benin,BEN,2004,305.279536303894,2.5584,2672.84404357157,8159094.0,39.8525699078742,0.31356422661633754,7.890898369345708,-1.159751070302477
Benin,BEN,2005,296.647429948477,2.8015,2632.47251454328,8426144.0,40.3097749006517,0.3324771093396932,7.875678803134358,-1.1011842653472397
Benin,BEN,2006,339.270972775752,3.8591,2652.21841967159,8693242.0,40.7877794072449,0.44391954117922866,7.883151708273145,-0.8121119465313692
Benin,BEN,2007,358.123373575729,4.3986,2729.13741390352,8953969.0,41.2857782552618,0.4912458374604603,7.9117408726482505,-0.7108105891974958
Benin,BEN,2008,355.191568797727,4.3662,2777.61974031765,9228466.0,41.8029662723105,0.4731230520868799,7.929349631409977,-0.7483997719204213
Benin,BEN,2009,361.653717680842,4.6845,2758.07243150648,9509423.0,42.338538285999,0.4926166393060862,7.922287320338522,-0.7080240153316987
Benin,BEN,2010,363.74357481978,5.0815,2733.57399641151,9797484.0,42.8916891239353,0.5186535645273828,7.913365188175909,-0.6565191244249713
Benin,BEN,2011,352.901249030589,4.9611,2732.01249647957,10093623.0,43.4616136137276,0.4915083513620431,7.912793794794264,-0.7102763479583085
Benin,BEN,2012,346.220822053438,4.7249,2779.7264808532,10397657.0,44.0475065829838,0.4544196832036294,7.930107813661946,-0.78873409560395
Benin,BEN,2013,366.743087755895,4.9707,2893.0467015352,10708834.0,44.6502883669319,0.4641681811483865,7.97006544778922,-0.7675083330568886
Benin,BEN,2014,367.294184971858,5.4598,2987.38236326153,11030004.0,45.2880529235999,0.49499528739971443,8.002152819150366,-0.7032070368633834
Benin,BEN,2015,379.492026672934,5.8104,2952.00218338705,11360681.0,45.9407403257663,0.5114482133597449,7.990238925349849,-0.6705089433695219
Benin,BEN,2016,409.038821084068,7.1473,2962.66381572265,11697842.0,46.6094559006664,0.6109930361514543,7.993844080361058,-0.4926697173362882
Benin,BEN,2017,412.304352119196,7.2445,3041.77929984989,12039780.0,47.2942774880391,0.601713652575047,8.020197919184621,-0.5079736070098431
Benin,BEN,2018,423.283323822533,8.251,3155.4510650627,12383347.0,47.9952829275963,0.6662980533453515,8.056886733080468,-0.40601818100676
Benin,BEN,2019,414.543641080217,8.1435,3281.10470051465,12726755.0,48.7125500590248,0.639872457668903,8.095935443611552,-0.4464864073806313
Benin,BEN,2020,426.185478700943,8.7059,3317.8597222557,13070169.0,49.4461567219896,0.6660893214158133,8.107075192055483,-0.4063315011945668
Benin,BEN,2021,376.055295296953,6.7467,3464.2886286745,13413417.0,50.1961807561354,0.5029814550610034,8.150262588576828,-0.687201978228061
Benin,BEN,2022,375.820983649337,7.0594,3588.32519938147,13759501.0,50.9627000010887,0.5130563964492608,8.185440854350675,-0.6673695052547838
Benin,BEN,2023,,6.8922,3721.21254814808,14111034.0,51.7457922964593,0.4884262910854017,8.221804847959039,-0.7165667071432354
Bermuda,BMU,1992,,0.1801,75766.6971046445,58407.0,100.0,3.0835345078500866,11.235414122905544,1.1260765065170275
Bermuda,BMU,1993,,0.2011,77503.4644231796,58816.0,100.0,3.4191376496191515,11.258077916576898,1.2293883700453845
Bermuda,BMU,1994,,0.1992,77470.2976928947,59194.0,100.0,3.3652059330337534,11.257649886304698,1.2134891597482844
Bermuda,BMU,1995,,0.2003,80427.24062121,59526.0,100.0,3.364916171084904,11.2951082114793,1.2134030507759521
Bermuda,BMU,1996,,0.2043,82122.7826140328,59813.0,100.0,3.4156454282513833,11.315970755288859,1.228366473188708
Bermuda,BMU,1997,,0.2097,85380.8348326117,60177.0,100.0,3.4847200757764596,11.354876938111559,1.248387718397204
Bermuda,BMU,1998,,0.2147,88034.8132385883,60639.0,100.0,3.540625669948383,11.385487620213281,1.2643034544517648
Bermuda,BMU,1999,,0.2175,90290.5624913126,61124.0,100.0,3.5583404227472024,11.410788221111698,1.269294262785728
Bermuda,BMU,2000,,0.1504,98019.93147275,61550.0,100.0,2.4435418359057675,11.492926119348317,0.8934485588852769
Bermuda,BMU,2001,,0.1487,104560.839783497,61867.0,100.0,2.4035430843583816,11.557524379860121,0.8769439338655992
Bermuda,BMU,2002,,0.1656,102559.769384967,62142.0,100.0,2.6648643429564545,11.538201023565454,0.9801531531163625
Bermuda,BMU,2003,,0.171,105642.976098631,62386.0,100.0,2.7409995832398293,11.567820538095187,1.0083226652738766
Bermuda,BMU,2004,,0.173,107803.199358077,62555.0,100.0,2.765566301654544,11.588062615662986,1.0172454247284157
Bermuda,BMU,2005,,0.186,109335.385931485,62711.0,100.0,2.965986828467095,11.602175372285528,1.0872098028653858
Bermuda,BMU,2006,,0.2316,115170.899920201,62834.0,100.0,3.6859025368431104,11.65417239047458,1.3045154174555953
Bermuda,BMU,2007,,0.2771,118691.070025545,63010.0,100.0,4.397714648468497,11.684279346306441,1.4810850079149687
Bermuda,BMU,2008,,0.2789,115942.72717347,63300.0,100.0,4.406003159557662,11.660851616899897,1.4829679654833128
Bermuda,BMU,2009,,0.2447,108962.816946419,63565.0,100.0,3.849602768819319,11.598761974081635,1.3479699660465403
Bermuda,BMU,2010,,0.309,105968.875104213,63725.0,100.0,4.848960376618281,11.570900698883824,1.5787643266355662
Bermuda,BMU,2011,,0.1534,101989.927295974,63733.0,100.0,2.4069163541650322,11.532629335389853,0.8783464071231648
Bermuda,BMU,2012,,0.1777,96711.0739703323,63646.0,100.0,2.7920057819815858,11.479483193709138,1.0267602558082918
Bermuda,BMU,2013,,0.198,96549.7874807583,63574.0,100.0,3.1144807625758957,11.477814086722786,1.1360624489634625
Bermuda,BMU,2014,,0.272,93042.2733051033,63529.0,100.0,4.281509232004281,11.440809220525857,1.4543055717364344
Bermuda,BMU,2015,,0.2307,93859.8769494621,63464.0,100.0,3.635131728223875,11.44955827834672,1.290645349180006
Bermuda,BMU,2016,,0.3117,93265.0675364638,63449.0,100.0,4.912606975681256,11.44320090661354,1.591804753178384
Bermuda,BMU,2017,,0.2853,96437.191438851,63578.0,100.0,4.487401302337286,11.47664720950326,1.5012737596644021
Bermuda,BMU,2018,,0.3009,95639.2267310584,63831.0,100.0,4.714010433801758,11.46833833633525,1.5505390178763092
Bermuda,BMU,2019,,0.3025,95519.9206861686,64107.0,100.0,4.7186734677960285,11.467090098288653,1.55152771513846
Bermuda,BMU,2020,,0.2142,88618.0830682257,64382.0,100.0,3.3270168680687147,11.392091213603548,1.2020760670772035
Bermuda,BMU,2021,,0.2447,92319.6714861219,64648.0,100.0,3.7851132285608218,11.433012523309706,1.3310758015174795
Bermuda,BMU,2022,,0.2575,98145.1689383889,64749.0,100.0,3.976895396067893,11.494202977284736,1.3805014636588477
Bermuda,BMU,2023,,0.2583,103052.348367859,64698.0,100.0,3.992395437262357,11.54299237468446,1.3843914109738045
Bhutan,BTN,1992,,0.1859,3624.59781500136,577774.0,21.739998525685,0.3217521037637554,8.195498613547805,-1.1339738940229867
Bhutan,BTN,1993,,0.1988,3850.551287421,554673.0,22.4989891092786,0.35840936912379007,8.255971608568823,-1.0260794566946134
Bhutan,BTN,1994,,0.2576,4042.49417769249,554497.0,23.250948549363,0.4645651824987331,8.304617151176258,-0.7666534022660565
Bhutan,BTN,1995,,0.3208,4379.87046667778,547989.0,23.9954567175851,0.5854132108491229,8.38477442911532,-0.5354373377614902
Bhutan,BTN,1996,,0.3579,4616.91979198439,548784.0,24.7320934855918,0.6521691594507129,8.43748305003302,-0.42745130369574363
Bhutan,BTN,1997,,0.3783,4778.70511731732,558697.0,25.4604387250299,0.6771112069690727,8.471924892827843,-0.3899197552036845
Bhutan,BTN,1998,,0.3959,4965.87646031681,569435.0,26.1800723075463,0.6952505553750647,8.510345088657747,-0.3634829870549123
Bhutan,BTN,1999,,0.4006,5241.36663790737,582579.0,26.8905741047879,0.6876320636342882,8.564337552071343,-0.3745013753298593
Bhutan,BTN,2000,,0.4054,5287.57434721684,596863.0,27.5915239884015,0.679217843960842,8.573114884195034,-0.3868133723029507
Bhutan,BTN,2001,,0.4392,5545.6305511084,610794.0,28.282501830034,0.7190640379571509,8.62076560857788,-0.32980485991819747
Bhutan,BTN,2002,,0.4774,5991.25497571775,624409.0,28.9630875013322,0.7645629707451366,8.69805618097093,-0.26845088846995274
Bhutan,BTN,2003,,0.496,6323.5411950973,637663.0,29.6328608739429,0.7778403325894713,8.752034645902638,-0.2512340038999988
Bhutan,BTN,2004,276.691507415332,0.501,6517.99683290216,650544.0,30.2914018195132,0.7701246956393418,8.782322373497138,-0.26120283485690504
Bhutan,BTN,2005,308.219954220272,0.5429,6850.80441609334,661865.0,30.9379917831613,0.8202579075793403,8.832121357367882,-0.1981364667371172
Bhutan,BTN,2006,314.550260212075,0.5686,7140.85609148376,670799.0,31.5664945864425,0.8476458670928251,8.87358794891414,-0.16529233997373854
Bhutan,BTN,2007,359.542084843091,0.5773,8195.07074477912,678641.0,32.1738216649326,0.8506706786062145,9.011288123816584,-0.16173020696681167
Bhutan,BTN,2008,,0.5797,8470.03471622855,686351.0,32.76371954591,0.8446115762925966,9.044289886365982,-0.16887843033350908
Bhutan,BTN,2009,,0.8011,9019.11861272397,693988.0,33.3396804958817,1.1543427263871997,9.107101893506657,0.14353111393004117
Bhutan,BTN,2010,,0.905,9985.28455483655,701632.0,33.9051967813552,1.2898499498312506,9.20886774367485,0.2545258936478513
Bhutan,BTN,2011,,1.1062,10714.686566371,709377.0,34.4637606688377,1.5593964845209247,9.279370655624584,0.4442988775115247
Bhutan,BTN,2012,,1.0551,11143.9445354588,717279.0,35.0188644248365,1.4709757291095933,9.318651538370695,0.3859259418975882
Bhutan,BTN,2013,,1.1068,11212.479426698,725273.0,35.5740003158589,1.526046054382281,9.324782671511231,0.42268011221176643
Bhutan,BTN,2014,,1.1293,11744.5189124825,733139.0,36.1326606084122,1.5403627415810643,9.371141935205342,0.43201793517003145
Bhutan,BTN,2015,,1.3096,12400.2983237391,740618.0,36.6983375690037,1.7682529995220209,9.425475809669788,0.5699920532548879
Bhutan,BTN,2016,,1.4244,13320.9759036882,747866.0,37.2745234641407,1.9046192767153474,9.497095207453212,0.6442821338624442
Bhutan,BTN,2017,,1.4736,13482.3425280358,754335.0,37.8645544995016,1.953508719600708,9.50913614741284,0.6696270990815819
Bhutan,BTN,2018,,1.7505,13854.8543977158,759759.0,38.4661892776975,2.3040200905813553,9.53639094823542,0.8346554626660069
Bhutan,BTN,2019,,1.8063,14555.1884045845,764824.0,39.0746823405146,2.3617198205077248,9.58570280041642,0.8593900911405479
Bhutan,BTN,2020,,1.4131,12979.9369485824,770006.0,39.6888839873439,1.8351805050869734,9.471160132664034,0.6071428445635378
Bhutan,BTN,2021,,1.5445,13458.812666743,775442.0,40.3075199874379,1.9917672759535852,9.507389387327352,0.6890223229967578
Bhutan,BTN,2022,,1.5172,14061.3120274588,780914.0,40.9365143617581,1.9428515816082181,9.551182477330931,0.6641567812750615
Bhutan,BTN,2023,,1.5607,14610.2959119536,786385.0,41.7352457989939,1.9846512840402601,9.589481758609011,0.685443223159929
Bolivia,BOL,1992,377.234087378018,7.4305,6414.32866802843,7430336.0,57.5776686644471,1.000022071680204,8.766289621227198,2.2071436628011676e-05
Bolivia,BOL,1993,396.453818977116,8.8889,6556.81640305094,7579195.0,58.2268316609648,1.1728026525244435,8.788260459726867,0.15939631384998046
Bolivia,BOL,1994,430.219973488726,9.5941,6731.2848743195,7727322.0,58.8292590535639,1.2415814948568211,8.814521321848678,0.2163859660645016
Bolivia,BOL,1995,474.617697341087,8.6741,6914.34189540931,7874676.0,59.391206278167,1.101518335484533,8.841353068985514,0.09668953304503534
Bolivia,BOL,1996,520.943557851368,8.3856,7083.61313107091,8021736.0,59.9202441998117,1.0453597575387672,8.865539385761384,0.04436109175831118
Bolivia,BOL,1997,560.060715697775,10.1676,7301.50935715196,8167900.0,60.4239436835356,1.2448242510314769,8.895836367018013,0.21899435612198065
Bolivia,BOL,1998,557.889760775457,10.1749,7534.51656215666,8313394.0,60.9098755943764,1.223916489462667,8.927249950031738,0.20205595419934777
Bolivia,BOL,1999,536.548837322983,8.8772,7435.72544462966,8459806.0,61.3856107973717,1.049338483648443,8.914051425705361,0.04815995005331489
Bolivia,BOL,2000,424.497392990293,8.2048,7492.43381815499,8606326.0,61.8587201575591,0.9533452485996929,8.921648966072725,-0.04777816538330802
Bolivia,BOL,2001,444.570211427174,7.9363,7491.15257767136,8752736.0,62.3374810379005,0.9067221952084468,8.921477946871727,-0.0979191655203861
Bolivia,BOL,2002,520.021917040091,8.4679,7550.01554439063,8900355.0,62.8187632085055,0.9514114886428687,8.929304901100638,-0.04980861954407402
Bolivia,BOL,2003,524.19320800163,9.0191,7625.90515937027,9050700.0,63.2918711090474,0.9965085573491553,8.939306303855815,-0.003497551961086106
Bolivia,BOL,2004,523.192178579792,9.4522,7811.59684101948,9204287.0,63.7564671612252,1.0269345143192514,8.963364683012452,0.026578164862045825
Bolivia,BOL,2005,567.496536227946,9.9372,8020.63568776794,9360754.0,64.2133062205259,1.0615811504073283,8.989772960533386,0.05975944804488591
Bolivia,BOL,2006,568.36995826632,10.7816,8263.31896895542,9521689.0,64.6631431424362,1.1323201167355919,9.019581598032318,0.12426872843950336
Bolivia,BOL,2007,570.3375548833,11.996,8493.94848397403,9685960.0,65.1067327824433,1.2384936547332428,9.047109245864718,0.21389584658594352
Bolivia,BOL,2008,572.261293056089,12.8434,8865.27246783163,9850858.0,65.5448299960338,1.3037849088881395,9.089896953267985,0.26527150272750816
Bolivia,BOL,2009,586.284286067628,13.6594,9011.55629962953,10016275.0,65.9781896386949,1.3637205448133163,9.106263065944779,0.31021665926154335
Bolivia,BOL,2010,625.49842839535,14.7927,9230.39808115934,10182345.0,66.4075665659133,1.4527792959283936,9.130257455619883,0.37347847761273306
Bolivia,BOL,2011,660.399933602591,16.0948,9554.44502529396,10348929.0,66.833715633176,1.5552140709439595,9.164761772862366,0.4416132023579787
Bolivia,BOL,2012,703.763401801031,17.0414,9884.46163420335,10515807.0,67.2581444827699,1.6205508526354657,9.19871927121851,0.4827661239373752
Bolivia,BOL,2013,699.363675306555,18.1017,10391.38337536,10682608.0,67.6697055519889,1.6945019418479084,9.248732220115746,0.5273888580353412
Bolivia,BOL,2014,757.547132518494,19.463,10790.8472899414,10848888.0,68.037425413,1.7940087500212003,9.286453580650347,0.5844526410055352
Bolivia,BOL,2015,748.85994552389,19.9523,11144.6415727207,11014705.0,68.3958051297665,1.811423910127416,9.318714084936794,0.5941132266769472
Bolivia,BOL,2016,778.965230116872,21.3607,11448.0218032246,11180020.0,68.7446327876947,1.910613755610455,9.3455722257789,0.6474245284564809
Bolivia,BOL,2017,800.888183667631,21.7833,11755.2556195885,11344587.0,69.0838016274736,1.9201492306418912,9.372055706342884,0.6524029073119655
Bolivia,BOL,2018,803.127890554365,21.9655,11920.3135079645,11508368.0,69.4133879813999,1.908654641561688,9.385999241277208,0.6463986177233955
Bolivia,BOL,2019,795.54274549867,21.9997,11930.9159145918,11671386.0,69.7334986708387,1.8849260918968835,9.386888286209679,0.6338886115885317
Bolivia,BOL,2020,657.745469205531,18.5659,10285.6590750222,11816299.0,70.0442635528254,1.5712110873294591,9.238505881222299,0.4518467151928734
Bolivia,BOL,2021,757.863166521587,21.8696,11202.4409836707,11937360.0,70.3450412826165,1.8320298625491733,9.323886978507229,0.6054245666371942
Bolivia,BOL,2022,798.293220052314,23.3823,11487.7148799194,12077154.0,70.6352598708131,1.9360769929736759,9.34903347203149,0.6606637571615888
Bolivia,BOL,2023,,24.4241,11616.1575595159,12244159.0,70.9151414044538,1.9947552134858753,9.360152300980499,0.690521342806485
Bosnia and Herzegovina,BIH,1992,1050.6167812833,16.2286,2150.91966830521,4234616.0,39.9525534247335,3.8323663822174194,7.6736507823617,1.3434824667639924
Bosnia and Herzegovina,BIH,1993,949.289118923978,13.6204,2281.89928050593,3904482.0,40.2798708993447,3.4884012783257803,7.732763392947508,1.249443544821085
Bosnia and Herzegovina,BIH,1994,385.207810762141,3.3002,2657.81398743182,3725412.0,40.6066230101592,0.8858617516666613,7.885259254669254,-0.1211943770456266
Bosnia and Herzegovina,BIH,1995,402.138722444913,3.5148,3090.39106761024,3715564.0,40.9327870219153,0.9459667495971001,8.03605292098103,-0.05554785896542058
Bosnia and Herzegovina,BIH,1996,450.357723524427,4.3994,4569.00162207312,3875246.0,41.2583401993513,1.1352569617515895,8.427049996580307,0.12685902332822352
Bosnia and Herzegovina,BIH,1997,670.543668952792,8.7233,6020.98522398162,4018227.0,41.5832598072054,2.170932602861909,8.703006183380989,0.7751568461314101
Bosnia and Herzegovina,BIH,1998,818.903187407795,11.0509,6899.325655059,4089356.0,41.9075231102159,2.7023570459505115,8.83917895465848,0.9941243721665494
Bosnia and Herzegovina,BIH,1999,802.329947245603,10.8922,7481.33501395434,4130305.0,42.231107373121,2.637141809140003,8.920166532844638,0.9696956826184483
Bosnia and Herzegovina,BIH,2000,1044.83032752066,14.2812,7830.53433078343,4159771.0,42.5539898606589,3.4331697586237317,8.96578602813587,1.2334839623132094
Bosnia and Herzegovina,BIH,2001,1004.95066006105,14.0968,7982.55195738094,4179438.0,42.8761478375679,3.372893676135404,8.985013433478613,1.2157710335356637
Bosnia and Herzegovina,BIH,2002,1052.10768786264,14.8282,8366.72625268201,4188002.0,43.1975585685863,3.540638232742009,9.032017958260909,1.2643070026301122
Bosnia and Herzegovina,BIH,2003,1052.76815633322,15.1887,8709.99283593466,4178523.0,43.5181993184523,3.634944692179509,9.072226247335838,1.2905938955133345
Bosnia and Herzegovina,BIH,2004,1161.36225812454,16.0341,9344.86891184204,4140987.0,43.8380473519042,3.8720478958277336,9.142582692166025,1.3537835391280457
Bosnia and Herzegovina,BIH,2005,1230.32229950965,16.8463,9814.51034158831,4096493.0,44.1570799336802,4.112371240473253,9.191617216682408,1.413999806293928
Bosnia and Herzegovina,BIH,2006,1304.39455421949,18.6905,10430.4552500579,4063272.0,44.4752743285185,4.599864345778476,9.25248519517821,1.526026813012052
Bosnia and Herzegovina,BIH,2007,1321.60129723785,19.7252,11178.7278411828,4013424.0,44.7926078011574,4.914805911361471,9.321767951431683,1.5922522637780074
Bosnia and Herzegovina,BIH,2008,1510.20925021027,21.6523,11983.7696596485,3947544.0,45.1090576163352,5.485005360294908,9.391308484915447,1.7020180709910566
Bosnia and Herzegovina,BIH,2009,1602.5317512912,21.6601,11826.6991802051,3879794.0,45.4246010387901,5.582796406200948,9.378114896923423,1.7196897989251527
Bosnia and Herzegovina,BIH,2010,1700.48373318065,22.2176,12142.9120522116,3811472.0,45.7392153332604,5.829138978326484,9.404500908353754,1.7628693013467736
Bosnia and Herzegovina,BIH,2011,1909.67028647304,25.2681,12487.7008428301,3741798.0,46.0528777644843,6.752930008514623,9.432499506337388,1.9099764860364938
Bosnia and Herzegovina,BIH,2012,1821.21222097011,23.3108,12626.9786875839,3670113.0,46.3655655972,6.3515210567086084,9.44359096959247,1.8486943207098605
Bosnia and Herzegovina,BIH,2013,1787.39246392599,23.2132,13135.7719791089,3610859.0,46.6954224739896,6.4287195927617224,9.483094473069329,1.8607753882123454
Bosnia and Herzegovina,BIH,2014,1682.31287779308,20.7957,13458.9083902112,3564829.0,47.130783484831,5.833575747953128,9.507396499628427,1.7636301481898637
Bosnia and Herzegovina,BIH,2015,1755.04377103361,20.8309,14220.1489744552,3518541.0,47.5711645087011,5.920323224882131,9.562415179705674,1.7783910462031116
Bosnia and Herzegovina,BIH,2016,1945.25475764264,23.5062,14873.7027917131,3473003.0,48.0248845752382,6.768263661160097,9.607350019331262,1.9122445785723179
Bosnia and Herzegovina,BIH,2017,1966.74296405564,23.9898,15554.7232481788,3428682.0,48.4918401819106,6.996799353220859,9.652119617349532,1.9454528092372367
Bosnia and Herzegovina,BIH,2018,2205.40019359849,24.0642,16349.0675137661,3387000.0,48.971927825824,7.104871567759079,9.701926141901787,1.9607806850674698
Bosnia and Herzegovina,BIH,2019,2157.71633026544,22.5975,17029.3678184559,3345533.0,49.4650440037758,6.7545290989507505,9.742694651326834,1.9102132575019302
Bosnia and Herzegovina,BIH,2020,2152.73018925591,22.5364,16747.1048417525,3299349.0,49.9710852122997,6.830559604334067,9.725980677045241,1.921406603510987
Bosnia and Herzegovina,BIH,2021,2267.26088940872,23.0097,18286.7373324233,3244907.0,50.4899479477034,7.091019865900625,9.813931340148317,1.958829175883388
Bosnia and Herzegovina,BIH,2022,2270.72637629896,22.3986,19298.1971056448,3204802.0,51.0215287060993,6.989074520048352,9.867766956314302,1.9443481469146615
Bosnia and Herzegovina,BIH,2023,2171.0481914264,20.8288,19805.0002774731,3185073.0,51.5657239834305,6.5395047460450675,9.893689724066272,1.8778614356972567
Botswana,BWA,1992,1036.20295145007,3.3976,11008.6810214184,1380033.0,46.7985294866841,2.4619701123089084,9.306439424304049,0.900961888090245
Botswana,BWA,1993,1009.96722747675,3.3509,10902.9512774946,1420115.0,47.8662437145732,2.35959763821944,9.296788790971698,0.8584911122221595
Botswana,BWA,1994,967.997722997679,3.2127,10989.6700551057,1460023.0,48.7932865701141,2.2004447875136215,9.304711024663613,0.7886595160719834
Botswana,BWA,1995,965.686795328275,3.3417,11457.6994362472,1498836.0,49.6118603364468,2.229530115369527,9.34641722284293,0.8017908526728059
Botswana,BWA,1996,919.406030956662,3.0122,11832.9387782379,1535914.0,50.354167296711,1.9611775138451761,9.378642343555397,0.6735450652209393
Botswana,BWA,1997,942.69977403279,3.2158,12526.352236393,1571691.0,51.0524097340465,2.046076487044845,9.435589883110952,0.7159240505280645
Botswana,BWA,1998,1040.82117578293,3.8274,12306.250477233,1606899.0,51.7387899315932,2.3818547400925634,9.41786258116716,0.8678794867447118
Botswana,BWA,1999,1051.85481318954,4.0332,13207.447346512,1641997.0,52.4455101724909,2.45627732571984,9.488536142395052,0.8986469215485507
Botswana,BWA,2000,1070.36119676312,4.0996,13185.8171514278,1677382.0,53.2047727398794,2.444046734733054,9.48689707270525,0.8936551633577219
Botswana,BWA,2001,1060.85132722236,3.9558,12949.6403104655,1712254.0,54.0489894446035,2.3102880764185687,9.468823291488315,0.8373722251645621
Botswana,BWA,2002,1057.52604830958,4.1754,13479.6960719923,1744763.0,55.0142988603802,2.3931043929748625,9.50893983762401,0.8725914322851552
Botswana,BWA,2003,1035.71768168865,4.1354,13857.2588264737,1775736.0,56.0979233496432,2.328837169489158,9.53656447731597,0.8453690741125081
Botswana,BWA,2004,1076.41144429025,4.0534,13984.8415112641,1807146.0,57.2582489329358,2.242984241450331,9.545729272805602,0.8078072298559374
Botswana,BWA,2005,1090.97560068282,4.3907,14361.9576327759,1839877.0,58.4535554684584,2.3864095262889857,9.572338158712974,0.8697899461183228
Botswana,BWA,2006,1096.75774429819,4.1486,15275.5828811117,1874516.0,59.6421228144112,2.213157956507173,9.634010942468002,0.7944204351630105
Botswana,BWA,2007,1117.65874301485,4.4229,15850.2343496231,1911201.0,60.7822308289942,2.314199291440304,9.670939564661303,0.8390637492809433
Botswana,BWA,2008,1158.3591770162,4.5094,16040.3153236098,1949970.0,61.8321593704079,2.3125483981804846,9.682860539806443,0.8383501191283482
Botswana,BWA,2009,1054.28611010741,4.1279,13489.9509168296,1990673.0,62.7501882968523,2.0736203284015007,9.509700310709608,0.7292960305621309
Botswana,BWA,2010,1130.54992383335,3.3822,14545.0198074427,2033111.0,63.4945974665277,1.663558949806479,9.585003932732617,0.5089592530631062
Botswana,BWA,2011,1069.64525830171,4.0133,15236.7188843522,2073535.0,64.0187810722889,1.9354869823755085,9.631463509758712,0.6603589652963417
Botswana,BWA,2012,1197.22154587787,3.5247,14957.6189142932,2108617.0,64.3993247826904,1.6715695643163269,9.612976075377542,0.5137630439099078
Botswana,BWA,2013,1240.35333768798,5.5218,16369.4252971454,2140682.0,64.7579735458393,2.5794583221608813,9.703170562671662,0.9475794242395617
Botswana,BWA,2014,1333.16636170484,7.1481,17052.1924105361,2172044.0,65.0965122400825,3.2909554318420806,9.744034061573263,1.1911779274331862
Botswana,BWA,2015,1308.13445233238,7.091,15994.9643042101,2203273.0,65.4103584313295,3.2183937260611826,9.680029220696857,1.1688823922546927
Botswana,BWA,2016,1245.11570542658,6.7524,16905.588740873,2234776.0,65.6949296854899,3.0215108807325657,9.73539954096993,1.105756997915943
Botswana,BWA,2017,1280.40747267283,7.4408,17352.8958451454,2266747.0,65.9456435684731,3.282589543517649,9.761514678948673,1.188632605883722
Botswana,BWA,2018,1343.69847257232,8.2088,17825.018569213,2299141.0,66.1579176461888,3.570376936429736,9.788358287033034,1.2726711746520034
Botswana,BWA,2019,1241.6779321074,7.342,18106.0105471124,2332083.0,66.3271694845464,3.148258445346928,9.803999236555507,1.1468494254530446
Botswana,BWA,2020,1119.82959014247,6.0919,16289.3913582645,2365894.0,66.4488166494554,2.574882898388516,9.69826933799228,0.9458040567276444
Botswana,BWA,2021,1142.89798614093,6.5464,17960.6254447437,2401441.0,66.5182767068255,2.7260299128731456,9.795937165567416,1.0028463063884374
Botswana,BWA,2022,1165.14968696121,6.8377,18647.3734588832,2439892.0,66.5889787170477,2.802460108890066,9.83346058185017,1.0304976417469276
Botswana,BWA,2023,,6.7207,18932.4802712334,2480244.0,67.0212655349864,2.7096930785842037,9.848634258929248,0.9968353733427823
Brazil,BRA,1992,937.431462820155,238.6958,12271.9788476188,154275079.0,76.0910875240585,1.5472090602526931,9.415073799976055,0.43645270160247013
Brazil,BRA,1993,945.489101780969,249.3297,12669.4287208252,156794577.0,76.6406402906957,1.5901678793393472,9.446947183176714,0.4638395951486457
Brazil,BRA,1994,980.074664998028,258.7499,13202.9308013064,159265006.0,77.1710338911115,1.6246500502439314,9.48819411433136,0.4852924388937217
Brazil,BRA,1995,998.777374735819,280.029,13550.4393737243,161735073.0,77.7144999942454,1.7314055313160182,9.514174251887246,0.5489335245016171
Brazil,BRA,1996,1035.82555427523,300.6344,13641.6295997537,164202549.0,78.3021415455398,1.830875353829008,9.520881396383933,0.6047941879130959
Brazil,BRA,1997,1072.29461426603,319.2483,13896.6249901345,166661659.0,79.0008493879259,1.9155473545358144,9.539401283171378,0.650003406615356
Brazil,BRA,1998,1082.21810429873,328.5588,13737.7026434846,169159655.0,79.789068166086,1.9423000123758825,9.527899349721158,0.6638728442277168
Brazil,BRA,1999,1091.29495874763,335.9148,13602.4137069426,171641543.0,80.5466061325216,1.957071663006432,9.518002534428367,0.6714493065510659
Brazil,BRA,2000,1081.36193393467,349.4076,14005.347187072,174018282.0,81.1484365423806,2.0078786894356306,9.547194477609857,0.6970787863768321
Brazil,BRA,2001,1086.99299318566,351.3367,14016.1313773564,176301203.0,81.5960450621957,1.9928207750232991,9.547964186516689,0.6895511099532933
Brazil,BRA,2002,1103.40127916211,351.437,14265.9048768518,178503484.0,81.9943491502673,1.968796306519149,9.565627694993784,0.6774223440868283
Brazil,BRA,2003,1107.9739157885,346.5055,14259.3664088286,180622688.0,82.3540335841671,1.9183941056175622,9.565169261622742,0.65148843273508
Brazil,BRA,2004,1157.16905577095,365.3106,14911.260960772,182675143.0,82.6816824814559,1.9997827509569817,9.609871975663166,0.6930385501383656
Brazil,BRA,2005,1173.71585743449,369.2574,15221.0138281917,184688101.0,82.9838799596945,1.9993567425331857,9.630432240773551,0.6928255000929241
Brazil,BRA,2006,1202.05933940304,373.6873,15657.4795714009,186653106.0,83.2672101364439,2.0020416911787153,9.658704009682184,0.6941675054407895
Brazil,BRA,2007,1259.91135986965,393.1254,16440.5837398046,188552320.0,83.5382571292649,2.0849671857657333,9.707508175267186,0.7347531168850628
Brazil,BRA,2008,1317.23578420454,412.7913,17113.3679822772,190367302.0,83.8036050557184,2.168393918825408,9.747615190430306,0.77398676394771
Brazil,BRA,2009,1262.10043812649,385.5933,16939.4407809047,192079951.0,84.0698380333651,2.007462507109865,9.737399955908176,0.6968714902558379
Brazil,BRA,2010,1384.36896688389,439.9219,18062.158110224,193701929.0,84.343846036308,2.2711281310987874,9.80157431652196,0.8202766820949358
Brazil,BRA,2011,1390.00783643031,463.643,18627.8104527933,195284734.0,84.6225758599683,2.3741896793632624,9.832410928658256,0.8646561916323393
Brazil,BRA,2012,1433.15306444735,497.9036,18832.2195524356,196876111.0,84.8973874181312,2.5290198870293614,9.843324487908925,0.9278318312509638
Brazil,BRA,2013,1487.45745839708,523.4755,19241.5059814525,198478299.0,85.1676585442726,2.6374445097395762,9.864824994620758,0.9698104596195647
Brazil,BRA,2014,1522.42189026812,546.4394,19183.1727445223,200085127.0,85.4331367898168,2.7310345760982027,9.86178875417958,1.0046805030112778
Brazil,BRA,2015,1482.02057858653,517.9408,18357.0690615421,201675532.0,85.6935697061881,2.568188589183937,9.817770014260203,0.9432008212870041
Brazil,BRA,2016,1414.8979311951,482.7112,17620.9272434403,203218114.0,85.9487048448108,2.375335497897594,9.77684252259138,0.8651386897827004
Brazil,BRA,2017,1431.95949698072,494.7579,17724.4799577815,204703445.0,86.1982897571091,2.416949553535848,9.782702011493557,0.8825062299834037
Brazil,BRA,2018,1403.40232453429,471.0836,17917.7492122925,206107261.0,86.4420719945072,2.285623503579527,9.793547076647725,0.8266388552117628
Brazil,BRA,2019,1415.83477031974,468.5794,18018.62091495,207455459.0,86.6797991084296,2.2586988178508234,9.79916099743181,0.8147889031659984
Brazil,BRA,2020,1379.24649914162,447.921,17327.5157248143,208660842.0,86.9112186503004,2.1466461829,9.760051021297963,0.763906709275297
Brazil,BRA,2021,1430.3934661032,506.2334,18075.7060048757,209550294.0,87.1360781715439,2.415808588653185,9.802324106008314,0.8820340503831455
Brazil,BRA,2022,1432.72741132919,479.2664,18554.0461828519,210306415.0,87.349556243881,2.2788957721522665,9.828443167314997,0.8236910151906267
Brazil,BRA,2023,1481.22439922518,480.235,19079.8122132253,211140729.0,87.6159710235763,2.2744782698936308,9.856386102879698,0.8217506941874415
Brunei Darussalam,BRN,1992,7783.23273590893,5.3615,111457.220883519,269839.0,67.1218123459373,19.869255370795177,11.621396127056341,2.989173580813465
Brunei Darussalam,BRN,1993,7299.53266292428,5.411,107899.136339239,276971.0,67.7094708825572,19.536341349816407,11.588952146943932,2.9722763900769005
Brunei Darussalam,BRN,1994,6603.06657909867,5.494,106239.232694338,284091.0,68.272763683326,19.33887381156038,11.573448742304077,2.962117257283139
Brunei Darussalam,BRN,1995,7718.4147112912,5.8139,105043.853097683,291195.0,68.8131879002755,19.965658751008775,11.562133190498143,2.994013735263052
Brunei Darussalam,BRN,1996,7585.30865702678,6.1077,102522.125418121,298276.0,69.3322406854373,20.4766726119433,11.537833912004436,3.0192863168516513
Brunei Darussalam,BRN,1997,7652.68069432589,6.5013,106503.420270796,305341.0,69.8314191908431,21.29193262614585,11.575932378834676,3.0583282510252983
Brunei Darussalam,BRN,1998,7448.31277617827,5.7432,97171.6372551031,312385.0,70.3122205685247,18.38500568209101,11.484234150080267,2.9115354238144335
Brunei Darussalam,BRN,1999,7427.44777738284,6.0084,99083.3205282422,319411.0,70.7761419705137,18.810873764522825,11.50371639664934,2.934435094361814
Brunei Darussalam,BRN,2000,7306.50805505588,6.0748,100323.439918528,326424.0,71.2246805488418,18.61015121437149,11.516154644737888,2.9237071960575527
Brunei Darussalam,BRN,2001,6624.44570244008,5.8618,99680.7626777537,333345.0,71.657883335906,17.58478453254136,11.509727985253583,2.8670340129388143
Brunei Darussalam,BRN,2002,6344.70953602184,5.5581,101571.583784666,340099.0,72.1021556496525,16.34259436222982,11.528519087847972,2.7937748505269226
Brunei Darussalam,BRN,2003,7227.93461469148,6.4529,103226.914446986,346637.0,72.577635652792,18.615727692081343,11.54468489693238,2.924006798265231
Brunei Darussalam,BRN,2004,6509.41375687627,6.2692,101497.754798655,352911.0,73.0675067339261,17.76425217689446,11.527791957009027,2.8771881332812703
Brunei Darussalam,BRN,2005,6180.90186134327,6.0092,99795.6850854526,358916.0,73.552870858133,16.742636159992866,11.510880225748162,2.817958529365258
Brunei Darussalam,BRN,2006,8644.25613377398,8.6155,102248.510300567,364663.0,74.0148299904911,23.62592311257243,11.535161504611308,3.1623445461644946
Brunei Darussalam,BRN,2007,8703.6654696927,8.1844,96752.6204091885,370873.0,74.4344860960786,22.067931610012053,11.479912694857951,3.09412549634847
Brunei Darussalam,BRN,2008,9379.39547102847,8.9078,91275.5000919182,377793.0,74.7929411399737,23.57852051255582,11.421637685467122,3.160336149822537
Brunei Darussalam,BRN,2009,7906.16450304433,8.0209,87875.8283546044,384952.0,75.0712970872547,20.836104241567778,11.38368005557897,3.0366872628253057
Brunei Darussalam,BRN,2010,8261.092768512,7.3795,88586.5133683924,392332.0,75.2506559029998,18.809324755564166,11.391734905688265,2.9343527445061266
Brunei Darussalam,BRN,2011,9699.3002516897,7.8612,90279.6634042123,399389.0,75.312125504778,19.68306588313649,11.410667502570648,2.979758666235353
Brunei Darussalam,BRN,2012,9446.07290658886,7.6224,89718.4636049982,405557.0,75.2714233503027,18.794891963398488,11.40443186415625,2.9335851288431156
Brunei Darussalam,BRN,2013,7399.88850699904,7.7892,86606.6518910199,411202.0,75.1756915148608,18.942514871036618,11.369131903275255,2.9414088598850663
Brunei Darussalam,BRN,2014,8529.79303823974,8.1068,83310.6151819533,416750.0,75.0572639801502,19.45242951409718,11.330331253192721,2.967971973014255
Brunei Darussalam,BRN,2015,6437.00247398227,7.3653,81910.1882959493,422212.0,74.9484620568562,17.444553920779136,11.31337866132216,2.85902750370585
Brunei Darussalam,BRN,2016,7008.28171997556,7.8994,78880.6228501768,427564.0,74.8816070556641,18.475362752710705,11.275690885418983,2.9164381014296357
Brunei Darussalam,BRN,2017,8385.25858976533,7.8716,78966.8643142346,432772.0,74.8476440654983,18.188792250884994,11.27678360439967,2.9008055940027173
Brunei Darussalam,BRN,2018,8304.04242825767,8.0303,78099.0507802561,437810.0,74.8172471714305,18.341974829263837,11.265733181851948,2.9091921398352896
Brunei Darussalam,BRN,2019,9219.80339333238,7.6035,80228.1598170527,442680.0,74.7923311783673,17.17606397397669,11.29262985213981,2.843516785183929
Brunei Darussalam,BRN,2020,9175.89257228992,10.1279,80280.8980640677,447404.0,74.7748108912151,22.637034984041268,11.293286989495284,3.1195872811560834
Brunei Darussalam,BRN,2021,8962.62325631033,9.9862,78248.797127611,451721.0,74.7667316936175,22.107008529601234,11.267648736113141,3.095894686285495
Brunei Darussalam,BRN,2022,9537.0515607056,9.5371,76357.829114996,455370.0,74.7772642014221,20.943628258339373,11.243185847825758,3.0418344596946763
Brunei Darussalam,BRN,2023,,9.7036,76616.7014884981,458949.0,74.8199193881365,21.14308997295996,11.246570367060372,3.05131313688276
Bulgaria,BGR,1992,2394.69457031165,62.0241,12961.0385307712,8540164.0,67.1506882200337,7.262635705824853,9.469703100242905,1.9827428078313145
Bulgaria,BGR,1993,2588.55746644791,62.8343,12871.4500732157,8472313.0,67.4275283813477,7.416428075780487,9.462766965044825,2.003697549869001
Bulgaria,BGR,1994,2518.11325421164,60.0219,13150.0344422672,8443591.0,67.7225112915039,7.108575012693059,9.484179656786297,1.9613018035726584
Bulgaria,BGR,1995,2745.16022347993,61.3676,13591.4105639206,8406067.0,67.8335418701172,7.300393870284403,9.517193296013582,1.9879283015323157
Bulgaria,BGR,1996,2745.50259738071,61.6586,14372.8310870084,8362826.0,67.6981964111328,7.372938286650948,9.573094973378119,1.9978163087908678
Bulgaria,BGR,1997,2505.6718035438,59.3273,12419.4307242505,8312068.0,67.6594467163086,7.1374897317971895,9.427017519030434,1.9653611363537298
Bulgaria,BGR,1998,2437.14753376962,56.8548,12976.3210459232,8256786.0,67.8654022216797,6.885827003388486,9.47088151756602,1.9294652416539675
Bulgaria,BGR,1999,2230.75876662596,50.1198,11953.6477251515,8210624.0,68.0479965209961,6.104261990318885,9.388791759747322,1.808987214148701
Bulgaria,BGR,2000,2276.85216577279,48.1779,12563.8880988668,8170172.0,68.2631454467773,5.896803641343169,9.438581954129445,1.7744104484044814
Bulgaria,BGR,2001,2419.77111113907,50.424,13306.5595739168,8009142.0,69.196711983564,6.295805468301099,9.49601239367256,1.8398836129727496
Bulgaria,BGR,2002,2410.06924541046,47.5974,14397.0609177208,7837161.0,69.4859161376953,6.073296184677079,9.574779361796198,1.8039014864617484
Bulgaria,BGR,2003,2489.50818804189,53.4629,15271.5472882444,7775327.0,69.7808456420898,6.875968046102756,9.63374672171349,1.9280324403461566
Bulgaria,BGR,2004,2439.63673677668,51.4635,16389.0282419117,7716860.0,69.9193344116211,6.668968984794334,9.70436738028595,1.8974652729862336
Bulgaria,BGR,2005,2599.1917342682,52.4905,17678.1074943214,7658972.0,70.0869598388672,6.853465452021498,9.78008228828582,1.9247544297517372
Bulgaria,BGR,2006,2696.78264240444,54.0356,19024.6223691232,7601022.0,70.5075225830078,7.10899139615699,9.853489333340942,1.9613603766718901
Bulgaria,BGR,2007,2665.00511750437,57.6391,20440.3375318665,7545338.0,70.6844177246094,7.639034858345643,9.925265557482007,2.033271267756776
Bulgaria,BGR,2008,2647.46208110447,54.5628,21846.0454072872,7492561.0,70.902099609375,7.282263033961285,9.99177519591855,1.9854416702161446
Bulgaria,BGR,2009,2337.23945196707,46.5361,21251.30543262,7444443.0,71.3017349243164,6.251119123351471,9.964173604588982,1.8327605074552644
Bulgaria,BGR,2010,2393.89142256038,49.5094,21724.3762726863,7395599.0,71.5149307250977,6.694440842452383,9.986190239603442,1.9012774569774948
Bulgaria,BGR,2011,2592.51617710519,54.7842,22321.1253679157,7348328.0,72.6101653885532,7.4553286135295,10.013288834933702,2.0089290268601805
Bulgaria,BGR,2012,2493.07808043547,49.9165,22618.9040490702,7305888.0,72.7684860229492,6.832365894467586,10.026541297968945,1.9216710110339879
Bulgaria,BGR,2013,2353.30761322829,44.452,22954.4918743089,7160005.0,72.9632821572019,6.208375552810368,10.041268920707934,1.8258992760270674
Bulgaria,BGR,2014,2499.7069748767,47.315,23455.5804023134,7073572.0,73.0844879150391,6.688982596063205,10.062863715811904,1.9004617842586455
Bulgaria,BGR,2015,2637.50353455494,49.8572,24562.750842738,6984225.0,73.1030578613281,7.138544362474004,10.108986380986464,1.965508884765056
Bulgaria,BGR,2016,2606.61053390992,47.1301,25636.8508634132,6894139.0,73.1750030517578,6.8362561300258085,10.151786082251725,1.9222402323726557
Bulgaria,BGR,2017,2732.22244053467,49.2832,26691.8686963123,6803468.0,73.3904571533203,7.243835055886204,10.192114254796364,1.9801507700057481
Bulgaria,BGR,2018,2764.27513129547,46.3135,27691.0089237623,6710798.0,73.600212097168,6.901340198289383,10.228863051895667,1.931715624378834
Bulgaria,BGR,2019,2771.124202737,44.6358,29150.0422926763,6616726.0,73.7162322998047,6.745904243276811,10.280211642641266,1.9089355419458904
Bulgaria,BGR,2020,2664.55152991688,39.4151,28521.3251326769,6550696.0,73.3239898681641,6.016933162521967,10.258407336726439,1.794577688069816
Bulgaria,BGR,2021,2918.91641380678,45.8711,30959.1118459807,6507301.0,73.346765618041,7.049174458043358,10.340422640146853,1.9529105118177754
Bulgaria,BGR,2022,2968.65663426552,49.4431,32433.7937497005,6465097.0,73.4799164005224,7.647696546548334,10.386956175182222,2.0344044974708626
Bulgaria,BGR,2023,2604.19104505407,36.9706,33073.8179631314,6446596.0,73.7322671584613,5.7349025749403255,10.406497250268387,1.7465707626323885
Burkina Faso,BFA,1992,174.239170181508,0.395,1152.04476095096,9629275.0,13.8437126999438,0.04102074143692022,7.049293695493153,-3.193677451491009
Burkina Faso,BFA,1993,176.296720313514,0.414,1162.64923453351,9871713.0,14.1660760040858,0.041938010150821846,7.058456503014568,-3.171562699774076
Burkina Faso,BFA,1994,173.37906285031,0.4512,1148.60721370395,10123798.0,14.5131483144658,0.044568253929997415,7.046305368842261,-3.1107334686942
Burkina Faso,BFA,1995,173.276562601483,0.4637,1183.52861008084,10386722.0,14.8945565719465,0.044643536237900655,7.076255602790146,-3.1090457472477167
Burkina Faso,BFA,1996,162.026532515962,0.5131,1280.69608533889,10655942.0,15.3191448028844,0.0481515383623522,7.155159025769972,-3.0334021918744956
Burkina Faso,BFA,1997,162.131858709877,0.8142,1326.94230829963,10934223.0,15.8141283865811,0.07446345295866016,7.190632558104259,-2.597446838275949
Burkina Faso,BFA,1998,160.958600981487,0.772,1385.09310679095,11240664.0,16.4430937418116,0.06867921681494972,7.233522641481751,-2.6783086464111587
Burkina Faso,BFA,1999,120.294478166027,0.8081,1444.56690170414,11574928.0,17.1834171163423,0.06981468912808789,7.27556483361686,-2.6619108453933107
Burkina Faso,BFA,2000,122.87633161526,0.8726,1428.57400617096,11925546.0,18.0003503329444,0.07317065398934355,7.264432027238914,-2.6149608401824005
Burkina Faso,BFA,2001,138.808404306933,1.0203,1477.28491846525,12295001.0,18.8591452143893,0.08298494648353424,7.297961167425015,-2.489096055302906
Burkina Faso,BFA,2002,140.366660183959,1.0828,1494.67801269583,12680897.0,19.725053583448,0.08538828128641057,7.309666086504828,-2.4605464090739426
Burkina Faso,BFA,2003,145.412202886927,1.2062,1561.83310184915,13082532.0,20.563327262892,0.09219927763218924,7.353615475682643,-2.383802983242155
Burkina Faso,BFA,2004,149.202025520624,1.0691,1581.25620933294,13500533.0,21.3392180754924,0.07918946607515422,7.365974879318991,-2.535911993109175
Burkina Faso,BFA,2005,152.454065294215,1.1383,1664.99543180023,13932123.0,22.0179778440204,0.08170326948735666,7.417577658747255,-2.5046612597117868
Burkina Faso,BFA,2006,160.051947053493,1.1497,1714.76034904509,14373707.0,22.5528306908743,0.07998632503083582,7.447028611669625,-2.5258995960342214
Burkina Faso,BFA,2007,167.380496993818,1.6344,1731.93046335077,14816307.0,22.9741760828193,0.1103108892114614,7.4569919401355715,-2.2044526340102073
Burkina Faso,BFA,2008,168.80031087063,1.9003,1779.32710911571,15258093.0,23.3633747838557,0.12454374213081543,7.483990543228632,-2.08309828236748
Burkina Faso,BFA,2009,171.44988829824,1.8421,1779.32305627973,15710066.0,23.7452325601116,0.11725603189700158,7.483988265490844,-2.1433954282284375
Burkina Faso,BFA,2010,227.93902505697,1.9623,1873.97146230828,16176498.0,24.115092498158,0.1213056126239437,7.535815234458447,-2.109442193501234
Burkina Faso,BFA,2011,235.67491386243,2.2171,1939.86659989406,16661908.0,24.4682976845657,0.13306399243111894,7.570374486751888,-2.0169251203754133
Burkina Faso,BFA,2012,249.069045065321,2.5815,2003.6646118745,17172287.0,24.8001912059054,0.1503294232154401,7.6027330888545555,-1.8949262381392171
Burkina Faso,BFA,2013,258.229706435665,3.0405,2057.0639319853,17695409.0,25.106116148748,0.17182422853294885,7.629034969376735,-1.7612832518262536
Burkina Faso,BFA,2014,264.949904576004,2.7537,2083.19844698304,18229461.0,25.3814155996643,0.15105767526533012,7.641659706518119,-1.89009355969407
Burkina Faso,BFA,2015,279.219982120516,3.9361,2101.70266192027,18777487.0,25.621432645225,0.20961803887815234,7.650503086588339,-1.5624682668885241
Burkina Faso,BFA,2016,271.615575346763,3.9314,2162.72578977814,19334856.0,25.821510372001,0.20333226169359628,7.679124644813637,-1.5929138808561407
Burkina Faso,BFA,2017,285.313799439353,4.5408,2232.28781490944,19894407.0,25.9769918665632,0.22824505399934766,7.710782264520137,-1.4773354289670422
Burkina Faso,BFA,2018,299.913437292717,5.412,2316.39432079045,20438288.0,26.0832202154822,0.2647971297791674,7.747767083609054,-1.3287912941805684
Burkina Faso,BFA,2019,302.330693379864,5.6993,2391.53626844484,20961952.0,26.1187254401157,0.27188784708599656,7.779691228568742,-1.3023656246059645
Burkina Faso,BFA,2020,263.88298802906,5.7011,2380.93171826574,21478690.0,26.3578373628627,0.2654305267220673,7.775247168320814,-1.3264021421383392
Burkina Faso,BFA,2021,303.171853475007,6.4371,2486.43093147762,21995243.0,26.8114307743017,0.29265873534563813,7.818603600362044,-1.2287480745680934
Burkina Faso,BFA,2022,312.929085804227,6.4885,2469.19956941259,22509038.0,27.2791369742712,0.28826198614085596,7.811649316136358,-1.2438855382487315
Burkina Faso,BFA,2023,,6.2637,2486.20669812871,23025776.0,27.7872478365158,0.27202991986024705,7.818513413477029,-1.3018432192494371
Burundi,BDI,1992,,0.2237,1476.99435502804,5858407.0,6.64880538600158,0.03818444160673712,7.297764460606703,-3.2653271341155548
Burundi,BDI,1993,,0.2488,1429.12129549201,5676843.0,6.82684917355131,0.04382717647819395,7.26481505570764,-3.1275011864714597
Burundi,BDI,1994,,0.2577,1365.48348262885,5713854.0,6.99924539529555,0.04510090737355207,7.2192638446332404,-3.098852913528396
Burundi,BDI,1995,,0.2539,1184.2840262089,6066316.0,7.16829388435013,0.041854067608743106,7.076893673676425,-3.1735662918177305
Burundi,BDI,1996,,0.2724,1088.78927818283,6070506.0,7.33629447383088,0.04487270089182022,6.992821603918115,-3.1039256670946433
Burundi,BDI,1997,,0.2705,1071.55943349349,6070042.0,7.50554699685361,0.04456311834415643,6.976870280938116,-3.1108487050181934
Burundi,BDI,1998,,0.2867,1101.22051819781,6187108.0,7.67835128653415,0.04633828922979848,7.004174405675516,-3.0717866784453483
Burundi,BDI,1999,,0.299,1064.28756095402,6337155.0,7.85700717598833,0.047182055670091705,6.970060897441369,-3.053741635157135
Burundi,BDI,2000,,0.2925,1033.47188177042,6470194.0,8.04381449833197,0.045207299812030366,6.940679171949989,-3.096496704917557
Burundi,BDI,2001,,0.2358,1028.61849315822,6634365.0,8.24107308668089,0.035542210897350386,6.935971912139161,-3.337034249486225
Burundi,BDI,2002,,0.2227,1044.4802745003,6824132.0,8.45108277415092,0.03263418702920753,6.951274695706088,-3.422394858214662
Burundi,BDI,2003,,0.1851,999.615791221936,7043154.0,8.67614339385788,0.02628083952161205,6.90737099637697,-3.6389151406091456
Burundi,BDI,2004,,0.2191,1009.58916929728,7310656.0,8.9185547789176,0.029969950713041347,6.9172987640127666,-3.5075600421980826
Burundi,BDI,2005,,0.184,981.533210986845,7587299.0,9.1806167624459,0.024251054294815586,6.889115850114863,-3.7192951864688326
Burundi,BDI,2006,,0.2304,998.069458519996,7865547.0,9.4646291775586,0.029292304781854333,6.905822871605082,-3.530430432885433
Burundi,BDI,2007,,0.3728,994.963590921008,8161874.0,9.77289185737152,0.04567578475237427,6.902706144449899,-3.086186995642361
Burundi,BDI,2008,,0.2207,1001.61751311947,8505637.0,10.1064353383035,0.02594749811213434,6.909371485336211,-3.651680085881964
Burundi,BDI,2009,,0.2224,988.19632868896,8947646.0,10.4979900434482,0.02485569947671153,6.895881391254941,-3.694668197537723
Burundi,BDI,2010,,0.3199,991.038897704986,9376444.0,10.9843097335487,0.034117411675471,6.898753784523348,-3.3779474186889167
Burundi,BDI,2011,,0.4154,994.691231245018,9717978.0,11.5616652230006,0.04274551763751677,6.9024323686425015,-3.1524909396809777
Burundi,BDI,2012,,0.3993,1002.27452805218,10071028.0,12.2244596804615,0.03964838544784107,6.910027224211115,-3.2277050518352572
Burundi,BDI,2013,,0.4522,1014.5231007912,10439341.0,12.9670962745892,0.04331691052145916,6.922173929623873,-3.139212176995081
Burundi,BDI,2014,,0.4055,1022.29153627273,10799785.0,13.7839781740413,0.03754704376059338,6.929801990625429,-3.282160631951281
Burundi,BDI,2015,,0.435,995.319068450023,11047580.0,14.6695085474754,0.039375139170750514,6.903063357563446,-3.234620647347335
Burundi,BDI,2016,,0.4859,1009.63596796379,11239451.0,15.6180905635494,0.04323164894797798,6.917345117106985,-3.141182437426576
Burundi,BDI,2017,,0.5463,1023.97040626757,11506762.0,16.6241273909209,0.047476431684256616,6.93144290505251,-3.0475218661454053
Burundi,BDI,2018,,0.7765,1046.59511246023,11859446.0,17.6820221982475,0.0654752338347002,6.953297424005772,-2.726083317236202
Burundi,BDI,2019,,0.7652,1057.95005999167,12255336.0,18.786178154187,0.06243810859204513,6.964088409027878,-2.7735794754009264
Burundi,BDI,2020,,0.9258,1030.77026419371,12617036.0,19.9309984273971,0.07337698014018507,6.938061631052951,-2.612145014619676
Burundi,BDI,2021,,0.8974,1035.53857384938,12965481.0,21.1108861865354,0.06921455517153587,6.942676931565655,-2.670544103627002
Burundi,BDI,2022,,0.9301,1031.25412243175,13321097.0,22.3202446002597,0.06982157700675853,6.938530935150476,-2.6618121908121353
Burundi,BDI,2023,,0.9495,1036.16712196238,13689450.0,23.5534768372276,0.06935998159166365,6.9432837244451235,-2.668445211912659
Cabo Verde,CPV,1992,,0.0671,1984.68062998835,393415.0,46.5644771731675,0.17055780791276387,7.593213288483307,-1.7686809903810816
Cabo Verde,CPV,1993,,0.0654,2111.62140814748,401965.0,47.6439492545935,0.1627007326508527,7.655211371251677,-1.8158427616889021
Cabo Verde,CPV,1994,,0.0767,2465.9939315017,410228.0,48.6494973094647,0.18696919761693498,7.810350222854149,-1.6768113943211693
Cabo Verde,CPV,1995,,0.0767,2763.39733371857,418104.0,49.5954717142527,0.1834471806057823,7.924216119766697,-1.6958284970327575
Cabo Verde,CPV,1996,,0.0916,3022.88825211585,425581.0,50.4962228454294,0.21523517262283795,8.013968028206639,-1.5360240224936852
Cabo Verde,CPV,1997,,0.091,3302.9740337536,432798.0,51.3661010794665,0.21025975166243838,8.102578563947112,-1.5594115999326557
Cabo Verde,CPV,1998,,0.0932,3657.38118993776,439784.0,52.2194567928358,0.21192221636075892,8.204502648412532,-1.551535975594535
Cabo Verde,CPV,1999,,0.0972,4006.47964718799,446519.0,53.070640362009,0.21768390594801118,8.295668241257136,-1.5247112411362882
Cabo Verde,CPV,2000,,0.2802,4510.13573659758,453317.0,53.9332149202283,0.6181105054520347,8.414082528850383,-0.48108802609824175
Cabo Verde,CPV,2001,,0.3248,4540.90731780518,460293.0,54.7762172320995,0.705637496116604,8.420882120804919,-0.34865363494665114
Cabo Verde,CPV,2002,,0.3613,4710.2410491228,467046.0,55.5703407979481,0.7735854712383791,8.457494363858613,-0.2567191157350547
Cabo Verde,CPV,2003,,0.3632,4841.265398715,473383.0,56.3297071979641,0.7672434371323009,8.48493141155512,-0.26495113927280023
Cabo Verde,CPV,2004,185.660345870622,0.3895,5268.30312485708,479370.0,57.0677167011018,0.8125247720967103,8.569463601993087,-0.2076088765086039
Cabo Verde,CPV,2005,204.075322346248,0.6073,5565.76951208069,485115.0,57.7977695763157,1.251868113746225,8.624390531253695,0.22463692667092436
Cabo Verde,CPV,2006,207.854452975987,0.6606,5941.38218091511,490728.0,58.5332660925599,1.3461632513327138,8.68969707567823,0.2972585101478264
Cabo Verde,CPV,2007,207.581773111107,0.749,6767.40677380347,496190.0,59.287606518789,1.5095024083516395,8.819873245819648,0.4117800656266434
Cabo Verde,CPV,2008,,0.7254,7169.13944155367,501355.0,60.0741911239572,1.4468789580237555,8.877540904291926,0.36940879385589465
Cabo Verde,CPV,2009,,0.7081,6994.5740991365,506141.0,60.906420177019,1.3990172698911962,8.852889998775089,0.3357700400611879
Cabo Verde,CPV,2010,,0.7498,7072.12150207342,509784.0,61.7974262732302,1.4708190135429908,8.863915784892944,0.38581939770911816
Cabo Verde,CPV,2011,,0.8717,7325.78441834692,511447.0,62.7419929036884,1.7043799259747345,8.899155515980707,0.5332013648077363
Cabo Verde,CPV,2012,,0.748,7397.82220702474,511955.0,63.7260454520996,1.4610659139963473,8.908940939530584,0.37916624742257676
Cabo Verde,CPV,2013,,0.7315,7440.66242650114,512225.0,64.7486207521826,1.4280833618038948,8.91471515968373,0.3563332388269162
Cabo Verde,CPV,2014,,0.7741,7491.02198228243,512326.0,65.8085112712742,1.5109520110242307,8.921460513435958,0.41273992304054014
Cabo Verde,CPV,2015,,0.7908,7560.13649202469,512394.0,66.9045094767116,1.5433435988711812,8.93064452351122,0.43395123094431415
Cabo Verde,CPV,2016,,0.8304,7881.30336227784,512554.0,68.0354078358316,1.6201219773916504,8.972248570478932,0.4825014410959941
Cabo Verde,CPV,2017,,0.8881,8234.56000312459,512893.0,69.1999988159713,1.7315502453728167,9.01609521108407,0.5490171028469468
Cabo Verde,CPV,2018,,0.7961,8531.12961646549,513415.0,70.3970748844677,1.550597469883038,9.05147706037732,0.4386403210994931
Cabo Verde,CPV,2019,,0.8379,9111.62993173269,514104.0,71.6254285086577,1.629825871808039,9.117306891015698,0.4884731820006161
Cabo Verde,CPV,2020,,0.6283,7207.86853962048,514679.0,72.8838521558784,1.2207609014550818,8.882928561000393,0.19947435404884525
Cabo Verde,CPV,2021,,0.6479,7685.41921393669,516649.0,74.1607930892827,1.2540428801759027,8.94708020411884,0.2263726363437287
Cabo Verde,CPV,2022,,0.6801,8850.1066918812,519741.0,75.033738060849,1.3085363671521009,9.088184793509104,0.26890923561071073
Cabo Verde,CPV,2023,,0.6508,9228.4604533114,522331.0,75.9064245753376,1.2459532365492378,9.130047515460102,0.21990088880160139
Cambodia,KHM,1992,,0.5193,2769.4882552665,8113083.0,16.4097495102946,0.06400772677908016,7.926417836722697,-2.748751471986729
Cambodia,KHM,1993,,0.5255,2714.59150059884,8616381.0,16.7657494060925,0.06098848228740117,7.906396760863178,-2.7970702475972513
Cambodia,KHM,1994,,0.5402,1650.39100001816,9239162.0,17.1276884970302,0.058468506126421425,7.408767508529715,-2.8392670265236957
Cambodia,KHM,1995,282.350097776989,1.5014,1672.73928514136,10018497.0,17.4962488002108,0.1498627987810946,7.42221785210743,-1.8980350782488287
Cambodia,KHM,1996,269.715973671116,1.6667,1643.01579058314,10801270.0,17.8834321201168,0.1543059288398494,7.404288728814663,-1.8688180962433063
Cambodia,KHM,1997,258.947253051872,1.7796,1595.17130656935,11570982.0,18.1846372155166,0.153798528076528,7.374736411689574,-1.8721117923300699
Cambodia,KHM,1998,268.346190136852,1.9942,1602.38371208931,12058173.0,18.3715559169572,0.16538160465934598,7.379247619602812,-1.799499719873017
Cambodia,KHM,1999,271.448297617757,1.9427,1775.41239802043,12265731.0,18.5111858410878,0.15838436372035225,7.481788011836394,-1.842730518361013
Cambodia,KHM,2000,273.111060087066,2.0014,1922.03179092592,12462336.0,18.6242216655572,0.16059589470224522,7.5611381299376275,-1.8288640400487162
Cambodia,KHM,2001,276.164207089023,2.1876,2032.08092022373,12658484.0,18.7186818716995,0.17281690287715337,7.616815630850209,-1.75552260981989
Cambodia,KHM,2002,272.095279032918,2.2479,2126.34150468987,12855241.0,18.803641734126,0.17486253272109017,7.662158178499462,-1.743755141054921
Cambodia,KHM,2003,275.5985706572,2.4181,2309.83931482788,13050968.0,18.8881765274479,0.18528127568774974,7.744933240415811,-1.6858801994325774
Cambodia,KHM,2004,279.272336910563,2.4195,2491.30930003838,13244731.0,18.9813615262763,0.18267641675772803,7.820563674570706,-1.7000389057157812
Cambodia,KHM,2005,286.390391082312,2.7013,2781.89028895255,13439202.0,19.0922720052225,0.20100151779845263,7.930885935671458,-1.604442819715489
Cambodia,KHM,2006,289.726360027538,3.0079,3041.10471220153,13639028.0,19.2299832388976,0.22053624349183829,8.01997612056088,-1.5116932280249373
Cambodia,KHM,2007,298.213771742013,3.6974,3308.15747246544,13841770.0,19.4035705019128,0.2671190172933086,8.104146658537003,-1.3200609622494748
Cambodia,KHM,2008,296.389616055637,4.0975,3501.9257021932,14053479.0,19.6574509865325,0.2915648146626184,8.161068296799264,-1.2324929491505727
Cambodia,KHM,2009,311.4624062289,4.8779,3587.60889588362,14276810.0,20.1979728726519,0.34166596039311303,8.18524121386047,-1.073921743221983
Cambodia,KHM,2010,323.255970747488,5.1593,3711.53750580157,14500726.0,21.1232251168762,0.3557959787668562,8.219201491801321,-1.0333978057623974
Cambodia,KHM,2011,325.063800981871,5.3651,3921.97911563308,14722584.0,22.3824788531276,0.364412931860331,8.274351681814291,-1.0094676261351019
Cambodia,KHM,2012,334.025964498856,5.6329,4159.16354123446,14945085.0,23.9411047582349,0.3769065214416646,8.333069261219022,-0.9757580760153739
Cambodia,KHM,2013,337.778887518004,5.6951,4419.3988680186,15170208.0,25.7644735090271,0.3754134419251206,8.393758963111813,-0.9797273485311957
Cambodia,KHM,2014,359.949524640373,7.0334,4702.73061823207,15396772.0,27.8179557823331,0.4568100378442962,8.455898601595665,-0.7834876466166705
Cambodia,KHM,2015,379.745573981888,8.5196,4968.57276699143,15623251.0,30.0669222549819,0.5453154404291399,8.510887908230153,-0.6063908619748553
Cambodia,KHM,2016,412.747652430932,10.5961,5283.72964943779,15852803.0,32.4767436038024,0.6684054548586771,8.572387500335903,-0.4028603212249641
Cambodia,KHM,2017,418.953616262105,11.828,5632.03125629342,16073372.0,35.0127905056235,0.7358754591133708,8.636225447590487,-0.30669438773260393
Cambodia,KHM,2018,440.94962587052,12.3125,6050.59088262205,16274522.0,37.6404336372742,0.7565506378620521,8.70791121280492,-0.27898581096542013
Cambodia,KHM,2019,489.36782496618,15.7108,6448.88455952805,16481304.0,39.5830241256026,0.9532498156699252,8.771662458327297,-0.04787827361461095
Cambodia,KHM,2020,516.116717657277,18.6332,6128.78243783335,16725474.0,39.832658030922,1.1140611022443967,8.72075138568378,0.10801198941240547
Cambodia,KHM,2021,501.330977178892,18.4826,6225.53265474741,16974305.0,40.1091858128847,1.088857540853661,8.736414284699956,0.08512901891395125
Cambodia,KHM,2022,501.644136152087,18.3849,6458.3681488084,17201724.0,40.374616187368,1.0687824080888637,8.773131956322144,0.06652006416709033
Cambodia,KHM,2023,,18.9162,6695.29194763723,17423880.0,40.6290788072508,1.0856479727821817,8.809159863991137,0.08217701867103129
Cameroon,CMR,1992,423.490408119425,4.3565,3974.27759501196,12006353.0,41.4395077111738,0.362849568057844,8.287598273468335,-1.0137669436739014
Cameroon,CMR,1993,425.855803438794,4.7598,3556.31854424592,12353131.0,42.0958101970685,0.38531122190803285,8.176481171993546,-0.9537039026559782
Cameroon,CMR,1994,428.433215568987,5.1473,3522.74885285749,12704903.0,42.7381230483001,0.4051428019560637,8.166996887936808,-0.9035156766010811
Cameroon,CMR,1995,424.113046017593,5.1557,3526.54367510339,13058516.0,43.3654956418773,0.3948151535748779,8.168073541401654,-0.9293375892443249
Cameroon,CMR,1996,423.04888018603,5.2861,3577.59204137871,13414757.0,43.9769773548092,0.39405111848093854,8.182445238948347,-0.9312746357626049
Cameroon,CMR,1997,426.60075345789,5.3218,3641.70750463277,13775214.0,44.5716175641045,0.38633156624644815,8.200207945319606,-0.9510592983163445
Cameroon,CMR,1998,427.346733797867,5.5393,3714.13212604236,14144860.0,45.1484656467721,0.3916122181485006,8.21990031641244,-0.9374831682290047
Cameroon,CMR,1999,419.366598563602,5.3343,3780.06217282191,14525140.0,45.7065709798209,0.3672460299866301,8.237495736314854,-1.0017232740978663
Cameroon,CMR,2000,425.839473286279,5.7263,3822.94425358926,14912631.0,46.2449829402599,0.38398992102734925,8.24877615174057,-0.9571389740634886
Cameroon,CMR,2001,419.668248263033,5.7003,3884.87304812714,15309490.0,46.7627509050978,0.37233768074573353,8.264845584823076,-0.98795409251922
Cameroon,CMR,2002,429.502648089236,5.6195,3951.41936232132,15725528.0,47.2589242513436,0.35734889156027067,8.281830125584047,-1.0290426871531393
Cameroon,CMR,2003,435.147080636702,5.736,4054.78133246517,16160340.0,47.7325523560061,0.3549430271887844,8.307652039686158,-1.0357979891782612
Cameroon,CMR,2004,437.082365532497,5.6371,4222.96638689885,16610487.0,48.1826845960942,0.33936994141110977,8.348293095370854,-1.08066449400765
Cameroon,CMR,2005,428.539594062507,5.4713,4199.72270969362,17074594.0,48.5837852394685,0.32043514475366147,8.342773780590425,-1.1380753795610785
Cameroon,CMR,2006,385.035153073309,5.5767,4241.51744722821,17550407.0,49.2044173412861,0.31775331478067714,8.35267637269641,-1.1464799369270904
Cameroon,CMR,2007,352.800578879997,6.7369,4302.6192630847,18049896.0,49.7027028593758,0.373237607574027,8.366979247186629,-0.985540044523187
Cameroon,CMR,2008,345.872865150161,7.0689,4300.26640352464,18574056.0,50.0858325268669,0.38057923374409985,8.36643225407062,-0.9660608875001296
Cameroon,CMR,2009,363.548840943917,7.7138,4286.57718166156,19113974.0,50.4714131335678,0.40356861425049545,8.363243833710019,-0.9074087580198196
Cameroon,CMR,2010,356.141255871575,7.828,4286.58302947378,19668066.0,50.8505075371362,0.39800557919624635,8.36324519792393,-0.9212892557149307
Cameroon,CMR,2011,363.1696926603,7.4295,4307.85195558527,20232304.0,51.2229843034125,0.3672097849063557,8.368194672687013,-1.0018219732423728
Cameroon,CMR,2012,368.67461829541,7.5111,4382.11120797355,20809529.0,51.5887119982861,0.3609452188946708,8.385285898193393,-1.0190290803783897
Cameroon,CMR,2013,375.371615915553,8.1791,4473.57231896434,21402376.0,51.9475591877024,0.3821585042707408,8.4059425449382,-0.9619198237903885
Cameroon,CMR,2014,395.092656580176,8.8705,4588.4864949903,22059893.0,52.2993944376709,0.40210983797609534,8.431305509024988,-0.9110299988870486
Cameroon,CMR,2015,402.983607731397,9.1854,4698.66677843587,22763414.0,52.6440863142742,0.40351592252374796,8.455034083295281,-0.9075393310253017
Cameroon,CMR,2016,400.082970120892,9.7014,4767.13186148953,23454161.0,52.9815033836792,0.4136323614389788,8.469500116137452,-0.8827777155243501
Cameroon,CMR,2017,392.776292653391,9.8633,4797.97544185544,24128601.0,53.3115142121504,0.40878043447276535,8.475949324973753,-0.8945771021167648
Cameroon,CMR,2018,392.392157002433,10.5484,4851.48003949961,24806383.0,53.6339873660653,0.4252292645808137,8.487039100162262,-0.8551268094339445
Cameroon,CMR,2019,387.419411707774,10.2711,4882.35560028896,25506095.0,53.9487914119331,0.40269198401401707,8.493383087359868,-0.9095833169249906
Cameroon,CMR,2020,386.883842275205,10.388,4763.48194388066,26210558.0,54.2557949164174,0.3963288381727699,8.468734180624411,-0.9255110128923212
Cameroon,CMR,2021,385.081685358061,10.3491,4793.55628200196,26915758.0,54.5548664463635,0.38449966744388175,8.475027853764898,-0.9558123549421915
Cameroon,CMR,2022,384.104863153688,10.4339,4843.65038202917,27632771.0,54.8458745688318,0.3775915198660315,8.485423926599417,-0.9739423029448837
Cameroon,CMR,2023,,10.3329,4875.25120768005,28372687.0,55.1286878511388,0.3641847527518278,8.491926911884857,-1.0100939776066538
Canada,CAN,1992,7616.97320016327,447.3182,39023.182197815,28371264.0,76.7352832428064,15.766593973395052,10.57191116384556,2.7578933962522387
Canada,CAN,1993,7782.92897388185,446.666,39622.4790617509,28684764.0,76.9965686255912,15.571541742508323,10.587151889263028,2.7454450010149265
Canada,CAN,1994,7971.05824834315,463.8858,40952.1359325297,29000663.0,77.3171285420943,15.995696374251857,10.62015924744549,2.772319709449826
Canada,CAN,1995,7995.23710734235,475.9427,41617.7233238779,29302311.0,77.6356482587498,16.242497050829883,10.636281396958841,2.7876310822013384
Canada,CAN,1996,8070.95400503596,489.8681,41880.5520989428,29610218.0,77.8924633929695,16.543886978474795,10.64257684777587,2.806016666730802
Canada,CAN,1997,8069.49923971315,505.6429,43241.2407061887,29905948.0,78.0903398790871,16.907770320472704,10.67454996482412,2.827773298538036
Canada,CAN,1998,7963.20719845056,513.8479,44553.2827303697,30155173.0,78.2693823081821,17.04012442574944,10.704441116612296,2.8355708233551113
Canada,CAN,1999,8117.62871957032,523.4446,46464.5457841559,30401286.0,78.4439309329358,17.217844008309388,10.746444844503133,2.8459462883915743
Canada,CAN,2000,8224.74786425172,543.1076,48399.3055389359,30685730.0,78.6292995508947,17.699028180199722,10.787240744232692,2.8735097329989827
Canada,CAN,2001,8017.16666642228,534.3756,48774.1675534138,31020855.0,78.8414764949736,17.22633370356813,10.794956098270605,2.8464392422661984
Canada,CAN,2002,7943.44588697183,554.066,49695.0066909867,31359199.0,79.0990234802234,17.668372205552828,10.81365973804314,2.871776160161285
Canada,CAN,2003,8303.4318789013,573.6827,50139.7862347007,31642461.0,79.391380674239,18.130154288568136,10.822570108334642,2.8975765348556526
Canada,CAN,2004,8371.02231862308,559.7484,51210.6796118735,31938807.0,79.6923063348315,17.52565147470912,10.843703375445934,2.863665606250209
Canada,CAN,2005,8369.95929648006,582.3075,52356.5578038534,32242732.0,79.9760615882965,18.060116617909426,10.865832476912717,2.8937060052165755
Canada,CAN,2006,8427.44174185883,574.6974,53195.781842155,32571193.0,80.219066099279,17.64434603301144,10.881734383504925,2.8704153939870993
Canada,CAN,2007,8356.30636250042,594.6475,53761.8620298113,32888886.0,80.4425615136782,18.080499898962827,10.892319610568412,2.8948340038607134
Canada,CAN,2008,8098.35289361915,575.4179,53711.6792064975,33247298.0,80.6628944916604,17.307207942131118,10.891385746728371,2.8511230587855225
Canada,CAN,2009,7696.33407281264,542.7914,51552.4223837895,33630069.0,80.8591838893921,16.14006203793397,10.850354479297215,2.78130450657258
Canada,CAN,2010,7660.75452103288,562.1099,52558.4408142168,34005902.0,81.0120892252937,16.529774743219573,10.869680987844372,2.8051632845906314
Canada,CAN,2011,7716.24822782698,575.7827,53681.1296700569,34339221.0,81.1031425434213,16.767494521788947,10.890816815948291,2.8194421622756707
Canada,CAN,2012,7637.78487245197,567.184,54034.8034751988,34713395.0,81.1513483248791,16.339052979404634,10.89738362673979,2.793558130555495
Canada,CAN,2013,7668.79466344868,575.2149,54712.178423981,35080992.0,81.183439957458,16.39676836960597,10.909841603921558,2.7970842647793432
Canada,CAN,2014,7780.1475931021,580.3198,55723.4835404159,35434066.0,81.211183161556,16.377454396568545,10.928156944611748,2.7959056571027556
Canada,CAN,2015,7690.40816617685,574.3793,55660.8675272614,35704498.0,81.2465670276699,16.087029146859873,10.927032621147088,2.7780133042334625
Canada,CAN,2016,7944.50789345873,574.0983,55606.1549191947,36110803.0,81.3023011093703,15.898242417926847,10.926049174097399,2.7662085633631888
Canada,CAN,2017,8175.19037647623,591.893,56612.3285367448,36545075.0,81.4018945832226,16.196245321702037,10.943982059142634,2.7847794451101535
Canada,CAN,2018,8161.77967501099,612.5836,57337.4909099991,37072620.0,81.5500341646653,16.523882045563546,10.956709980370409,2.8048067311383997
Canada,CAN,2019,8125.58121311618,609.0758,57583.845798092,37618495.0,81.7363672047941,16.190860373334978,10.960997352454918,2.7844469085465353
Canada,CAN,2020,7495.07932297849,548.4454,54092.8790317796,38028638.0,81.9509888710566,14.421904881263432,10.898457830141155,2.6687482230812933
Canada,CAN,2021,7524.86361233157,561.7344,56995.1176781351,38239864.0,82.1779279079275,14.689759356884743,10.950720888378548,2.687150608627834
Canada,CAN,2022,7578.02093601237,575.8352,58321.0611834624,38935934.0,82.3500897353968,14.789299776396785,10.973718562392552,2.6939039312068482
Canada,CAN,2023,7336.06703531427,567.0969,57517.4431587432,40083484.0,82.5250564408346,14.147894429536116,10.959843540063808,2.649565809450545
Cayman Islands,CYM,1992,,0.117,,28621.0,100.0,4.087907480521295,,1.4080332206788815
Cayman Islands,CYM,1993,,0.1085,,29976.0,100.0,3.6195623165198825,,1.286353111489128
Cayman Islands,CYM,1994,,0.1275,,31352.0,100.0,4.06672620566471,,1.4028383037011505
Cayman Islands,CYM,1995,,0.1336,,32743.0,100.0,4.0802614299239535,,1.406161062325047
Cayman Islands,CYM,1996,,0.1326,,34143.0,100.0,3.883665758720675,,1.3567794907838997
Cayman Islands,CYM,1997,,0.1361,,35543.0,100.0,3.829164673775427,,1.342646678563182
Cayman Islands,CYM,1998,,0.1394,,36922.0,100.0,3.775526786197931,,1.3285399189780458
Cayman Islands,CYM,1999,,0.1412,,38284.0,100.0,3.6882248458886218,,1.3051452707254816
Cayman Islands,CYM,2000,,0.1321,,39674.0,100.0,3.329636537782931,,1.2028631502223628
Cayman Islands,CYM,2001,,0.1308,,41089.0,100.0,3.1833337389568985,,1.1579289932455363
Cayman Islands,CYM,2002,,0.1432,,42514.0,100.0,3.368302206332032,,1.2144088210756114
Cayman Islands,CYM,2003,,0.1508,,43934.0,100.0,3.432421359311695,,1.2332659477818617
Cayman Islands,CYM,2004,,0.1399,,45352.0,100.0,3.0847592167930853,,1.126473604649433
Cayman Islands,CYM,2005,,0.1471,,46788.0,100.0,3.1439685389416088,,1.1454858678189312
Cayman Islands,CYM,2006,,0.1645,92213.0768210996,48232.0,100.0,3.4105987725991045,11.431857230519064,1.2268878690183223
Cayman Islands,CYM,2007,,0.2054,92343.7260001978,49687.0,100.0,4.133878076760521,11.43327304612624,1.4192159680236203
Cayman Islands,CYM,2008,,0.2229,89380.1514801096,51151.0,100.0,4.357686066743563,11.400653917273539,1.471941197843162
Cayman Islands,CYM,2009,,0.2276,80631.8445943625,52618.0,100.0,4.325515983123646,11.297648944688408,1.464531435724205
Cayman Islands,CYM,2010,,0.2472,76294.7641308594,54099.0,100.0,4.569400543448123,11.242359592779795,1.5193820241902913
Cayman Islands,CYM,2011,,0.1996,75094.8308085917,55606.0,100.0,3.5895406970470813,11.226507004605539,1.2780242547740233
Cayman Islands,CYM,2012,,0.191,73982.6776694492,57136.0,100.0,3.3429011481377766,11.211586259236025,1.2068390371945372
Cayman Islands,CYM,2013,,0.2167,72988.7055776283,58655.0,100.0,3.6944846986616655,11.198059990045765,1.3068410855846297
Cayman Islands,CYM,2014,,0.2321,73051.8114153598,60160.0,100.0,3.8580452127659575,11.19892421379625,1.350160633638807
Cayman Islands,CYM,2015,,0.2509,73315.3848584988,61642.0,100.0,4.07027675935239,11.202525754780185,1.4037109969835013
Cayman Islands,CYM,2016,,0.2632,73941.8590538337,63100.0,100.0,4.171156893819334,11.211034374909655,1.4281934299039947
Cayman Islands,CYM,2017,,0.281,74599.6807673263,64535.0,100.0,4.3542263887812815,11.219891506924336,1.4711469570465947
Cayman Islands,CYM,2018,,0.3092,76124.5501254035,65941.0,100.0,4.6890402026053595,11.240126095312023,1.5452279138828844
Cayman Islands,CYM,2019,,0.3935,77476.8412822407,67327.0,100.0,5.84460914640486,11.257734348520563,1.7655197229541668
Cayman Islands,CYM,2020,,0.3319,72183.1359045895,68684.0,100.0,4.832275347970415,11.186961722869414,1.5753174432743728
Cayman Islands,CYM,2021,,0.3141,74160.4914000191,70108.0,100.0,4.480230501511953,11.213986826431633,1.4996744963336712
Cayman Islands,CYM,2022,,0.3582,76818.8004032916,71591.0,100.0,5.003422217876548,11.249204686095746,1.6101221218847301
Cayman Islands,CYM,2023,,0.3594,79675.8568481808,73038.0,100.0,4.920726197321942,11.28572189351928,1.5934561206939444
Central African Republic,CAF,1992,,0.1698,1294.20254725767,3058831.0,37.3280641352245,0.05551140288561218,7.165649990831451,-2.8911668219348114
Central African Republic,CAF,1993,,0.1847,1257.8284033824,3157839.0,37.3817062823325,0.05848936567063742,7.137142023649954,-2.83891032467684
Central African Republic,CAF,1994,,0.1938,1278.91509145063,3257954.0,37.4305567352881,0.059485186101461224,7.15376741270637,-2.822027970514182
Central African Republic,CAF,1995,,0.1992,1334.10322981784,3348052.0,37.4760164601754,0.059497283793680626,7.196014607153152,-2.821824617998946
Central African Republic,CAF,1996,,0.2164,1247.9687525828,3435965.0,37.5194864230787,0.06298085108550291,7.129272510621366,-2.7649245498168424
Central African Republic,CAF,1997,,0.215,1278.48826062781,3531700.0,37.5623675900822,0.06087719794999575,7.1534336125442355,-2.798896592276432
Central African Republic,CAF,1998,,0.22,1302.75142830782,3628827.0,37.6060609272702,0.06062565120905461,7.172233790167783,-2.803037188189527
Central African Republic,CAF,1999,,0.2293,1313.23570902088,3729450.0,37.6519674007269,0.06148359677700465,7.1802493776281855,-2.788984858818618
Central African Republic,CAF,2000,,0.2564,1245.81399563599,3833416.0,37.7014879765364,0.06688551412108679,7.1275444070128335,-2.704772865621582
Central African Republic,CAF,2001,,0.2732,1272.85710758505,3919487.0,37.7560236207831,0.06970299939762525,7.149019343698582,-2.663511929177056
Central African Republic,CAF,2002,,0.2792,1290.38314917126,4006077.0,37.8169752995511,0.06969411721242502,7.162694468116977,-2.6636393663210693
Central African Republic,CAF,2003,,0.2644,1191.8731520062,4103086.0,37.8863171931924,0.06443930251522878,7.083281425860519,-2.7420315445179626
Central African Republic,CAF,2004,,0.2563,1236.28534712166,4192826.0,37.9626889392062,0.06112822234931761,7.119866474739829,-2.7947816152053635
Central African Republic,CAF,2005,,0.2526,1219.5939445674,4288810.0,38.0448510426866,0.05889745640399085,7.106273250004529,-2.831957374248761
Central African Republic,CAF,2006,,0.2678,1251.87082171335,4377579.0,38.134433681123,0.06117536656677127,7.132394368791627,-2.7940106775704754
Central African Republic,CAF,2007,,0.2682,1284.55283590666,4462770.0,38.2343339436079,0.060097204202770926,7.158165949146301,-2.8117919576116917
Central African Republic,CAF,2008,,0.2005,1283.2728263106,4558984.0,38.3474489192338,0.043979097097072505,7.1571689891728,-3.124040823919093
Central African Republic,CAF,2009,,0.1956,1402.68164770801,4529047.0,38.476675697093,0.043187893612055696,7.246141146092598,-3.142195063468442
Central African Republic,CAF,2010,,0.1999,1479.41367757692,4492995.0,38.6244963104203,0.04449148062706502,7.299401124465173,-3.1124575547209874
Central African Republic,CAF,2011,,0.2175,1517.14839091011,4565021.0,38.8030669465007,0.047644906781370774,7.324587793226504,-3.043979542708807
Central African Republic,CAF,2012,,0.2211,1577.98053252253,4610848.0,39.0301696038517,0.04795213375066799,7.36390116452524,-3.0375519791502086
Central African Republic,CAF,2013,,0.1488,996.896355923912,4642419.0,39.3042963482777,0.032052255515928225,6.904646808614125,-3.4403877231796987
Central African Republic,CAF,2014,,0.1617,1001.85598053496,4623182.0,39.6226521868738,0.03497591053088544,6.9096095393133385,-3.353095725005764
Central African Republic,CAF,2015,,0.2334,1043.92171697157,4629320.0,39.9824421267351,0.050417771940587386,6.950739781887456,-2.9874115481910866
Central African Republic,CAF,2016,,0.2515,1073.94477703739,4713663.0,40.3808711749566,0.053355532629294884,6.979093855718357,-2.9307776022196466
Central African Republic,CAF,2017,,0.2647,1103.86609318724,4793511.0,40.8151443386334,0.05522048452585172,7.00657392707766,-2.896421298055536
Central African Republic,CAF,2018,,0.2935,1125.70091748228,4878657.0,41.2824666248606,0.060159998950530855,7.026161158393099,-2.810747616785186
Central African Republic,CAF,2019,,0.3024,1145.09563657752,4944703.0,41.7800430407332,0.06115635256556359,7.0432434378955024,-2.79432153728038
Central African Republic,CAF,2020,,0.3184,1136.57052993758,5026628.0,42.3050785933463,0.0633426623175616,7.035770700265027,-2.759196206586331
Central African Republic,CAF,2021,,0.3227,1128.55237996459,5112100.0,42.8547782897949,0.06312474325619609,7.028691010744967,-2.762642458623461
Central African Republic,CAF,2022,,0.3225,1136.80171107045,5098039.0,43.2751967457285,0.06325961806098385,7.0359740819457715,-2.7605080987298187
Central African Republic,CAF,2023,,0.3325,1132.67643369804,5152421.0,43.6983692134165,0.06453277012883846,7.032338636567825,-2.740582120188233
Chad,TCD,1992,280.779651859581,0.2468,1853.67667631479,6474656.0,21.3609354143699,0.03811785521887186,7.524926338422942,-3.2670724657120673
Chad,TCD,1993,295.046910640164,0.1278,1526.05432530002,6629146.0,21.4101199820059,0.01927850133335425,7.3304408110141654,-3.948764724493498
Chad,TCD,1994,287.388289567008,0.1432,1642.51653213298,6783450.0,21.4507061631048,0.02111020203583722,7.40398481553367,-3.857998846545384
Chad,TCD,1995,280.123377887456,0.1477,1591.14154056727,7089064.0,21.4898472014251,0.020834908529532247,7.372206987653744,-3.871125404348591
Chad,TCD,1996,278.130542417066,0.1537,1555.91392488298,7410108.0,21.5269357382438,0.02074193790427886,7.3498183850096295,-3.875597642538155
Chad,TCD,1997,259.14633089256,0.1587,1588.09860417439,7670366.0,21.5618719838381,0.02069001661719923,7.370292733188181,-3.878103984073764
Chad,TCD,1998,255.782966270599,0.1618,1641.05715328512,7938840.0,21.5945561484855,0.0203808113024069,7.403095918810911,-3.893161443225887
Chad,TCD,1999,248.050783633877,0.1674,1573.58531389989,8222705.0,21.6248884424631,0.020358264099222822,7.361111934227466,-3.894268351287199
Chad,TCD,2000,241.652052714378,0.2404,1506.71577205515,8512093.0,21.6527690760484,0.028242172636036754,7.317687575699059,-3.5669389346125673
Chad,TCD,2001,242.464236204338,0.2432,1626.56683129334,8804124.0,21.6780982595188,0.027623418298061225,7.394226834090696,-3.589091376962197
Chad,TCD,2002,240.376196903121,0.2635,1704.27295147382,9116192.0,21.7007762031515,0.02890461280324065,7.440893877351169,-3.5437540840316006
Chad,TCD,2003,237.538539726345,0.3973,1878.58578619738,9487833.0,21.7207031172239,0.041874683080952206,7.538274531364102,-3.1730738570816124
Chad,TCD,2004,224.324118812548,0.4555,2400.97004980577,9920036.0,21.7377792120134,0.04591717207477876,7.7836281220933765,-3.0809161126045788
Chad,TCD,2005,228.51576486102,0.4809,2705.816508357,10328092.0,21.7519046977973,0.04656232729143001,7.903158997250878,-3.06696349202658
Chad,TCD,2006,224.010107053053,0.4975,2596.03235458563,10706424.0,21.7629797848529,0.046467429274237596,7.861739540991935,-3.069003657530859
Chad,TCD,2007,218.838867716358,0.568,2613.47387385213,11081660.0,21.7709046834576,0.051255858779280364,7.868435601490089,-2.9709253498528887
Chad,TCD,2008,217.080678711419,0.4847,2601.36125803518,11476296.0,21.7755796038887,0.04223488135893323,7.8637901477822085,-3.164508826876512
Chad,TCD,2009,224.07076139036,0.4976,2474.70758351267,11893754.0,21.7784396568755,0.04183708524659246,7.813877519947068,-3.173972125930521
Chad,TCD,2010,219.108373918314,0.5246,2717.40540184377,12312575.0,21.8472378191095,0.04260684706489098,7.907432807660394,-3.155740309399577
Chad,TCD,2011,208.551559825517,0.6836,2741.07083398912,12754997.0,21.9558736797638,0.05359468136291996,7.916103938358194,-2.9263054441325664
Chad,TCD,2012,229.379599396786,1.2091,2886.27474563711,13210998.0,22.1061904148178,0.09152223019033082,7.967721934261093,-2.3911733833091473
Chad,TCD,2013,227.279984715064,1.3153,2864.1130140853,13691079.0,22.2975929852391,0.096069856875415,7.960013987527316,-2.3426796763563846
Chad,TCD,2014,221.117166458392,1.4041,2820.67795067436,14188678.0,22.5294513486009,0.09895918421716245,7.94473254307933,-2.313047794493297
Chad,TCD,2015,217.019809756483,1.6134,2822.57929900236,14647621.0,22.8011258828974,0.11014757959671403,7.945406390935568,-2.205934179677307
Chad,TCD,2016,212.843968377387,1.6907,2622.59780843796,15114655.0,23.1119734707179,0.11185832557871814,7.871920635452179,-2.1905221586018735
Chad,TCD,2017,204.267378434246,2.2104,2496.26213644007,15622759.0,23.461349471105,0.14148589247264198,7.822549746587037,-1.9555552667091902
Chad,TCD,2018,200.502145341686,2.4139,2552.37036388576,16156531.0,23.8486084924975,0.14940707259497724,7.844777760849271,-1.901080667410768
Chad,TCD,2019,190.365580148423,2.3645,2604.53153663392,16685223.0,24.2731047386633,0.1417122204479976,7.865008105629474,-1.953956894310401
Chad,TCD,2020,193.032680479683,2.4133,2513.02922729008,17224679.0,24.7341921795416,0.14010711026893446,7.829244167913715,-1.9653480755427262
Chad,TCD,2021,195.892702847717,2.7311,2435.07274651099,17828273.0,25.2312246423075,0.15318926291963333,7.797731910434287,-1.8760811095127246
Chad,TCD,2022,198.544774520873,2.865,2449.48251052484,18455316.0,25.7635558629694,0.1552398235825385,7.803632061034703,-1.862784108899634
Chad,TCD,2023,,2.9088,2433.09879153397,19319064.0,26.3305395171046,0.1505663007276129,7.796920946782009,-1.8933517554047765
Chile,CHL,1992,1115.74449791436,32.8748,12735.6013333406,13884577.0,83.4959351320883,2.3677206730892846,9.452156605249748,0.8619277510645917
Chile,CHL,1993,1125.82760632048,34.9064,13377.3053213538,14102276.0,83.7341884954788,2.475231657641646,9.501314917386898,0.9063339906876658
Chile,CHL,1994,1192.35792309529,38.1389,13846.3481640718,14316256.0,84.0491405833779,2.664027522279568,9.535776806384186,0.9798390838108004
Chile,CHL,1995,1262.61937956632,41.7893,14908.0347974549,14527381.0,84.4167268897386,2.8765886982657096,9.609655594742849,1.056605112328411
Chile,CHL,1996,1378.90684276783,47.8929,15744.7380005491,14734046.0,84.8148594016272,3.2504920915816333,9.664261493228311,1.1788063976742347
Chile,CHL,1997,1523.53564987188,54.358,16683.9059031298,14932434.0,85.2214501061097,3.6402638712483175,9.722199815354264,1.2920561711224101
Chile,CHL,1998,1557.21131062443,54.8619,17156.9718740639,15127799.0,85.6144109902521,3.626561934092329,9.75015989325492,1.2882850738755072
Chile,CHL,1999,1633.86338932833,57.3953,16896.1244715786,15319313.0,85.9716540411206,3.746597513870237,9.734839553404669,1.320848098475028
Chile,CHL,2000,1623.48012689232,53.8569,17525.2717273479,15503635.0,86.2710912457813,3.4738240419101714,9.77139921690943,1.2452560165390867
Chile,CHL,2001,1574.84475911504,51.6629,17870.3008332711,15683849.0,86.4906345913002,3.2940192168389277,9.790895442554085,1.1921084656300307
Chile,CHL,2002,1612.43130205148,52.1984,18240.2015602857,15857925.0,86.6114115090282,3.2916286336327105,9.811383314021526,1.1913824677128944
Chile,CHL,2003,1612.22953620512,54.1255,18902.8708740806,16024752.0,86.6792973033246,3.37761857406592,9.847069087611889,1.2171708972873245
Chile,CHL,2004,1699.73240740445,58.5003,19961.9835794233,16187322.0,86.7336754490112,3.6139578863013906,9.901584922654434,1.2848035391694874
Chile,CHL,2005,1735.08874376693,59.1432,20918.5275760681,16348778.0,86.7768244484887,3.6175914799259004,9.94839053214867,1.2858084673657244
Chile,CHL,2006,1788.47442583539,60.3603,21968.5375355854,16509195.0,86.8125123390851,3.656162520340937,9.997366596735402,1.2964141056511984
Chile,CHL,2007,1836.95620548021,67.7521,22878.8834428789,16671581.0,86.8445071581285,4.063927710275348,10.037969643729474,1.4021499222920277
Chile,CHL,2008,1801.2828820239,71.324,23509.7816931441,16838988.0,86.8765769429469,4.23564646521513,10.065171855788924,1.4435359646752737
Chile,CHL,2009,1735.83895157902,68.2258,23013.5817893814,17009731.0,86.9124897308683,4.010986417127937,10.04383983320914,1.389037200376781
Chile,CHL,2010,1795.6817303266,72.323,24116.7694715614,17181464.0,86.9560135592209,4.209361903036901,10.090662706197696,1.4373110692322475
Chile,CHL,2011,1937.32339633854,79.0753,25366.2690249825,17351816.0,87.0109164653326,4.557177185373566,10.141175579302526,1.5167033935477081
Chile,CHL,2012,2123.49178972428,81.3485,26670.4971338402,17519119.0,87.0824943735696,4.6434127195551325,10.191313257191318,1.5354495957947851
Chile,CHL,2013,2177.50491871487,85.4109,27291.3576525957,17687006.0,87.1827777654221,4.829019676931189,10.21432536155236,1.574643481625532
Chile,CHL,2014,1946.21181666587,78.7046,27505.0495524158,17864195.0,87.3133701497978,4.405717693968298,10.222124886886405,1.4829031732380273
Chile,CHL,2015,1968.30286182049,84.3798,27811.3745158617,18047625.0,87.4653320342387,4.675396347164793,10.233200371244369,1.542313939289219
Chile,CHL,2016,2070.46958170364,88.8653,27958.7284996682,18267221.0,87.6306290578181,4.864741057219376,10.238484719622287,1.5820134885727952
Chile,CHL,2017,2065.97571745805,89.7525,27892.9946862827,18558868.0,87.8000295757281,4.836097761997122,10.236130849768797,1.5761081480149497
Chile,CHL,2018,2067.9764736837,89.8194,28492.6611456515,18893191.0,87.9620493753008,4.754061926331026,10.257401829435631,1.5589993950060919
Chile,CHL,2019,2154.35451877758,95.2476,28218.5343879081,19197744.0,88.1273685623538,4.961395463967016,10.247734288831621,1.6016870447089007
Chile,CHL,2020,1946.16760616995,87.5108,26248.5616432825,19370624.0,88.2953490438375,4.517706812129542,10.175366471976876,1.508004522653197
Chile,CHL,2021,2032.98120427379,89.1084,29089.850459728,19456334.0,88.4660511664452,4.579917264989386,10.27814461086854,1.5216809335501322
Chile,CHL,2022,2124.6984823137,90.4279,29569.4775527937,19553036.0,88.6395352768685,4.62474983424569,10.294497944540074,1.5314222796086536
Chile,CHL,2023,2039.34969353537,77.0074,29563.6780243659,19658835.0,88.8158617217972,3.917190413368849,10.294301793044697,1.3653746655442527
China,CHN,1992,756.63514647117,2669.7881,2030.38636999332,1164970000.0,27.4598693847656,2.291722619466596,7.615981383971338,0.8293037703537072
China,CHN,1993,792.633509359554,2890.1814,2286.75974444182,1178440000.0,27.9900760650635,2.4525486236040868,7.734891135789806,0.8971277383991075
China,CHN,1994,821.273750333988,3046.9201,2556.64057218097,1191835000.0,28.5098037719727,2.5564949007203177,7.846449399192985,0.9386371409027642
China,CHN,1995,872.82633002387,3365.775,2808.03403089611,1204855000.0,29.0403804779053,2.7935104224159755,7.94023988433726,1.027299020862666
China,CHN,1996,884.894160616361,3340.2565,3055.96977919745,1217550000.0,30.4798641204834,2.743424500020533,8.024852261231445,1.0092069575539442
China,CHN,1997,876.489344673065,3437.3194,3305.79061082131,1230075000.0,31.9099540710449,2.7943982277503405,8.103430940265447,1.0276167802955476
China,CHN,1998,872.405987083978,3522.0334,3533.56587021506,1241935000.0,33.3501663208008,2.8359241023080917,8.170062801591529,1.0423678460790764
China,CHN,1999,880.738578841902,3447.7709,3774.13766362641,1252735000.0,34.7797050476074,2.752194917520465,8.235927202111776,1.0123987451503205
China,CHN,2000,898.07500446721,3647.8773,4066.03627019859,1262645000.0,36.4320234662299,2.8890759477129357,8.310423914512153,1.0609367097203994
China,CHN,2001,921.506436459842,3825.0579,4372.15705579934,1271850000.0,37.6597442626953,3.0074756457129377,8.383011771752614,1.1011010709828493
China,CHN,2002,976.159336791292,4133.073,4744.39855079794,1280400000.0,39.0897827148438,3.227954545454546,8.464719948699788,1.1718486689747756
China,CHN,2003,1105.13742396493,4773.1082,5192.00604608587,1288400000.0,40.5302314758301,3.7046788264514126,8.554875422883608,1.3095965684727195
China,CHN,2004,1249.04415339994,5496.262,5684.16873050981,1296075000.0,41.7600135803223,4.240697490500164,8.645440173947016,1.4447277581912714
China,CHN,2005,1369.79197119649,6235.6852,6298.32318474516,1303720000.0,42.9899978637695,4.782994201208848,8.748038715800897,1.5650667523221058
China,CHN,2006,1490.18647938836,6922.8741,7057.09993331646,1311020000.0,44.3430099487305,5.280525163613064,8.861789471778625,1.6640255555775778
China,CHN,2007,1595.46606847798,7522.0032,8013.71568302247,1317885000.0,45.8892440795898,5.707632456549699,8.988909813030245,1.7418043066075748
China,CHN,2008,1629.97754209383,7752.2237,8743.74491232188,1324655000.0,46.9895057678223,5.852258663576554,9.076093856549077,1.7668276830656262
China,CHN,2009,1728.61645229501,8319.1638,9518.43214737204,1331260000.0,48.3417053222656,6.249090185238045,9.16098542382036,1.8324358827900038
China,CHN,2010,1899.79996108685,9106.0051,10476.3123630451,1337705000.0,49.2340270628041,6.80718476794211,9.2568720221977,1.917978637911459
China,CHN,2011,2027.46525356855,9955.7482,11405.0172845617,1345035000.0,51.8300285339355,7.401850658161312,9.341808650242259,2.0017300578838157
China,CHN,2012,2085.21872095825,10270.741,12217.8543175465,1354190000.0,53.1003112792969,7.584416514669286,9.410653629546099,2.026095683627849
China,CHN,2013,2137.32572690907,10760.43,13080.8288162668,1363240000.0,54.4900016784668,7.8932763123147796,9.478902988161716,2.066011297374995
China,CHN,2014,2177.55011435267,10881.1042,13968.581485524,1371860000.0,55.7502555847168,7.931643316373391,9.544565907047078,2.0708602419678788
China,CHN,2015,2175.1544486832,10749.8966,14856.7807604461,1379860000.0,57.3297843933105,7.790570492658675,9.606211656878147,2.0529140911753365
China,CHN,2016,2149.2047500244,10773.7258,15772.7647598696,1387790000.0,58.8399238586426,7.763224839493007,9.666039982274286,2.0493978199685725
China,CHN,2017,2215.91139022057,10999.4188,16757.9736318662,1396215000.0,60.2402687072754,7.878026521703319,9.726629461706557,2.064077431095893
China,CHN,2018,2310.87757050979,11527.5117,17806.7902349725,1402760000.0,61.5001983642578,8.217736248538595,9.787335137412377,2.1062947755848533
China,CHN,2019,2397.96868908473,11813.0582,18820.5131033646,1407745000.0,62.7099151611328,8.391475870985158,9.842702676495914,2.1272164133505536
China,CHN,2020,2465.96954605987,11964.1285,19215.1541703465,1411100000.0,63.5234230266258,8.478583020338743,9.863454526403993,2.1375433391834426
China,CHN,2021,2623.79959356116,12551.8645,20843.2978347377,1412360000.0,64.721076965332,8.887156603132345,9.944787728776689,2.184607156198058
China,CHN,2022,2676.48200976111,12518.6844,21499.3822834427,1412175000.0,65.2176361083984,8.864825110202348,9.975779482700347,2.1820912112100066
China,CHN,2023,2850.94152906511,13021.242,22687.0758723942,1410710000.0,65.5301448035523,9.230275535014284,10.029550696502733,2.222488900183419
Colombia,COL,1992,756.692177645212,58.3317,10196.4329707468,33760571.0,70.4190206034906,1.727805492389332,9.229793229359684,0.5468521017715635
Colombia,COL,1993,773.243001936413,61.6574,10533.1149561734,34441473.0,70.8733475069429,1.7902079855876083,9.262279378683129,0.5823318061684751
Colombia,COL,1994,789.486387374589,61.3112,10927.9389491607,35127410.0,71.3349044726196,1.7453948355429563,9.299077995151546,0.5569807968467162
Colombia,COL,1995,786.060906677407,63.9859,11279.0004579347,35804662.0,71.8237121859285,1.7870829223300586,9.330697909240563,0.5805846381953054
Colombia,COL,1996,789.1677416685,63.1794,11303.1308859186,36462745.0,72.3326212825811,1.7327110177799285,9.332835035874071,0.5496872442493285
Colombia,COL,1997,753.130766301886,68.3639,11483.5050125907,37121149.0,72.8506360383423,1.841642886646639,9.348666937960115,0.610658046424274
Colombia,COL,1998,764.880546840087,68.74,11343.8799115733,37792165.0,73.3667607289768,1.8188955303301624,9.33643366264159,0.59822946541288
Colombia,COL,1999,676.067038601537,60.2407,10679.7092686089,38454863.0,73.8699996302493,1.5665300900954973,9.276100890103294,0.4488630397130193
Colombia,COL,2000,667.583045920418,63.4164,10813.4942250011,39089934.0,74.3493570179247,1.6223204674635674,9.288550098458048,0.4838575116793351
Colombia,COL,2001,656.363849955728,63.0335,10823.4504878807,39709262.0,74.7938371677676,1.5873752576917697,9.289470400627733,0.46208187086535396
Colombia,COL,2002,633.502528932254,60.5863,10925.1485602082,40324680.0,75.192444355543,1.5024620158176085,9.298822618059729,0.4071051064538266
Colombia,COL,2003,637.730006109548,60.0512,11183.2911819793,40937429.0,75.5341828570154,1.4669020861080455,9.322176084602049,0.38315275263071713
Colombia,COL,2004,631.890053306001,60.0947,11607.9384935105,41543171.0,75.8080569479496,1.4465602541510372,9.359444495920636,0.3691884997002986
Colombia,COL,2005,652.562904286665,61.8883,11999.2549591305,42128977.0,76.004938901378,1.4690197675580872,9.392599840103552,0.3845953535736923
Colombia,COL,2006,678.542899481449,59.0498,12636.6246577724,42691084.0,76.1619191918164,1.3831881148766332,9.444354595471596,0.324391062866391
Colombia,COL,2007,666.0281887489,61.245,13318.3033138168,43235374.0,76.3144038775849,1.4165484031663518,9.496894557138424,0.34822321066568745
Colombia,COL,2008,691.923098284556,61.1976,13591.0609028567,43758808.0,76.4596761810047,1.3985207275298723,9.51716756906198,0.3354150548084435
Colombia,COL,2009,714.941179061526,65.3215,13586.7518430982,44271541.0,76.5964145836792,1.4754738264023834,9.516850467768002,0.3889791764447314
Colombia,COL,2010,700.696762170174,68.1511,14037.0642668639,44777319.0,76.7232975672119,1.5220004574190786,9.549456557914093,0.4200255599776084
Colombia,COL,2011,710.261245359868,73.1683,14852.3699513061,45259614.0,76.839003613206,1.616635528531021,9.605914724177834,0.48034715539333117
Colombia,COL,2012,681.235570018512,73.6027,15279.4790008058,45715810.0,76.942211203265,1.6100053788831479,9.634265965333299,0.47623751991200064
Colombia,COL,2013,881.628352144932,83.6349,15912.2471293239,46151584.0,77.0315988189922,1.8121783209001017,9.674844351416464,0.594529613871505
Colombia,COL,2014,885.243525415168,84.9188,16480.3631474161,46565429.0,77.1058449419909,1.8236447472651869,9.709924838864863,0.6008371069290919
Colombia,COL,2015,887.262025874734,86.2165,16821.3801400631,46969940.0,77.1636280538646,1.8355675991921643,9.730405983672213,0.6073537520383245
Colombia,COL,2016,910.977529760876,88.4935,17003.244366485,47437512.0,77.2036266362166,1.8654751539245988,9.741159449917099,0.6235157948686431
Colombia,COL,2017,859.140165402896,80.9994,16986.0334182842,48131078.0,77.2245191706503,1.6828918728975901,9.740146721739656,0.5205136665004334
Colombia,COL,2018,816.327425217962,85.3965,17104.1313545678,49024465.0,77.2804816598084,1.7419160005111733,9.747075312992575,0.5549856571248429
Colombia,COL,2019,889.78306823908,86.0607,17336.7716030551,49907985.0,77.4595528518377,1.7243873901140268,9.760585050939088,0.5448718512417593
Colombia,COL,2020,810.052298592826,84.3026,15861.4999291295,50629997.0,77.6382533537045,1.6650721903064698,9.671650063802176,0.5098684800339194
Colombia,COL,2021,872.65899160931,92.1683,17383.0901728295,51188173.0,77.8339570326128,1.8005780358677774,9.763253183522773,0.5881077443882377
Colombia,COL,2022,851.232776568033,88.3446,18458.7209460704,51737944.0,78.0464633137335,1.7075398280225438,9.823292217794487,0.5350536375334083
Colombia,COL,2023,862.634681996071,92.7973,18382.9976800475,52321152.0,78.275571579544,1.7736096483502504,9.81918147728189,0.5730168192861391
Comoros,COM,1992,,0.0405,2999.12250768543,465113.0,28.4656667857423,0.08707561388307787,8.006075027426338,-2.440978412705221
Comoros,COM,1993,,0.0395,3019.88376220683,473682.0,28.4403314078112,0.08338927803885307,8.012973620292694,-2.484235538567284
Comoros,COM,1994,,0.0394,2848.61899402647,482142.0,28.3994895148917,0.08171866379614305,7.95458959232438,-2.504472860168071
Comoros,COM,1995,,0.0405,2957.40898299767,490586.0,28.3468419976372,0.0825543329813733,7.992068820399328,-2.4942986208187867
Comoros,COM,1996,,0.0419,2892.08263672469,499107.0,28.286089746701,0.08394993458316553,7.969732157118237,-2.4775346746945606
Comoros,COM,1997,,0.0417,2968.07724742894,507777.0,28.2209336527364,0.08212266408285526,7.995669630710353,-2.499541246017437
Comoros,COM,1998,,0.0529,2918.13300445377,516597.0,28.1550746063967,0.10240090438000995,7.9786993087340825,-2.2788597345796955
Comoros,COM,1999,,0.0551,2943.92006172568,525886.0,28.0922134983353,0.10477555972206905,7.987497326533679,-2.2559347430514696
Comoros,COM,2000,,0.0901,2858.85692121457,536080.0,28.0360512192055,0.16807192956275183,7.958177146024396,-1.783363239050623
Comoros,COM,2001,,0.0971,2952.44235205824,547220.0,27.9902886596605,0.17744234494353275,7.9903880227524455,-1.7291095400507397
Comoros,COM,2002,,0.1004,3023.52434389434,558923.0,27.9586267103537,0.179631183544066,8.01417843124174,-1.716849510434667
Comoros,COM,2003,,0.1304,3023.18985379149,569798.0,27.9448864609618,0.22885303212717487,8.014067795914105,-1.4746752625615853
Comoros,COM,2004,58.5496225271395,0.1402,3058.38338421434,580704.0,27.9596300229124,0.241431090538381,8.025641749531433,-1.4211711859921237
Comoros,COM,2005,62.4286078251729,0.1357,3166.36268239583,592677.0,28.016895208368,0.228961137347999,8.06033878927981,-1.474202995733508
Comoros,COM,2006,69.4498415055403,0.1617,3048.69236655028,604753.0,28.1143215973031,0.2673818897963301,8.0224680453909,-1.3190773436223444
Comoros,COM,2007,66.4584302518775,0.1071,3012.54746686894,616927.0,28.2493321448949,0.17360238731648964,8.01054133431177,-1.7509877250273458
Comoros,COM,2008,,0.1066,3070.36952892496,629307.0,28.4193498063202,0.1693926811556204,8.02955320106563,-1.775535702209801
Comoros,COM,2009,,0.1327,3107.45297029798,641947.0,28.6217975367563,0.20671488456212117,8.04155868901386,-1.5764148044268538
Comoros,COM,2010,,0.1559,3161.37481152565,654836.0,28.8540982913801,0.23807487676303685,8.058762278905276,-1.435170046541406
Comoros,COM,2011,,0.1408,3227.21653582919,668056.0,29.1136750253686,0.21076077454584646,8.079375291080346,-1.557031558634299
Comoros,COM,2012,,0.1454,3263.16316392712,681630.0,29.397950693899,0.21331220750260405,8.090452299611345,-1.5449984235316028
Comoros,COM,2013,,0.1746,3337.59859719238,696192.0,29.7043482521482,0.25079288472145617,8.113006844502069,-1.383127840954939
Comoros,COM,2014,,0.1545,3334.57512780965,711503.0,30.0302906552932,0.2171459572201382,8.11210055227579,-1.5271855376273498
Comoros,COM,2015,,0.1712,3302.38635129322,726682.0,30.3732008585112,0.23559135908141388,8.10240062287269,-1.4456565041021932
Comoros,COM,2016,,0.2004,3342.76677092883,741741.0,30.7305018169792,0.27017516896059407,8.114554117587515,-1.3086847564184607
Comoros,COM,2017,,0.2607,3401.85239322573,756669.0,31.0996559689293,0.34453638248692625,8.132075383779863,-1.0655555845635685
Comoros,COM,2018,,0.2073,3457.58685798732,771590.0,31.4073645195839,0.2686660013737866,8.148326184839371,-1.314286301422913
Comoros,COM,2019,,0.226,3451.42139338772,786578.0,31.7287584068243,0.28732052002471464,8.146541423260896,-1.2471568918623939
Comoros,COM,2020,,0.2687,3377.74564051638,802163.0,32.0638072194881,0.3349693266829809,8.124963795692024,-1.0937163134894947
Comoros,COM,2021,,0.3972,3377.88518482587,818174.0,32.4124444313246,0.4854713056146981,8.12500510769178,-0.7226350957477582
Comoros,COM,2022,,0.4298,3399.27830776976,834188.0,32.7746035528748,0.5152315784930975,8.131318425652738,-0.6631388124114102
Comoros,COM,2023,,0.4383,3434.40177367723,850387.0,33.1502180946901,0.5154123945921092,8.141598033354787,-0.662787932562328
"Congo, Dem. Rep.",COD,1992,306.67618026523,1.6293,1842.5484850692,39228910.0,31.1112109993961,0.041533144815902354,7.518904938544508,-3.181263500250156
"Congo, Dem. Rep.",COD,1993,301.831840128151,1.5711,1538.39690696229,40656336.0,31.5480979038271,0.03864342325388102,7.3384961837176155,-3.2533786800350533
"Congo, Dem. Rep.",COD,1994,288.919935754659,2.484,1410.05655375361,42626876.0,31.9966004745173,0.05827309512430608,7.251385091612981,-2.842614782294166
"Congo, Dem. Rep.",COD,1995,288.923002560147,2.3163,1362.1877957229,44433704.0,32.4561710395319,0.05212934757813573,7.216847359526811,-2.954027195566537
"Congo, Dem. Rep.",COD,1996,293.054190992552,2.5608,1322.58011961553,45296124.0,32.9262619269359,0.05653463859291802,7.187339743837352,-2.8729017562408496
"Congo, Dem. Rep.",COD,1997,293.452619115135,2.5678,1228.39076846803,46029902.0,33.4063254647945,0.055785476145484736,7.113460273452162,-2.8862417276057633
"Congo, Dem. Rep.",COD,1998,292.579860554724,2.5566,1176.05049796489,47297600.0,33.8958139811728,0.05405348262913975,7.069917067982993,-2.917781303501071
"Congo, Dem. Rep.",COD,1999,283.698094549272,2.3625,1088.65043725373,48912971.0,34.3941798041357,0.048300071569972715,6.992694077145912,-3.0303222365447344
"Congo, Dem. Rep.",COD,2000,275.387991752247,1.8775,981.422080026496,50507442.0,34.9008752617485,0.03717273981129355,6.889002621901285,-3.2921795871044433
"Congo, Dem. Rep.",COD,2001,275.762066091527,1.8252,930.8578260745,52132646.0,35.4153526820763,0.03501069176500268,6.836106554632207,-3.3521017851418566
"Congo, Dem. Rep.",COD,2002,276.777259129011,1.9148,929.452807092197,53750524.0,35.937064393184,0.03562383875550683,6.834596033513418,-3.334740237261245
"Congo, Dem. Rep.",COD,2003,278.852304991619,2.3194,953.044643237975,55343867.0,36.4654627231369,0.04190888938064267,6.859661747507667,-3.1722573175002595
"Congo, Dem. Rep.",COD,2004,281.570244519871,2.2153,987.746920877671,56997741.0,37.0,0.038866452619587155,6.895426511977273,-3.2476238009637584
"Congo, Dem. Rep.",COD,2005,283.637336009607,2.4833,1016.6338907666,58775724.0,37.4018738621901,0.042250436591814676,6.924252341823443,-3.1641405916982697
"Congo, Dem. Rep.",COD,2006,285.454693557021,2.5521,1036.13329616563,60615908.0,37.8024827128113,0.04210280905137971,6.9432510787954325,-3.1676408172090205
"Congo, Dem. Rep.",COD,2007,287.041319589996,2.8192,1091.0040733455,62477752.0,38.201781337298,0.045123262437483345,6.99485371941501,-3.098357368610985
"Congo, Dem. Rep.",COD,2008,288.80618607177,2.8927,1136.9467210438,64390664.0,38.5997245210844,0.044924214479291597,7.036101633412326,-3.1027783316230533
"Congo, Dem. Rep.",COD,2009,288.416335052288,2.8105,1108.57506967795,66412044.0,38.9962670496049,0.042319131150367846,7.010830748619862,-3.1625160221161956
"Congo, Dem. Rep.",COD,2010,289.77384157959,2.9456,1158.01422439658,68563038.0,39.391363708294,0.04296192359504256,7.054461941646945,-3.1474410533630457
"Congo, Dem. Rep.",COD,2011,297.445424445388,3.369,1205.73984565432,70849311.0,39.7849692825859,0.04755162686056326,7.094848637312392,-3.0459392768943454
"Congo, Dem. Rep.",COD,2012,355.439956409565,3.0164,1267.23827814087,73254618.0,40.1770385579151,0.04117692621098645,7.14459522747016,-3.1898772229322097
"Congo, Dem. Rep.",COD,2013,357.441615003334,3.3303,1342.74156112016,75789395.0,40.5675263197158,0.04394150395315862,7.202468743992154,-3.124895985184048
"Congo, Dem. Rep.",COD,2014,359.366872219799,3.7162,1392.75841334673,78403242.0,40.9563873534225,0.04739855017730007,7.239041529698856,-3.049163637725689
"Congo, Dem. Rep.",COD,2015,358.542081264932,3.5927,1433.21579814709,81035531.0,41.3435764444694,0.044334873303909124,7.267676008358526,-3.1159837038533786
"Congo, Dem. Rep.",COD,2016,355.065446444122,2.9906,1388.80163211633,83956415.0,41.7290483782911,0.03562086351590882,7.236196519104365,-3.3348237589689615
"Congo, Dem. Rep.",COD,2017,342.47376862199,3.2547,1395.71961761712,87083398.0,42.1127579403217,0.037374517700836614,7.2411654161707215,-3.28676615167999
"Congo, Dem. Rep.",COD,2018,339.760214710945,4.1619,1431.7285269693,90047644.0,42.4946599159958,0.04621886609270977,7.266637753410007,-3.074367207264406
"Congo, Dem. Rep.",COD,2019,334.541728823177,4.4459,1394.76461472893,92947442.0,42.8747090907476,0.04783240834104934,7.24048094505678,-3.0400518704553328
"Congo, Dem. Rep.",COD,2020,372.066377241717,4.6314,1361.02791099008,95989998.0,43.2528602500115,0.0482487769194453,7.2159955101488125,-3.0313848003382153
"Congo, Dem. Rep.",COD,2021,394.033246290347,4.6277,1402.38560295221,99148932.0,43.6290681792218,0.04667422943093325,7.245930067547634,-3.0645630989368375
"Congo, Dem. Rep.",COD,2022,390.899911233015,6.2475,1484.33841881449,102396968.0,44.003287663813,0.06101254873093508,7.302724442752253,-2.7966757190650706
"Congo, Dem. Rep.",COD,2023,,6.1404,1559.33806475859,105789731.0,44.3754734892194,0.058043440908267366,7.352016692733012,-2.8465635676051217
"Congo, Rep.",COG,1992,322.349269508601,2.3728,8636.63719209923,2519465.0,55.2939906807182,0.9417872445142124,9.063768572157317,-0.059975884995327626
"Congo, Rep.",COG,1993,314.902577029456,2.3419,8302.69726834941,2595124.0,55.6492692925447,0.9024231597411145,9.024335713082987,-0.10267173396094145
"Congo, Rep.",COG,1994,263.663445126073,2.1441,7617.60750274811,2673144.0,56.0168777305696,0.8020892252718148,8.938217623362593,-0.22053542384770114
"Congo, Rep.",COG,1995,292.673986038613,2.7302,7701.32468533336,2749461.0,56.4068153474735,0.9929946269468816,8.949147630101379,-0.0070300258812294085
"Congo, Rep.",COG,1996,268.251017538648,3.2864,7812.04779971641,2826785.0,56.8293178931295,1.1625928395686265,8.96342241073315,0.1506527172850924
"Congo, Rep.",COG,1997,251.271604579446,3.3844,7599.04815388587,2887862.0,57.2976513812709,1.1719396563963236,8.93577827552112,0.15866020211283544
"Congo, Rep.",COG,1998,246.025608029408,4.0266,7711.6321257605,2952061.0,57.8079287900723,1.3639962046854723,8.950485133617422,0.3104187769287426
"Congo, Rep.",COG,1999,235.74510235322,4.169,7312.32665071621,3032874.0,58.345204994721,1.3746037586790614,8.89731678537416,0.31816551408185734
"Congo, Rep.",COG,2000,225.662303752435,4.5119,7570.58279297342,3151345.0,58.8947380255871,1.4317378770017246,8.932025330650884,0.358889004996841
"Congo, Rep.",COG,2001,243.309874139573,4.3989,7567.43916817104,3272537.0,59.4417859130405,1.3441864828419052,8.931610002300108,0.2957889845902863
"Congo, Rep.",COG,2002,239.240008598283,2.8595,7729.3889014189,3350771.0,59.9716066874511,0.8533856834740422,8.952785083012554,-0.158543684237196
"Congo, Rep.",COG,2003,274.55383829075,3.5666,7577.45630456352,3445753.0,60.4694583791889,1.0350712892073228,8.932932842444005,0.03447030280650159
"Congo, Rep.",COG,2004,283.381960024439,3.6199,7577.44597274153,3565554.0,60.9205990186239,1.015241951180658,8.932931478948312,0.015126959634260482
"Congo, Rep.",COG,2005,293.789280034956,4.3306,7876.11806658285,3696393.0,61.310286636126,1.1715745593068703,8.971590430325028,0.15834862124854146
"Congo, Rep.",COG,2006,369.707983010852,4.8177,8192.57979719023,3837409.0,61.6237792620651,1.2554564811830065,9.010984120798982,0.22749923647631723
"Congo, Rep.",COG,2007,316.33461657179,4.2647,7375.82454100145,3980430.0,61.8502563370293,1.0714169072185669,8.905962977128311,0.06898198483168777
"Congo, Rep.",COG,2008,327.786840368286,4.4322,7587.28826163492,4113517.0,62.0354815675203,1.0774721485288623,8.934229528768803,0.07461769442862004
"Congo, Rep.",COG,2009,359.405355169563,4.9164,8138.45033818822,4281219.0,62.2172294650265,1.1483645195445502,9.004355064728795,0.1383387732324179
"Congo, Rep.",COG,2010,375.619909098947,5.2916,8583.66179834288,4462290.0,62.3922871058739,1.1858485217231511,9.057615884459683,0.1704585704311611
"Congo, Rep.",COG,2011,484.212624823738,4.8514,8492.42098392103,4609724.0,62.5597508130231,1.0524274338333488,9.046929395772558,0.05109933772085364
"Congo, Rep.",COG,2012,539.866446808636,4.4794,9079.68656400891,4740450.0,62.7187169094345,0.9449313883703024,9.113794951617253,-0.056642959023408435
"Congo, Rep.",COG,2013,553.991199731793,5.4392,8798.49382506314,4857099.0,62.8682817180686,1.1198454056629277,9.082335829574571,0.1131906451217949
"Congo, Rep.",COG,2014,535.524998656392,5.2771,9159.25664414045,4975880.0,63.0075415618859,1.0605360257884033,9.122520301988729,0.058774465014593415
"Congo, Rep.",COG,2015,552.356622008088,5.7506,8977.70681641417,5097581.0,63.135592763847,1.1281037025208625,9.102499763029446,0.12053808370903762
"Congo, Rep.",COG,2016,561.321718306384,5.5904,8001.8255194505,5222536.0,63.2515316469123,1.0704378102898668,8.987424984561923,0.0680677332824159
"Congo, Rep.",COG,2017,548.018753920295,5.5312,7372.77046737599,5351011.0,63.3544545340423,1.0336738235073708,8.905548825994948,0.033119275167643215
"Congo, Rep.",COG,2018,552.165155128985,6.422,7029.33651566257,5483118.0,63.4434577481975,1.1712314051968242,8.857847601355365,0.15805567841187532
"Congo, Rep.",COG,2019,582.586127914209,7.2394,6939.36913397466,5616661.0,63.5176376123385,1.288915246976807,8.844966146483436,0.25380097080762243
"Congo, Rep.",COG,2020,586.736109679603,7.403,6350.50913409722,5752791.0,63.5760904494257,1.2868536333059901,8.756290267270593,0.2522001951116073
"Congo, Rep.",COG,2021,588.291763608764,7.108,6263.21161292636,5892183.0,63.6179125824196,1.206344066367253,8.742448369744233,0.1875943531112074
"Congo, Rep.",COG,2022,627.585966198745,8.3582,6205.1050414034,6035104.0,63.6422003342807,1.3849305662338214,8.733127626005237,0.3256500056994554
"Congo, Rep.",COG,2023,,7.8674,6172.28776650683,6182885.0,63.6626757615625,1.2724480562067708,8.727824836911203,0.24094264833964263
Costa Rica,CRI,1992,699.747502406979,4.2433,11626.8361274299,3284258.0,50.4777876082162,1.2920117725221343,9.361071164428914,0.2562005171781344
Costa Rica,CRI,1993,696.372672215343,4.2651,12144.4487480733,3367434.0,51.4878248016624,1.2665727078838072,9.404627451198518,0.23631459732643947
Costa Rica,CRI,1994,669.457713366108,5.0045,12385.4545660782,3451122.0,52.529254822996,1.4501081097683595,9.424278044203351,0.3716381121140767
Costa Rica,CRI,1995,666.897511306574,4.9676,12593.2255061637,3535176.0,53.5950954268308,1.4051917075698637,9.440914290108573,0.34017374014665114
Costa Rica,CRI,1996,654.286251523747,4.7451,12467.6212160351,3619013.0,54.6783643677805,1.3111585948986644,9.43089025993448,0.27091116992773384
Costa Rica,CRI,1997,647.721666517138,4.6808,12856.5832725459,3701711.0,55.7720794004588,1.2644963369641768,9.461611276063495,0.23467389029820407
Costa Rica,CRI,1998,630.181129897646,5.1796,13481.0594799651,3782838.0,56.8692582794794,1.3692365361667616,9.50904097781434,0.3142533116348185
Costa Rica,CRI,1999,680.662081976,5.1692,13760.9236981946,3862101.0,57.962918759456,1.338442469526302,9.529588238463527,0.291506601751822
Costa Rica,CRI,2000,729.765643709357,5.1314,14018.7425010386,3937739.0,59.0462378975394,1.303133600271628,9.54815046334469,0.2647718257120784
Costa Rica,CRI,2001,721.224052506606,5.5322,14250.4627491739,4008947.0,60.1427600448608,1.3799633669389992,9.564544658795779,0.32205695312039273
Costa Rica,CRI,2002,749.371708338678,5.6463,14495.9925105457,4075705.0,61.2787633575946,1.3853554170382794,9.581627511626012,0.32595672551853117
Costa Rica,CRI,2003,788.059466397896,6.0688,14891.3398216888,4138784.0,62.4518059303802,1.4663244083286298,9.60853510293883,0.3827588670661485
Costa Rica,CRI,2004,921.916666058511,6.1802,15323.2892201469,4200078.0,63.6596013546005,1.4714488635687242,9.637129121303584,0.38624753686004604
Costa Rica,CRI,2005,908.919718136397,6.3561,15703.9624720506,4261240.0,64.8998632216384,1.4916080765223267,9.661668346247035,0.3998547839782413
Costa Rica,CRI,2006,974.343838741737,6.9054,16620.1356432064,4321340.0,66.1703051228767,1.5979765535690318,9.718370229820563,0.46873817487663794
Costa Rica,CRI,2007,1014.83038205,7.7137,17743.6227382356,4380248.0,67.4686406496983,1.7610190107957358,9.78378144799327,0.5658926249105037
Costa Rica,CRI,2008,1006.22785721082,7.6303,18334.0135988616,4440056.0,68.7925833934861,1.7185143610801306,9.816513280250561,0.5414601740258923
Costa Rica,CRI,2009,1002.15369604859,7.3188,17932.6147807275,4499791.0,70.1398469456228,1.6264755407528928,9.79437638868985,0.4864154288550209
Costa Rica,CRI,2010,998.694530541271,7.2362,18660.9198222783,4555962.0,71.5081448974915,1.5882924396647733,9.834186766984844,0.46265950183050136
Costa Rica,CRI,2011,992.84219730848,7.6984,19254.9142153099,4609833.0,72.8426586679914,1.6699954206584056,9.86552159104874,0.5128208843041889
Costa Rica,CRI,2012,1017.65462461791,7.6394,19960.7933253035,4663934.0,73.3895020668217,1.6379734361592595,9.901525294832302,0.4934597680583875
Costa Rica,CRI,2013,1060.1064484558,7.9353,20232.2670799446,4716147.0,73.9431776192863,1.6825811409186355,9.91503398912984,0.520329007774268
Costa Rica,CRI,2014,1064.11783400047,8.0462,20724.9217693423,4767119.0,74.4866963181212,1.6878538169489792,9.939092205296362,0.5234577910901103
Costa Rica,CRI,2015,1024.45144520777,7.7578,21254.7840932049,4818038.0,75.0198195767549,1.6101574956444926,9.96433728281163,0.4763319975936491
Costa Rica,CRI,2016,1001.15093508133,8.2325,21925.6000803999,4866998.0,75.5423088085047,1.6914944283930258,9.995410186553407,0.5256124153479076
Costa Rica,CRI,2017,972.752740541664,8.396,22622.5534502517,4913177.0,76.0539254265608,1.7088739119311191,10.026702627925633,0.535834622553333
Costa Rica,CRI,2018,950.307226341185,8.4405,23005.3121471794,4957818.0,76.5544308439668,1.7024626559506622,10.043480431164301,0.5320758239702167
Costa Rica,CRI,2019,996.673606298647,8.193,23364.783127574,4999553.0,77.0435864735963,1.638746503937452,10.058985173155818,0.4939316227219955
Costa Rica,CRI,2020,948.979659241415,7.1754,22211.8613921698,5034320.0,77.5211537281257,1.42529676301864,10.008381722119166,0.35438004678852636
Costa Rica,CRI,2021,996.593947554107,8.0531,23852.9253020002,5059988.0,77.9868940200009,1.5915255134992417,10.079662142966995,0.4646929987137705
Costa Rica,CRI,2022,1009.21522950084,8.1977,24831.7193480342,5081765.0,78.4405687613972,1.6131599946081723,10.119877120890814,0.47819498492962353
Costa Rica,CRI,2023,1025.14935705085,8.0978,25979.6286150717,5105525.0,78.8819393641702,1.5860856621013508,10.165067995090533,0.4612691331673022
Cote d'Ivoire,CIV,1992,369.364695221915,3.0521,4843.29349256353,13200310.0,40.3003187081632,0.23121426693767042,8.485350241963596,-1.4644104358798709
Cote d'Ivoire,CIV,1993,367.602465008283,3.2383,4645.46750871805,13735951.0,40.6225907203425,0.23575360744953153,8.443647293915923,-1.4449680555727857
Cote d'Ivoire,CIV,1994,362.145601848293,3.3846,4502.45953404415,14287201.0,40.9534345569096,0.23689734609319207,8.412379089568114,-1.440128370526023
Cote d'Ivoire,CIV,1995,346.984629535557,3.703,4638.75732482502,14855565.0,41.2920870145192,0.24926685723498232,8.442201791425033,-1.3892312405916831
Cote d'Ivoire,CIV,1996,374.944288632764,4.6321,4807.42428178026,15442312.0,41.6377848898263,0.29996156016016257,8.477916727319196,-1.2041009453351026
Cote d'Ivoire,CIV,1997,368.164390395265,5.639,5072.59703802667,16047170.0,41.9897649794856,0.35140152438093447,8.531608201734175,-1.045825765216539
Cote d'Ivoire,CIV,1998,353.64180757645,5.4647,5093.13169438529,16663948.0,42.3472061187643,0.32793549283759166,8.535648184470045,-1.1149383581177896
Cote d'Ivoire,CIV,1999,408.120587715421,7.2972,4987.35708530265,17215935.0,42.710690759617,0.4238631244832186,8.514661406211658,-0.8583446954826983
Cote d'Ivoire,CIV,2000,383.698511747895,6.9672,4838.34023729938,17699004.0,43.0840065011913,0.39364926975551845,8.484327014720236,-0.9322949444136673
Cote d'Ivoire,CIV,2001,359.274350379988,6.987,4609.14469395303,18178913.0,43.4670149035012,0.3843464127915679,8.435797586012292,-0.9562110164123694
Cote d'Ivoire,CIV,2002,374.217410519231,7.3874,4368.92808837279,18654771.0,43.859032147728,0.39600593328108935,8.382272969299564,-0.9263260848068471
Cote d'Ivoire,CIV,2003,345.063532585105,5.8144,4060.00038038427,19125542.0,44.2593744150531,0.30401229936385593,8.308938346286482,-1.190687119960599
Cote d'Ivoire,CIV,2004,474.644512103845,5.9957,4088.94517328472,19595000.0,44.667357886658,0.305981117632049,8.316042311931566,-1.184231886018524
Cote d'Ivoire,CIV,2005,479.367342054554,6.3955,4032.24588029846,20068458.0,45.082298743724,0.31868417593419485,8.302078790108744,-1.1435547107080957
Cote d'Ivoire,CIV,2006,460.427068503443,6.2787,4049.26032962496,20546802.0,45.5035131674326,0.3055804012712051,8.30628950876034,-1.185542355712266
Cote d'Ivoire,CIV,2007,484.162880249649,6.2349,3999.69095682208,21030558.0,45.930317338965,0.2964685958403957,8.29397237632278,-1.2158139823751384
Cote d'Ivoire,CIV,2008,475.685968287363,6.9185,4096.72346918931,21514439.0,46.3620274395029,0.3215747340658058,8.317942779342463,-1.1345253079917936
Cote d'Ivoire,CIV,2009,426.33967683994,6.4113,4151.05360874982,21997940.0,46.7979596502274,0.2914500175925564,8.33111746262872,-1.2328867541284034
Cote d'Ivoire,CIV,2010,369.59298919728,7.3149,4338.65248394142,22488065.0,47.2374301523201,0.3252792092160886,8.375319091312104,-1.1230713601918467
Cote d'Ivoire,CIV,2011,412.202996239574,7.0784,4017.40782040208,22982000.0,47.6797551269623,0.30799756331041683,8.298392152831221,-1.1776634073696728
Cote d'Ivoire,CIV,2012,442.184553267778,9.0202,4234.18055593319,23467078.0,48.1242507553354,0.38437678521373647,8.350945095077773,-0.9561319959736388
Cote d'Ivoire,CIV,2013,446.309801337907,9.801,4597.18635239866,23939775.0,48.5702332186208,0.40940234400699255,8.43319973281332,-0.8930568803023775
Cote d'Ivoire,CIV,2014,438.71877312695,10.4591,4907.57450294516,24527395.0,49.0173144557368,0.4264252277912106,8.498535107481159,-0.8523182432671257
Cote d'Ivoire,CIV,2015,383.892794978009,11.265,5110.86240809881,25246342.0,49.4694894689553,0.4462032559013896,8.539123437666095,-0.8069807000551739
Cote d'Ivoire,CIV,2016,391.655583364613,11.4035,5320.84646239855,25989405.0,49.929991034032,0.4387749546401697,8.579387679152532,-0.8237686291467267
Cote d'Ivoire,CIV,2017,392.585250514189,12.33,5556.11366322898,26733372.0,50.3977309654344,0.4612212780340617,8.622654161409574,-0.7738773554111
Cote d'Ivoire,CIV,2018,358.541401840133,12.3432,5670.20005356688,27464173.0,50.8718477756395,0.4494291526637267,8.642979678915403,-0.79977705114413
Cote d'Ivoire,CIV,2019,364.149863069511,13.1832,5894.87874674153,28193009.0,51.3514799771241,0.4676052847001893,8.681839243928977,-0.7601307476940476
Cote d'Ivoire,CIV,2020,375.317183892023,13.2881,5787.81533309018,28915449.0,51.8357660823651,0.4595501871681121,8.663510182109393,-0.7775071218924697
Cote d'Ivoire,CIV,2021,468.414497630569,17.2006,6045.20480490879,29639736.0,52.3183461956059,0.5803223078640106,8.707020642526059,-0.5441716265737139
Cote d'Ivoire,CIV,2022,471.775424802239,18.4103,6272.26395759415,30395002.0,52.8492549676673,0.6057015558018387,8.74389264622029,-0.5013678963971827
Cote d'Ivoire,CIV,2023,,17.925,6520.89886460031,31165654.0,53.4075201638704,0.5751523776783249,8.782767508087273,-0.5531202686343623
Croatia,HRV,1992,1613.31787517833,16.3882,17020.237492582,4575818.0,54.5675850528016,3.5814798578090303,9.742158355765735,1.275776083102633
Croatia,HRV,1993,1637.31593715078,16.6468,15570.4034135024,4600463.0,54.7798436680054,3.6185053547871155,9.653127174158573,1.2860610551591023
Croatia,HRV,1994,1576.32857698638,15.9744,16301.7534515002,4652024.0,54.9772628749087,3.4338601864478773,9.699027954720886,1.2336850471583303
Croatia,HRV,1995,1636.96263245329,16.5015,17522.7498076067,4620030.0,55.1568369839241,3.57173005370095,9.771255304663596,1.2730500872864048
Croatia,HRV,1996,1798.12487711752,17.2043,18849.9814058229,4557097.0,55.3155603054641,3.775276233970881,9.844267206447176,1.3284735545856832
Croatia,HRV,1997,1849.47934080476,18.3106,20110.5137958092,4534920.0,55.4504271499415,4.037689749764053,9.908998031709798,1.3956726842900435
Croatia,HRV,1998,1860.80285870134,19.0275,20575.9739779999,4532135.0,55.5584318277687,4.198352432131876,9.931879362359247,1.4346921702643165
Croatia,HRV,1999,1934.78219488023,19.9381,20489.6776798468,4512597.0,55.6365686493584,4.4183205369325025,9.927676510501449,1.4857596548632914
Croatia,HRV,2000,1882.60707106679,19.378,21302.2503684536,4468302.0,55.6818319251231,4.3367704331533545,9.96656799721794,1.4671299312764259
Croatia,HRV,2001,2033.21443990495,20.5434,22826.6244928741,4299642.0,55.6913829056559,4.777932674394752,10.03568287457896,1.5640079580539765
Croatia,HRV,2002,2081.90027621886,21.359,24137.1144281543,4302174.0,55.6745468592554,4.964699242754942,10.091505952633185,1.6023527201850145
Croatia,HRV,2003,2229.34173996566,22.7487,25473.9055156884,4303399.0,55.6386960202113,5.286216778876418,10.145409894093929,1.6651028253443163
Croatia,HRV,2004,2228.32579300293,22.7281,26528.8871708586,4304600.0,55.5890878734365,5.279956325791014,10.185989500185633,1.6639178260534702
Croatia,HRV,2005,2260.50892445087,22.8507,27641.2061841194,4310145.0,55.5307217475444,5.301608182555343,10.227062916007576,1.6680102052031198
Croatia,HRV,2006,2247.14619166641,23.0366,29035.5295382035,4311159.0,55.4685969711483,5.343481880394576,10.276275515566603,1.6758774780150694
Croatia,HRV,2007,2335.40182770311,24.5057,30508.2798073417,4310217.0,55.4077128728613,5.68549100892136,10.325753394847606,1.7379174926763
Croatia,HRV,2008,2276.1355193129,23.3221,31113.8644665737,4309705.0,55.3530687812969,5.411530487585577,10.345408801610509,1.6885319525883586
Croatia,HRV,2009,2199.79195573117,21.6731,29024.7588699632,4305181.0,55.3096640250682,5.034190200133281,10.27590449886451,1.6162526791009264
Croatia,HRV,2010,2181.04401120231,20.9405,28702.0030009381,4295427.0,55.2824979327886,4.875068299379782,10.26472219028589,1.5841341144808556
Croatia,HRV,2011,2137.20950653716,20.4541,28769.3294749331,4280622.0,55.2773793281248,4.77830091047516,10.26706514987612,1.5640850252535838
Croatia,HRV,2012,2020.48417283556,18.7872,28259.3454882464,4260368.0,55.3042888624873,4.40975990806428,10.24917949561102,1.4838202453608922
Croatia,HRV,2013,1990.54136695236,18.3813,28397.8562080945,4233922.0,55.3659479687433,4.34143567122871,10.254068935669638,1.468205093232399
Croatia,HRV,2014,1909.83580091578,17.6771,28456.7371595258,4201598.0,55.4591834926844,4.207232581508274,10.25614021853333,1.4368050874891647
Croatia,HRV,2015,2018.54259233172,18.0245,29466.6996894141,4151725.0,55.5812594509004,4.3414484340846276,10.291016080638471,1.4682080330058114
Croatia,HRV,2016,2057.18869470229,18.2746,30821.1637498177,4106867.0,55.7294398599808,4.449766695634409,10.335956867727024,1.4928516668564322
Croatia,HRV,2017,2159.96952184034,18.7971,32348.9341876482,4041407.0,55.9009887365155,4.651127688945953,10.384336353100315,1.5371097039493764
Croatia,HRV,2018,2127.63878608554,17.7661,33729.9071211239,3988775.0,56.093170097094,4.454024105145064,10.426140174453444,1.4938079808423235
Croatia,HRV,2019,2173.19836034448,17.9722,35122.8508251139,3949390.0,56.303247958306,4.550626805658595,10.466607218290452,1.515264982960298
Croatia,HRV,2020,2104.84530641676,17.1915,32493.3121954167,3914206.0,56.5284863367411,4.392078495613159,10.388789568539945,1.4798025764548877
Croatia,HRV,2021,2212.49721053261,17.5067,36930.2841941405,3878981.0,56.7683502560171,4.513221384688402,10.516787203298735,1.5070111745250279
Croatia,HRV,2022,2154.95483266747,17.6346,39864.0100879958,3855641.0,56.9977571733605,4.573714202126183,10.593229193021509,1.5203256105103047
Croatia,HRV,2023,2237.23369863861,18.6644,41320.2032633085,3859686.0,57.2431560672198,4.83573016043274,10.62910684246902,1.5760321331049436
Cyprus,CYP,1992,1945.45068816727,5.4901,28931.935546875,810341.0,67.6074573603626,6.775049022571979,10.27270130022146,1.9132466025435684
Cyprus,CYP,1993,2049.36379971898,5.747,28439.33203125,826034.0,67.802111495789,6.957340739001058,10.255528396695151,1.9397973236063017
Cyprus,CYP,1994,2292.58037960181,5.9913,29500.74609375,844667.0,67.9900353030289,7.093091123484166,10.29217083332165,1.9591212290969893
Cyprus,CYP,1995,1974.09617155896,5.861,31393.376953125,862695.0,68.1691720632769,6.793826323324002,10.354352224588812,1.9160143061681971
Cyprus,CYP,1996,2153.27326247657,6.2236,31282.73828125,880290.0,68.3349402485415,7.069942859739404,10.35082173178844,1.955852397802187
Cyprus,CYP,1997,2065.65425367285,6.3122,31656.9609375,897568.0,68.4827583308314,7.032559093015794,10.362713338224326,1.950550664192756
Cyprus,CYP,1998,2170.96782770879,6.6171,33182.125,914548.0,68.6080447821551,7.235377476086548,10.40976660629885,1.9789825323349668
Cyprus,CYP,1999,2142.09657234761,6.8778,34452.8671875,931234.0,68.706218074521,7.3856839419522915,10.447347500482216,1.999543524010902
Cyprus,CYP,2000,2264.91863707719,7.1329,36121.81640625,947667.0,68.7726966799379,7.526800025747441,10.494652294368677,2.018469988109121
Cyprus,CYP,2001,2202.31996036706,6.9985,37146.99609375,964127.0,68.8024068077544,7.258898464621362,10.522638188027393,1.9822280906888783
Cyprus,CYP,2002,2193.91481710233,7.176,38090.93359375,981440.0,68.7863589370716,7.3117052494294095,10.54773156937837,1.9894765228127453
Cyprus,CYP,2003,2345.28181012039,7.8441,38617.97265625,999590.0,68.7120973207373,7.847317400134055,10.56147305994511,2.0601717409234723
Cyprus,CYP,2004,2162.85328059404,7.7891,40020.08984375,1017875.0,68.5908141437316,7.652314871668918,10.597136853106468,2.035008199668803
Cyprus,CYP,2005,2161.54002386306,7.906,41362.265625,1036151.0,68.4340674211981,7.6301620130656636,10.630124285849353,2.032109078762371
Cyprus,CYP,2006,2209.33213219678,8.0115,42595.37890625,1054418.0,68.2534151682801,7.598030382637626,10.659501049994367,2.0278890535252234
Cyprus,CYP,2007,2293.75458684904,8.3089,43823.94140625,1072714.0,68.0604154001212,7.745680582149575,10.687935554477733,2.047135343752457
Cyprus,CYP,2008,2399.21662682596,8.4942,44295.8125,1091026.0,67.8666261318649,7.785515652239268,10.698645425606,2.05226503973201
Cyprus,CYP,2009,2311.55219411824,8.2874,42253.5625,1109371.0,67.6836053786548,7.470359329746316,10.651443948757256,2.010943101032834
Cyprus,CYP,2010,2192.46748939146,7.9141,42102.45703125,1127816.0,67.5229111556342,7.017190747426885,10.6478613797549,1.9483629595157452
Cyprus,CYP,2011,2093.44029665285,7.6571,41212.859375,1146493.0,67.3979892758544,6.678715003057149,10.626505607390497,1.8989256042322666
Cyprus,CYP,2012,1936.16516091053,7.1222,39190.3828125,1165397.0,67.3010289148738,6.111393799709456,10.576186659262836,1.8101548649606516
Cyprus,CYP,2013,1646.32678982431,6.4407,36650.72265625,1183895.0,67.2102333625375,5.440262861149004,10.509188424889846,1.6938273797646297
Cyprus,CYP,2014,1659.57813297538,6.8173,36105.05078125,1201801.0,67.1230558819804,5.672569751564527,10.494188045372313,1.73564223403778
Cyprus,CYP,2015,1677.40248205105,6.8562,37258.65234375,1219502.0,67.0402477918073,5.622131001015169,10.525639474519984,1.7267107737096927
Cyprus,CYP,2016,1761.87442919766,7.2219,39501.015625,1237112.0,66.9625604106231,5.837709116070331,10.584081662583982,1.7643384452348188
Cyprus,CYP,2017,1794.01732213218,7.3632,41418.16015625,1254275.0,66.8907450570326,5.870482948316757,10.63147471475128,1.769936904444912
Cyprus,CYP,2018,1773.61456364017,7.214,43510.2109375,1270737.0,66.8255530496405,5.677020500701562,10.680750923726418,1.7364265353678292
Cyprus,CYP,2019,1758.05457120745,7.2168,45454.36328125,1286671.0,66.7677357070518,5.60889302704421,10.724464096785427,1.7243533786816858
Cyprus,CYP,2020,1638.57191138119,6.8024,43402.5390625,1302247.0,66.7180443478713,5.223586616056708,10.678273222121458,1.6531842571540611
Cyprus,CYP,2021,1666.21660995085,6.9192,47632.76953125,1317309.0,66.6718365394971,5.252526172674748,10.771276238886937,1.6587091366231754
Cyprus,CYP,2022,1682.70492545045,7.2231,50623.796875,1331370.0,66.6694829407584,5.425313774533,10.83217703869434,1.6910757363775288
Cyprus,CYP,2023,1672.78575414138,7.2032,51453.7265625,1344976.0,66.6739477522639,5.355634598684289,10.848438169397232,1.6781492027018483
Czechia,CZE,1992,4268.64538718391,144.3788,24584.3299626051,10319123.0,75.0901441347259,13.991382794836344,10.109864525563932,2.6384416254538
Czechia,CZE,1993,4130.59833806784,139.8456,24573.9914877529,10329855.0,74.9830160311069,13.538002227524007,10.109443906035047,2.605500710625035
Czechia,CZE,1994,3986.81722728547,134.3629,25279.7917961729,10333587.0,74.8537367272699,13.002542098885895,10.137760612315997,2.565144884413042
Czechia,CZE,1995,4042.6111862471,133.5916,26869.0197149398,10327253.0,74.7092872936794,12.935831048198393,10.198729218433419,2.560001061598791
Czechia,CZE,1996,4173.39126046219,137.3993,28021.6704584336,10315241.0,74.5566488007996,13.320028102106388,10.240733434760449,2.5892687748777643
Czechia,CZE,1997,4210.18489983704,134.0144,27884.7397585343,10304131.0,74.4028023190951,13.005890550110436,10.23583485611144,2.565402374073279
Czechia,CZE,1998,4077.81993207968,127.9685,27801.4387801408,10294373.0,74.2547289190302,12.43091735650146,10.232843053020824,2.5201867046096544
Czechia,CZE,1999,3809.01218474787,119.7174,28213.4555005997,10283860.0,74.1194096710694,11.641290332618297,10.247554288539867,2.45455828947724
Czechia,CZE,2000,4021.61848184496,132.3167,29427.4070011514,10255063.0,74.0038256456769,12.90257309974595,10.289681730011534,2.5574267565736943
Czechia,CZE,2001,4141.00267465915,132.2272,30399.8730764283,10216605.0,73.9131752504002,12.942381544554186,10.322193712268106,2.560507317312722
Czechia,CZE,2002,4201.38475973945,127.4031,30919.5496618702,10196916.0,73.8360067578753,12.494277681604908,10.339143937972725,2.525270754020889
Czechia,CZE,2003,4387.20916861071,130.6674,31949.2963145034,10193998.0,73.7649150201353,12.81807196744594,10.371905434977952,2.550856047627511
Czechia,CZE,2004,4486.66998957412,131.5325,33452.3408000614,10197101.0,73.6991647167017,12.899009238017747,10.417877042183033,2.5571505051636674
Czechia,CZE,2005,4431.36895897075,129.0481,35535.7479961511,10211216.0,73.6375545423198,12.637877800254152,10.478294454600483,2.5366984790731624
Czechia,CZE,2006,4519.45697588637,130.7913,37786.8781740905,10238905.0,73.578883191735,12.773953855417156,10.539717183089675,2.5474082427496847
Czechia,CZE,2007,4485.47979116894,132.3365,39629.0061324728,10298828.0,73.5219493596925,12.849666000830386,10.587316607204167,2.5533178188501497
Czechia,CZE,2008,4360.02770432797,126.1208,40328.3426630095,10384603.0,73.4655517409377,12.1449804099396,10.604809792627021,2.496915949438393
Czechia,CZE,2009,4077.69663054804,119.7126,38175.1422773334,10443936.0,73.4084890302159,11.46240268036878,10.549939857056533,2.439072347284275
Czechia,CZE,2010,4308.57118358445,120.9946,39097.3886218756,10474410.0,73.3495599222723,11.551447766509044,10.573810956578788,2.4468107768621308
Czechia,CZE,2011,4144.39895277279,118.1188,39708.1626280195,10496088.0,73.2878338394746,11.253602294492957,10.589312053299581,2.4206882813510133
Czechia,CZE,2012,4109.54462324211,114.029,39347.0492956846,10510785.0,73.2249239592898,10.848761533986282,10.580176264901409,2.384050929138447
Czechia,CZE,2013,4110.99172821634,109.5328,39317.5535692377,10514272.0,73.1622186934979,10.417535327219992,10.57942635384218,2.3434904754505497
Czechia,CZE,2014,3984.15406100189,107.2391,40158.0164275735,10525347.0,73.0995921041469,10.188652212606387,10.600577361402111,2.3212745727955277
Czechia,CZE,2015,3982.18836315647,108.2916,42066.5759800801,10546059.0,73.0370442874355,10.268442457983594,10.64700878463625,2.3290753530411203
Czechia,CZE,2016,3927.72515918366,109.8148,43069.4659744727,10566332.0,72.9745753395623,10.392896986390358,10.67056957895742,2.3411225907309676
Czechia,CZE,2017,4089.51341285553,110.3808,45177.5226053634,10594438.0,72.9121853567256,10.4187499138699,10.71835495463993,2.343607059250131
Czechia,CZE,2018,4081.41868670154,109.3448,46301.082036029,10629928.0,72.8498744351241,10.28650429240913,10.742920609909866,2.3308327732177396
Czechia,CZE,2019,4002.2461173426,103.7793,47763.6165520254,10671870.0,72.7876426709563,9.724565610338207,10.774019468650726,2.2746552211894877
Czechia,CZE,2020,3764.47161158552,94.8596,45119.9387309139,10697858.0,72.7254901604208,8.867158266636181,10.717079528256876,2.182354369188188
Czechia,CZE,2021,4056.31700066788,99.5152,47796.0337408466,10505772.0,72.6810594374316,9.472430964616404,10.774697938903921,2.2483855759047953
Czechia,CZE,2022,3895.62928915395,97.6888,48390.661678675,10672118.0,72.6967638379524,9.153646914323849,10.787062133566062,2.214152369751017
Czechia,CZE,2023,3509.34804885656,85.6093,47558.4106763314,10864042.0,72.7352388396817,7.88005974203708,10.76971393301194,2.0643354853178355
Denmark,DNK,1992,3562.82145818303,57.3933,47540.9254822308,5171370.0,84.8829479724314,11.098277632426223,10.769346208167498,2.40678992802856
Denmark,DNK,1993,3646.52089759252,59.7149,47345.4134295964,5188628.0,84.9196035564477,11.50880348331004,10.765225228655247,2.4431122627958297
Denmark,DNK,1994,3761.11016678955,63.6949,49684.138577862,5206180.0,84.960190029235,12.234479023007273,10.813441017845083,2.504258115114098
Denmark,DNK,1995,3707.41092964335,60.5926,50927.5478357083,5233373.0,85.0012191836328,11.578116063961044,10.838159270981603,2.4491167701324827
Denmark,DNK,1996,4172.12941575212,74.0179,52106.5619034914,5263074.0,85.0392028124808,14.063625174185276,10.86104616805424,2.6435916891503273
Denmark,DNK,1997,3849.84990295516,64.2514,53534.6146433982,5284991.0,85.0706527086185,12.157333853548664,10.888083726348441,2.4979325970332797
Denmark,DNK,1998,3773.46075884024,60.2555,54581.4122543301,5304219.0,85.0920806648854,11.359919339680356,10.9074486688695,2.430091312887547
Denmark,DNK,1999,3604.16901055628,57.2769,56015.3553380174,5321799.0,85.0999984741211,10.762695096150756,10.933381134595258,2.3760859969903168
Denmark,DNK,2000,3491.17168608231,53.1494,57907.5020603903,5339616.0,85.0999984741211,9.953786938985875,10.966602224431796,2.297953075644882
Denmark,DNK,2001,3586.44822949877,54.7427,58248.553927359,5358783.0,85.188307882087,10.215509752867396,10.972474545838404,2.323907129409955
Denmark,DNK,2002,3536.23974586372,54.2604,58327.8281608342,5375931.0,85.3000030517578,10.093209901689587,10.973834585398299,2.311862910799572
Denmark,DNK,2003,3729.38314390985,59.6907,58425.9658939096,5390574.0,85.4199981689453,11.073162153047152,10.975515691472536,2.4045243566119234
Denmark,DNK,2004,3598.35312921664,54.1158,59893.0929898784,5404523.0,85.7130276911593,10.013057581584906,11.00031646843789,2.3038899993917337
Denmark,DNK,2005,3484.59359006274,50.6492,61137.6803582961,5419432.0,86.0059706832865,9.345850266227162,11.020883654886951,2.234932422988666
Denmark,DNK,2006,3729.69717999863,58.5998,63262.7404572232,5437272.0,86.2501288149818,10.77742662129097,11.055051816459164,2.37745381910667
Denmark,DNK,2007,3626.53224599977,53.8693,63604.5626658193,5461438.0,86.4251464366349,9.863574391945857,11.060440486783627,2.288848617318208
Denmark,DNK,2008,3502.69455323849,50.6018,62968.1612290596,5493621.0,86.583137512207,9.211010370027346,11.050384500310997,2.220399547836248
Denmark,DNK,2009,3359.26672454922,48.4089,59516.5093273659,5523095.0,86.7617653139929,8.764813931319306,10.994009020733504,2.170745289547675
Denmark,DNK,2010,3498.02225565498,48.56,60190.6346060499,5547683.0,86.8652420043945,8.75320381499808,11.005272047866363,2.1694197836383604
Denmark,DNK,2011,3218.55317400981,43.4849,60729.0557255127,5570572.0,87.1567653955846,7.8061822017559415,11.014177540038855,2.0549160097306967
Denmark,DNK,2012,3072.08722081193,38.5966,60497.6919146995,5591572.0,87.2336196899414,6.902638470898703,11.01036049312094,1.9319037255986724
Denmark,DNK,2013,3075.55142847176,40.3352,61085.0312821103,5614932.0,87.5436524760432,7.183559836521618,11.020022127945916,1.971795059150882
Denmark,DNK,2014,2881.05250715935,36.1972,61552.7997775157,5643475.0,87.6823985731907,6.413991379424911,11.027650618433716,1.8584817572452565
Denmark,DNK,2015,2847.9879109495,34.0712,62405.7161942122,5683483.0,87.7254056577329,5.994774683059666,11.041412155838453,1.7908882036296674
Denmark,DNK,2016,2891.02688317679,35.6784,63823.4502019665,5728010.0,87.6999969482422,6.228760075488695,11.063875959824532,1.8291772881901252
Denmark,DNK,2017,2896.57067618882,33.5457,65352.3988081353,5764980.0,88.0161943799509,5.818875347355931,11.087549425465678,1.7611070037843075
Denmark,DNK,2018,2870.41628591658,33.5379,66238.705427981,5793636.0,88.1059762310689,5.788748205789939,11.101020245208455,1.7559160688650226
Denmark,DNK,2019,2757.24986480703,30.0794,67131.4657009734,5814422.0,88.2096490810669,5.173239919634316,11.114408150464344,1.6434991691522203
Denmark,DNK,2020,2637.04300572344,27.7879,65744.4367251959,5831404.0,88.2394485473632,4.765216061174976,11.093530333915618,1.5613428794517379
Denmark,DNK,2021,2756.12264765988,29.5641,69715.1809680929,5856733.0,88.2616449318149,5.047882496948384,11.152173377452947,1.6189688478183089
Denmark,DNK,2022,2580.54319180783,28.4942,69475.3198650883,5903037.0,88.3880239837703,4.827040724969198,11.148726858631603,1.574233593553724
Denmark,DNK,2023,2482.85667093368,26.2104,69379.22000847,5946952.0,88.552638542867,4.407367000776196,11.147342678149649,1.4832774591740596
Dominica,DMA,1992,,0.0216,11747.6117144571,69325.0,64.6328384371474,0.31157591056617384,9.371405240568452,-1.1661122768117222
Dominica,DMA,1993,,0.0388,11982.8592553573,69433.0,64.7417175067339,0.5588120922327999,9.391232512254055,-0.5819420121899423
Dominica,DMA,1994,,0.0512,11979.3992504496,69477.0,64.8258587618353,0.7369345250946356,9.39094372437282,-0.3052562305023312
Dominica,DMA,1995,,0.0589,12343.9001238545,69469.0,64.8928347425124,0.8478601966344701,9.420917302942094,-0.16503951924089436
Dominica,DMA,1996,,0.0646,12737.8972359049,69410.0,64.9502179888262,0.9307016280074918,9.452336863376779,-0.07181653856293609
Dominica,DMA,1997,,0.0622,13037.1491313755,69299.0,65.0055810408374,0.8975598493484754,9.475558186684221,-0.10807547633218012
Dominica,DMA,1998,,0.0361,13563.4528199459,69124.0,65.0664964386069,0.5222498697992014,9.515134161820345,-0.6496091278529101
Dominica,DMA,1999,,0.0619,13661.6785774172,68870.0,65.1405367221955,0.8987948308407144,9.522350008255938,-0.10670048986605642
Dominica,DMA,2000,,0.0542,14054.6548016043,68511.0,65.2352744316641,0.7911138357344076,9.55070892249859,-0.23431340787196392
Dominica,DMA,2001,,0.0545,14091.5491387572,68288.0,65.3586067945228,0.7980904404873477,9.553330544821943,-0.2255333540100898
Dominica,DMA,2002,,0.0492,13640.70330575,68367.0,65.5209250395792,0.7196454429768748,9.52081349207331,-0.3289966285704814
Dominica,DMA,2003,,0.056,14398.0017636834,68531.0,65.7244163144059,0.8171484437699728,9.574844709524267,-0.20193450690554227
Dominica,DMA,2004,568.107328584539,0.0598,14962.2456326016,68649.0,65.9653093849432,0.871097903829626,9.613285349394342,-0.13800090450891053
Dominica,DMA,2005,596.502458754037,0.0589,15080.5206040984,68734.0,66.2400724917823,0.8569267029417755,9.621159163784245,-0.15440289153121828
Dominica,DMA,2006,610.41188268465,0.0625,15727.7053232323,68806.0,66.5451738755145,0.9083510158997762,9.663179106404735,-0.09612439369675761
Dominica,DMA,2007,624.573329266344,0.0756,16560.5179009944,68847.0,66.877081776731,1.0980870626171075,9.71477670166486,0.09356963194490303
Dominica,DMA,2008,,0.0736,17738.0405685048,68854.0,67.232264436023,1.0689284573154791,9.783466797029554,0.06665670493475097
Dominica,DMA,2009,,0.075,17534.0339616963,68864.0,67.6071900939817,1.089103159851301,9.771899069051885,0.08535456843704582
Dominica,DMA,2010,,0.0773,17516.7879573152,68859.0,67.9983269911984,1.1225838307265572,9.770915011912646,0.11563302000744212
Dominica,DMA,2011,,0.0595,17475.0411061698,69053.0,68.3978165602727,0.8616569881105818,9.76852891938364,-0.1488980131376304
Dominica,DMA,2012,,0.0543,17431.1288003063,69118.0,68.754609337094,0.7856130096356955,9.766012898339438,-0.2412909619520947
Dominica,DMA,2013,,0.0599,17282.6368040368,69715.0,69.119704197722,0.8592125080685649,9.75745762354315,-0.15173899752558068
Dominica,DMA,2014,,0.0669,17520.8546265613,70373.0,69.4907847110252,0.9506486862859336,9.771147143355543,-0.05061069973889051
Dominica,DMA,2015,,0.0724,16920.9126555668,70410.0,69.8679153463528,1.0282630308194858,9.736305571159837,0.02787100086062876
Dominica,DMA,2016,,0.0777,17364.0773046793,69606.0,70.2511605730541,1.1162830790449099,9.762158828418288,0.11000448685227698
Dominica,DMA,2017,,0.0692,16314.2295558891,68496.0,70.6405848604787,1.0102779724363466,9.699792984859304,0.01022551322103359
Dominica,DMA,2018,,0.0715,16877.1244880642,68174.0,71.0362526779762,1.0487869275676944,9.733714403405536,0.047634189209367885
Dominica,DMA,2019,,0.0862,17619.4335416769,67880.0,71.4382284948964,1.2698880377136124,9.776757750373898,0.23892873730362194
Dominica,DMA,2020,,0.0771,14919.5307686719,67573.0,71.846576780589,1.1409882645435308,9.610426423442277,0.13189478558912296
Dominica,DMA,2021,,0.0764,15808.9743503945,67202.0,72.2613620044042,1.136870926460522,9.66833305462631,0.12827968718148566
Dominica,DMA,2022,,0.0812,17550.8009946466,66826.0,72.682648635692,1.215095920749409,9.77285486857311,0.19482302079520714
Dominica,DMA,2023,,0.0814,18278.2253401989,66510.0,73.1105011438027,1.2238761088558112,9.813465758249363,0.20202296071216488
Dominican Republic,DOM,1992,602.320301428522,9.7438,7900.76809265865,7447474.0,55.6153197882278,1.3083362224560973,8.974715260647699,0.26875627081052245
Dominican Republic,DOM,1993,572.287520735944,9.6205,8318.49178576126,7594572.0,56.0297239121388,1.2667599964816978,9.02623624163297,0.23646245678280625
Dominican Republic,DOM,1994,644.909410726293,11.2454,8372.07169739279,7741694.0,56.5282357577084,1.4525761416041503,9.032656647479625,0.3733386294399759
Dominican Republic,DOM,1995,664.774016514394,11.9581,8685.01648557062,7888115.0,57.1317099454393,1.5159642069112835,9.06935457683928,0.4160516767246229
Dominican Republic,DOM,1996,681.360544376303,12.8696,9036.88352149896,8032894.0,57.8287488204273,1.6021125138710905,9.109069650751607,0.47132307955762875
Dominican Republic,DOM,1997,747.226377275424,14.6454,9671.14817881707,8174078.0,58.6073675691044,1.7916883102901635,9.176902317574257,0.583158365434604
Dominican Republic,DOM,1998,780.871349337232,16.7942,10150.4460178993,8310362.0,59.4555813779028,2.0208746622589966,9.22527292615466,0.7035304188134966
Dominican Republic,DOM,1999,797.563330655881,18.2069,10582.0775939337,8446208.0,60.3614054332546,2.15563007683448,9.26691705607126,0.7680830598628108
Dominican Republic,DOM,2000,856.256386147598,19.0138,10896.3184155964,8584190.0,61.3128549215919,2.2149789321997764,9.296180251126438,0.7952428920296423
Dominican Republic,DOM,2001,819.653073657806,19.1483,10991.1363420488,8720283.0,62.2979450293469,2.195834699401384,9.304844439873118,0.7865622473174548
Dominican Republic,DOM,2002,882.200793773631,21.0187,11313.0690271273,8852235.0,63.2914022524877,2.3743947150070013,9.333713887483677,0.8647425481659241
Dominican Republic,DOM,2003,783.89236996528,18.7928,11000.8684059352,8980620.0,64.426197134766,2.0925949433335336,9.305729494658546,0.7384048955103628
Dominican Republic,DOM,2004,749.386905892802,17.4255,11131.2709216332,9104892.0,65.8914085229291,1.9138612517314868,9.317513626576527,0.6491227991447779
Dominican Republic,DOM,2005,772.037711488806,18.79,12022.5080544053,9225034.0,67.5759180469321,2.036848861478451,9.39453584309589,0.7114039378687186
Dominican Republic,DOM,2006,792.6097043369,20.5794,12961.9183632133,9341183.0,69.333853706035,2.203082842933277,9.46977098080499,0.7898576717129335
Dominican Republic,DOM,2007,812.279711429867,20.7545,13754.9212674095,9455658.0,71.0193434994977,2.1949292159255336,9.52915194941714,0.7861497981372446
Dominican Republic,DOM,2008,772.574772036856,20.7204,14030.1411084465,9573130.0,72.4865154265802,2.1644331582251572,9.54896323066863,0.7721585064922142
Dominican Republic,DOM,2009,743.587387722268,19.8411,13992.4103270189,9695265.0,73.5894974865426,2.0464732010935234,9.54627034209884,0.7161179218699669
Dominican Republic,DOM,2010,773.404254862996,20.9277,14975.0010126958,9820175.0,74.1642773174177,2.131092368516854,9.61413749060941,0.7566346973281405
Dominican Republic,DOM,2011,780.082749539865,21.1274,15258.0858148503,9945621.0,74.2440389501301,2.124291685757983,9.63286485888723,0.7534384224622871
Dominican Republic,DOM,2012,791.42994660033,21.8849,15487.2776356321,10070411.0,74.2398679969568,2.173188363414363,9.64777416816731,0.776195381095198
Dominican Republic,DOM,2013,762.355920346053,21.4839,16054.7677297656,10193833.0,74.2251359951216,2.1075389404554694,9.683761139260172,0.74552088780762
Dominican Republic,DOM,2014,745.786212900828,21.701,16993.587444403,10315528.0,74.1931533822153,2.103721690251822,9.74059134272432,0.7437080096298738
Dominican Republic,DOM,2015,797.923170664734,23.8738,17973.1870256815,10434829.0,74.1372305958285,2.2878956617305373,9.796636316622418,0.8276324700872314
Dominican Republic,DOM,2016,842.638249219176,24.8714,18968.9752386179,10551430.0,74.0506780735522,2.3571591717899847,9.850560041365435,0.8574571531927171
Dominican Republic,DOM,2017,824.396571608205,23.7887,19501.8743054078,10666843.0,73.926806252977,2.230153757770692,9.878265858158818,0.8020705327680641
Dominican Republic,DOM,2018,860.8644315883,25.6286,20662.848586153,10782053.0,73.7589255716938,2.3769684678789837,9.936092612460198,0.8658259227784931
Dominican Republic,DOM,2019,938.583494670767,28.4615,21451.286441995,10894043.0,73.5403464672933,2.6125745969609264,9.973539896543576,0.9603361707439174
Dominican Republic,DOM,2020,842.611820450654,26.926,19545.4099552943,11008300.0,73.2643793773663,2.4459725843227385,9.880495752951791,0.8944428288304322
Dominican Republic,DOM,2021,939.195582252068,29.6681,22053.4589869955,11123476.0,72.9243347395035,2.667160876689984,10.00122473873068,0.9810145645992174
Dominican Republic,DOM,2022,950.470105292014,32.1128,22986.95808105,11230734.0,72.4203155643711,2.85936787390744,10.042682294128984,1.0506005772932674
Dominican Republic,DOM,2023,,32.7889,23282.4895071054,11331265.0,72.3577991823338,2.893666329399233,10.055456833718395,1.0625243241878968
Ecuador,ECU,1992,616.129973808237,18.5335,9291.3710483042,10930128.0,56.3627931231524,1.6956343054719945,9.136841404159044,0.5280568923464064
Ecuador,ECU,1993,562.965692222008,18.0812,9284.31503431235,11154274.0,56.99457981186,1.6210109237051196,9.136081699855275,0.48304998159888946
Ecuador,ECU,1994,591.015739147634,18.9542,9494.17506194696,11372197.0,57.6157113551947,1.6667140043388273,9.15843373816045,0.5108540259659408
Ecuador,ECU,1995,679.11036362393,20.8047,9525.17701832407,11590514.0,58.218469145091,1.7949764781786208,9.161693784423163,0.5849919177756202
Ecuador,ECU,1996,701.923963874189,23.9699,9509.27540633173,11810950.0,58.7951345734834,2.029464183660078,9.160022959821866,0.7077718092771226
Ecuador,ECU,1997,715.356853475628,24.9859,9739.26682428016,12031127.0,59.3379890323065,2.076771361485919,9.183921119088735,0.7308144577011981
Ecuador,ECU,1998,721.83171905857,24.5304,9876.7507512592,12251184.0,59.8393139134949,2.002288105378223,9.197938865321838,0.6942905793194849
Ecuador,ECU,1999,638.039870839767,21.7119,9242.96681019585,12470795.0,60.2913906089831,1.7410197184702338,9.13161819645403,0.5544709866669075
Ecuador,ECU,2000,638.756054226183,22.0624,9183.05155276919,12689206.0,60.6865005107058,1.7386745868890456,9.12511484153321,0.5531230912884926
Ecuador,ECU,2001,668.563680952542,24.3171,9405.11680690106,12910740.0,61.0123544006659,1.883478406350062,9.149009161317876,0.6331202834439749
Ecuador,ECU,2002,709.305743944436,24.2976,9697.55517665978,13138472.0,61.2871268050958,1.8493474735874917,9.179629089079816,0.6148328598912344
Ecuador,ECU,2003,770.215737177298,24.941,9802.81408202125,13372306.0,61.5418469886978,1.865123337739953,9.1904247746653,0.6233271837455352
Ecuador,ECU,2004,785.591926855098,26.7658,10290.6634264766,13608701.0,61.7829573274038,1.966815201539074,9.238992299682419,0.6764155855979126
Ecuador,ECU,2005,837.891418715488,28.8656,10660.2046228939,13846163.0,62.0068704145716,2.0847363995353803,9.27427289292903,0.7346424201768352
Ecuador,ECU,2006,811.02739152362,30.9772,10933.4897470283,14086131.0,62.2099988435587,2.1991276383841667,9.299585811732431,0.7880607537190542
Ecuador,ECU,2007,875.476008346416,31.6539,10952.8226853948,14328773.0,62.3887552077227,2.209114485936793,9.301352481513334,0.7925917501374649
Ecuador,ECU,2008,762.824711258849,32.6692,11474.5257023541,14575202.0,62.5395521004212,2.2414234807860636,9.347884700946326,0.8071111465272301
Ecuador,ECU,2009,830.344069134027,35.3903,11403.5277978831,14825954.0,62.6588021150118,2.3870504387103857,9.341678042465627,0.8700584777201172
Ecuador,ECU,2010,867.465226710609,38.2529,11665.6978598204,15076695.0,62.7405258611644,2.5372205247900816,9.364408007768558,0.9310692002885084
Ecuador,ECU,2011,891.346717905666,38.3188,12449.0785549218,15326227.0,62.7949053547691,2.500210912966381,9.429401887500989,0.9163750935021654
Ecuador,ECU,2012,872.14170563726,38.661,12961.0267423765,15572194.0,62.8408732819135,2.482694474522986,9.469702190717019,0.9093444520453454
Ecuador,ECU,2013,911.670139950059,41.1583,13689.1520460125,15807128.0,62.8837286624122,2.603781028406931,9.524358976701079,0.956964630336992
Ecuador,ECU,2014,983.236124319332,43.4594,14064.7992246727,16035124.0,62.9232432195799,2.7102627955979637,9.55143044600321,0.9970456027354503
Ecuador,ECU,2015,936.659126017204,43.2759,13881.5700738105,16266225.0,62.959188676731,2.660475924807385,9.53831734537316,0.978505025890015
Ecuador,ECU,2016,885.602158222866,42.0681,13586.5160772568,16505139.0,62.9913367571804,2.5487879865779983,9.516833114990112,0.9356179467986024
Ecuador,ECU,2017,897.948107586853,41.0581,14179.1537503305,16759519.0,63.0194591842425,2.4498376116880203,9.559528119203028,0.8960217414162917
Ecuador,ECU,2018,869.583266013291,42.2145,14083.5069982304,17049547.0,63.0433276812321,2.4759895380211567,9.552759675276477,0.906640129458478
Ecuador,ECU,2019,903.972772011095,41.9254,13870.4895118068,17340021.0,63.0627139714638,2.417840209074718,9.537518805534463,0.8828746660861823
Ecuador,ECU,2020,785.425200484029,36.5986,12440.3263747814,17546065.0,63.0773897782521,2.0858579972204594,9.428698601863918,0.7351802800622227
Ecuador,ECU,2021,886.141180629787,41.1607,13507.4445638375,17682454.0,63.0871268249117,2.327770794709829,9.510996261607449,0.8449110691414354
Ecuador,ECU,2022,904.739923624519,44.1693,14186.6388544625,17823897.0,63.0901835932266,2.4780944369236426,9.560055874898772,0.9074898926194552
Ecuador,ECU,2023,,46.7901,14343.0190134813,17980083.0,63.1307729554263,2.602329477566928,9.571018622921258,0.95640699681156
"Egypt, Arab Rep.",EGY,1992,560.197168973292,97.451,8034.56230125827,61480660.0,43.1765905116707,1.5850675643364922,8.991507802668966,0.4606270337623601
"Egypt, Arab Rep.",EGY,1993,567.643027729985,97.7877,8079.05480680472,62915681.0,42.9872125093605,1.5542659388841393,8.997030165316671,0.4410033691471477
"Egypt, Arab Rep.",EGY,1994,535.527088500906,93.2275,8221.04684775661,64285589.0,42.823655436222,1.4502083818505576,9.014452833683107,0.3717072577280314
"Egypt, Arab Rep.",EGY,1995,557.752927274638,99.7313,8423.57817499547,65652622.0,42.7019009364527,1.519075658547194,9.038789978366736,0.4181020305017539
"Egypt, Arab Rep.",EGY,1996,578.994921620111,106.9239,8662.33147869592,67028048.0,42.6396966117235,1.5952113061684268,9.066739189190129,0.4670062078184409
"Egypt, Arab Rep.",EGY,1997,589.73786141318,113.7795,8950.65410694496,68431740.0,42.6357980293511,1.6626714445665125,9.099481893173209,0.5084256127821869
"Egypt, Arab Rep.",EGY,1998,615.903471310701,120.1261,9245.47890469795,69943294.0,42.6559554142127,1.717478447612147,9.131889943961236,0.5408571963381918
"Egypt, Arab Rep.",EGY,1999,614.403838049743,129.4087,9588.85938515274,71520954.0,42.6900387539957,1.8093816254184756,9.168357222863529,0.5929851434891203
"Egypt, Arab Rep.",EGY,2000,569.881356092312,127.9157,9981.62775083138,73083284.0,42.7339398932519,1.7502730172880572,9.20850145729165,0.5597717856460369
"Egypt, Arab Rep.",EGY,2001,634.095104088458,141.2032,10117.3331821699,74652029.0,42.7835506765333,1.8914850927896414,9.22200538856565,0.6373622839018895
"Egypt, Arab Rep.",EGY,2002,636.526193894253,144.9625,10143.5063455702,76239137.0,42.8347629483917,1.9014184276508797,9.224589010821136,0.642600148518255
"Egypt, Arab Rep.",EGY,2003,647.53985335306,147.8553,10250.3765500459,77853548.0,42.8834685533792,1.8991465873848163,9.235069720481626,0.6414046207334818
"Egypt, Arab Rep.",EGY,2004,692.141360028845,160.4178,10451.8217511537,79477443.0,42.9255593360476,2.0184066565906003,9.254531572453146,0.7023084162933949
"Egypt, Arab Rep.",EGY,2005,778.769640304157,178.387,10700.6090373232,81101004.0,42.9569271409488,2.199565864807296,9.278055938206151,0.7882600067128176
"Egypt, Arab Rep.",EGY,2006,806.402489163819,188.8763,11211.8320229508,82700403.0,42.9729991680104,2.2838619057273517,9.324724930273662,0.8258678283754116
"Egypt, Arab Rep.",EGY,2007,844.384421346476,201.9575,11782.0060717966,84276225.0,42.9729666344509,2.3963757275554287,9.374328737426653,0.8739574824646982
"Egypt, Arab Rep.",EGY,2008,859.150259001023,202.0257,12391.5847624705,85864789.0,42.9608989120873,2.352835223295081,9.424772873019345,0.8556210789442442
"Egypt, Arab Rep.",EGY,2009,862.435116243687,210.3425,12728.0814586737,87501636.0,42.9383470624904,2.4038693402258215,9.451565969955793,0.8770796642082976
"Egypt, Arab Rep.",EGY,2010,838.166707475228,211.7586,13128.9878334085,89196072.0,42.9057175520154,2.3740798810064194,9.482577876237702,0.8646099438970468
"Egypt, Arab Rep.",EGY,2011,860.053119855617,219.3403,13082.4263680701,91093059.0,42.8634168470177,2.4078706150377496,9.479025109953826,0.8787427947063812
"Egypt, Arab Rep.",EGY,2012,866.240866672303,232.9567,13076.8052395914,93161001.0,42.8118514138525,2.5005817616751456,9.478595347440192,0.9165234094726813
"Egypt, Arab Rep.",EGY,2013,825.189960336054,228.7539,13058.0748239258,95333553.0,42.7514277188751,2.399510904623475,9.477161981851605,0.8752649268457305
"Egypt, Arab Rep.",EGY,2014,832.772090858109,233.1055,13136.365629827,97528654.0,42.6825522284408,2.390123214455518,9.483139665487778,0.8713449187800376
"Egypt, Arab Rep.",EGY,2015,810.817127279737,239.4139,13425.9119599775,99597342.0,42.6056314089048,2.403818166151462,9.504941847049631,0.8770583757721031
"Egypt, Arab Rep.",EGY,2016,872.581407763809,250.123,13727.3201600494,101644589.0,42.5210717266225,2.4607606018260353,9.527143298360558,0.9004704898897549
"Egypt, Arab Rep.",EGY,2017,897.218073562482,261.7067,14018.360593453,103696057.0,42.4486008687179,2.523786415523977,9.548123220331435,0.9257603196736401
"Egypt, Arab Rep.",EGY,2018,870.813573488394,256.219,14488.2094340483,105682094.0,42.4577177449969,2.4244315219567847,9.581090455149566,0.8855970729725143
"Egypt, Arab Rep.",EGY,2019,844.783013447093,237.0298,15026.5682438097,107553158.0,42.4812027332648,2.203838589286239,9.617575129584585,0.7902006532577576
"Egypt, Arab Rep.",EGY,2020,805.259456646637,246.184,15309.2359881702,109315124.0,42.5181534630674,2.2520580043434797,9.636211584609038,0.811844466759011
"Egypt, Arab Rep.",EGY,2021,857.821938469275,261.6313,15579.0160861551,110957008.0,42.5686062621468,2.3579520096648605,9.65368016506566,0.8577934497727284
"Egypt, Arab Rep.",EGY,2022,902.48842991302,258.9936,16360.3907750364,112618250.0,42.6325129008032,2.299748042612987,9.702618495876141,0.8327995702444215
"Egypt, Arab Rep.",EGY,2023,928.39494742708,275.8365,16691.387399222,114535772.0,42.7098115041919,2.4083000025529144,9.722648140775691,0.8789211054641995
El Salvador,SLV,1992,507.302975167018,3.7249,6275.18767116905,5585609.0,50.2872835534805,0.6668744625697932,8.744358671308781,-0.40515346281991244
El Salvador,SLV,1993,526.988357274425,4.0457,6553.07234073841,5659957.0,50.9483930098203,0.7147934162750706,8.787689278309925,-0.3357617063225629
El Salvador,SLV,1994,552.852651235905,4.6932,6795.50608897192,5714129.0,51.6517549528294,0.8213325250444994,8.824016803425009,-0.19682722711521908
El Salvador,SLV,1995,583.227528030499,5.1333,7057.92025248354,5762131.0,52.3961349506028,0.8908683263188567,8.861905705288347,-0.11555864434140177
El Salvador,SLV,1996,553.000781799593,4.5698,7062.30007824136,5805286.0,53.1766916094294,0.7871791329488332,8.862526067548384,-0.23929944153644975
El Salvador,SLV,1997,608.277557924916,5.6022,7234.94456228435,5844578.0,53.9885835355981,0.9585294267610083,8.886677976601446,-0.04235501612157685
El Salvador,SLV,1998,621.595123864483,5.8679,7381.114604175,5880781.0,54.8269693353978,0.9978096446713455,8.906679936566595,-0.0021927576655093547
El Salvador,SLV,1999,641.247860752317,5.8263,7498.46741097206,5913900.0,55.6870076151174,0.9851874397605641,8.92245393343935,-0.014923361740526166
El Salvador,SLV,2000,537.110967454389,5.7988,7545.44796218991,5943366.0,56.5638569810457,0.9756760731208544,8.928699741499129,-0.02462463995168793
El Salvador,SLV,2001,568.00569056859,6.0363,7580.32338410159,5968060.0,57.4526760394716,1.0114342013987796,8.933311140536622,0.011369324989548584
El Salvador,SLV,2002,582.453658736363,6.0539,7675.67106195114,5986631.0,58.3486233966841,1.0112365368769178,8.945811003415107,0.011173875954022904
El Salvador,SLV,2003,622.386657178414,6.5795,7780.27177685599,5998599.0,59.2468576589718,1.096839445343821,8.959346549320141,0.09243281264537255
El Salvador,SLV,2004,627.60446428589,6.8293,7841.53237886842,6004671.0,60.1425374326239,1.1373312542852057,8.967189550733641,0.12868451295719527
El Salvador,SLV,2005,643.90315216252,7.0326,8050.5345128919,6005578.0,61.0308213239291,1.1710113497818195,8.993493767325292,0.15786777695274226
El Salvador,SLV,2006,686.957827636037,7.3891,8404.24674903143,6002319.0,61.9068679391763,1.231040869370655,9.03649242243718,0.2078600467898352
El Salvador,SLV,2007,694.537311720365,7.7786,8548.83476118605,6009824.0,62.7676878093683,1.2943141096977215,9.05355026740173,0.25798090981896676
El Salvador,SLV,2008,702.300695812568,7.0905,8704.80584632591,6029297.0,63.6372503452723,1.1760077501572737,9.071630548257511,0.16212543972450996
El Salvador,SLV,2009,689.42246753204,6.8985,8494.49847423621,6048279.0,64.5299047495248,1.1405723843096525,9.047173994604108,0.13153022790033805
El Salvador,SLV,2010,697.036927315506,6.7247,8648.92982717672,6068249.0,65.4327927543162,1.1081779933552496,9.065190872870513,0.10271721924568236
El Salvador,SLV,2011,692.505312990967,7.0233,8943.06191543327,6090127.0,66.334413642034,1.1532271822902873,9.098633305662624,0.1425642576890932
El Salvador,SLV,2012,701.457404594185,6.9977,9165.42034804478,6113975.0,67.2232666950659,1.1445418079072944,9.1231930237114,0.1350043891511606
El Salvador,SLV,2013,660.094150213557,6.635,9327.56424468351,6138839.0,68.0878511957995,1.0808232631609984,9.14072919273533,0.07772303145238244
El Salvador,SLV,2014,649.043175650273,6.8145,9451.744607867,6162955.0,68.9166664266223,1.1057195777025794,9.153954618037712,0.10049632457079398
El Salvador,SLV,2015,674.353996656659,7.2649,9646.15432339854,6183676.0,69.6982116699219,1.1748513343842724,9.174314599194547,0.16114161566301602
El Salvador,SLV,2016,686.997805008996,7.3283,9863.76121214453,6200800.0,70.3990173339844,1.1818313765965682,9.196622836536617,0.16706524941332093
El Salvador,SLV,2017,674.665441622059,6.6321,10064.7934942601,6213533.0,71.0856704711914,1.0673637687286766,9.2167988206513,0.06519184086089169
El Salvador,SLV,2018,694.567755248769,7.1022,10297.203612692,6219807.0,71.7577209472656,1.1418682283871509,9.239627643443185,0.13266571787499196
El Salvador,SLV,2019,734.803208380046,8.1068,10543.9383291317,6222318.0,72.4148941040039,1.3028585167135462,9.263306407818858,0.2645607095254172
El Salvador,SLV,2020,669.910725026867,6.6535,9692.44931605799,6234673.0,73.0570220947266,1.0671770596469132,9.17910244033956,0.0650169001150812
El Salvador,SLV,2021,722.148396888114,7.532,10809.713399518,6255782.0,73.6838531494141,1.2040061498306687,9.288200397748765,0.18565445470636566
El Salvador,SLV,2022,768.683429492147,8.4658,11085.6178074688,6280319.0,74.1465021298679,1.3479888521586245,9.31340385414361,0.29861374254391976
El Salvador,SLV,2023,,9.2365,11424.6459176917,6309624.0,74.6080675149903,1.4638748679794549,9.343528223395206,0.381086939194492
Equatorial Guinea,GNQ,1992,261.679745781367,0.0741,1390.47918482013,510770.0,37.6998947248541,0.14507508271824893,7.237403703997163,-1.930503858729864
Equatorial Guinea,GNQ,1993,258.032501247882,0.0772,1487.81202528588,530023.0,38.500270629153,0.14565405652207547,7.305061880320276,-1.9265209448002631
Equatorial Guinea,GNQ,1994,252.114582471287,1.2117,1672.34547535897,550138.0,38.799943915078,2.2025382722153353,7.421982396319367,0.7896104553924729
Equatorial Guinea,GNQ,1995,246.344951358607,1.2873,1892.11653062527,571264.0,38.8041524265093,2.253423986107999,7.545451338954733,0.8124508310988386
Equatorial Guinea,GNQ,1996,255.349223595514,1.4079,3033.84031220306,593492.0,38.8068320483764,2.372230796708296,8.017584525762304,0.8638307768693366
Equatorial Guinea,GNQ,1997,277.798468827221,1.9362,7296.10009809843,616893.0,38.808691785582,3.1386318210775612,8.895095251245914,1.1437869791926265
Equatorial Guinea,GNQ,1998,288.860727954079,2.3542,8684.6573083064,641474.0,38.810342340543,3.669985065645685,9.069313220016054,1.3001875927518465
Equatorial Guinea,GNQ,1999,297.691966348771,2.5728,10492.4649475554,667214.0,38.8123944156763,3.8560341959251456,9.258412654487884,1.3496392449468255
Equatorial Guinea,GNQ,2000,342.94581014711,2.7446,11767.4708814313,703279.0,38.8154587133988,3.902576360164316,9.373094298781588,1.361636940202391
Equatorial Guinea,GNQ,2001,346.083765897848,3.6006,18031.964975074,749836.0,38.8638365386531,4.801850004534325,9.799901293901561,1.5690012612708741
Equatorial Guinea,GNQ,2002,450.928237072084,3.2122,20242.4309684399,797957.0,39.1969150391705,4.025530197742484,9.915536223325477,1.3926566283426007
Equatorial Guinea,GNQ,2003,453.514851450604,3.5906,21709.5751241959,847862.0,39.895902485648,4.23488728118491,9.98550869216936,1.443356711736797
Equatorial Guinea,GNQ,2004,1539.1056670147,6.2799,28225.985816122,899917.0,40.9304009672368,6.9783102219426905,10.247998315462738,1.9428067989192261
Equatorial Guinea,GNQ,2005,1455.03413482451,6.3957,31302.957953874,947367.0,42.2814597171299,6.751026793206856,10.351467875381745,1.9096946108278698
Equatorial Guinea,GNQ,2006,1362.7589016065,6.3863,32251.7680082519,990343.0,43.9301279685204,6.44857387793926,10.381328142682548,1.8638590021650812
Equatorial Guinea,GNQ,2007,1453.90111971209,7.1364,35540.4477563657,1036044.0,45.8574549546013,6.888124442591241,10.47842670028898,1.929798833540518
Equatorial Guinea,GNQ,2008,1403.26066049911,6.6067,39994.6159790647,1084530.0,48.0444899085658,6.0917632522844,10.596500123513227,1.8069375722102017
Equatorial Guinea,GNQ,2009,1375.88349844257,5.4778,38706.6052512135,1135673.0,50.4722820636069,4.82339546682892,10.563765542779915,1.573478133750416
Equatorial Guinea,GNQ,2010,1352.16483458066,5.7159,33668.8740654852,1189085.0,53.1218806529176,4.806973429149304,10.42432907130745,1.5700676613636373
Equatorial Guinea,GNQ,2011,1451.36432822459,5.9609,34341.9342607505,1241835.0,55.9743349096911,4.80007408391614,10.444122459619702,1.5686313519439359
Equatorial Guinea,GNQ,2012,1434.92228201116,5.61,35711.4919273537,1293483.0,59.0106940671203,4.337126966492795,10.483227818695157,1.4672121396132816
Equatorial Guinea,GNQ,2013,1674.89731821487,5.7233,32894.3693189101,1346218.0,62.2120073583984,4.2513916765338156,10.40105677678455,1.4472463826372681
Equatorial Guinea,GNQ,2014,1480.61701335792,5.7179,31765.8997056851,1399828.0,65.5593240167184,4.08471612226645,10.366148657105128,1.4072522331840043
Equatorial Guinea,GNQ,2015,1329.54186375437,5.4069,27797.7942803179,1453923.0,68.951270615355,3.718835179029426,10.232711954096343,1.3134104953347046
Equatorial Guinea,GNQ,2016,1510.32394648061,5.3893,24435.0645564801,1508186.0,69.253269853051,3.5733656193599463,10.10377445166844,1.27350790220237
Equatorial Guinea,GNQ,2017,1291.24482554605,4.887,22250.4389230263,1562396.0,69.5516019132985,3.1278881922380752,10.0101170142774,1.1403580778748132
Equatorial Guinea,GNQ,2018,1409.34005936781,5.3152,20165.4795550607,1616422.0,69.8396623666175,3.2882502217861425,9.911727488579896,1.1903555758148268
Equatorial Guinea,GNQ,2019,1273.74315217578,5.1224,18446.5916579681,1670177.0,70.1175419547293,3.0669803260373003,9.82263489841778,1.1206934703861733
Equatorial Guinea,GNQ,2020,1121.3790829434,4.9101,17089.153726379,1716468.0,70.3853314193247,2.8605834772334817,9.746199256239839,1.0510256170426353
Equatorial Guinea,GNQ,2021,1300.88396062046,5.0308,16821.4486470413,1758786.0,70.6431215020592,2.8603821044743363,9.730410056277323,1.0509552188707347
Equatorial Guinea,GNQ,2022,1283.9351679017,5.0888,16932.7706827155,1803545.0,70.8910029445467,2.8215542168340684,9.73700611694773,1.0372878738490567
Equatorial Guinea,GNQ,2023,,4.7651,15688.2384192658,1847549.0,71.1290664883517,2.579146750640984,9.660666565317165,0.9474586274288429
Estonia,EST,1992,4195.77321216626,26.6047,14225.2314074483,1533091.0,70.5333354332329,17.353633933015065,9.562772526521146,2.8538019330503395
Estonia,EST,1993,3639.5461674343,21.8922,13758.2953399439,1494128.0,70.0366053397264,14.652158315753402,9.529397218634436,2.6845876499191683
Estonia,EST,1994,4108.50204498328,22.5587,13824.8432137401,1462514.0,69.500313482695,15.42460448241863,9.534222485547936,2.7359639281284203
Estonia,EST,1995,3917.02322755288,20.6025,14710.9686602535,1436634.0,68.959092258676,14.340813317797018,9.596348661886546,2.6631095502853883
Estonia,EST,1996,4153.07801709925,21.6259,15667.5909129247,1415594.0,68.4475740642067,15.276908492124154,9.659349584725984,2.726342439454286
Estonia,EST,1997,4070.39889054806,21.1799,17915.4540304763,1399535.0,68.0003912958243,15.133526492727942,9.793418973011342,2.716912580134384
Estonia,EST,1998,3790.51957857562,19.0071,18873.3758453389,1386156.0,67.6521763500664,13.712093011176231,9.845507522485825,2.6182781450278845
Estonia,EST,1999,3543.4730567446,17.4201,18737.8980935019,1390244.0,67.43756162347,12.53024648910551,9.838303388002476,2.5281454406303303
Estonia,EST,2000,3377.645508595,17.8215,20528.5708195573,1396985.0,67.385529072627,12.757116218141212,9.929572893345144,2.546089250661337
Estonia,EST,2001,3589.37747318315,18.2484,21874.6948334875,1388115.0,67.3926456349791,13.146173047622135,9.993085760659364,2.5761306932738495
Estonia,EST,2002,3375.56515275032,17.5188,23539.9060675759,1379350.0,67.4090870965661,12.700764853010476,10.066452390473932,2.5416622162976084
Estonia,EST,2003,3680.05850823958,19.5544,25487.5329152987,1370720.0,67.4341760348669,14.26578732345045,10.145944706310958,2.6578641758133084
Estonia,EST,2004,3952.3382123667,20.0456,27384.0831488798,1362550.0,67.467351453949,14.711827088914168,10.217717216609143,2.6886517341683907
Estonia,EST,2005,4015.42832630309,20.0689,30164.0063711861,1354775.0,67.5080523578799,14.81345610894798,10.314404650540725,2.6955359642517798
Estonia,EST,2006,4006.73962643142,19.4325,33304.5935377333,1346810.0,67.5557177507269,14.428538546639837,10.413450610531202,2.6692080888375953
Estonia,EST,2007,4690.13970340714,23.0337,35989.864986622,1340680.0,67.6097866365576,17.180609839782797,10.49099264965237,2.843781413003099
Estonia,EST,2008,4142.50947696917,20.8808,34236.950125417,1337090.0,67.6696980194394,15.6166002288552,10.44106075284848,2.748334465718384
Estonia,EST,2009,3360.6644887123,17.4389,29284.4047394108,1334515.0,67.7348909034398,13.067593844954908,10.284810391850192,2.5701354131330008
Estonia,EST,2010,4419.42268300424,22.2156,30070.2990791103,1331475.0,67.8048042926262,16.684954655551174,10.311293222029231,2.81450739452216
Estonia,EST,2011,4311.6949178562,22.3356,32456.1208864878,1327439.0,67.8775556334506,16.82608391044711,10.38764432950616,2.8229302960677565
Estonia,EST,2012,3984.06344804238,21.2301,33768.572369804,1322696.0,67.9629593320316,16.050626901419523,10.427285837383954,2.7757479080917062
Estonia,EST,2013,4435.56686367547,23.6366,34484.2236457273,1317997.0,68.0923458296768,17.933728225481545,10.4482572128014,2.8866831982654566
Estonia,EST,2014,4226.20121103955,22.7514,35723.6266134228,1314545.0,68.2668382808032,17.307433370481803,10.483567558767932,2.8511360838143625
Estonia,EST,2015,3695.11919135189,21.0222,36356.4410152614,1315407.0,68.4796609690553,15.981517507509082,10.501126661632174,2.771432898752407
Estonia,EST,2016,4579.42111654538,20.5878,37470.0427676805,1315790.0,68.724038178078,15.646721741311303,10.531297033171668,2.7502614216449066
Estonia,EST,2017,4444.84667060588,21.9647,39533.4645582199,1317384.0,68.9931941915158,16.672967031632385,10.584902796220033,2.8137886672257033
Estonia,EST,2018,4282.71513259126,23.6488,40853.6487755073,1321977.0,69.2803532930133,17.888964785317746,10.617751417609087,2.8841840302967574
Estonia,EST,2019,3661.49925395092,15.4629,42218.962853871,1326898.0,69.5787397662154,11.653420232753383,10.650624755820404,2.455599719135476
Estonia,EST,2020,3368.23730668515,12.1329,40920.5270623015,1329522.0,69.8815778947665,9.125760987783579,10.619387100293011,2.211101291912797
Estonia,EST,2021,3427.29968051085,12.9256,44251.5374983455,1330932.0,70.1777274135822,9.711690755049844,10.697645395557778,2.2733303922790786
Estonia,EST,2022,3559.04893160478,15.0182,43128.6327713627,1348840.0,70.4892333736738,11.13415972242816,10.671942388962352,2.4100178351252937
Estonia,EST,2023,3089.39333905852,11.4741,41288.6165892158,1370286.0,70.6770085523126,8.373507428376266,10.628342113577155,2.1250728443211915
Eswatini,SWZ,1992,1001.64710521874,0.9132,5291.89629062784,943416.0,22.9983764952968,0.9679717113129309,8.573931927655785,-0.03255241598286305
Eswatini,SWZ,1993,905.448432502827,0.8204,5299.53230535423,971318.0,23.0223015331371,0.8446255500258412,8.575373851373671,-0.16886188590285794
Eswatini,SWZ,1994,1008.44252718328,1.4598,5427.3500142293,971212.0,23.0408777757025,1.5030703903988007,8.599206266958689,0.4075099429401961
Eswatini,SWZ,1995,991.555793901495,1.4178,5693.82195381247,970433.0,23.0540254640177,1.460997307387527,8.647136998261015,0.3791192897740695
Eswatini,SWZ,1996,896.12967223545,1.1355,5796.65255180591,989841.0,23.0616648391073,1.1471539368444024,8.66503588368115,0.1372840373761181
Eswatini,SWZ,1997,950.865935254294,1.1566,5876.80341246512,1006635.0,23.0630430265279,1.1489765406527688,8.678768255732455,0.1388715814717349
Eswatini,SWZ,1998,952.546443383905,1.1787,5952.85422728074,1019653.0,23.0294921563872,1.1559814956656824,8.691626085583412,0.1449497629124517
Eswatini,SWZ,1999,967.727417315292,1.2654,6062.34805111048,1030782.0,22.9514828473263,1.2276116579451328,8.709852471197284,0.20507054025234772
Eswatini,SWZ,2000,913.698267523096,1.0976,6106.07478740465,1041414.0,22.8409330761997,1.0539516465113778,8.717039421402692,0.05254657289166334
Eswatini,SWZ,2001,896.447007609265,1.112,6135.45299954297,1051064.0,22.7095619136459,1.0579755371699535,8.721839192975391,0.05635721140126569
Eswatini,SWZ,2002,895.040020351145,1.0825,6335.81351839193,1059441.0,22.5690884303038,1.0217652516751758,8.753973500989149,0.021531770363493585
Eswatini,SWZ,2003,877.574503283173,1.0047,6578.30152863605,1066700.0,22.4312316968119,0.9418768163494889,8.791531864651919,-0.059880781163168695
Eswatini,SWZ,2004,855.867486067816,0.9945,6775.2217412302,1073159.0,22.3077107838089,0.9267033123703011,8.82102737454518,-0.07612181602412896
Eswatini,SWZ,2005,858.521707685069,0.9909,7142.1921864324,1079022.0,22.2102447619336,0.9183316002824781,8.873775037122,-0.08519673323472794
Eswatini,SWZ,2006,900.421781084863,0.9989,7584.72030617794,1084436.0,22.1505527018245,0.9211239759653866,8.933891016505244,-0.08216064161725087
Eswatini,SWZ,2007,902.867073860652,1.0324,7866.73073455273,1090705.0,22.139989967508,0.9465437492264178,8.970397846535233,-0.05493808729170488
Eswatini,SWZ,2008,888.920326582466,1.013,7926.37961138221,1098091.0,22.1692008829856,0.9225100651949609,8.977951667049883,-0.08065699234653148
Eswatini,SWZ,2009,995.276783530389,1.0493,7988.59750005303,1105153.0,22.2343865624794,0.9494612963091988,8.985770491444535,-0.05186051174153531
Eswatini,SWZ,2010,835.944523913655,0.8556,8245.64153332215,1111650.0,22.3330792067471,0.7696667116448522,9.017440040738391,-0.261797699857227
Eswatini,SWZ,2011,1001.76421858039,0.8194,8350.89190932865,1117833.0,22.4634753665393,0.733025416139978,9.030123627628994,-0.31057490356295236
Eswatini,SWZ,2012,995.751763389746,0.811,8645.84478287802,1123863.0,22.6237715926065,0.7216182043540894,9.064834112588754,-0.3262590827885101
Eswatini,SWZ,2013,1022.77677200785,0.9627,8951.05749805891,1129990.0,22.8121644356992,0.8519544420747086,9.099526960496705,-0.1602222253257857
Eswatini,SWZ,2014,1005.34809850195,0.9829,9084.49405780635,1136299.0,23.026850446568,0.8650012012683281,9.114324289439837,-0.14502438330170975
Eswatini,SWZ,2015,1046.30784939115,0.9809,9186.65344720515,1142813.0,23.2660261759632,0.8583206526352081,9.125506997474975,-0.15277752829042515
Eswatini,SWZ,2016,1035.35273669945,1.0469,9402.50834103681,1149507.0,23.5278881746356,0.9107382556174081,9.148731777452506,-0.09349973846356124
Eswatini,SWZ,2017,996.714704846792,1.0618,9660.55161538086,1158195.0,23.8052004963161,0.9167713554280583,9.175806028617744,-0.08689717758911136
Eswatini,SWZ,2018,989.952755531414,1.0621,9578.10061089805,1168929.0,24.0579295404227,0.908609504939992,9.16723458522179,-0.09583986462857483
Eswatini,SWZ,2019,1023.13885273742,1.1361,10099.5863118406,1179874.0,24.3459549517751,0.9628994282440329,9.220249742766796,-0.03780630852148078
Eswatini,SWZ,2020,991.485746872995,0.9606,9695.82498058755,1192729.0,24.6652798922192,0.8053799312333313,9.179450657464203,-0.2164411486386686
Eswatini,SWZ,2021,951.152984722388,0.9892,9990.43491951205,1206593.0,25.0156180525173,0.8198290558622502,9.209383406181649,-0.19865942891707872
Eswatini,SWZ,2022,958.916943750887,1.0765,9927.60567008139,1218917.0,25.396682918542,0.8831610355750228,9.20307460712719,-0.12424772176150917
Eswatini,SWZ,2023,,1.0784,10181.5040730397,1230506.0,25.8081878500755,0.876387437363166,9.228328027033676,-0.13194700572781956
Ethiopia,ETH,1992,360.759293316477,1.6961,680.834766978053,51853747.0,13.2797353575599,0.032709304498284374,6.52331964378435,-3.4200957003211703
Ethiopia,ETH,1993,362.729069533154,2.159,743.708485795208,53708891.0,13.5107604305191,0.04019818618112968,6.611649137883782,-3.2139334042474896
Ethiopia,ETH,1994,363.832192837619,2.4964,741.17662360052,55611508.0,13.7172676452417,0.044889989316599724,6.608238955328478,-3.1035404641789746
Ethiopia,ETH,1995,364.887007146337,2.8264,760.264345021167,57537335.0,13.8825578689575,0.04912288690465069,6.633666195200462,-3.013430224381468
Ethiopia,ETH,1996,365.417427056509,3.1872,826.991658780615,59467635.0,14.102746963501,0.053595539825991065,6.717794608855069,-2.9262894265693675
Ethiopia,ETH,1997,364.138774400544,3.3333,826.00521803882,61404539.0,14.3073453903198,0.05428426064724629,6.716601090739306,-2.91352095322627
Ethiopia,ETH,1998,364.193348754706,3.5419,772.78664639708,63363524.0,14.5135431289673,0.055898090516556496,6.650003003242132,-2.884225058321212
Ethiopia,ETH,1999,363.234894582195,3.4961,787.679577487053,65374561.0,14.713321685791,0.053477988173411976,6.669091379607976,-2.928485145754186
Ethiopia,ETH,2000,363.603550531224,3.8766,810.270749126975,67411494.0,14.9193096160889,0.057506513651811364,6.697368449996115,-2.8558570566935617
Ethiopia,ETH,2001,366.971780860921,4.7877,851.313428423251,69487762.0,15.1177673339844,0.06889990211513791,6.746780366785632,-2.67510052164368
Ethiopia,ETH,2002,366.758089028477,4.9217,838.298046963913,71635517.0,15.333233833313,0.06870474599911103,6.73137370188315,-2.6779369991834585
Ethiopia,ETH,2003,367.63116772625,5.2607,795.772138310178,73832663.0,15.5438537597656,0.07125166269568253,6.679312886460326,-2.6415371240259042
Ethiopia,ETH,2004,367.777166433932,5.7314,877.114494970686,76077206.0,15.7585906982422,0.07533662579564239,6.7766375368391225,-2.5857888640811173
Ethiopia,ETH,2005,365.389330954915,5.4729,952.115666295785,78367470.0,15.982967376709,0.06983637471006784,6.8586865256209135,-2.6616002773022664
Ethiopia,ETH,2006,366.046138985671,5.7957,1024.72911938972,80703490.0,16.2148475646973,0.07181473812346902,6.932183582879916,-2.6336655576486323
Ethiopia,ETH,2007,367.675946638422,6.3513,1109.14330261241,83103217.0,16.0948330261902,0.07642664422966923,7.01134319686757,-2.5714238971459356
Ethiopia,ETH,2008,368.664919304241,6.8646,1193.74728332973,85543668.0,16.7936706542969,0.08024673433456232,7.0848526160476215,-2.5226492114503345
Ethiopia,ETH,2009,368.511855785931,6.9098,1262.46398002755,88007636.0,17.1511001586914,0.07851364170263589,7.14082063007126,-2.544482889640296
Ethiopia,ETH,2010,368.354746710272,6.8811,1381.19044652656,90538514.0,17.4937839508057,0.07600191008215576,7.230701048699678,-2.5769968063516817
Ethiopia,ETH,2011,371.365873516346,7.9585,1492.5339647204,93149970.0,17.863790512085,0.08543749396806032,7.308230601939413,-2.459970235098582
Ethiopia,ETH,2012,371.835988806056,8.9861,1576.76875736149,95798767.0,18.2061367034912,0.09380183358727362,7.363132941690848,-2.3665708753222767
Ethiopia,ETH,2013,376.060890534794,10.4416,1696.86515591049,98438751.0,18.615514755249,0.10607204880118806,7.436537801800421,-2.2436367100937633
Ethiopia,ETH,2014,380.177588735816,12.4047,1821.39161774962,101115610.0,19.0262870788574,0.12267838763965326,7.507356113031123,-2.098189082635844
Ethiopia,ETH,2015,380.062892430497,13.5098,1957.41454187301,103867135.0,19.451566696167,0.13006809131685398,7.579379770142119,-2.0396971862906685
Ethiopia,ETH,2016,383.623509864643,16.0312,2084.840556194,106718162.0,19.8763618469238,0.15021997848875993,7.64244765945938,-1.8956545359225248
Ethiopia,ETH,2017,382.08010457893,15.8736,2222.82824481382,109666481.0,20.3084850311279,0.1447443180017785,7.70653564818747,-1.9327864171732094
Ethiopia,ETH,2018,384.725728343228,17.4696,2311.16511659606,112664152.0,20.7838096618652,0.1550590821470879,7.745507055838079,-1.8639490595491768
Ethiopia,ETH,2019,386.237241195762,18.4825,2437.97046055952,115737383.0,21.2486705780029,0.15969343284701712,7.798921193708389,-1.834499346416231
Ethiopia,ETH,2020,380.656754967252,18.0158,2516.54907642544,118917671.0,21.6260051727295,0.15149808980029553,7.8306438278841695,-1.8871822626911094
Ethiopia,ETH,2021,373.902183810576,19.0941,2588.41310215884,122138588.0,22.1067085266113,0.1563314290157014,7.858800265045914,-1.8557769804143964
Ethiopia,ETH,2022,377.921752731092,18.3349,2655.59276743729,125384287.0,22.7367687225342,0.14622964678181724,7.884423173327698,-1.9225769698586528
Ethiopia,ETH,2023,,19.0165,2757.95923634026,128691692.0,23.0586471557617,0.14776789165224435,7.92224627809183,-1.9121125359342028
Faroe Islands,FRO,1992,,0.0016,,47287.0,34.0233879089355,0.03383593799564362,,-3.38623178703869
Faroe Islands,FRO,1993,,0.0016,,46474.0,34.2075805664062,0.03442785213237509,,-3.3688893871856855
Faroe Islands,FRO,1994,,0.0016,,44695.0,33.9336471557617,0.03579818771674684,,-3.3298580092940804
Faroe Islands,FRO,1995,,0.0016,,43611.0,34.3788681030273,0.03668799156176194,,-3.305305782866562
Faroe Islands,FRO,1996,,0.0017,,43581.0,34.8897514343262,0.03900782451068126,,-3.2439930244966857
Faroe Islands,FRO,1997,,0.0017,,44132.0,35.1851005554199,0.03852080123266564,,-3.2565568918358894
Faroe Islands,FRO,1998,,0.0017,,44674.0,35.463436126709,0.038053453910551996,,-3.268763425849195
Faroe Islands,FRO,1999,,0.0017,,45146.0,35.6715698242188,0.03765560625526071,,-3.279273431299216
Faroe Islands,FRO,2000,,0.0018,,45754.0,35.6986770629883,0.03934082266031385,,-3.2354925546914726
Faroe Islands,FRO,2001,,0.0018,,46635.0,35.9342155456543,0.03859761981344484,,-3.254564667276708
Faroe Islands,FRO,2002,,0.0018,,47335.0,35.9365425109863,0.03802683004119573,,-3.2694633146787355
Faroe Islands,FRO,2003,,0.0019,,48032.0,36.1276473999023,0.03955696202531646,,-3.2300135692786567
Faroe Islands,FRO,2004,,0.0019,,48384.0,36.317985534668,0.03926917989417989,,-3.2373152943846732
Faroe Islands,FRO,2005,,0.0019,,48359.0,36.3320579528809,0.03928948075849376,,-3.2367984611139144
Faroe Islands,FRO,2006,,0.002,,48335.0,36.4584197998047,0.04137788352125789,,-3.1850087553566233
Faroe Islands,FRO,2007,,0.002,,48378.0,36.2929878234863,0.04134110546116003,,-3.1858979843709947
Faroe Islands,FRO,2008,,0.002,54263.326408917,48547.0,36.4679222106934,0.04119719035161802,10.90160388932679,-3.189385220301142
Faroe Islands,FRO,2009,,0.002,51533.5447770645,48791.0,36.8888092041016,0.04099116640364001,10.849988229506755,-3.19439868906104
Faroe Islands,FRO,2010,,0.002,51479.1939803423,48657.0,37.2536926269531,0.04110405491501737,10.848933004639983,-3.1916485026137167
Faroe Islands,FRO,2011,,0.002,53440.3360261046,48543.0,37.2975959777832,0.04120058504830769,10.886321096104393,-3.1893028225258355
Faroe Islands,FRO,2012,,0.002,57523.3238940741,48291.0,37.3244972229004,0.04141558468451678,10.95994577747906,-3.184098027332257
Faroe Islands,FRO,2013,,0.002,60948.7676649487,48246.0,37.7414817810059,0.04145421382083489,11.017788915918283,-3.1831657422341215
Faroe Islands,FRO,2014,,0.002,64018.0937166287,48428.0,37.9093894958496,0.04129842240026431,11.066921036707969,-3.1869309782855484
Faroe Islands,FRO,2015,,0.002,64008.8523742079,48899.0,38.1431503295898,0.040900631914763085,11.066776671123707,-3.1966097658140287
Faroe Islands,FRO,2016,,0.002,64155.0271268999,49464.0,38.3200225830078,0.040433446546983665,11.06905773216279,-3.208097951696322
Faroe Islands,FRO,2017,,0.002,65460.6067882316,50180.0,38.3324699401855,0.03985651654045436,11.089203817615502,-3.222469360378331
Faroe Islands,FRO,2018,,0.0021,66193.3474230922,50996.0,38.4058837890625,0.04117970036865636,11.100335244777126,-3.1898098535464987
Faroe Islands,FRO,2019,,0.0021,68134.0306302109,51792.0,38.3945655822754,0.040546802594995365,11.129232082889802,-3.2052983524545113
Faroe Islands,FRO,2020,,0.0021,66032.9109106183,52565.0,38.6689987182617,0.03995053742984876,11.097908546884769,-3.2201131542984167
Faroe Islands,FRO,2021,,0.0021,68426.7943218898,53296.0,38.8083763122559,0.03940258180726509,11.133519756756725,-3.2339239367219466
Faroe Islands,FRO,2022,,0.0021,70256.7191950519,53912.0,38.9959824546757,0.03895236682000297,11.159911229526772,-3.2454157429145383
Faroe Islands,FRO,2023,,0.0021,71807.3137035442,54414.0,39.1975270123645,0.038593009152056455,11.18174161201507,-3.2546841289641084
Fiji,FJI,1992,,0.9929,7950.06640992603,785346.0,43.0309863643019,1.2642835132540307,8.980935561063303,0.2345055690339941
Fiji,FJI,1993,,1.0732,8067.80447464731,790369.0,43.9781449323873,1.3578467778974124,8.995636664106083,0.3059001935347339
Fiji,FJI,1994,,1.1225,8432.29836035248,794771.0,44.8686689740928,1.412356515272953,9.039824654447411,0.34525959677100326
Fiji,FJI,1995,,1.1126,8600.09284204425,798746.0,45.6574672941176,1.392933423140773,9.059528277769868,0.33141189978671354
Fiji,FJI,1996,,1.1642,8956.35010569935,803789.0,46.295551139339,1.448390062566171,9.10011806870306,0.37045263791244254
Fiji,FJI,1997,,1.2026,8669.25168630675,812139.0,46.8061521189816,1.4807809993116943,9.067537755358343,0.39256965082779277
Fiji,FJI,1998,,1.1921,8673.87816621436,822258.0,47.2625624522263,1.4497882659700483,9.06807127843713,0.3714175223010861
Fiji,FJI,1999,,1.2757,9328.6066405707,831828.0,47.6792097632103,1.5336103136706145,9.14084094084213,0.42762463786401744
Fiji,FJI,2000,,1.4433,9070.99316578265,840909.0,48.0649880871211,1.7163569423088587,9.112837037200775,0.5402039877735314
Fiji,FJI,2001,,1.5636,9157.80841609435,849596.0,48.4287914591462,1.8404041450289315,9.122362173157024,0.609985191540137
Fiji,FJI,2002,,1.2938,9357.75384260711,858049.0,48.7795139144731,1.5078392958910272,9.143960566592813,0.4106776961955019
Fiji,FJI,2003,,1.5253,9361.46421337988,866286.0,49.1260494882891,1.7607349074093313,9.14435699029067,0.5657312829237441
Fiji,FJI,2004,761.694759402813,1.979,9766.52768879045,874366.0,49.4772922157817,2.263354247534785,9.186716276419126,0.8168478933022701
Fiji,FJI,2005,655.047320935788,1.7308,9745.58145847385,882379.0,49.8421361321385,1.9615154032450908,9.184569277526831,0.6737173394253656
Fiji,FJI,2006,627.8324058111,1.8608,9837.08591539941,890365.0,50.2294752725468,2.0899294109719047,9.19391479937717,0.7371302907517521
Fiji,FJI,2007,583.628117509735,1.7241,9672.29015915616,897832.0,50.6494569776975,1.9202924377834607,9.177020391757395,0.6524774857870473
Fiji,FJI,2008,,1.2917,9711.96604655315,903399.0,51.0979752573339,1.4298222601530441,9.181114017262809,0.3575501429474566
Fiji,FJI,2009,,1.0635,9536.81721085631,907239.0,51.5628013169579,1.172237965960458,9.162915083080495,0.15891471317283337
Fiji,FJI,2010,,1.6965,9784.30356200221,910419.0,52.0415147785104,1.863427718446122,9.18853470325551,0.6224176511227167
Fiji,FJI,2011,,1.2454,10020.6957855059,912989.0,52.5335449475105,1.3640909145674263,9.212407811899281,0.31048821010873423
Fiji,FJI,2012,,1.2052,10140.6936395636,914918.0,53.0383211294771,1.3172765209559765,9.224311681074171,0.2755663634828506
Fiji,FJI,2013,,1.3731,10604.1558725865,916352.0,53.5552726299291,1.4984416468780557,9.269001266714923,0.40442566599404106
Fiji,FJI,2014,,1.5599,11183.3135357123,917585.0,54.0838287543856,1.7000059939951067,9.322178083451073,0.530631776935429
Fiji,FJI,2015,,1.6172,11674.0633525272,918578.0,54.6234188083653,1.760547280688194,9.365124852554494,0.5656247156500681
Fiji,FJI,2016,,1.5925,11951.9196317982,919166.0,55.1734720973874,1.732548854069885,9.388647183102853,0.5495936502816845
Fiji,FJI,2017,,1.5406,12597.3274662764,918759.0,55.7408343449609,1.676827111353467,9.441239964590862,0.5169033835214313
Fiji,FJI,2018,,1.6549,13100.0959551236,917180.0,56.2328347385698,1.8043350269303735,9.480374833981012,0.5901921177738761
Fiji,FJI,2019,,1.619,13056.3310937089,914899.0,56.70989552257,1.7695942393641266,9.477028436388231,0.5707502770083731
Fiji,FJI,2020,,1.0743,10812.0355014178,914963.0,57.186684691874,1.1741458397771276,9.288415190910907,0.16054093837304928
Fiji,FJI,2021,,1.3427,10322.4279638854,916711.0,57.6618364761928,1.4646927984937457,9.242074279182773,0.38164552661927453
Fiji,FJI,2022,,1.4343,12118.3182710082,919422.0,58.1352701465266,1.5600018272349367,9.402473493478254,0.44468699256520633
Fiji,FJI,2023,,1.4378,13194.8047570404,924145.0,58.6069049738768,1.5558164573741133,9.487578452089824,0.4420004608128212
Finland,FIN,1992,5381.02847300418,54.0942,34926.3833591341,5041992.0,64.0954742431641,10.728735785380064,10.460997792764756,2.3729257291401815
Finland,FIN,1993,5617.27677077652,55.3688,34486.7522555352,5066447.0,64.2520294189453,10.928526440718713,10.448330536682233,2.3913764752331614
Finland,FIN,1994,5972.65301332318,62.0931,35699.7203086225,5088333.0,64.4893951416016,12.203033881626851,10.482898133244674,2.501684599645631
Finland,FIN,1995,5662.00742267697,58.7506,37069.62898136,5107790.0,64.8059387207031,11.502156509958319,10.520553287499062,2.4425345403941097
Finland,FIN,1996,6070.34663389252,64.9367,38301.5126175582,5124573.0,65.2098222301322,12.671631372994394,10.553244668319897,2.5393657447653015
Finland,FIN,1997,6277.08095861145,62.7435,40630.921767316,5139835.0,65.6793976054672,12.207298483317071,10.612284675589208,2.502034009204653
Finland,FIN,1998,6319.46583521513,59.5425,42733.4455712897,5153498.0,66.1787142075127,11.553802873310516,10.662737161270385,2.447014635876373
Finland,FIN,1999,6284.09468261203,58.898,44505.7114770222,5165474.0,66.6718213970733,11.40224498274505,10.70337280771671,2.4338102643235846
Finland,FIN,2000,6257.21912070832,57.5279,46968.841714507,5176209.0,67.1227685349539,11.113905949315416,10.757239718604286,2.408197112460525
Finland,FIN,2001,6405.85272256556,63.5758,48099.3014282794,5188008.0,67.4982392821958,12.25437586063861,10.781022932667794,2.5058830863186774
Finland,FIN,2002,6722.82613567459,65.7268,48792.4864789775,5200598.0,67.7951641569199,12.63831582444942,10.795331614392596,2.536733138104646
Finland,FIN,2003,7072.1791412038,74.0954,49655.5451564067,5213014.0,68.0425549126858,14.213543259235443,10.812865348159614,2.6541952607264303
Finland,FIN,2004,7128.99567069435,70.4547,51494.705860401,5228172.0,68.2766596767133,13.475972098852141,10.8492342825405,2.600908255109701
Finland,FIN,2005,6555.77647291287,58.2464,52744.048034135,5246096.0,68.5140529517604,11.102808640939854,10.873206211496024,2.4071981070267183
Finland,FIN,2006,7106.70978937984,69.8556,54653.981203281,5266268.0,68.7588279849327,13.264725608343518,10.908777340050696,2.585108301988914
Finland,FIN,2007,6968.91134494832,68.0689,57313.2916474478,5288720.0,69.0200377316963,12.870581161415238,10.95628784172694,2.554944176875641
Finland,FIN,2008,6654.45363101075,59.8279,57494.585352886,5313399.0,69.2943672196361,11.259816926980262,10.959446054575483,2.4212403638742424
Finland,FIN,2009,6255.05051638905,57.0808,52599.1487066911,5338871.0,69.546259966947,10.6915488312042,10.870455214311395,2.3694536005292894
Finland,FIN,2010,6812.6019950935,65.8469,54017.9458623339,5363352.0,69.7855798796947,12.277191577207688,10.897071601120729,2.507743197638954
Finland,FIN,2011,6522.93869318769,58.2223,55053.3906850323,5388272.0,70.0583261874252,10.805375081287655,10.916058733079357,2.3800437030340533
Finland,FIN,2012,6265.77228948066,52.3267,53957.6680986279,5413971.0,70.3661363168712,9.665123806536828,10.895955094017753,2.268523922359608
Finland,FIN,2013,6138.31405576065,53.3313,53183.4286685126,5438972.0,70.6742118159277,9.805400726460809,10.881502135612905,2.282933328416516
Finland,FIN,2014,6246.04153603753,49.4416,52710.7334867778,5461512.0,70.9879168940753,9.05273118506377,10.872574385267095,2.2030665005877106
Finland,FIN,2015,5921.59681653244,45.9758,52782.4873926277,5479531.0,71.3054930040604,8.390462614409882,10.873934736507053,2.127095657744473
Finland,FIN,2016,6120.63301519281,48.8071,53984.6316254715,5495303.0,71.6158383428171,8.88160307084068,10.896454685511975,2.183982066706794
Finland,FIN,2017,6070.15750826277,46.0759,55637.2262781223,5508214.0,71.9563038312956,8.364943700444464,10.926607793574822,2.1240496040448846
Finland,FIN,2018,6165.44402350648,47.4392,56226.337241343,5515525.0,72.3423467740343,8.601030726902698,10.937140560294674,2.1518820480432193
Finland,FIN,2019,6024.65366583164,44.1412,56922.4873163103,5521606.0,72.7431214358314,7.99426833424913,10.949445749708461,2.0787248266821328
Finland,FIN,2020,5739.2544528356,39.474,55424.8574989208,5529543.0,73.0849439791673,7.138745462328442,10.922783463419787,1.965537055357223
Finland,FIN,2021,5996.8929932427,39.3124,56790.3766177692,5541017.0,73.3710215780329,7.094798662411612,10.94712216461158,1.9593619328184668
Finland,FIN,2022,5683.95102157914,37.1238,57068.3056478074,5556106.0,73.6967597835949,6.681621984893737,10.95200417407316,1.8993607701843058
Finland,FIN,2023,5866.65173975112,32.8867,56250.8787899319,5583911.0,74.0062548602828,5.889545875641642,10.937576942876753,1.773178893781329
France,FRA,1992,3949.27198438536,396.6334,39331.9041920718,58846584.0,74.4051122960444,6.740126155835996,10.579791280019723,1.9080786422321312
France,FRA,1993,3997.18558148783,376.973,39020.6141584284,59103094.0,74.6168782336776,6.378227847090374,10.571845353633666,1.8528902918585897
France,FRA,1994,3831.06683360221,372.6743,39801.3888979817,59324863.0,74.8499283532348,6.281924325724949,10.59165708759786,1.8376763548364725
France,FRA,1995,3975.88904728611,381.7508,40570.7169560557,59541294.0,75.0991069026347,6.411530122271108,10.610801828118676,1.8580979510688465
France,FRA,1996,4186.80246709718,396.4221,40990.7395148125,59754504.0,75.3592581297959,6.634179408467686,10.621101454682615,1.8922349839438821
France,FRA,1997,4043.67394488538,388.1392,41876.9330265158,59968066.0,75.6252262826369,6.4724315104642525,10.642490429889186,1.867551850967524
France,FRA,1998,4146.55454542881,410.1113,43162.5423856938,60190684.0,75.8918556090764,6.813534466562965,10.672728323700518,1.9189109967643965
France,FRA,1999,4117.93049493822,403.8509,44400.1357889191,60501986.0,76.1682703613968,6.675002370996549,10.700997806724628,1.8983695594917256
France,FRA,2000,4130.17270058081,400.866,45922.4789363701,60918661.0,76.5143983146093,6.580348179353449,10.734710013342344,1.8840876587326445
France,FRA,2001,4240.43326978854,404.9849,46454.8706927365,61364377.0,76.9074413607811,6.599674270301807,10.746236597576468,1.8870202948299066
France,FRA,2002,4220.32024855816,399.5764,46610.7820717214,61812142.0,77.2543866607525,6.464367470067613,10.74958716828033,1.8663051683139225
France,FRA,2003,4296.5464931216,404.4794,46730.975806379,62249855.0,77.4691216035138,6.4976761793260405,10.752162517273561,1.8714446021064268
France,FRA,2004,4327.20397302417,405.5101,47720.4413351103,62707588.0,77.4900500011961,6.466683106994962,10.773115124599729,1.8666633197167497
France,FRA,2005,4313.6963002429,407.7638,48257.4650937971,63180854.0,77.4363315105438,6.453914029082291,10.784305811769585,1.8646867729774144
France,FRA,2006,4214.29234630039,397.0172,49223.247197008,63622342.0,77.3467240068648,6.240216683629785,10.804121294889761,1.8310149067191102
France,FRA,2007,4142.17819118209,389.8648,50157.7837477634,64016890.0,77.2457976606157,6.090030302940365,10.822928990673645,1.8066530575617028
France,FRA,2008,4137.71989985562,382.575,50068.2969141379,64375116.0,77.1561901569367,5.942901912596165,10.821143290647992,1.7821975515530757
France,FRA,2009,3938.38637955439,369.9379,48404.9657826363,64706436.0,77.1005391809676,5.717173172696453,10.787357686256625,1.7434744826568096
France,FRA,2010,4040.43918739374,377.2787,49130.422942344,65026211.0,77.0962844808803,5.801948079059996,10.802233733762806,1.7581937368587572
France,FRA,2011,3951.00450412595,363.6897,50085.6829779109,65340830.0,77.1182717387509,5.566040406894127,10.821490477329268,1.7166839226702566
France,FRA,2012,3929.20601557226,365.0236,49935.6269081617,65657659.0,77.1669464919916,5.559497636064058,10.818489993082492,1.7155077509545036
France,FRA,2013,3925.86545930191,360.1587,50066.5304324783,65997932.0,77.2440721470918,5.457120989791013,10.821108008584666,1.696921359442829
France,FRA,2014,3755.83244171123,326.9509,50326.567863089,66312067.0,77.3524296788613,4.930488744982116,10.826288404778559,1.595438120054068
France,FRA,2015,3799.19260526718,332.1533,50682.8953586333,66548272.0,77.7610919150066,4.991163406917613,10.833343763005127,1.6076690302676113
France,FRA,2016,3718.17053401513,334.7732,50984.075297832,66724104.0,78.5999114705779,5.017275316278507,10.839268613884457,1.6128870206714527
France,FRA,2017,3705.41111644137,338.709,51895.5662985838,66918020.0,78.6467804026368,5.061551432633542,10.856988637731869,1.6216730435448106
France,FRA,2018,3669.37065950443,328.5501,52560.9536243841,67158348.0,78.6714432536599,4.892170665067581,10.86972879653241,1.587636103779687
France,FRA,2019,3605.53190025511,322.9043,53448.5548849943,67382061.0,78.6890784549356,4.792140448182492,10.886474879324254,1.566977169269814
France,FRA,2020,3228.48915727036,287.0868,49311.333409639,67601110.0,78.7119131765249,4.246776421274739,10.805909220216158,1.4461602060260959
France,FRA,2021,3469.83398574773,316.7044,52517.3354905855,67842811.0,78.7364603392338,4.668208692001279,10.868898593896429,1.5407754203661321
France,FRA,2022,3100.1897815932,307.6802,53673.8137406422,68184457.0,78.7591921123356,4.512468288777309,10.890680521722919,1.506844296216536
France,FRA,2023,3136.12237461475,284.1541,54296.7230897731,68372286.0,78.7804323126547,4.155983610084355,10.902219155846359,1.4245491295536403
Gabon,GAB,1992,1256.01226770013,4.9722,23268.9974721281,1038380.0,71.9462586445569,4.78842042412219,10.054877172950047,1.5662005917193265
Gabon,GAB,1993,1294.00384259768,5.083,23551.6812533724,1066405.0,73.045618801257,4.766481777561058,10.066952487697737,1.5616084599212274
Gabon,GAB,1994,1117.36470549403,5.0462,23794.3149295887,1094720.0,74.024363723863,4.609580532008184,10.077201962621265,1.5281368619810396
Gabon,GAB,1995,1194.21566119698,5.671,24344.1857401023,1123213.0,74.9893550877512,5.048908800022792,10.100048321358015,1.6191721407353863
Gabon,GAB,1996,1212.43813569091,6.333,24595.9719625614,1152015.0,75.9421043380347,5.497324253590448,10.110337967154083,1.7042614745120308
Gabon,GAB,1997,1196.8182090102,6.0492,25359.6596581834,1181439.0,76.8793794878098,5.120196641553225,10.140914988042471,1.633192844867268
Gabon,GAB,1998,1241.26399218341,6.9234,25585.5077964813,1211736.0,77.7979485501723,5.713620788686645,10.149781368471638,1.7428529363082055
Gabon,GAB,1999,1177.82369057002,6.5904,22713.7144403948,1243016.0,78.6945795382183,5.301943016019102,10.030724181407908,1.6680733601702813
Gabon,GAB,2000,1153.06155311667,6.6039,21717.2240797447,1275572.0,79.5660404650438,5.17720677468618,9.985860961080174,1.6442656781470955
Gabon,GAB,2001,1205.62017172291,6.741,21604.7804442423,1309589.0,80.4090993437448,5.147416479521437,9.980669886048362,1.638494934343091
Gabon,GAB,2002,1417.03968600606,6.4721,20981.4798585102,1345135.0,81.2205241874174,4.811487322833767,9.951395416093307,1.571006251047004
Gabon,GAB,2003,1621.16641537009,7.3423,20875.4549326477,1382350.0,81.9970830091574,5.311462364813542,9.946329342662317,1.669867195608675
Gabon,GAB,2004,1829.65618455084,6.6252,20438.9307067212,1421609.0,82.7355438220611,4.6603531632115445,9.925196729188034,1.5390912313628313
Gabon,GAB,2005,2074.20458463989,6.3917,20385.2899909742,1463495.0,83.4326746392243,4.367421822418252,9.92256884085608,1.474172863018876
Gabon,GAB,2006,2263.43017323991,5.7072,19224.1268658969,1508337.0,84.0852434737431,3.783769807410413,9.86392137674414,1.3307208162024384
Gabon,GAB,2007,2419.6346592973,5.1756,19751.8762216408,1556237.0,84.6900183387136,3.3257145280571017,9.891003764381281,1.2016845466773245
Gabon,GAB,2008,2578.18479820338,5.5191,18493.0921103343,1607175.0,85.2437672472316,3.4340379859069485,9.825152541894097,1.2337368241225917
Gabon,GAB,2009,2728.50138573496,5.4491,17911.1458491661,1661556.0,85.7432582123932,3.279516308809333,9.793178471186136,1.187695944695328
Gabon,GAB,2010,2957.4674143756,5.9582,18530.5760936058,1719879.0,86.1852592472945,3.464313477866757,9.827177408575178,1.2425144825256444
Gabon,GAB,2011,2295.78142116486,5.82,19153.0878201525,1781985.0,86.5665383650315,3.266020757750486,9.86021922548259,1.1835723502385738
Gabon,GAB,2012,1955.40804605842,5.89,19450.4027067379,1846889.0,86.8838635787001,3.189146721865797,9.875623053548853,1.1597533957076498
Gabon,GAB,2013,2771.53824040148,6.0777,19836.4554852011,1913059.0,87.1482480671637,3.1769537688069214,9.89527670989838,1.1559228033423188
Gabon,GAB,2014,2602.65376634085,6.2671,20008.9899779322,1978399.0,87.6236017962969,3.1677634289139855,9.903936950438373,1.1530257959473016
Gabon,GAB,2015,2550.96047927478,6.4413,20147.7116202405,2040989.0,88.085308383892,3.1559699733805524,9.91084599369186,1.1492958888003937
Gabon,GAB,2016,2489.24179859903,6.559,19988.1755963792,2100306.0,88.5445883406178,3.12287828535461,9.90289615751552,1.1387551039118022
Gabon,GAB,2017,2263.59335681829,5.7489,19555.7078829752,2156900.0,89.0009733256896,2.665353052992721,9.881022486124055,0.9803365265142308
Gabon,GAB,2018,2294.91220106774,5.4109,19225.5982575261,2212318.0,89.4539949981866,2.445805711475475,9.863997912616643,0.8943746029881158
Gabon,GAB,2019,2205.67182377894,5.6528,19491.4067631986,2267706.0,89.9031850170394,2.4927393586293816,9.877728968614067,0.9133822497895143
Gabon,GAB,2020,2140.11585242125,5.5287,18681.4840738985,2322539.0,90.3480750410147,2.380455182883904,9.835288155837912,0.8672917227093648
Gabon,GAB,2021,2101.49682483071,5.3647,18523.5798032193,2376722.0,90.7881967286967,2.2571844750879575,9.826799783431639,0.8141182291377317
Gabon,GAB,2022,2096.2456480631,5.5833,18662.0497970621,2430747.0,91.2243355459988,2.296948222089753,9.834247318157255,0.8315813819160022
Gabon,GAB,2023,,5.1205,18701.4227766897,2484789.0,91.6375962797313,2.060738356456021,9.83635488426337,0.7230643440465155
"Gambia, The",GMB,1992,,0.1303,2604.26903326754,1145582.0,36.4874748416791,0.11374131227620546,7.864907313378713,-2.1738285996616398
"Gambia, The",GMB,1993,,0.1365,2586.13041645703,1188365.0,37.3130852637624,0.1148636992843108,7.857917989791423,-2.1640090771665608
"Gambia, The",GMB,1994,,0.1567,2508.1039153389,1227226.0,38.3363887885843,0.1276863430207639,7.827282334442671,-2.058178467467265
"Gambia, The",GMB,1995,,0.1497,2456.00078113606,1264313.0,39.5666608739251,0.11840422427041405,7.806289607319124,-2.133650879209097
"Gambia, The",GMB,1996,,0.155,2439.04551648512,1301410.0,40.9481646518734,0.11910158981412468,7.799362059987307,-2.1277784541446954
"Gambia, The",GMB,1997,,0.154,2486.93798396527,1338889.0,42.4301869523111,0.1150207373426774,7.8188075074109795,-2.162642842156501
"Gambia, The",GMB,1998,,0.1678,2502.76477124298,1376987.0,43.96201460512,0.12186026447598997,7.825151308287163,-2.104880263837622
"Gambia, The",GMB,1999,,0.1751,2589.97773860396,1415779.0,45.4929344401818,0.12367749486325197,7.859404559523039,-2.0900779493348036
"Gambia, The",GMB,2000,,0.2662,2658.61770579464,1455084.0,46.9722332873784,0.1829447647008695,7.885561607230264,-1.698571003936919
"Gambia, The",GMB,2001,,0.2982,2737.69610805906,1495011.0,48.3491979765917,0.19946341531935216,7.914872009206047,-1.6121244413266116
"Gambia, The",GMB,2002,,0.3097,2578.557145742,1535691.0,49.5731153377033,0.2016681741313845,7.8549852756429495,-1.6011316346156845
"Gambia, The",GMB,2003,,0.3156,2682.47993310133,1577611.0,50.6010077995371,0.2000493150719664,7.894496993806353,-1.6091913674689762
"Gambia, The",GMB,2004,66.6127185884025,0.3268,2794.19352609118,1621312.0,51.5062022597801,0.2015651521730549,7.9352988023040965,-1.6016426140107427
"Gambia, The",GMB,2005,64.7856046386493,0.3318,2653.64239155191,1667037.0,52.3582132660613,0.19903577425096144,7.883688462615247,-1.6142707003090198
"Gambia, The",GMB,2006,66.4616460917346,0.3678,2564.68653970519,1715275.0,53.1603285370566,0.2144262581801752,7.849591543394402,-1.5397893844293833
"Gambia, The",GMB,2007,75.3210773292618,0.3873,2567.15728802982,1765774.0,53.9196109423854,0.21933724247836925,7.850554452087056,-1.5171448136340469
"Gambia, The",GMB,2008,,0.391,2649.61119865306,1817852.0,54.6431233516671,0.2150890171477106,7.882168190726793,-1.5367033032974218
"Gambia, The",GMB,2009,,0.4342,2745.32540574768,1871422.0,55.3379286345209,0.23201608188853182,7.917654891816713,-1.4609485912331914
"Gambia, The",GMB,2010,,0.4408,2824.21259222517,1926630.0,56.0110896605662,0.22879328153303954,7.9459848763126875,-1.4749363838366458
"Gambia, The",GMB,2011,,0.4636,2519.83983255672,1983784.0,56.6696692994225,0.23369479741746077,7.831950619976303,-1.4537392994846055
"Gambia, The",GMB,2012,,0.4444,2574.93509664061,2043094.0,57.3207304207091,0.2175132421709427,7.853579607592068,-1.5254955467621618
"Gambia, The",GMB,2013,,0.4463,2572.44728941685,2103820.0,57.970305611505,0.2121379205445333,7.852612977475677,-1.550518647231854
"Gambia, The",GMB,2014,,0.4838,2465.10971144823,2164528.0,58.6141799655551,0.22351293214964185,7.809991593173262,-1.498286004635375
"Gambia, The",GMB,2015,,0.509,2495.95741601525,2224529.0,59.2458499408388,0.2288124812038863,7.822427668452454,-1.4748524702480441
"Gambia, The",GMB,2016,,0.5138,2478.46055756999,2283769.0,59.8652472486563,0.2249789711656477,7.815392903503052,-1.4917483426315241
"Gambia, The",GMB,2017,,0.5236,2533.18683710276,2342189.0,60.471712657237,0.22355155796564663,7.837233408474804,-1.4981132071220187
"Gambia, The",GMB,2018,,0.4603,2651.43281455826,2399632.0,61.0645869348107,0.19182107923214892,7.882855457601907,-1.6511922204227505
"Gambia, The",GMB,2019,,0.465,2750.82132179634,2456844.0,61.643210849607,0.1892672062206636,7.919654808541256,-1.6645954728546244
"Gambia, The",GMB,2020,,0.422,2702.31919474482,2515733.0,62.2069251698555,0.16774435124872156,7.901865644313122,-1.785314177326397
"Gambia, The",GMB,2021,,0.4776,2777.79620978324,2576010.0,62.7550706637859,0.1854030069759046,7.92941316201407,-1.6852234071258947
"Gambia, The",GMB,2022,,0.4949,2863.18049829859,2636470.0,63.2869880996278,0.1877131164018555,7.959688348272777,-1.6728404582261558
"Gambia, The",GMB,2023,,0.4738,2963.59873325179,2697845.0,63.8020182456108,0.17562165357906032,7.994159597106788,-1.7394232934297682
Georgia,GEO,1992,1776.99680781127,20.9244,5533.21082317728,4873500.0,54.6303689947684,4.293505694059711,8.618523545041775,1.4571035773341836
Georgia,GEO,1993,1548.52250758043,16.7497,3882.02029747648,4911100.0,54.331352777181,3.410580114434648,8.264110992328495,1.2268823983614854
Georgia,GEO,1994,968.80714712397,10.9231,3532.3200811072,4836076.0,54.0177444912905,2.258670045714749,8.16971018080785,0.8147761647171606
Georgia,GEO,1995,799.90460076894,8.5229,3762.81153750309,4657722.0,53.7014001838407,1.8298430005053972,8.232921706294619,0.6042301710994257
Georgia,GEO,1996,834.097042101285,6.9003,4339.0046688347,4491699.0,53.3941759015751,1.5362338393556647,8.375400261814066,0.4293338623021191
Georgia,GEO,1997,755.882765182464,6.0515,4951.81291757472,4349913.0,53.1079276912372,1.391177248832333,8.507509034485741,0.33015033029593144
Georgia,GEO,1998,716.288859651759,5.4875,5233.28837672816,4243607.0,52.8545115995706,1.2931216297833423,8.562795112197282,0.2570591632568298
Georgia,GEO,1999,669.381104463705,4.8888,5495.24505052866,4157192.0,52.645783673319,1.175986098308666,8.611638461026036,0.16210702824046436
Georgia,GEO,2000,703.790688330461,5.2126,5706.27236527837,4077131.0,52.4935999592259,1.2784970608008426,8.649321263771018,0.24568521680304564
Georgia,GEO,2001,640.36762423724,3.8788,6074.08643017282,4014373.0,52.4098165040349,0.9662281008765254,8.711786875035706,-0.03435534337198223
Georgia,GEO,2002,639.469430603328,3.5935,6464.32539672648,3978515.0,52.4127676027039,0.9032264550969394,8.774053938774035,-0.10178197616716009
Georgia,GEO,2003,684.636577306364,3.9559,7227.73705960701,3951736.0,52.5144705663341,1.0010537141145057,8.88568127302151,0.0010531593474645406
Georgia,GEO,2004,708.052613597414,4.3124,7693.91525392067,3927340.0,52.7173199317225,1.098046005693421,8.948185068684472,0.09353224174821245
Georgia,GEO,2005,727.945648077707,4.9793,8485.58670534953,3902469.0,53.0036280624359,1.2759358242179502,9.046124321459281,0.2436798891577483
Georgia,GEO,2006,781.34402083108,5.6816,9337.98906420101,3880347.0,53.3593916521584,1.464198949217686,9.141846204423,0.381308300580705
Georgia,GEO,2007,865.688124609239,6.5959,10567.2747164758,3860158.0,53.7706073945741,1.708712441304216,9.265517213687636,0.5357401285974625
Georgia,GEO,2008,780.788490925027,5.681,10856.1031328003,3848449.0,54.2232719833673,1.4761791048809534,9.2924827015433,0.38945706358689325
Georgia,GEO,2009,811.604883767971,6.4713,10553.0896395853,3814419.0,54.7033821122222,1.6965362221612257,9.26417395286275,0.5285886561260497
Georgia,GEO,2010,824.605083052625,6.3124,11294.3685917112,3786695.0,55.1969344748228,1.6669945691427486,9.332059525764626,0.5110223459005718
Georgia,GEO,2011,943.642090063012,7.5848,12288.6828861156,3756441.0,55.6899257648533,2.019145249452873,9.416434027257663,0.7026742780272867
Georgia,GEO,2012,993.847722414941,8.2738,13193.9596974054,3728874.0,56.1683526759979,2.218846761783852,9.487514405162825,0.796987584235494
Georgia,GEO,2013,1118.86616651538,9.1493,13913.0018245661,3717668.0,56.6182119019407,2.4610320233006284,9.540579064982966,0.900580783636583
Georgia,GEO,2014,1193.781897604,9.8404,14475.3135356035,3719414.0,57.0237612994258,2.6456855838043305,9.580199962697353,0.9729302316497884
Georgia,GEO,2015,1259.15997860484,10.647,14936.8434116647,3725276.0,57.3803800455672,2.8580432698141025,9.611586152003332,1.0501372192860365
Georgia,GEO,2016,1300.49894445527,11.0252,15442.9564358054,3727505.0,57.6984032005062,2.9577961666047394,9.644908284251944,1.0844444527204604
Georgia,GEO,2017,1312.78610346067,11.1709,16237.6242230275,3728004.0,57.9996827205757,2.9964828363918063,9.695086311328497,1.0974392130144344
Georgia,GEO,2018,1301.87728809329,11.137,17228.6790847503,3726549.0,58.3038181862576,2.988555899841918,9.754330662900651,1.0947902940903103
Georgia,GEO,2019,1371.17934672286,11.9227,18186.8816465807,3720161.0,58.6304091780343,3.204888175538639,9.808455824522444,1.1646771991363716
Georgia,GEO,2020,1327.38644455455,11.5406,17031.1440283426,3722716.0,58.9990552763878,3.100048459243198,9.742798948637239,1.1314177433828567
Georgia,GEO,2021,1425.96785615054,12.3432,18915.6534005263,3708610.0,59.4293560618005,3.3282550605213275,9.847745080511011,1.2024481608038564
Georgia,GEO,2022,1543.58379982411,13.463,20966.5280391134,3712502.0,60.0101622679115,3.6263953527836486,9.950682542191572,1.2882391391478862
Georgia,GEO,2023,1530.06712122186,13.5563,22590.5293649146,3715483.0,60.7523077799724,3.648596965724241,10.025286042782644,1.2943427007442287
Germany,DEU,1992,4191.07717344268,937.793,44672.6920465936,80624598.0,80.026055776091,11.63159908096534,10.707117677732743,2.453725453292536
Germany,DEU,1993,4123.06429325007,929.3273,43948.1489792699,81156363.0,80.0325583093694,11.451071310329665,10.690765785713767,2.438083289844321
Germany,DEU,1994,4089.20711052609,915.2494,44933.2942631644,81438348.0,80.0393454794137,11.238555575808094,10.71293431927771,2.4193503287173668
Germany,DEU,1995,4119.89234314538,910.4733,45475.6859114918,81678051.0,80.0465631829882,11.147098747495823,10.724933086537922,2.4111792620293975
Germany,DEU,1996,4247.28041587343,939.3546,45814.8523072639,81914831.0,80.0543573168571,11.467454532134724,10.732363603717678,2.4395129825486697
Germany,DEU,1997,4203.57228180046,907.4824,46596.1810672853,82034771.0,80.0628737777848,11.06216777273627,10.749273865409734,2.4035309780400342
Germany,DEU,1998,4177.53862595182,906.6052,47565.4526830045,82047195.0,80.0722584625357,11.049801275960744,10.769861992740324,2.402412443726096
Germany,DEU,1999,4080.1161545149,870.6639,48547.0040773031,82100243.0,80.0826572678738,10.604888221829015,10.790287763829937,2.361315047822391
Germany,DEU,2000,4094.27901518469,871.3847,49875.8764172059,82211508.0,80.0942160905637,10.599303202174566,10.817292726312578,2.3607882633134305
Germany,DEU,2001,4210.00080103251,885.4745,50606.7114616457,82349925.0,80.1070808273695,10.752584170538103,10.831839484061902,2.3751461136421494
Germany,DEU,2002,4108.61729515583,869.9404,50406.3800683443,82488495.0,80.1213973750556,10.546202837135045,10.827873034705418,2.3557658744843857
Germany,DEU,2003,4096.47794323132,877.913,50111.5752591319,82534176.0,80.1373116303862,10.636963286578398,10.822007303483055,2.36433503778086
Germany,DEU,2004,4131.61083697,863.3895,50704.9219887398,82516260.0,80.1549694901257,10.463265058304872,10.83377826551301,2.3478705569944927
Germany,DEU,2005,4109.8805864045,841.7481,51182.9591615718,82469422.0,80.1745168510383,10.206790342243456,10.843161926752225,2.323053218624867
Germany,DEU,2006,4235.93876578004,855.4482,53222.0409282226,82376451.0,80.1960996098884,10.384620721278706,10.882227892691956,2.340325934877673
Germany,DEU,2007,4023.73935857078,826.5971,54832.9610328446,82266372.0,80.2198636634402,10.04781273203588,10.912046770821837,2.307354972214972
Germany,DEU,2008,4081.87998694017,829.9111,55425.1109251245,82110097.0,80.2459549084581,10.107296548437885,10.922788035837936,2.313257593558289
Germany,DEU,2009,3821.62500577239,768.1326,52484.8550055388,81902307.0,80.2745192417062,9.378644242585255,10.86827993087751,2.23843521553383
Germany,DEU,2010,4029.83085754355,814.962,54738.7083006711,81776930.0,80.305702559949,9.965671247379914,10.910326385324497,2.299146311895882
Germany,DEU,2011,3891.87175356307,788.1211,57858.4222602355,80274983.0,80.3405762928198,9.817767261314774,10.965754309928744,2.2841937300498105
Germany,DEU,2012,3913.43920397127,800.0321,58017.5855783147,80425823.0,80.393447520218,9.94745307113612,10.968501443198955,2.2973165456537465
Germany,DEU,2013,3986.18505186393,817.8158,58089.1708538296,80645605.0,80.4732318400362,10.140860124987592,10.969734537409579,2.316572819515071
Germany,DEU,2014,3794.44720253102,778.7527,59108.6977289315,80982500.0,80.57574023743,9.616308461704689,10.987133362260066,2.263460455242663
Germany,DEU,2015,3780.85027551891,784.9143,59573.7089539686,81686611.0,80.6974371632814,9.608848872430269,10.994969630795802,2.2626844314609973
Germany,DEU,2016,3765.21799936242,789.2489,60407.9713703755,82348669.0,80.8347870684725,9.584233838679287,11.008876351545517,2.260119439935973
Germany,DEU,2017,3763.19404182465,774.4767,61866.4872205276,82657002.0,80.9842544038853,9.369765189402829,11.032733910131656,2.2374880361073877
Germany,DEU,2018,3659.22924485198,746.6974,62381.3478772241,82905782.0,81.1423036204018,9.006578093672646,11.041021597450383,2.19795520965637
Germany,DEU,2019,3570.88159282488,696.5002,62849.3741865912,83092962.0,81.3053991689039,8.38218043063623,11.0484962567149,2.1261080752359134
Germany,DEU,2020,3349.19931383762,642.0878,60203.289760263,83160871.0,81.4700055002738,7.721032647673928,11.005482276984258,2.043948117743322
Germany,DEU,2021,3467.03057027911,670.667,62530.7653199239,83196078.0,81.6325870653934,8.061281446464339,11.04341395973039,2.087072532276301
Germany,DEU,2022,3261.8564081995,658.0886,63676.087821808,83177813.0,81.7867852780995,7.9118286026587406,11.061564383672016,2.068358931125546
Germany,DEU,2023,2928.19658713867,589.6596,63039.3719696432,83287273.0,81.9034366692129,7.0798283910676245,11.051514762071653,1.9572496688620995
Ghana,GHA,1992,350.413755045689,3.4273,2897.83543196858,16184855.0,37.3800591655132,0.2117596975691163,7.971719334507874,-1.552303149241888
Ghana,GHA,1993,358.208685416489,3.5358,2964.26600943658,16589519.0,38.233449206358,0.2131345700860887,7.9943847291624515,-1.545831528322752
Ghana,GHA,1994,363.878561541399,3.7637,2989.34731012131,16993190.0,39.0969127667762,0.22148284106750998,8.002810351626472,-1.5074101594615046
Ghana,GHA,1995,371.979573023255,4.0443,3039.68873031674,17399017.0,39.960521040618,0.2324441662422653,8.019510397814738,-1.4591052279887584
Ghana,GHA,1996,375.516649147209,4.3906,3106.18555480388,17810181.0,40.8143452217336,0.2465219191203054,8.041150742685293,-1.4003043680721146
Ghana,GHA,1997,383.784688131443,4.6174,3160.44504053249,18238958.0,41.6484565039731,0.2531613922242707,8.058468132276102,-1.3737280797052958
Ghana,GHA,1998,395.747512800287,6.2701,3229.48228272631,18688036.0,42.4529260811866,0.33551412251132223,8.080077119384189,-1.0920912295328606
Ghana,GHA,1999,401.340038042534,6.8427,3290.26865235748,19149864.0,43.2178251472243,0.35732368647631124,8.098724497677159,-1.0291132231852875
Ghana,GHA,2000,322.127334642966,6.0172,3327.35199291767,19637087.0,43.9373786640616,0.3064201935857391,8.109932069315366,-1.1827979373287247
Ghana,GHA,2001,313.165728366048,6.5036,3369.50702508212,20167069.0,44.6410507317701,0.3224861282519537,8.122521729287532,-1.1316951568436395
Ghana,GHA,2002,303.745365125789,7.6803,3425.61820934278,20729388.0,45.3484692124806,0.3705029786697031,8.13903723348651,-0.9928937946839724
Ghana,GHA,2003,281.217826361178,7.2083,3507.75105744843,21296705.0,46.0547973581418,0.3384701999675537,8.162730386734662,-1.0833192260515339
Ghana,GHA,2004,270.192103863779,6.7168,3607.36522285021,21868298.0,46.7572004525685,0.30714781735643076,8.190732929686831,-1.1804261575135788
Ghana,GHA,2005,261.893368449293,7.1058,3721.30785741996,22449438.0,47.4528437795757,0.31652462747619786,8.22183046005459,-1.1503542284939825
Ghana,GHA,2006,275.072843065691,8.6407,3857.86154847605,23040702.0,48.1388926229785,0.37501895558564147,8.257868305957041,-0.9807787060608676
Ghana,GHA,2007,264.071017059123,9.1225,3923.12567803728,23642279.0,48.8125122665918,0.3858553568376382,8.274643981902695,-0.9522927029621494
Ghana,GHA,2008,275.17472403187,8.6514,4174.78124103364,24249946.0,49.4708679942306,0.35675955732025133,8.336817238554955,-1.03069323301837
Ghana,GHA,2009,274.01988137685,9.9181,4269.16005861557,24862664.0,50.1111250897099,0.3989154179133821,8.35917237928902,-0.9190058697438012
Ghana,GHA,2010,296.099589771501,11.128,4495.68916584106,25474995.0,50.7296926788704,0.436820497903925,8.410874253472036,-0.8282329282167736
Ghana,GHA,2011,303.487492260089,11.9922,5005.36732498187,26095088.0,51.3304086646488,0.45955775278473865,8.518266080661059,-0.7774906589368192
Ghana,GHA,2012,329.325111415578,14.4756,5339.71321903045,26734268.0,51.9197918381031,0.5414623658295039,8.5829272262107,-0.6134817148094969
Ghana,GHA,2013,323.671149524462,15.3977,5593.77481886917,27386193.0,52.4985794475913,0.5622431712213523,8.629409618906134,-0.5758208336653752
Ghana,GHA,2014,321.354700935333,14.8352,5619.07233511591,28041592.0,53.0663398797148,0.5290427162623292,8.633921864337028,-0.6366861013057419
Ghana,GHA,2015,329.310413380585,15.6106,5607.36635657413,28696068.0,53.6226415210752,0.5439978745520118,8.631836433132044,-0.6088099392073348
Ghana,GHA,2016,327.900376302991,16.04,5666.07795334591,29356742.0,54.167052758274,0.5463821564395668,8.642252438387226,-0.6044366278481674
Ghana,GHA,2017,321.689981223707,17.3725,5993.63085211077,30008354.0,54.6991419779128,0.5789221228195321,8.698452659745659,-0.5465873133578308
Ghana,GHA,2018,350.473174277428,19.0565,6234.51208201488,30637585.0,55.218477566593,0.6219974583505847,8.737855600363206,-0.47481927250438555
Ghana,GHA,2019,354.248843433875,20.2766,6508.24652305901,31258945.0,55.7246279109161,0.6486655259798435,8.78082534762442,-0.4328380634158474
Ghana,GHA,2020,367.161102921615,22.9458,6412.68541762469,31887809.0,56.2171613974837,0.7195790717386698,8.766033404090185,-0.3290888605156345
Ghana,GHA,2021,361.944978890071,24.4916,6607.50297378321,32518665.0,56.6952556826536,0.7531551495118265,8.795961096540124,-0.2834840305575747
Ghana,GHA,2022,359.179379052306,23.7878,6728.45414012286,33149152.0,57.250609602871,0.7175990504975813,8.814100699393022,-0.3318442914023317
Ghana,GHA,2023,,23.2246,6808.53775165029,33787914.0,57.8074737774654,0.6873641267111074,8.825932655331558,-0.37489110284831134
Greece,GRC,1992,2129.91226887459,80.0652,27401.424003405,10399061.0,71.7712094830401,7.699272078507858,10.21835026195291,2.0411257891321792
Greece,GRC,1993,2090.7776810471,79.5932,26804.8537616148,10460415.0,71.8845576676716,7.608990656680447,10.196338260608435,2.029330529263608
Greece,GRC,1994,2138.26711244512,81.2126,27204.3958682198,10512922.0,71.986767203146,7.7250264008426965,10.211133852028345,2.044465240362784
Greece,GRC,1995,2147.14873218934,84.2607,27646.1476383588,10562153.0,72.0831868417364,7.977606459592093,10.227241671325416,2.076638424062991
Greece,GRC,1996,2206.11405582656,84.2499,27905.1065690594,10608800.0,72.1791653357157,7.941510821205037,10.236564982210382,2.0721035369068943
Greece,GRC,1997,2284.8871389477,85.2014,28768.2401472217,10661259.0,72.2800514373571,7.991682783431113,10.267027284956947,2.07840134879564
Greece,GRC,1998,2392.93510906742,88.6552,29592.525483114,10720509.0,72.3911938989336,8.269681971257148,10.295277090961884,2.1125960525836023
Greece,GRC,1999,2393.20228327082,88.9042,30263.0543705003,10761698.0,72.5179414727182,8.2611684512983,10.317682919806336,2.111566036523458
Greece,GRC,2000,2512.02003858494,96.0663,31386.639783624,10805808.0,72.665642910984,8.89024680060945,10.354137596754127,2.1849548107388306
Greece,GRC,2001,2583.56128087388,98.1212,32675.9292327768,10862132.0,72.8460703788502,9.033327895481293,10.394393976734627,2.2009208372411235
Greece,GRC,2002,2603.6056227148,98.0879,34081.0289759343,10902022.0,73.0977109642516,8.99722088251152,10.436496173443272,2.1969157388184604
Greece,GRC,2003,2672.75982215817,101.8453,35970.7016808475,10928070.0,73.432268024093,9.319605383201242,10.490460043890215,2.2321202869428647
Greece,GRC,2004,2717.47100440097,101.5903,37811.4913664483,10955141.0,73.8267602923728,9.273299175245668,10.540368339811097,2.227139214345817
Greece,GRC,2005,2758.67496021751,103.6398,38146.962971083,10987314.0,74.2617376694311,9.432678450802443,10.549201425970567,2.244180091394832
Greece,GRC,2006,2748.70086926019,102.3866,40483.1569225337,11020362.0,74.717750055608,9.290674843530548,10.608641288137244,2.2290111921175413
Greece,GRC,2007,2737.50471822283,106.0063,41796.2336918303,11048473.0,75.1753473512439,9.594656202716882,10.640561511387062,2.2612062979388146
Greece,GRC,2008,2749.77926334315,101.836,41709.3877420312,11077841.0,75.615079456679,9.192765991134916,10.638481508158085,2.2184168694434043
Greece,GRC,2009,2654.84323438585,96.2178,39886.2135496664,11107017.0,76.0174962722535,8.6627939796977,10.593786018099395,2.1590373009904122
Greece,GRC,2010,2487.52918925294,89.0981,37566.7483686263,11121341.0,76.3631476983077,8.011452935396909,10.533874586209912,2.080872134817937
Greece,GRC,2011,2413.16129816794,86.1447,33906.4917435676,11104899.0,76.6352609929407,7.757360062437308,10.431361771895759,2.0486420781750905
Greece,GRC,2012,2408.75576544664,81.555,31250.2268565956,11045011.0,76.8679797449322,7.383876756664162,10.349781914549258,1.9992988064686508
Greece,GRC,2013,2133.12835852595,73.8775,30762.4432227813,10965211.0,77.0951999650171,6.7374444504533475,10.334049849034262,1.9076806913704547
Greece,GRC,2014,2128.79231677777,71.0085,31213.3765120298,10892413.0,77.3130486275866,6.5190789221818894,10.348602016277187,1.8747330963550666
Greece,GRC,2015,2148.04707916151,69.4522,31347.976574604,10820883.0,77.5194426317545,6.418348668957977,10.35290500090324,1.8591608679427754
Greece,GRC,2016,2109.41656684289,68.1612,31468.6198471099,10775971.0,77.7122988766348,6.32529541885367,10.356746132951523,1.8445567400609972
Greece,GRC,2017,2148.0515638287,68.3839,31995.4108838386,10754679.0,77.8895342613411,6.358525438090714,10.373347761617639,1.8497965011140076
Greece,GRC,2018,2089.36044213673,66.5357,32722.3310444029,10732882.0,78.0490656849874,6.199238936941635,10.395813030367432,1.8244265324102016
Greece,GRC,2019,2058.5433840771,61.4927,33502.7506488997,10721582.0,78.1888100466875,5.735412926935596,10.419382823364783,1.7466597491987168
Greece,GRC,2020,1839.48818892263,52.3606,30487.1129331045,10698599.0,78.3066842455552,4.894154832796332,10.32505934652245,1.5880416017894092
Greece,GRC,2021,1924.00171997177,53.7151,33531.15511226,10569207.0,78.3884898647442,5.082226131061677,10.42023028897902,1.6257493803782577
Greece,GRC,2022,1957.79872050503,55.1164,35831.3441781205,10436882.0,78.5502190980809,5.280925855059011,10.48657832503267,1.6641014336828552
Greece,GRC,2023,1874.9562305559,51.2379,36700.5134631055,10407351.0,78.7746303842088,4.92324127436463,10.510546024765103,1.593967109196222
Greenland,GRL,1992,,0.0012,36343.125721052,55300.0,80.2990036010742,0.0216998191681736,10.50076035148877,-3.8304513517343346
Greenland,GRL,1993,,0.0012,34578.3464998854,55200.0,80.467903137207,0.021739130434782608,10.450982941433688,-3.828641396489095
Greenland,GRL,1994,,0.0012,36428.9123982244,55500.0,80.7938690185547,0.021621621621621623,10.503118034992704,-3.834061463958434
Greenland,GRL,1995,,0.0012,37584.0719088915,55800.0,81.0566635131836,0.021505376344086023,10.534335620181546,-3.8394523125933104
Greenland,GRL,1996,,0.0013,38090.7089953713,55900.0,81.0665817260742,0.023255813953488372,10.547725672987296,-3.7612001156935624
Greenland,GRL,1997,,0.0013,38581.2151944518,56000.0,81.072395324707,0.023214285714285715,10.560520784005446,-3.7629874262676584
Greenland,GRL,1998,,0.0013,41500.2312703294,56100.0,81.1202621459961,0.023172905525846704,10.633454278982283,-3.7647715480611597
Greenland,GRL,1999,,0.0013,42072.0565017419,56100.0,81.1649703979492,0.023172905525846704,10.647139058245601,-3.7647715480611597
Greenland,GRL,2000,,0.0013,44991.6751496134,56185.0,81.4517822265625,0.02313784818011925,10.714232754963204,-3.766285552892375
Greenland,GRL,2001,,0.0014,45405.8543742044,56379.0,81.7906112670898,0.024831940970928893,10.723396326689642,-3.6956245121213604
Greenland,GRL,2002,,0.0014,44793.2704252565,56595.0,82.0752868652344,0.024737167594310452,10.709813193397911,-3.6994484054631704
Greenland,GRL,2003,,0.0014,46649.0480779756,56751.0,82.3485946655273,0.02466916882521894,10.750407800450478,-3.702201040730423
Greenland,GRL,2004,,0.6039,49742.0582266726,56898.0,82.5634307861328,10.61372983233154,10.814606096209213,2.36214843018421
Greenland,GRL,2005,,0.6108,52189.001485462,56935.0,82.6899108886719,10.728023184333011,10.862627052158247,2.372859307081909
Greenland,GRL,2006,,0.6246,55243.7102798786,56775.0,82.8471984863281,11.001321003963012,10.919509771811441,2.398015356857356
Greenland,GRL,2007,,0.6153,56763.2387284359,56555.0,83.2039566040039,10.879674652992662,10.946644189696078,2.3868963377631003
Greenland,GRL,2008,,0.6323,60506.1946272328,56328.0,83.621826171875,11.225323107513137,11.010501029310154,2.4181722178477356
Greenland,GRL,2009,,0.5504,61035.5672997071,56323.0,83.8556137084961,9.772206736146867,11.0192120437229,2.279542309142531
Greenland,GRL,2010,,0.6428,61863.2826915137,56534.0,84.2784881591797,11.370148936922913,11.032682111295905,2.4309914067903646
Greenland,GRL,2011,,0.6829,61170.9203658321,56890.0,84.5286026000977,12.00386711197047,11.021427198156314,2.4852288572044876
Greenland,GRL,2012,,0.5389,62111.1033086807,56810.0,84.8864593505859,9.48600598486182,11.036680049180484,2.2498176583704153
Greenland,GRL,2013,,0.5374,61659.6415225985,56483.0,85.3725891113281,9.51436715471912,11.029384887647673,2.2528029882597083
Greenland,GRL,2014,,0.4808,64799.3056628017,56295.0,85.6772384643555,8.540722977173816,11.07905016720274,2.144845661965904
Greenland,GRL,2015,,0.5188,63364.0536061164,56114.0,86.046257019043,9.245464589941905,11.056652001811104,2.2241331166799485
Greenland,GRL,2016,,0.5159,66245.7294730698,56186.0,86.2261047363281,9.18200263410814,11.10112628098693,2.217245332704373
Greenland,GRL,2017,,0.5031,66297.1790691281,56172.0,86.3915557861328,8.956419568468275,11.101902627291812,2.192370545391339
Greenland,GRL,2018,,0.5083,66887.6779268926,56023.0,86.72509765625,9.073059279224605,11.110770042707857,2.205309503752019
Greenland,GRL,2019,,0.5239,68534.9419039133,56225.0,87.0217895507812,9.31791907514451,11.135098994980192,2.2319393285687945
Greenland,GRL,2020,,0.5275,68533.7339902964,56367.0,87.2840881978115,9.358312487803147,11.135081370039861,2.2362649844707265
Greenland,GRL,2021,,0.5484,69302.0088788237,56653.0,87.5452017613678,9.679981642631459,11.14622917290826,2.2700600048643174
Greenland,GRL,2022,,0.5904,70681.2253902158,56661.0,87.8049405256832,10.41986551596336,11.165935263439767,2.343714129904444
Greenland,GRL,2023,,0.5849,71037.5372239623,56865.0,88.0631147749908,10.285764530027258,11.170963709609635,2.3307608548125724
Grenada,GRD,1992,,0.0529,8785.75882374895,101602.0,33.6304612487265,0.5206590421448397,9.080887374096246,-0.65265988112575
Grenada,GRD,1993,,0.0595,8548.03859699698,102382.0,33.8645013126556,0.5811568439764803,9.053457131753714,-0.5427346033524887
Grenada,GRD,1994,,0.0695,8629.08629470408,103138.0,34.1599790749802,0.6738544474393531,9.06289390300345,-0.39474114474518873
Grenada,GRD,1995,,0.0625,8750.81831848402,103869.0,34.4927373890347,0.601719473567667,9.076902497091199,-0.5079639330321313
Grenada,GRD,1996,,0.0667,9076.71902949207,104584.0,34.8386191081534,0.6377648588694256,9.113468065931869,-0.44978562333798083
Grenada,GRD,1997,,0.0909,9467.7770534851,105293.0,35.1734670856707,0.8633052529607856,9.155649422984968,-0.1469869390136773
Grenada,GRD,1998,,0.0793,10509.109807501,106009.0,35.473124174921,0.7480496938939146,9.259997760712045,-0.2902858675273607
Grenada,GRD,1999,,0.0803,11158.4897298503,106727.0,35.7134332292386,0.7523869311420728,9.319955897911065,-0.2845045512674211
Grenada,GRD,2000,,0.0574,11625.050939182,107451.0,35.8702371019579,0.5341969828107695,9.360917612311075,-0.6269906263739499
Grenada,GRD,2001,,0.0583,11333.2377092409,107987.0,35.9199973947796,0.539879800346338,9.335495077474674,-0.6164087561523082
Grenada,GRD,2002,,0.0634,11677.7034172407,108404.0,35.9199179937357,0.5848492675547028,9.3654366118127,-0.5364011272505674
Grenada,GRD,2003,,0.0696,12726.5266219464,108884.0,35.9194385233611,0.6392123728004114,9.451443804513348,-0.4475185280208971
Grenada,GRD,2004,676.893242958938,0.0664,12593.3546257337,109323.0,35.9181958391436,0.607374477465858,9.440924543153592,-0.498609746571965
Grenada,GRD,2005,719.922722219184,0.0713,14211.8426569264,109734.0,35.9158260786725,0.6497530391674413,9.561830885937386,-0.43116292803024336
Grenada,GRD,2006,735.461025105552,0.0813,13594.355159621,110135.0,35.9119653795374,0.7381849548281655,9.51740992376958,-0.3035608694823559
Grenada,GRD,2007,732.885760301117,0.0905,14376.2824512778,110522.0,35.9062498793276,0.8188414976203833,9.573335075688153,-0.19986474545776772
Grenada,GRD,2008,,0.0989,14463.560012123,110896.0,35.8983157156326,0.8918265762516231,9.579387662653442,-0.1144835865469625
Grenada,GRD,2009,,0.1063,13463.580293958,111254.0,35.8877990260417,0.9554712639545544,9.507743562921759,-0.04555059010825964
Grenada,GRD,2010,,0.1188,13354.9085012616,111586.0,35.8743359481443,1.0646496872367501,9.499639274248528,0.0626458128792699
Grenada,GRD,2011,,0.0919,13397.8500405513,112079.0,35.8601091092326,0.8199573515109878,9.502849528331392,-0.19850295042887742
Grenada,GRD,2012,,0.0951,13161.3955324377,112775.0,35.8652755773132,0.8432720017734427,9.485043242755399,-0.17046571374311495
Grenada,GRD,2013,,0.1226,13386.3189064112,113487.0,35.8792242623778,1.08029994624935,9.501988487253332,0.0772387305855016
Grenada,GRD,2014,,0.11,14287.9538720088,114132.0,35.9014624346562,0.9637963060316125,9.567172074668235,-0.036875307495832566
Grenada,GRD,2015,,0.1171,15136.6966673773,114676.0,35.9319491111708,1.0211378143639471,9.624877317411174,0.020917509861967457
Grenada,GRD,2016,,0.1276,15640.8274503805,115130.0,35.9706014181883,1.1083123425692694,9.657639918734386,0.10283844622511629
Grenada,GRD,2017,,0.128,16291.4894625979,115438.0,36.0173296416579,1.108820319132348,9.698398131584314,0.10329667462140653
Grenada,GRD,2018,,0.1435,16964.852001696,115691.0,36.0720421424532,1.2403730627274376,9.738898953437042,0.21541219140679824
Grenada,GRD,2019,,0.1804,17036.9151689715,115981.0,36.1346465679904,1.5554271820384373,9.74313774930978,0.44175022304116224
Grenada,GRD,2020,,0.1536,14647.7451384876,116341.0,36.2050502515788,1.3202568312116967,9.592041687137415,0.2778262867719373
Grenada,GRD,2021,,0.1608,15290.250903138,116688.0,36.2831603706908,1.3780337309749076,9.634970708411624,0.32065765050298883
Grenada,GRD,2022,,0.1694,16376.4273099594,116913.0,36.3688840183487,1.4489406652810208,9.70359822067188,0.3708327137637674
Grenada,GRD,2023,,0.1699,17093.1562867447,117081.0,36.462128238584,1.451132122205994,9.74643344523306,0.37234402572224495
Guatemala,GTM,1992,502.681068259635,4.8583,7822.25981413262,9522266.0,34.4334171300471,0.5102041887928777,8.964728770582367,-0.6729442632084077
Guatemala,GTM,1993,487.931596645511,5.388,7915.4069288614,9779761.0,34.7310073212315,0.5509337089117003,8.976566383357586,-0.5961407875721929
Guatemala,GTM,1994,500.751009723185,5.8233,8018.27959123705,10043718.0,35.0756010770794,0.5797952511211486,8.98947916304062,-0.5450802530746086
Guatemala,GTM,1995,516.44742102637,6.7944,8195.34591091977,10312996.0,35.7556305117631,0.6588192218827584,9.011321700283425,-0.4173061039902117
Guatemala,GTM,1996,517.245036950191,6.6692,8222.06539206535,10583526.0,36.8833711270944,0.6301491582294975,9.01457672073018,-0.4617987285251296
Guatemala,GTM,1997,527.538464213906,6.9722,8364.16131429348,10857754.0,38.3195642319091,0.6421401700572696,9.031711347102553,-0.44294866570091046
Guatemala,GTM,1998,559.049507337427,8.702,8559.98628929783,11139145.0,39.9406715289323,0.7812089707064591,9.054853867416963,-0.24691259680635008
Guatemala,GTM,1999,600.767330241403,8.6453,8668.42697938871,11422965.0,41.6231547208891,0.7568350248818936,9.067442620717244,-0.27860998208030535
Guatemala,GTM,2000,615.959274265347,9.6791,8770.4040870875,11697592.0,43.2434755105047,0.8274438021090152,9.07913816036947,-0.1894140868962978
Guatemala,GTM,2001,617.59711543474,10.1703,8771.15520620407,11969422.0,44.678095600504,0.8496901521226339,9.079223799177795,-0.1628835228684095
Guatemala,GTM,2002,691.770542221836,10.6383,8901.53633819804,12246915.0,45.7754731938848,0.8686514113962578,9.093979163092165,-0.14081337182773346
Guatemala,GTM,2003,690.150548663056,10.6273,8926.15358002845,12525842.0,46.5865389722105,0.848429989776336,9.096740850959685,-0.16436770828795602
Guatemala,GTM,2004,695.803562778047,10.8357,9003.85719003217,12807402.0,47.326819486636,0.8460498077596065,9.105408341175847,-0.1671770466886058
Guatemala,GTM,2005,696.528906315535,11.7657,9099.72328845701,13087629.0,48.0557951573834,0.8989940041851736,9.115999284180745,-0.10647891395970566
Guatemala,GTM,2006,686.763346928881,11.9282,9386.00114713774,13367459.0,48.7676356188334,0.8923311453582914,9.146974618572312,-0.11391797610343668
Guatemala,GTM,2007,720.41253856336,12.6993,9772.8053901732,13652040.0,49.4565105053665,0.9302126275633532,9.187358847132609,-0.07234208717854793
Guatemala,GTM,2008,686.736367338845,11.5613,9889.57209974855,13935174.0,50.1165894513633,0.8296487722363567,9.199236157730159,-0.18675283373177676
Guatemala,GTM,2009,721.327289373788,12.1995,9740.70936130832,14215611.0,50.7420420912045,0.8581762683292332,9.18406922368774,-0.15294575965111323
Guatemala,GTM,2010,714.074532356674,11.7791,9825.0176796825,14500112.0,51.3270380592706,0.8123454494696317,9.192687236194622,-0.20782959890898575
Guatemala,GTM,2011,714.303324282615,12.1427,10032.088632465,14792126.0,51.8657469899423,0.820889438069957,9.213544097808255,-0.1973668459916515
Guatemala,GTM,2012,734.084473337375,12.5792,10126.8283621986,15089647.0,52.3523385176,0.8336311644666041,9.222943454654896,-0.18196422328525305
Guatemala,GTM,2013,738.982674301733,13.5353,10297.8395710411,15387337.0,52.7809822766245,0.8796388874826099,9.23968940183268,-0.12824381086199102
Guatemala,GTM,2014,756.287525577607,14.5357,10553.5642244297,15681725.0,53.1458479013964,0.9269197106823388,9.264218923026903,-0.07588832916047919
Guatemala,GTM,2015,787.263517462421,16.9576,10785.9584615777,15971743.0,53.4411050262961,1.0617250728364462,9.286000424747321,0.059895012503523935
Guatemala,GTM,2016,833.55203066865,18.0238,10872.5939962916,16268760.0,53.6609232857043,1.107877920628247,9.294000589759012,0.10244640231643151
Guatemala,GTM,2017,817.676720672477,17.0573,11005.4593976653,16567357.0,53.7994723140017,1.029572791846038,9.306146737538656,0.02914395100464686
Guatemala,GTM,2018,833.831068721414,18.7397,11192.372055508,16845685.0,53.845962303542,1.1124332432904924,9.322987758779558,0.10654972722680628
Guatemala,GTM,2019,851.576981433866,19.663,11466.3765822795,17103803.0,54.1882267267974,1.1496273664985501,9.34717425631636,0.13943786073468084
Guatemala,GTM,2020,823.751784803862,17.6187,11097.15041153,17357325.0,54.5483167911628,1.0150584839541807,9.314443634660305,0.014946230493093226
Guatemala,GTM,2021,924.210448799794,20.2047,11825.141273764,17598650.0,54.9047071553758,1.1480823813190217,9.377983160330121,0.13809305605355177
Guatemala,GTM,2022,887.8389253262,18.9518,12147.9309684074,17847877.0,55.2581228215265,1.061851782147535,9.404914143601536,0.060014348246840044
Guatemala,GTM,2023,,20.1279,12384.948508094,18124838.0,55.6082319565539,1.1105147532904847,9.424237184312394,0.10482364953243047
Guinea,GIN,1992,,0.8258,2076.55062690695,6914366.0,28.7249348395438,0.11943249749868606,7.638463443658237,-2.125003941700254
Guinea,GIN,1993,,0.8505,2115.8664959394,7128177.0,28.9789113203538,0.11931521902444342,7.657219698331526,-2.12598638865626
Guinea,GIN,1994,,0.8643,2134.89769355787,7345107.0,29.2360010751533,0.11767017144882981,7.6661740058063295,-2.1398697254764287
Guinea,GIN,1995,,0.8809,2171.72552153265,7553249.0,29.4990241182623,0.11662530918813878,7.683277301766574,-2.1487889686872643
Guinea,GIN,1996,,0.9112,2205.32363416973,7770035.0,29.7715516995972,0.11727102902367878,7.698629549976954,-2.14326753572308
Guinea,GIN,1997,,0.9158,2272.41100463955,7931370.0,30.0528319349072,0.11546555008781585,7.728596663410002,-2.1587830611488856
Guinea,GIN,1998,,0.9518,2311.327353403,8081990.0,30.3398459469057,0.11776802495425012,7.745577250352428,-2.1390384796331476
Guinea,GIN,1999,,0.9959,2346.2701835771,8265123.0,30.63021654503,0.12049427455586566,7.760582190347297,-2.1161530412394622
Guinea,GIN,2000,,1.4601,2358.28765608495,8428832.0,30.9231105645224,0.17322684803778268,7.765691065211214,-1.7531532831013956
Guinea,GIN,2001,,1.5754,2412.75161959628,8539960.0,31.2176948406254,0.1844739319622106,7.788523126052705,-1.690247115661673
Guinea,GIN,2002,,1.698,2498.13177495102,8674066.0,31.5131362085814,0.19575594651919873,7.82329844147633,-1.6308865664413472
Guinea,GIN,2003,,1.7983,2473.23418295471,8870781.0,31.8086015036327,0.2027217220219956,7.813281958935621,-1.5959210678617464
Guinea,GIN,2004,,1.8304,2477.50282602363,9062726.0,32.1032575610216,0.2019701356964781,7.815006406879024,-1.5996354355975408
Guinea,GIN,2005,,1.7523,2501.22160456279,9245844.0,32.3962712159907,0.1895229900050228,7.824534533334869,-1.6632449425305265
Guinea,GIN,2006,,1.8567,2478.61319510726,9441171.0,32.6868093037822,0.19665992703659324,7.815454487229635,-1.6262793006431457
Guinea,GIN,2007,,1.9398,2587.0048887648,9662281.0,32.9740386596386,0.20076004827431534,7.858256071927112,-1.6056448737375961
Guinea,GIN,2008,,2.062,2629.5397474637,9898870.0,33.2571261188022,0.20830660469326295,7.874564108892982,-1.5687442236170077
Guinea,GIN,2009,,2.1879,2537.30645758746,10143534.0,33.5352385165154,0.2156940569233563,7.838858347569182,-1.5338942784777012
Guinea,GIN,2010,,2.5103,2594.83050344245,10396086.0,33.8075426880206,0.2414658747532485,7.861276476874263,-1.4210271212436254
Guinea,GIN,2011,,2.6535,2673.40873029955,10656810.0,34.0732054685603,0.24899571260067507,7.8911096151486895,-1.3903196011368535
Guinea,GIN,2012,,2.5111,2762.90350938513,10921581.0,34.3313936933767,0.2299209244522382,7.924037401905048,-1.4700198359034242
Guinea,GIN,2013,,2.2699,2802.56007024474,11191873.0,34.5812741977122,0.20281681180620975,7.9382885892374695,-1.595452112248285
Guinea,GIN,2014,,2.3734,2834.96634347846,11472924.0,34.8177920826682,0.20686966984179447,7.949785344302479,-1.5756662982979288
Guinea,GIN,2015,,2.8673,2869.85157178732,11767070.0,35.0373191833496,0.24367153420520146,7.962015590269014,-1.4119341318816532
Guinea,GIN,2016,,3.2295,3099.78874189372,12073030.0,35.3100280761719,0.267497057490953,8.039089240374853,-1.3186467127403974
Guinea,GIN,2017,,3.2701,3332.76576150531,12385659.0,35.5827331542969,0.26402309315959693,8.11155779726182,-1.3317187055720736
Guinea,GIN,2018,,3.7415,3455.64512638662,12704774.0,35.8554382324219,0.29449559669459685,8.147764441314447,-1.2224912278033042
Guinea,GIN,2019,,4.814,3557.46233883145,13034346.0,36.1281547546387,0.36933191738196913,8.176802743493761,-0.9960595341536993
Guinea,GIN,2020,,5.3934,3630.99330577677,13371183.0,36.4802208060551,0.40335997196358764,8.197261527781892,-0.9079258850497004
Guinea,GIN,2021,,5.0777,3738.8051255133,13710513.0,36.8502178436256,0.3703508395345966,8.22652135420545,-0.9933045076573197
Guinea,GIN,2022,,5.2208,3792.01068836277,14055137.0,37.2384967469106,0.3714513775283727,8.240651682032007,-0.990337304874917
Guinea,GIN,2023,,5.0264,3904.82395527998,14405468.0,37.6454083954705,0.3489230617151765,8.269967979383043,-1.0529038346213393
Guinea-Bissau,GNB,1992,,0.1901,1987.61538633299,1024356.0,33.4002994246409,0.18558001319853645,7.5946909008599,-1.6842691519366384
Guinea-Bissau,GNB,1993,,0.2042,1963.44000410032,1058745.0,33.9519253078613,0.19286986007017742,7.582453317961887,-1.6457396176743706
Guinea-Bissau,GNB,1994,,0.2035,1964.50771152778,1092031.0,34.4608840002895,0.1863500211990319,7.582996964431268,-1.6801285392976493
Guinea-Bissau,GNB,1995,,0.2092,1999.82023018049,1119949.0,34.9311501499718,0.18679422009395072,7.600812570592437,-1.6777476953473045
Guinea-Bissau,GNB,1996,,0.2066,2185.76736211592,1143535.0,35.3666984049549,0.1806678413865776,7.6897222413513875,-1.7110950640920108
Guinea-Bissau,GNB,1997,,0.2152,2283.88357077251,1165545.0,35.771503413285,0.18463465589059194,7.733632593457538,-1.6893762394814442
Guinea-Bissau,GNB,1998,,0.2202,1738.54122410447,1187473.0,36.1495398230088,0.1854357951717639,7.4608016636226155,-1.6850465745196255
Guinea-Bissau,GNB,1999,,0.2297,1992.72847838268,1210206.0,36.5047822821727,0.1898023972778188,7.597260073291203,-1.6617717623390837
Guinea-Bissau,GNB,2000,,0.2011,1974.62172274651,1234741.0,36.8412054388232,0.16286816425468986,7.588132126203899,-1.81481421369068
Guinea-Bissau,GNB,2001,,0.2115,2025.60064005453,1261273.0,37.1627839410066,0.16768772502067356,7.613621547932493,-1.7856518088923206
Guinea-Bissau,GNB,2002,,0.2233,2053.96189370909,1289307.0,37.4734924367695,0.17319381652313995,7.627525838081302,-1.7533439848586636
Guinea-Bissau,GNB,2003,,0.2645,2002.27740627342,1318806.0,37.7773055741583,0.20056020369940689,7.60204051484812,-1.6066408094794093
Guinea-Bissau,GNB,2004,63.7243315058282,0.2697,1979.57457765814,1349563.0,38.0781980012196,0.1998424675246728,7.5906372408342975,-1.6102258851797342
Guinea-Bissau,GNB,2005,62.9711526978072,0.2753,2060.53834311757,1381585.0,38.3801443659997,0.19926388893915323,7.63072255925294,-1.6131252576475523
Guinea-Bissau,GNB,2006,63.5906233506182,0.2891,2065.08370690452,1415303.0,38.6871193165452,0.20426721345181914,7.632926040604815,-1.5883262724071845
Guinea-Bissau,GNB,2007,65.4727199297581,0.3073,2065.86121747677,1450986.0,39.0030975009025,0.21178701930962807,7.633302472920261,-1.5521741351829383
Guinea-Bissau,GNB,2008,,0.2916,2105.54284991215,1488054.0,39.3320535671181,0.19596063046099133,7.652328598813631,-1.629841504922637
Guinea-Bissau,GNB,2009,,0.3091,2102.92720552345,1526377.0,39.6716434222135,0.20250567192770855,7.651085560516559,-1.5969873833082542
Guinea-Bissau,GNB,2010,,0.3138,2164.13349780236,1566347.0,40.0095596313477,0.20033874997047268,7.679775328360443,-1.6077455953584028
Guinea-Bissau,GNB,2011,,0.3184,2278.40566106623,1608076.0,40.4391136169434,0.19800059201182033,7.731231205881981,-1.6194852583333832
Guinea-Bissau,GNB,2012,,0.3202,2180.60762289148,1651417.0,40.8686027526855,0.1938940921644866,7.687358843043242,-1.6404431856634771
Guinea-Bissau,GNB,2013,,0.3295,2192.45628322206,1695973.0,41.2976379394531,0.1942837533380543,7.692777784810176,-1.6384355424712442
Guinea-Bissau,GNB,2014,,0.3412,2156.2021908175,1741122.0,41.7271995544434,0.19596559000460623,7.676103708159366,-1.62981619636528
Guinea-Bissau,GNB,2015,,0.3625,2230.39106612596,1786457.0,42.1568145751953,0.2029156033422579,7.709932215055116,-1.5949651334696022
Guinea-Bissau,GNB,2016,,0.3788,2293.23583589196,1831893.0,42.586109161377,0.20678063620528056,7.737719127936355,-1.5760967761029117
Guinea-Bissau,GNB,2017,,0.3066,2342.41526571427,1877072.0,43.0155792236328,0.16333949896434447,7.758937840871042,-1.8119244284967484
Guinea-Bissau,GNB,2018,,0.3526,2373.50158144916,1922168.0,43.4449081420898,0.18343870046738892,7.7721216042852985,-1.6958747246955397
Guinea-Bissau,GNB,2019,,0.3566,2442.10663731324,1967696.0,43.8745574951172,0.18122718143453054,7.800616321740669,-1.7080038887064855
Guinea-Bissau,GNB,2020,,0.3363,2455.85606168546,2013255.0,44.3038330078125,0.16704292302763435,7.806230680743993,-1.7895044754728509
Guinea-Bissau,GNB,2021,,0.336,2522.76764302521,2058841.0,44.7334136962891,0.16319861514318007,7.833111848888793,-1.8127873221304127
Guinea-Bissau,GNB,2022,,0.3439,2603.24022588591,2105529.0,45.1627159118652,0.1633318752674506,7.864512188821534,-1.8119711035193957
Guinea-Bissau,GNB,2023,,0.3293,2693.77665018683,2153339.0,45.5923843383789,0.15292529415944262,7.898699447143938,-1.877805750301704
Guyana,GUY,1992,,1.0825,5799.21836066806,749911.0,29.5528652056286,1.4435046292160003,8.665478422050779,0.3670739270544014
Guyana,GUY,1993,,1.0888,6247.86624866594,752965.0,29.5116033535051,1.4460167471263605,8.739995284226678,0.36881270536131794
Guyana,GUY,1994,,1.4149,6755.3286689231,755822.0,29.4485829712731,1.8720016088444105,8.81808690486174,0.627008237480464
Guyana,GUY,1995,,1.5324,7071.21280005947,758388.0,29.366438121652,2.020601591797339,8.86378728591303,0.7033952847956737
Guyana,GUY,1996,,1.5818,7612.30424290021,760526.0,29.2678028673613,2.0798762961424067,8.937521196469147,0.7323084189361788
Guyana,GUY,1997,,1.724,8064.56715164725,762245.0,29.1553112711205,2.261739991734941,8.995235319143482,0.816134424904502
Guyana,GUY,1998,,1.7494,7915.22956203951,763586.0,29.0315973956489,2.2910320513995805,8.976543975310758,0.8290023935086265
Guyana,GUY,1999,,1.7376,8139.97018415742,764483.0,28.899295303666,2.2729086192891144,9.004541796109955,0.8210603413737894
Guyana,GUY,2000,,1.6621,8025.29326490962,764832.0,28.7610390578913,2.1731569808794613,8.990353491244475,0.7761809402109993
Guyana,GUY,2001,,1.6456,8212.04321760917,764477.0,28.6194627210441,2.152582746112702,9.01335704086355,0.7666683984450846
Guyana,GUY,2002,,1.6237,8314.0272750321,763652.0,28.4796776810692,2.126230272427755,9.02569940042208,0.7543505865791924
Guyana,GUY,2003,,1.6197,8267.42910545363,763101.0,28.3083472486662,2.1225237550468417,9.020078869730416,0.7526058311533814
Guyana,GUY,2004,628.2642854707,1.6735,8404.2001629708,762418.0,28.0668850172523,2.194990149760368,9.036486879264645,0.7861775589363674
Guyana,GUY,2005,650.533437418683,1.4834,8256.52519071138,760914.0,27.7758550706193,1.9494975779128785,9.018759098914119,0.6675716870252156
Guyana,GUY,2006,658.791039387799,1.3346,8702.33133494001,758966.0,27.4604582346121,1.7584450423339122,9.071346238278586,0.5644299198611635
Guyana,GUY,2007,660.623284856797,1.607,9354.08017716534,756861.0,27.1458953350755,2.1232432375297448,9.143567909680073,0.7529447487110562
Guyana,GUY,2008,,1.6055,9546.70875949436,754606.0,26.8573671978542,2.1276003636334724,9.163951741561664,0.7549947547985284
Guyana,GUY,2009,,1.629,9924.52660770631,752094.0,26.620074648793,2.1659526601727976,9.202764407461313,0.7728602924640544
Guyana,GUY,2010,,1.7612,10374.3947557656,749256.0,26.4592185137368,2.3505984603393233,9.247096006603565,0.854669959708882
Guyana,GUY,2011,,1.8334,10958.8598838438,746153.0,26.3999996185303,2.4571368070623585,9.301903529894277,0.8989967725189993
Guyana,GUY,2012,,2.0026,11534.9985588659,746288.0,26.3999996185303,2.683414445897563,9.353141045672077,0.987090030590303
Guyana,GUY,2013,,1.9774,11896.9069854942,750021.0,26.4003891353669,2.6364595124669843,9.384033728129934,0.9694369233246691
Guyana,GUY,2014,,2.0651,12030.0529344045,754229.0,26.4018152016157,2.7380278403508753,9.39516320915892,1.0072378949485559
Guyana,GUY,2015,,2.0746,12040.08253302,758781.0,26.4043918297579,2.7341222302614328,9.39599657374131,1.0058104447864726
Guyana,GUY,2016,,2.4564,12420.4724727603,763548.0,26.4080892882899,3.2170865485863365,9.427101396048966,1.1684761514033384
Guyana,GUY,2017,,2.4688,12801.6408529346,768479.0,26.412905546573,3.212579654095948,9.457328633327378,1.1670742449632683
Guyana,GUY,2018,,2.5808,12980.3576003177,791556.0,26.4188378517884,3.26041366624724,9.471192539980102,1.181854078815456
Guyana,GUY,2019,,2.7934,13402.4219472757,807665.0,26.4258834773058,3.4586121721258194,9.503190711941082,1.2408674022829573
Guyana,GUY,2020,,3.3298,19234.1301977637,807481.0,26.4340397353676,4.123688359230743,9.864441594396013,1.4167479957025257
Guyana,GUY,2021,,3.3211,22865.9270968882,815482.0,26.443303961947,4.072560767742268,10.037403181821148,1.4042719828664143
Guyana,GUY,2022,,3.684,37068.1993827588,821637.0,26.4536735068183,4.483731866992358,10.520514721529896,1.5004557056950085
Guyana,GUY,2023,,3.7405,49312.3603225444,826353.0,26.4651457279878,4.526515907850519,10.805930045088287,1.50995252830927
Haiti,HTI,1992,337.386344129717,1.0366,3668.31318736615,7136571.0,26.3663573562854,0.14525183032579653,8.207487213418984,-1.9292862821192078
Haiti,HTI,1993,329.492814275813,0.8775,3401.75901805261,7278181.0,27.4485072438076,0.1205658391842687,8.132047935071382,-2.115559291992479
Haiti,HTI,1994,305.947859484713,0.4142,2938.07008518147,7419771.0,28.6047343131232,0.0558238252905649,7.985508211174106,-2.885554524189992
Haiti,HTI,1995,337.982653296812,1.1266,3167.91307649838,7562546.0,29.8304516400811,0.1489709946888257,8.060828314583892,-1.9040036585046123
Haiti,HTI,1996,343.60087143121,1.2806,3237.01967477296,7707557.0,31.1210723005304,0.16614862530371166,8.082408331996422,-1.7948725580423546
Haiti,HTI,1997,358.203555574834,1.4957,3262.4591815691,7854298.0,32.4720093703197,0.19043076796933348,8.090236540156237,-1.6584665732025847
Haiti,HTI,1998,353.489788716491,1.5327,3272.04956439325,8002143.0,33.8786759252981,0.19153619224250304,8.093171845649854,-1.6526784947850093
Haiti,HTI,1999,355.305165378087,1.603,3299.23533948239,8151296.0,35.3364850413145,0.19665584466568262,8.101446005296065,-1.6263000593881771
Haiti,HTI,2000,367.668711281342,1.6951,3267.07646816599,8303151.0,36.8408497942176,0.20415141191578956,8.091650817561,-1.588893345169983
Haiti,HTI,2001,354.939290686259,1.728,3197.05701086586,8455918.0,38.3871832598564,0.2043539211236438,8.069985981514499,-1.587901880882668
Haiti,HTI,2002,361.247287034171,1.9515,3173.73848729607,8607641.0,39.9708985140797,0.22671716908267897,8.062665505535687,-1.4840519895208675
Haiti,HTI,2003,356.879162298398,1.9374,3227.12087860443,8759912.0,41.2007603284477,0.22116660532662885,8.079345649858135,-1.5088389912255942
Haiti,HTI,2004,357.794531363988,1.7908,3130.85551975981,8910263.0,41.8705746346912,0.20098172186387764,8.049061575183378,-1.6045413110585989
Haiti,HTI,2005,363.221446517241,1.8291,3173.26081032717,9061273.0,42.5791771857318,0.20185905446177374,8.06251498496765,-1.6001855753111283
Haiti,HTI,2006,367.726653817866,1.8514,3174.97622258076,9216562.0,43.2846444920296,0.20087750725270442,8.063055422347809,-1.6050599733460797
Haiti,HTI,2007,369.82614447503,2.1838,3268.81890675823,9373296.0,43.9866171992907,0.23298101329564327,8.092184008052453,-1.456798316738295
Haiti,HTI,2008,368.507033755957,2.1633,3300.25849332968,9530774.0,44.6847359532184,0.22698051595809532,8.101756075698859,-1.4828910979682997
Haiti,HTI,2009,377.427344980307,2.1233,3437.3806965318,9689581.0,45.3786413995138,0.2191322823969375,8.142465034909067,-1.518079702308092
Haiti,HTI,2010,388.995522336097,2.5989,3205.49829961515,9803294.0,46.0679741838751,0.26510476988653,8.072622832968632,-1.3276301730669433
Haiti,HTI,2011,402.476697495403,2.9444,3330.99820416355,9914904.0,46.7523749519985,0.2969670709872733,8.11102729906521,-1.2141340184229255
Haiti,HTI,2012,408.922012927348,2.7586,3296.24782448974,10069771.0,47.4314843495779,0.2739486329927463,8.10054007767175,-1.2948146609983124
Haiti,HTI,2013,415.229471165857,2.9774,3387.47180169748,10222362.0,48.1049430223048,0.291263408593826,8.127839140931163,-1.2335272370715573
Haiti,HTI,2014,400.493565620537,3.2283,3434.63597400578,10373235.0,48.7723916158687,0.3112143897250954,8.141666223496475,-1.1672732482703845
Haiti,HTI,2015,400.138818358845,3.494,3433.07529240973,10523242.0,49.4334707759572,0.33202695519118536,8.141211725174584,-1.1025391230265098
Haiti,HTI,2016,408.56544100745,3.578,3446.75276647872,10671457.0,50.087821148256,0.3352869247376436,8.145187839685411,-1.092768621982673
Haiti,HTI,2017,410.595545177212,3.5867,3485.4923470131,10817754.0,50.735083378449,0.33155680929701303,8.156364589260034,-1.103956113610059
Haiti,HTI,2018,419.506914918994,3.5577,3496.87870320748,10962362.0,51.374898112219,0.3245377228009803,8.15962605050455,-1.1253535005929038
Haiti,HTI,2019,409.8045053234,3.5949,3392.43263210456,11105163.0,52.0069059952475,0.32371429397299256,8.129302533620788,-1.1278939609371654
Haiti,HTI,2020,398.394138508433,3.4445,3239.83543441301,11243848.0,52.6307476732151,0.3063453010037133,8.08327781564859,-1.1830423785809163
Haiti,HTI,2021,406.126296523889,3.4083,3145.00681057269,11374586.0,53.2460637918026,0.29964167487062826,8.053571334656104,-1.205167935308451
Haiti,HTI,2022,377.526060418635,3.3893,3057.42840826502,11503606.0,53.8524949966907,0.2946293536131192,8.025329452165364,-1.222037141040383
Haiti,HTI,2023,,3.3805,2965.94622340134,11637398.0,54.4496819335618,0.2904858972770374,7.9949513915157535,-1.2362002502471134
Honduras,HND,1992,474.956821287762,2.6744,1521.94721692982,5271431.0,41.452387449279,0.5073385196543405,7.327745857747872,-0.6785768065719173
Honduras,HND,1993,471.843222153003,2.8039,1681.08238779882,5423249.0,41.9238207203885,0.5170148005374638,7.427193143390724,-0.6596837771514352
Honduras,HND,1994,476.121360771182,3.2016,2108.27415007174,5579242.0,42.392319157232,0.5738413927913505,7.653624953421392,-0.5554022400245808
Honduras,HND,1995,492.057826073647,3.782,2555.02622819382,5739637.0,42.8611266380328,0.6589266882208753,7.84581776802301,-0.41714299767733126
Honduras,HND,1996,480.292741769501,4.0085,3054.15773738434,5903954.0,43.3334870410143,0.6789517669006228,8.024259133883017,-0.3872051894390364
Honduras,HND,1997,510.173822449021,4.1178,3635.98071228428,6071454.0,43.8126442443997,0.6782230417952603,8.198634150631012,-0.38827907494107433
Honduras,HND,1998,533.431598723603,4.7681,3950.83498620229,6234431.0,44.3018421264124,0.7648011502573371,8.281682224467652,-0.26813941324851237
Honduras,HND,1999,470.24981885708,4.8314,4293.82723059843,6400463.0,44.8043245652756,0.7548516412015818,8.364933742556715,-0.2812340507618641
Honduras,HND,2000,456.244812117242,5.0003,4579.68960840984,6577773.0,45.3233354392127,0.7601812954019544,8.429386503722112,-0.2741983275679531
Honduras,HND,2001,478.946954835196,5.8868,4578.94787944773,6757993.0,45.8623033555915,0.8710870224340274,8.429224530073801,-0.13801339617432998
Honduras,HND,2002,488.702609745866,6.2176,4627.02278723456,6938859.0,46.4194190064116,0.8960551007017148,8.439668913734847,-0.10975337157914956
Honduras,HND,2003,517.349761686349,6.8829,4714.86701000971,7119213.0,46.990184604045,0.9668063028876928,8.458475988945423,-0.03375711084463001
Honduras,HND,2004,546.865600910087,7.8297,4885.34258343422,7298994.0,47.5739776096056,1.0727094720176507,8.49399469168715,0.07018766465371747
Honduras,HND,2005,529.297368453255,7.0955,5056.67544412551,7478355.0,48.1703884178554,0.9488049176590306,8.528464519492113,-0.05255206772193227
Honduras,HND,2006,563.815954585841,8.1471,5263.15029099578,7656832.0,48.7790074235564,1.06403013674585,8.568485041091943,0.06206371452759299
Honduras,HND,2007,589.594179013274,8.667,5461.90151889031,7834798.0,49.3994250214704,1.1062186925559536,8.605552271642306,0.1009476164251429
Honduras,HND,2008,585.573728824361,8.6651,5566.70639487722,8012587.0,50.0312316063593,1.0814359956403594,8.62455884651556,0.07828978355971472
Honduras,HND,2009,565.847197127184,8.1702,5313.75573967791,8189899.0,50.6740175729851,0.9975947200325669,8.578054159828222,-0.0024081773001573175
Honduras,HND,2010,561.818507536758,7.9832,5396.07227927744,8365878.0,51.3273733161098,0.9542572817820197,8.593426612211514,-0.04682195649042474
Honduras,HND,2011,607.415805872968,9.491,5488.43371596332,8540583.0,51.9908892304951,1.1112824499217442,8.610398196159723,0.10551470869903806
Honduras,HND,2012,611.212692944522,9.9296,5600.6077605497,8715076.0,52.6641557109031,1.1393589682981538,8.63063039950402,0.1304657957412916
Honduras,HND,2013,613.620494738777,10.1202,5644.13384802045,8889278.0,53.356379133253,1.1384726633591615,8.638372027790806,0.12968759513032202
Honduras,HND,2014,604.093043217727,9.9347,5705.16246265484,9063122.0,53.8768089124249,1.0961675237296817,8.64912673913082,0.09182002696375742
Honduras,HND,2015,659.394073401803,10.8188,5812.5348879105,9237305.0,54.3828473751434,1.1712074030250166,8.66777205209876,0.15803518509377945
Honduras,HND,2016,616.39140542774,9.7321,5926.49025534228,9412380.0,54.8868414578857,1.033968029340082,8.6871874542665,0.03340385620791526
Honduras,HND,2017,537.592382183152,9.3472,6099.60734919414,9588137.0,55.3877322339915,0.974871343619725,8.715979679105063,-0.02544977195297185
Honduras,HND,2018,565.077916293092,9.0061,6219.27973775059,9765210.0,55.8852577716247,0.9222638325238269,8.73540938123885,-0.08092394394737618
Honduras,HND,2019,583.591911432311,10.1525,6264.01884276715,9943633.0,56.3791561389766,1.0210050994440363,8.742577245770704,0.02078753372836747
Honduras,HND,2020,544.573855679284,9.222,5603.26398377777,10119640.0,56.8691654042685,0.9112972398227605,8.63110456117571,-0.09288615631953755
Honduras,HND,2021,569.966470568883,10.3706,6202.98078812037,10289877.0,57.3550236357547,1.0078448945502458,8.732785227776699,0.007814283355167281
Honduras,HND,2022,573.344445082903,10.5707,6352.58710177732,10463872.0,57.8364689017254,1.010209222742786,8.75661742651745,0.010157460630795638
Honduras,HND,2023,593.629550840537,11.8491,6467.8800352783,10644851.0,58.3132392705102,1.1131297187720148,8.774603673103579,0.10717561426404658
"Hong Kong SAR, China",HKG,1992,1994.28603038223,43.4927,34895.7612081565,5800500.0,99.8254998717847,7.498094991811051,10.460120645460538,2.014648987186664
"Hong Kong SAR, China",HKG,1993,1817.02187880225,44.4638,36428.527042456,5901000.0,99.9052758430407,7.534960176241315,10.503107456642123,2.0195535468941292
"Hong Kong SAR, China",HKG,1994,1856.80780329279,38.1388,37767.1935301195,6035400.0,99.961658640719,6.3191834841104155,10.539196108739281,1.8435900042601523
"Hong Kong SAR, China",HKG,1995,1781.19266302718,38.6275,37905.6509352086,6156100.0,99.9932976351594,6.274670651873751,10.542855481148878,1.8365209978832508
"Hong Kong SAR, China",HKG,1996,1697.25887154868,36.0962,37804.068427697,6435500.0,100.0,5.608919275891539,10.540172006178302,1.7243580585330902
"Hong Kong SAR, China",HKG,1997,1588.71002046421,34.41,39402.5953789391,6489300.0,100.0,5.3025750080902405,10.58158696567843,1.6681925531539603
"Hong Kong SAR, China",HKG,1998,2006.21136133719,42.5728,36776.3830289355,6543700.0,100.0,6.505921726240506,10.512611152619327,1.8727127969674902
"Hong Kong SAR, China",HKG,1999,2391.77782698951,45.5399,37339.9267574178,6606500.0,100.0,6.893196094755165,10.527818455589179,1.930534851889287
"Hong Kong SAR, China",HKG,2000,2121.26333389026,41.901,39848.59152924,6665000.0,100.0,6.286721680420105,10.592842339283573,1.838439739361072
"Hong Kong SAR, China",HKG,2001,2078.72020108504,41.8569,39777.8561883562,6714300.0,100.0,6.233993119163577,10.591065659260334,1.8300170775850844
"Hong Kong SAR, China",HKG,2002,1934.25829611026,40.9513,40258.1727894569,6744100.0,100.0,6.072166782817574,10.60306831290445,1.803715507242054
"Hong Kong SAR, China",HKG,2003,2027.39386284231,44.5174,41570.5763105053,6730800.0,100.0,6.613983478932668,10.6351478957663,1.8891861166630233
"Hong Kong SAR, China",HKG,2004,1823.00666629868,40.7516,44836.2053321129,6783500.0,100.0,6.007459276184861,10.710771246756535,1.7930019097765235
"Hong Kong SAR, China",HKG,2005,1864.70663999897,43.0054,47938.8998017111,6813200.0,100.0,6.312070686314801,10.77768255824049,1.8424637821999428
"Hong Kong SAR, China",HKG,2006,1899.44680195877,42.4322,50981.7931037524,6857100.0,100.0,6.18806784209068,10.83922385000188,1.822622896143074
"Hong Kong SAR, China",HKG,2007,2045.97032642374,44.4311,53813.0792084943,6916300.0,100.0,6.4241140494194875,10.893271824568501,1.8600587301324902
"Hong Kong SAR, China",HKG,2008,1985.30653602798,43.1304,54630.3763985044,6957800.0,100.0,6.19885596021731,10.908345351325837,1.8243647524790714
"Hong Kong SAR, China",HKG,2009,2043.27170232303,45.1455,53172.3001900618,6972800.0,100.0,6.474515259293254,10.881292866613277,1.8678737413535818
"Hong Kong SAR, China",HKG,2010,1922.62411959812,42.2277,56355.4117939379,7024200.0,100.0,6.01174510976339,10.939433553790604,1.7937150740796763
"Hong Kong SAR, China",HKG,2011,2037.95845611292,45.1822,58672.8294901182,7071600.0,100.0,6.389247129362521,10.979732027962026,1.8546164413170456
"Hong Kong SAR, China",HKG,2012,1944.99681879757,44.647,59015.3332811946,7150100.0,100.0,6.244248332191158,10.98555257524525,1.8316607731933903
"Hong Kong SAR, China",HKG,2013,1907.46340816256,46.1858,60601.6097817011,7178900.0,100.0,6.433548315201493,11.012076735759061,1.8615262235550973
"Hong Kong SAR, China",HKG,2014,1904.11999210825,47.5543,61839.810843419,7229500.0,100.0,6.577813126772252,11.032302624450335,1.883702338541839
"Hong Kong SAR, China",HKG,2015,2030.16882885741,44.2455,62779.7484353718,7291300.0,100.0,6.068259432474319,11.047387823305593,1.803071814770492
"Hong Kong SAR, China",HKG,2016,2081.70251975178,45.0794,63749.4095274634,7336600.0,100.0,6.144453834201129,11.062715200663478,1.8155498593610677
"Hong Kong SAR, China",HKG,2017,1868.11658156736,44.1348,65662.8359167546,7393200.0,100.0,5.969647784450577,11.092288381057312,1.786687928084617
"Hong Kong SAR, China",HKG,2018,1916.57759637005,44.0591,66993.9679794398,7452600.0,100.0,5.911909937471487,11.11235786416253,1.7769689496786274
"Hong Kong SAR, China",HKG,2019,1876.91855569536,43.5082,65388.3336248234,7507900.0,100.0,5.794989277960548,11.088099136591266,1.7569936265674924
"Hong Kong SAR, China",HKG,2020,1655.13405911583,34.0619,61328.5288044938,7481000.0,100.0,4.553121240475872,11.02400041014535,1.5158129846991555
"Hong Kong SAR, China",HKG,2021,1671.63130147382,34.5373,65884.9376260603,7413100.0,100.0,4.658955093011021,11.095665130269643,1.5387911940268888
"Hong Kong SAR, China",HKG,2022,1566.39613487602,32.1322,64036.6454154727,7346100.0,100.0,4.374048815017492,11.067210783094547,1.4756890824615032
"Hong Kong SAR, China",HKG,2023,,34.1194,64434.5576690871,7536100.0,100.0,4.527461153647112,11.073405377937341,1.5101613306496353
Hungary,HUN,1992,2423.38957698369,61.7189,18197.5305521351,10369341.0,61.6475605980383,5.952056162489015,9.809041179910366,1.7837367333883252
Hungary,HUN,1993,2481.57741262502,62.7128,18113.3369069655,10357523.0,61.9730169898483,6.054806733231488,9.804403791605115,1.8008524579541927
Hungary,HUN,1994,2405.83433383392,62.4597,18672.707236547,10343355.0,62.2993731534369,6.038630599065777,9.83481823065923,1.7981772642324263
Hungary,HUN,1995,2503.25869655795,62.3673,18977.2437047366,10328965.0,62.6263403226773,6.038097718406442,9.850995840582318,1.7980890150567104
Hungary,HUN,1996,2573.19416215561,63.5949,19029.1137284914,10311238.0,62.9536297314429,6.167532938333884,9.85372538687206,1.8192989100368475
Hungary,HUN,1997,2527.50156325078,62.3043,19635.2949600537,10290486.0,63.2809526136067,6.054553691633223,9.88508398905633,1.8008106652270093
Hungary,HUN,1998,2502.42675477679,62.2073,20438.3829550506,10266570.0,63.6080202030422,6.0592096484025335,9.925169929400008,1.80157937051997
Hungary,HUN,1999,2490.94017859145,62.6148,21128.8884639402,10237530.0,63.9345437336226,6.116201857283935,9.958396504585645,1.810941292310256
Hungary,HUN,2000,2448.35399628198,59.4623,22117.9204303193,10210971.0,64.2602344392211,5.823373702657661,10.00414343812089,1.7618797677934368
Hungary,HUN,2001,2512.91908128888,61.0051,23069.2114730987,10187576.0,64.646880283041,5.988186002244302,10.046254170830677,1.789788528574001
Hungary,HUN,2002,2520.39755573852,59.9824,24229.2953575981,10158608.0,65.0400009155273,5.904588502676745,10.095317731984402,1.775729760968246
Hungary,HUN,2003,2580.49625909654,62.681,25255.8711300567,10129552.0,64.8452987670898,6.1879340764527395,10.136813927677165,1.8226012792042878
Hungary,HUN,2004,2579.6047628527,60.8195,26568.118861864,10107146.0,65.0225372314453,6.017475160643766,10.187467236919806,1.7946677628134364
Hungary,HUN,2005,2781.00595449852,61.2153,27765.7886146197,10087065.0,66.1261367797852,6.068692925048069,10.231559916464121,1.80314324828381
Hungary,HUN,2006,2760.46242793694,60.6797,28903.0475407078,10071370.0,67.0155868530273,6.024969790604456,10.271702319776496,1.7959124653565894
Hungary,HUN,2007,2709.84388699596,59.1451,29044.0669021254,10055780.0,67.0041656494141,5.881701866985952,10.276569503972398,1.7718461531937149
Hungary,HUN,2008,2676.90840527171,57.8384,29384.0070385818,10038188.0,68.0976986078883,5.761836698017611,10.28820582703738,1.751256295062802
Hungary,HUN,2009,2548.81278026798,51.7014,27445.959458479,10022650.0,68.4592590332031,5.15845609694043,10.2199742396908,1.640637328703123
Hungary,HUN,2010,2651.34338122621,52.3463,27801.833816111,10000023.0,69.5305480957031,5.234617960378691,10.23285726211147,1.655293863699344
Hungary,HUN,2011,2600.71787062735,51.4367,28415.1173442897,9971727.0,69.4779934082031,5.158253931340078,10.254676583382723,1.6405981368290037
Hungary,HUN,2012,2490.18578889625,47.6527,28179.656464434,9920362.0,69.5772326660156,4.803524306875092,10.246355594620166,1.5693498790974039
Hungary,HUN,2013,2420.16949827793,44.7966,28891.0217544976,9872734.0,69.9277636266638,4.5374057479924,10.271286159899526,1.512355427582924
Hungary,HUN,2014,2423.51498608604,44.8322,30264.9492302161,9833038.0,70.3071053512008,4.559343714526477,10.31774553081624,1.5171786909155278
Hungary,HUN,2015,2571.15090547951,47.541,31485.5675425634,9797755.0,70.4847717285156,4.852234006667854,10.357284546568334,1.579439218828113
Hungary,HUN,2016,2613.09354239281,48.2651,32378.9674983075,9759755.0,70.4733810424805,4.9453188117939435,10.38526433970369,1.598441434542267
Hungary,HUN,2017,2737.45332524366,51.1346,33828.714942571,9726756.0,70.4542541503906,5.257107302784196,10.429065275317866,1.6595809330393485
Hungary,HUN,2018,2738.8272901507,51.2595,35798.0412754022,9706964.0,70.4711761474609,5.280693324916009,10.48564845791439,1.6640574006346878
Hungary,HUN,2019,2749.24131881139,51.5028,37662.67681014,9694824.0,70.4565277099609,5.312401751697607,10.536424878021364,1.6700440402814252
Hungary,HUN,2020,2713.17923384455,49.6521,36119.5211735652,9670419.0,70.2917327880859,5.134431093420047,10.49458875089724,1.6359690472564987
Hungary,HUN,2021,2850.7057950255,50.986,38887.1909527154,9630932.0,70.2059275331413,5.293984009024256,10.568420193960309,1.666571083215583
Hungary,HUN,2022,2672.86765529203,47.5733,40610.9711368238,9605074.0,70.1585064243445,4.952934251209308,10.611793534130534,1.59998017897919
Hungary,HUN,2023,2515.37052947518,42.9776,40333.2546888118,9592186.0,70.2923026891431,4.480480257576323,10.604931586044698,1.4997302410332045
Iceland,ISL,1992,7916.88186146098,2.306,39842.3760942383,261057.0,91.145637512207,8.83331992629962,10.592686350839722,2.1785309265455135
Iceland,ISL,1993,8380.54983199382,2.4069,39957.3221402786,263725.0,91.296257019043,9.126552279836952,10.595567217010442,2.2111879978598474
Iceland,ISL,1994,8446.30688308021,2.5207,41042.0117943302,266021.0,91.4494400024414,9.475567718338025,10.622351498972877,2.248716666676202
Iceland,ISL,1995,8405.2559633539,2.4404,40867.564218067,267468.0,91.6399917602539,9.124082133189765,10.618091976496661,2.210917306265641
Iceland,ISL,1996,8991.3157466613,2.7086,42475.6936133275,268916.0,91.8401641845703,10.072290231893975,10.656687276326224,2.3097881120431216
Iceland,ISL,1997,8777.09866357746,2.6247,43873.6690642163,271128.0,92.0188980102539,9.68066743383199,10.689069625589344,2.2701308486875913
Iceland,ISL,1998,9291.86510968838,2.7082,46449.3454621245,274047.0,91.6760097262822,9.88224647596945,10.746117652907492,2.2907398620240147
Iceland,ISL,1999,10353.9985939822,2.741,47679.8715900493,277381.0,91.8121341861987,9.881715041765657,10.772264608573886,2.2906860839185024
Iceland,ISL,2000,11404.9435876155,2.8524,49338.4714252632,281205.0,91.9674192031642,10.143489625006668,10.806459409166946,2.3168320834368843
Iceland,ISL,2001,10925.4513900466,2.9576,50556.9938356842,284968.0,92.0452304560359,10.378709188400101,10.830856569689239,2.339756514359476
Iceland,ISL,2002,11168.371424924,3.1289,50379.4595507316,287523.0,92.1674022598912,10.88225985399429,10.827338822392365,2.387133927028242
Iceland,ISL,2003,11092.6178434139,3.1,51173.1982542632,289521.0,92.3235559316863,10.707340745576314,10.842971202372087,2.3709295572309
Iceland,ISL,2004,10892.7840096937,3.1757,54592.5314628804,292074.0,92.4377293375354,10.872929463081274,10.907652365982752,2.386276164648048
Iceland,ISL,2005,10877.230192953,3.1274,57512.4237338213,296734.0,92.377441015064,10.539405662984356,10.959756268382797,2.3551211528121514
Iceland,ISL,2006,13184.4771597611,3.2417,59364.2901148281,303782.0,92.1949009038813,10.671139172169516,10.991448148053632,2.3675428236419225
Iceland,ISL,2007,15188.3777309195,3.4751,62940.7473430955,311566.0,92.3614571703229,11.153656047193852,11.049949044445194,2.411767340769097
Iceland,ISL,2008,17341.072624835,3.7798,62831.1728631816,317414.0,93.0646442174216,11.908107392868619,11.048206612470599,2.477219461660782
Iceland,ISL,2009,17936.5957485126,3.8274,57406.4697506817,318499.0,93.4441340553707,12.016992204057155,10.957912289382488,2.486321665186101
Iceland,ISL,2010,17024.5130942471,3.7364,56211.8345417402,318041.0,93.4588348107886,11.748170833320232,10.936882592747653,2.46369755471177
Iceland,ISL,2011,18161.5241113303,3.6038,56813.742648754,319014.0,93.41106112427,11.296682904198562,10.94753352348598,2.4245091343235465
Iceland,ISL,2012,17633.6482755645,3.6451,57173.0434212296,320716.0,93.514892578125,11.365507177689919,10.953837797426196,2.4305830825903425
Iceland,ISL,2013,18212.7336453087,3.7106,58671.930709837,323764.0,93.6166725158692,11.460817138409459,10.979716709335447,2.4389340122707486
Iceland,ISL,2014,17947.0382271585,3.4639,59133.2701459773,327386.0,93.6196716315805,10.580476868283922,10.987548991631618,2.3590104980310413
Iceland,ISL,2015,16910.7212326475,3.6292,60725.7271247657,330815.0,93.727919768566,10.97048199144537,11.014122727858227,2.3952082105548684
Iceland,ISL,2016,15701.4730096728,3.1789,63612.5551585223,335439.0,93.7822647094726,9.476834834351402,11.060566137998654,2.248850382284209
Iceland,ISL,2017,16234.9829641811,3.3299,64303.3782501037,343400.0,93.7718982310092,9.696854979615608,11.071367447727454,2.271801604030174
Iceland,ISL,2018,17346.7502731224,3.2946,65521.9313424781,352721.0,93.8526667025487,9.34052693205111,11.090140195236557,2.234362667357216
Iceland,ISL,2019,16700.5920009676,3.1768,64826.4324085557,360563.0,93.9770847416131,8.810665542498814,11.079468706708143,2.1759629810787593
Iceland,ISL,2020,16083.6099695089,3.0717,59543.813498684,366463.0,94.1367102874722,8.382019467176768,10.994467681875161,2.126088871998008
Iceland,ISL,2021,15779.653070706,3.1637,61610.2132740715,372520.0,94.2108206403841,8.492698378610545,11.028582935682085,2.139206780050964
Iceland,ISL,2022,15806.7848368996,3.2394,65380.3173049324,382003.0,94.1787071228028,8.480038114883914,11.087976533507973,2.1377149444734176
Iceland,ISL,2023,15685.697957602,3.22,68118.3960312086,385663.0,94.1518261784801,8.349258290268965,11.129002588275224,2.122172707404668
India,IND,1992,336.206818642044,669.6564,2249.69790389274,902957070.0,25.9808576702657,0.7416259557057348,7.718551221247562,-0.29891026573976126
India,IND,1993,339.038033254784,699.7472,2307.60714181108,922118387.0,26.1767814681192,0.7588474645609685,7.743966397286543,-0.2759544907413549
India,IND,1994,347.806182247067,743.8494,2411.46273689083,941163767.0,26.3710188638872,0.7903506553073669,7.787988787136199,-0.23527856452341878
India,IND,1995,361.640673294246,796.4452,2542.42211133345,960301044.0,26.5661772139368,0.8293703364962707,7.840872492776355,-0.18708849682478715
India,IND,1996,367.704650910734,833.4883,2680.27888437082,979678458.0,26.7648638746349,0.8507774088465259,7.893676129423293,-0.16160474884529924
India,IND,1997,376.185592059812,877.681,2734.52089133672,999133762.0,26.9696862023486,0.878441939789039,7.9137115226686765,-0.12960546370518447
India,IND,1998,378.300390670302,900.5955,2847.96234988663,1018665080.0,27.1832515534447,0.8840938181566016,7.954359052601306,-0.12319209283936484
India,IND,1999,392.976731815711,961.5943,3041.48258556057,1038225823.0,27.4081672842903,0.9261899277571716,8.020100368135482,-0.07667595979792949
India,IND,2000,394.916803104241,996.8909,3099.5028215766,1057922733.0,27.6470407512523,0.9423097442788385,8.038996997474388,-0.05942124287113901
India,IND,2001,393.38088619861,1012.998,3188.81024020636,1077898575.0,27.9028652096636,0.9397897200114584,8.067403160757426,-0.062099130858607625
India,IND,2002,397.344252941148,1051.0846,3250.69565544917,1097600380.0,28.1756878910456,0.957620477500199,8.086624300249328,-0.043303740777163646
India,IND,2003,399.699897139001,1083.014,3445.92592352395,1116803006.0,28.4660287698,0.9697448826530111,8.14494792049117,-0.03072224965148153
India,IND,2004,415.47995649887,1168.0565,3656.12620652098,1135991513.0,28.7726067228528,1.0282264318289849,8.204159452361425,0.02783540720340901
India,IND,2005,425.369642526643,1217.7273,3881.9661798273,1154676322.0,29.0945497159107,1.054604893855267,8.264097051642397,0.05316618858826243
India,IND,2006,441.785886693878,1299.6787,4129.77837009239,1172878890.0,29.4309857146804,1.1081098918917365,8.32597902109926,0.102655763814745
India,IND,2007,461.201738250187,1415.2655,4379.69604361151,1190676021.0,29.7810426848684,1.1886235004643635,8.38473460452672,0.17279591530499686
India,IND,2008,481.553027437162,1519.7704,4450.39022919238,1207930964.0,30.1438485921815,1.2581599820633458,8.400747063268915,0.22965032194407434
India,IND,2009,509.446000134302,1621.1797,4731.36160463896,1225524753.0,30.5185314023263,1.322845333014665,8.461968305734803,0.279784972036213
India,IND,2010,531.86706609011,1730.0542,5059.2827108398,1243481564.0,30.9042190810094,1.391298632876233,8.528979995482045,0.330237579241933
India,IND,2011,546.675890208969,1845.6437,5249.54925694026,1261224954.0,31.2746502853309,1.4633739160857104,8.565897496078945,0.38074467112260013
India,IND,2012,572.133085479526,2015.2876,5460.43768570052,1278674502.0,31.5898935604399,1.5760755351325524,8.605284227742345,0.45493791867075833
India,IND,2013,577.254621645988,2072.6256,5732.24189090876,1295829511.0,31.9096789235237,1.5994585571681734,8.653861988146422,0.4696651702050443
India,IND,2014,610.165371779455,2237.6647,6079.84393523695,1312277191.0,32.2288233408821,1.7051768600007617,8.712734306084215,0.5336688355615997
India,IND,2015,622.339883988149,2278.2296,6488.14602910787,1328024498.0,32.5472990022299,1.7155026909752082,8.777732103110989,0.5397061519395663
India,IND,2016,627.273531026365,2311.9771,6940.62588857522,1343944296.0,32.8650780972823,1.7202923565218957,8.84514723510803,0.5424942511033277
India,IND,2017,648.014718317903,2441.2015,7326.60693679859,1359657400.0,33.1821328157539,1.7954533987753092,8.899267786862994,0.5852575798917665
India,IND,2018,668.303370218852,2556.7189,7714.33974724531,1374659064.0,33.4984353473598,1.859893094190517,8.950836180739108,0.6205190098316299
India,IND,2019,666.977347524506,2551.4851,7930.0911303899,1389030312.0,33.8139578818147,1.8368822321279912,8.978419806415308,0.6080696953744427
India,IND,2020,632.239828540427,2356.959,7399.53068079041,1402617695.0,34.1286726088333,1.6804001606439165,8.909171855666223,0.5190319559117027
India,IND,2021,676.814293488143,2597.9343,8050.01857452664,1414203896.0,34.4425517181304,1.8370295169940616,8.99342967780456,0.6081498741463931
India,IND,2022,727.902200094024,2807.0805,8594.39190499879,1425423212.0,34.7555673994206,1.9692961896287684,9.058865165459354,0.677676214768024
India,IND,2023,754.179577921116,3014.5226,9301.75603225735,1438069596.0,35.0676918424186,2.096228588925678,9.1379584819898,0.7401398201141753
Indonesia,IDN,1992,489.759547327284,182.5524,5357.3758979759,190043744.0,32.6914992355049,0.9605809491945181,8.586229562912552,-0.040217022141996066
Indonesia,IDN,1993,534.334769070592,199.8507,5609.15178814269,193305168.0,33.8555422228307,1.033861132983263,8.63215479067591,0.033300466277197724
Indonesia,IDN,1994,524.021858215958,212.7475,5931.23473426762,196591828.0,35.0672005338812,1.082178756687689,8.687987688574967,0.07897637628673244
Indonesia,IDN,1995,574.757187942779,239.099,6312.93453561158,199888057.0,36.3023505153847,1.1961645112193973,8.750355908539042,0.17912019725592992
Indonesia,IDN,1996,587.218752078902,252.0076,6695.40975787395,203204348.0,37.5368685140699,1.2401683452167076,8.809177459818349,0.21524713267362072
Indonesia,IDN,1997,595.387791448216,275.5207,6897.00236563331,206536095.0,38.746630876665,1.3340075012069925,8.838842156425768,0.28818757057132
Indonesia,IDN,1998,567.577817932084,278.2434,5897.68530859207,209826788.0,39.9075139498987,1.3260623328990768,8.682315232338343,0.282213898878334
Indonesia,IDN,1999,587.052743287001,295.25,5855.65800744994,213004668.0,40.9953940804992,1.386119857241814,8.675163653568625,0.32650837411522976
Indonesia,IDN,2000,585.786495774263,299.0702,6056.38197842165,216077790.0,41.9861540600656,1.3840857961385111,8.708867867504278,0.3250398467036486
Indonesia,IDN,2001,591.12494475388,319.562,6190.51954040991,219097902.0,42.9018895186157,1.458535189442389,8.730774294371379,0.37743263718054854
Indonesia,IDN,2002,606.322305750967,324.9389,6381.94955179996,222088495.0,43.7824069030376,1.4631055066585057,8.761228902043543,0.380561236087403
Indonesia,IDN,2003,597.275615070065,353.623,6599.09193597034,225048008.0,44.6301761521872,1.5713225064404925,8.79468733308973,0.45191762556360165
Indonesia,IDN,2004,634.752388297531,360.1513,6843.54654972364,227926649.0,45.4476736441888,1.58011931285841,8.831061377662767,0.4575003586551496
Indonesia,IDN,2005,637.329758271386,362.597,7140.8545640704,230871650.0,46.2373757571669,1.5705566274594565,8.873587735016326,0.45143009630893216
Indonesia,IDN,2006,643.624656628862,383.4194,7434.48785352221,233951652.0,47.0017588692457,1.638883062898825,8.91388497333706,0.494014950601896
Indonesia,IDN,2007,628.600516176574,401.7934,7802.46406905954,237062337.0,47.7432993585496,1.6948850040232244,8.962194869079482,0.5276148942968035
Indonesia,IDN,2008,632.507070175417,397.2554,8165.06155116624,240157903.0,48.4644736032029,1.6541425247204962,9.007619543792103,0.5032827626112887
Indonesia,IDN,2009,674.894542379565,411.3491,8435.4557468629,243220028.0,49.16775798133,1.6912632704737622,9.040199023972509,0.5254757470197559
Indonesia,IDN,2010,669.112078931141,443.682,8848.22473702066,246305322.0,49.8521375148888,1.8013496273539717,9.08797212319324,0.5885361769222252
Indonesia,IDN,2011,664.807893671477,499.9362,9274.96955181702,249470032.0,50.4830017089844,2.0039930086672695,9.135074604647285,0.6951416945275456
Indonesia,IDN,2012,680.546536439194,504.2572,9708.61182531081,252698525.0,51.1593933105469,1.9954892890649045,9.180768587657385,0.6908892779477233
Indonesia,IDN,2013,696.192807739943,474.9651,10121.8141535043,255852467.0,51.8307495117188,1.856402267952335,9.22244819095582,0.6186403500779184
Indonesia,IDN,2014,704.653772045539,505.0762,10504.3869411088,258877399.0,52.5002136230469,1.9510247010786754,9.259548252804986,0.6683547222879808
Indonesia,IDN,2015,698.660737586188,512.3973,10893.6621142169,261799249.0,53.1720771789551,1.957214552590256,9.295936441694023,0.6715223158181544
Indonesia,IDN,2016,718.57953489745,507.0965,11319.6634287738,264627418.0,53.812557220459,1.9162659101333182,9.33429661887468,0.6503784539134861
Indonesia,IDN,2017,755.351304203294,535.7474,11772.5743296107,267346658.0,54.4541015625,2.003942761087367,9.373527895931772,0.6951166204830539
Indonesia,IDN,2018,826.038659966956,596.4692,12262.2310300771,269951846.0,55.0956840515137,2.209539252419115,9.414279169286644,0.7927840107257716
Indonesia,IDN,2019,844.870039441295,637.5692,12757.7850854842,272489381.0,55.7382049560547,2.339794665246056,9.453896959189267,0.8500631756245149
Indonesia,IDN,2020,848.436766186593,596.2839,12388.5449268131,274814866.0,56.2785287648768,2.169765808811813,9.424527528405674,0.77461923952181
Indonesia,IDN,2021,896.813534898965,622.6868,12757.0746440204,276758053.0,56.8761702464027,2.249932001075322,9.453841270741709,0.8108999940153413
Indonesia,IDN,2022,953.65392850686,722.6996,13334.2653947637,278830529.0,57.4934704226599,2.591895523750199,9.498092346592028,0.9523894704825321
Indonesia,IDN,2023,976.949985543796,772.5618,13889.9749067297,281190067.0,58.1179353397878,2.747471872824014,9.538922629175822,1.0106811698725415
"Iran, Islamic Rep.",IRN,1992,1322.18270269137,244.5256,10727.4183671547,61184983.0,57.850040435791,3.996496983581739,9.280558207156437,1.3854182233186674
"Iran, Islamic Rep.",IRN,1993,1418.50250535957,243.3103,10531.9952777275,61403543.0,58.6953926086426,3.9624798197719633,9.262173072242334,1.3768700463884025
"Iran, Islamic Rep.",IRN,1994,1571.84307752547,277.5515,10333.4330005595,61520598.0,59.553092956543,4.511521490737135,9.243139839968094,1.5066344559869298
"Iran, Islamic Rep.",IRN,1995,1626.99051652141,283.3694,10465.0259592685,62205567.0,60.42333984375,4.555370422071709,9.25579411545691,1.51630684948487
"Iran, Islamic Rep.",IRN,1996,1552.49661881616,294.1649,11010.0094976248,62881300.0,61.0621868466265,4.678098258146699,9.306560092352575,1.5428916722480905
"Iran, Islamic Rep.",IRN,1997,1716.76606456985,307.2913,11025.7202371524,63639638.0,62.1140785217285,4.828614832787075,9.307986025814161,1.5745596424320019
"Iran, Islamic Rep.",IRN,1998,1724.51408426565,307.0517,11101.507869196,64519859.0,62.9052391052246,4.759026209279224,9.314836222146166,1.5600430694319032
"Iran, Islamic Rep.",IRN,1999,1928.66261452523,335.8562,11163.6950736445,65445391.0,63.7097473144531,5.131854128581797,9.320422280922797,1.6354670224565546
"Iran, Islamic Rep.",IRN,2000,1852.22331549631,353.9396,11643.1218077696,66418659.0,64.4780120849609,5.328918188486762,9.362470881870944,1.6731482510644604
"Iran, Islamic Rep.",IRN,2001,1978.79412795832,368.1639,11739.0090911282,67452005.0,65.2168655395508,5.458160954592825,9.370672685316267,1.697111911516565
"Iran, Islamic Rep.",IRN,2002,2029.89444244191,384.325,12583.044990424,68011317.0,65.9271621704102,5.65089777632155,9.440105551078224,1.7318144309993169
"Iran, Islamic Rep.",IRN,2003,2074.56132136016,405.5959,13519.4501926929,68769340.0,66.6049270629883,5.897917589437386,9.511884682549123,1.7745993376670137
"Iran, Islamic Rep.",IRN,2004,2214.59322138687,434.9742,13807.1953114023,70256316.0,67.2567367553711,6.191246919351706,9.53294513464085,1.8231365073391983
"Iran, Islamic Rep.",IRN,2005,2404.02751143882,468.9899,13935.7743087596,71828455.0,67.8708801269531,6.529305134016874,9.542214504124722,1.8763005262965242
"Iran, Islamic Rep.",IRN,2006,2459.04565215879,506.0486,14320.6568534545,73392747.0,68.3101850492144,6.895076430372609,9.5694583091173,1.9308075960819584
"Iran, Islamic Rep.",IRN,2007,2559.87450273493,538.5304,15237.4237850549,74602648.0,68.806189933608,7.218649933176635,9.631509771975862,1.9766679455552183
"Iran, Islamic Rep.",IRN,2008,2710.16359978519,555.1596,15091.2506521463,75514204.0,69.3790072996746,7.351724186882775,9.621870427860134,1.9949348689637543
"Iran, Islamic Rep.",IRN,2009,2671.57890823769,573.2146,15055.1494647199,76457825.0,69.99007683587,7.497134531357647,9.619475368778868,2.0145208850521508
"Iran, Islamic Rep.",IRN,2010,2639.09104238657,576.7498,15729.9131707266,77420842.0,70.6092626774386,7.449541817176311,9.66331947605785,2.0081525294500415
"Iran, Islamic Rep.",IRN,2011,2658.13529591614,585.9198,15947.766097961,78383598.0,71.204050944517,7.4750306818015675,9.677074041849986,2.011568223857165
"Iran, Islamic Rep.",IRN,2012,2740.3010468402,592.4779,15159.2948206531,79370580.0,71.7633634041294,7.46470417628295,9.626369142326416,2.0101858021125643
"Iran, Islamic Rep.",IRN,2013,2758.13748400425,612.6315,14734.740588719,80414686.0,72.3030873515412,7.618403185706651,9.597963289907831,2.030566792057153
"Iran, Islamic Rep.",IRN,2014,2883.07105746991,636.5399,15262.8515760903,81502045.0,72.8324070385223,7.810109550011904,9.633177153442123,2.0554189906433473
"Iran, Islamic Rep.",IRN,2015,2736.74412885975,629.4902,14841.9048340737,82619362.0,73.3561403575949,7.619160748300138,9.605209866575397,2.0306662256145636
"Iran, Islamic Rep.",IRN,2016,2860.59701763688,642.3063,15920.3718021202,83812228.0,73.8796100096595,7.66363471449536,9.6753548135302,2.0364863770190125
"Iran, Islamic Rep.",IRN,2017,3028.21640684666,666.3808,16167.9677224227,85026754.0,74.4011840820312,7.837307302122812,9.690787262694942,2.0588953190057855
"Iran, Islamic Rep.",IRN,2018,2911.05556416118,661.4499,15364.8049052614,86117998.0,74.8034286499023,7.680739396658989,9.639834777136846,2.038715818132021
"Iran, Islamic Rep.",IRN,2019,3188.80398470773,712.5804,14841.0751514998,87051648.0,75.2038879394531,8.185719815436464,9.60515396365901,2.102391150198403
"Iran, Islamic Rep.",IRN,2020,3252.6054710927,735.8709,15381.5845437266,87723443.0,75.5986404418945,8.38853190019001,9.6409262640029,2.126865523069035
"Iran, Islamic Rep.",IRN,2021,3336.19069126419,784.2646,15884.4276775963,88455488.0,75.9926376342773,8.866206243755052,9.673094516945097,2.182246998375223
"Iran, Islamic Rep.",IRN,2022,3266.12248660454,792.0589,16377.9610645368,89524246.0,76.3342208862305,8.847423300275548,9.703691872524633,2.1801262641154793
"Iran, Islamic Rep.",IRN,2023,,816.133,17044.8173461033,90608707.0,76.6759567260742,9.007224879613391,9.743601468533555,2.1980270196947034
Iraq,IRQ,1992,1295.43119076746,75.7742,4916.26440292878,18300845.0,68.9665827373411,4.14047548077698,8.500304253399248,1.4208106316716398
Iraq,IRQ,1993,1556.86859388652,100.1711,6105.04166284592,19201195.0,68.559023536089,5.216920092733812,8.716870210902504,1.6519072072148477
Iraq,IRQ,1994,1688.17518004057,109.9546,6044.8710481053,20139807.0,68.1745234453098,5.459565724736091,8.706965430828857,1.697369248999409
Iraq,IRQ,1995,1580.67937441499,109.1,5969.66964095891,20825860.0,67.845869106155,5.238679219009443,8.694446868332731,1.656069409120189
Iraq,IRQ,1996,1476.75565525716,100.6647,6419.36981876289,21501321.0,67.6058471597764,4.6817914117927915,8.76707523279489,1.5436808169854719
Iraq,IRQ,1997,1731.61875739311,121.1211,7545.72976101105,22176593.0,67.4895351063262,5.4616640166503485,8.928737087666054,1.6977535082796849
Iraq,IRQ,1998,1273.25897058407,94.2677,9871.73398030533,22884399.0,67.4917273345237,4.119299790219529,9.19743079889244,1.415683195087435
Iraq,IRQ,1999,959.367887006983,74.3027,11237.8537439894,23636527.0,67.5442299364519,3.143554042436099,9.327043157171136,1.145354020497273
Iraq,IRQ,2000,1090.52205809652,88.811,12702.1641950921,24424056.0,67.6331913847871,3.636210136432704,9.449527666991077,1.2909419679435874
Iraq,IRQ,2001,1183.92315753963,100.6528,12529.6084051005,25197840.0,67.751941516652,3.9945011159686703,9.435849794815988,1.3849186943162306
Iraq,IRQ,2002,1092.98165469695,95.0518,11144.0505255928,26006559.0,67.8938101691696,3.654916438579975,9.318661049332421,1.2960732307187761
Iraq,IRQ,2003,939.517629598492,82.8885,6849.33200800508,26802659.0,68.0521271794625,3.092547646112276,8.83190640942162,1.1289952321544292
Iraq,IRQ,2004,980.249444124443,90.3219,10210.5631004959,27577878.0,68.2202223846538,3.2751577188063563,9.231178061498422,1.1863660263417906
Iraq,IRQ,2005,949.253481740859,87.2363,10078.4437646837,28407448.0,68.391425621866,3.0708953511065125,9.218154141282003,1.1219691643904466
Iraq,IRQ,2006,916.179043545813,84.864,10568.9137652977,28616515.0,68.5590667282222,2.9655602717521683,9.265672307764943,1.0870659764037713
Iraq,IRQ,2007,909.133658720632,78.43,10853.8161022311,28391607.0,68.716475540845,2.7624360959913257,9.292272011622908,1.0161129339034836
Iraq,IRQ,2008,962.301839872785,90.6714,11511.9387643664,28971036.0,68.8569818968574,3.1297258406637583,9.351139929265912,1.1409454098735103
Iraq,IRQ,2009,995.7798442565,96.8504,11470.5178061755,30058206.0,68.9742328505284,3.22209515764181,9.347535353496374,1.1700318180374203
Iraq,IRQ,2010,1064.17152061051,111.4935,11816.841015026,31045366.0,69.0582953378474,3.591308925138779,9.377280997628397,1.278516739151352
Iraq,IRQ,2011,1125.37331940921,115.9065,12267.5848940673,32161424.0,69.1252233869916,3.6038982602262886,9.414715688181996,1.2820161096656866
Iraq,IRQ,2012,1190.03229059907,133.0448,13357.0143882353,33654842.0,69.2222213745117,3.9532142210027317,9.499796948182134,1.374528974852977
Iraq,IRQ,2013,1175.83271780348,144.4102,13712.9317142992,35281989.0,69.444450378418,4.093028882243572,9.526094587354931,1.409285253982699
Iraq,IRQ,2014,1082.71904877674,138.288,13536.8227681431,36550059.0,69.6666641235352,3.7835233042989067,9.513168863697265,1.3306556665887115
Iraq,IRQ,2015,998.349545341439,137.9041,13516.0271989204,37560535.0,69.920524597168,3.6715158609961227,9.511631460181993,1.300604617931825
Iraq,IRQ,2016,1076.62803028259,155.0442,15016.0920644592,38469627.0,69.9123778259643,4.030301619508814,9.616877709338333,1.393841216708527
Iraq,IRQ,2017,1185.88106304283,167.3453,14417.6306896487,39337353.0,69.8944511190753,4.254106777342136,9.57620709010246,1.4478848169195777
Iraq,IRQ,2018,1287.12364484767,180.9429,14456.2357053224,40265624.0,69.8765148865842,4.493731427085297,9.578881137155907,1.5026834094239465
Iraq,IRQ,2019,1319.43951211192,193.6481,14910.2250318887,41192171.0,69.8683395385742,4.701089923131267,9.609802500326897,1.5477943803702705
Iraq,IRQ,2020,1143.12626352051,183.8743,12827.6345392323,42116605.0,69.8683166503906,4.365838604512401,9.459357071105089,1.4738102910020578
Iraq,IRQ,2021,1275.01138784403,199.7098,12731.7535755129,43071211.0,69.8682708740234,4.6367351965097985,9.451854433479593,1.534010497138565
Iraq,IRQ,2022,1411.58869867393,222.2784,13433.3977166987,44070551.0,69.8682861328125,5.043694597782542,9.505499252061535,1.6181388686451947
Iraq,IRQ,2023,,232.976,13202.3228073875,45074049.0,69.868278503418,5.168739111944436,9.488148063350142,1.6426287732714544
Ireland,IRL,1992,2775.3720955257,32.7669,30744.1914629607,3558430.0,57.2482078114213,9.208246333354879,10.333456359878186,2.2200994231637137
Ireland,IRL,1993,2813.89487759353,33.0013,31414.5961920787,3576261.0,57.4647494894716,9.227877942913004,10.35502791076999,2.2222291134048953
Ireland,IRL,1994,2941.7994253214,34.2195,33092.0640438826,3590386.0,57.6989865369237,9.530869382846301,10.407048775636456,2.2545359394073063
Ireland,IRL,1995,2952.15018949796,34.7885,36094.7616757114,3608841.0,57.9391944274763,9.639798483779142,10.493903027856115,2.265900204231671
Ireland,IRL,1996,3122.61177987901,36.1072,38452.9454979361,3637510.0,58.1743161677665,9.92635071793617,10.557190577927823,2.2951929098007833
Ireland,IRL,1997,3256.00582922267,37.3632,42265.1652200505,3674171.0,58.4058211904851,10.169151081971961,10.651718508501265,2.319358733810638
Ireland,IRL,1998,3417.93754858216,39.784,45493.1692570651,3712696.0,58.6407683900153,10.715663226938053,10.725317467450624,2.3717065240644115
Ireland,IRL,1999,3544.84050813586,41.2207,49719.8847973285,3754786.0,58.8800098607384,10.978175587104031,10.814160228593172,2.3959092644526963
Ireland,IRL,2000,3627.38542635217,43.827,53675.0054596933,3805174.0,59.1247997891425,11.517738742039128,10.890702724464598,2.443888346246842
Ireland,IRL,2001,3714.01794514649,46.0507,55630.1013273441,3866243.0,59.3763923617156,11.910968865640365,10.92647972451913,2.4774597289788307
Ireland,IRL,2002,3663.16912074715,44.9831,57927.488372311,3931947.0,59.6367259990731,11.440413616968897,10.966947306898577,2.4371521406275125
Ireland,IRL,2003,3515.79431954715,44.4685,58709.1544464475,3996521.0,59.9120142632573,11.126802536506126,10.980350946747867,2.4093568406809087
Ireland,IRL,2004,3558.69801147061,44.9913,61558.5783140852,4070262.0,60.1994750854288,11.053661901862828,11.027744493373032,2.402761766898694
Ireland,IRL,2005,3513.15701936975,47.0738,63689.0843530779,4159914.0,60.4882988006461,11.316051245290167,11.061768466642157,2.426222181998364
Ireland,IRL,2006,3433.690849782,47.6882,65087.1804631559,4273591.0,60.7703677431593,11.15881234306231,11.083482888116386,2.412229530417509
Ireland,IRL,2007,3407.88558886571,46.9449,66590.1938973457,4398942.0,61.0601979374234,10.671861552164135,11.106312606909194,2.3676105160910046
Ireland,IRL,2008,3311.73521178354,46.2814,62320.66630649,4489544.0,61.3581903884996,10.30870841225746,11.040048372183398,2.3329890149395105
Ireland,IRL,2009,3173.7335600355,41.1735,58547.2673956109,4535375.0,61.6421022728798,9.078301132761899,10.977589696640583,2.2058870751917388
Ireland,IRL,2010,3149.89842034979,40.9249,59209.0996763251,4560155.0,61.8910689348512,8.974453719226648,10.988830519808545,2.19438206558334
Ireland,IRL,2011,2875.40675480961,37.144,59899.917652844,4580084.0,62.0872735820277,8.109894927691283,11.000430409358756,2.09308491214836
Ireland,IRL,2012,2858.91735604826,37.6022,59405.0460751524,4599533.0,62.2529318511038,8.17522126702863,10.992134452502766,2.1011077827202276
Ireland,IRL,2013,2802.60964399377,36.3338,60388.9413147986,4623816.0,62.4047157756118,7.857968396666303,11.008561276345144,2.0615280993244522
Ireland,IRL,2014,2726.60528005402,36.1391,65575.8061665793,4657740.0,62.535401730577,7.758934590595439,11.090962098469332,2.0488450297429415
Ireland,IRL,2015,2825.9812059763,37.648,80954.6619818255,4701957.0,62.6392123492764,8.006878837896647,11.301644548328596,2.080301026953607
Ireland,IRL,2016,2932.30415263032,39.5133,80899.0223207227,4762722.0,62.7229399123734,8.296369177121822,11.30095701793923,2.1158179705544877
Ireland,IRL,2017,2854.85820468032,38.2632,87882.7074355024,4827445.0,62.9035196521232,7.926180412205628,11.383758334347858,2.0701712565840875
Ireland,IRL,2018,2820.44138030583,38.0252,93276.0188154012,4898022.0,63.0844503476779,7.763378768000634,11.443318320735695,2.0494176476799666
Ireland,IRL,2019,2747.90158131447,36.369,96371.2910180182,4976456.0,63.2737009154127,7.308212912964567,11.47596362522772,1.9889987723229714
Ireland,IRL,2020,2633.97691248454,34.2933,101968.554362011,5039747.0,63.4713366724915,6.804567768977292,11.532419754166582,1.91759411740391
Ireland,IRL,2021,2689.36333693732,36.3826,116903.61243517,5110585.0,63.6774229356985,7.119067582282654,11.66910504890888,1.9627767593036254
Ireland,IRL,2022,2600.15740643769,35.6861,123219.076059494,5212836.0,63.8920250215059,6.845812912587314,11.721719156240612,1.9236372117455784
Ireland,IRL,2023,2467.73733963357,32.8629,117862.128878959,5311538.0,64.1152082461268,6.187078017704101,11.6772708210063,1.822462926410207
Israel,ISR,1992,2580.92968949329,38.4077,26752.4006346892,5123000.0,90.6099902925991,7.49711106773375,10.194379491650325,2.014517755368334
Israel,ISR,1993,2634.64593522424,42.117,27123.1073850066,5261000.0,90.6914856329246,8.005512260026611,10.208141314583813,2.080130336909254
Israel,ISR,1994,2738.44186262608,45.0808,28393.0000212879,5399000.0,90.7714284488131,8.349842563437674,10.253897915644908,2.1222426840068898
Israel,ISR,1995,2796.31041024382,48.1938,29470.81726085,5545000.0,90.8511786571744,8.691397655545536,10.291155807306836,2.162333761275191
Israel,ISR,1996,2801.22764441017,51.2646,30386.1981561933,5692000.0,90.9329267580104,9.006430077301475,10.32174377628151,2.1979387752696455
Israel,ISR,1997,2881.17071224801,52.9341,30707.0065373148,5836000.0,91.0183078868813,9.070270733379028,10.33224613350687,2.205002113006704
Israel,ISR,1998,2885.62324026661,53.5039,31246.8564724838,5971000.0,91.1059081529216,8.960626360743595,10.349674057224226,2.1928401308764958
Israel,ISR,1999,2737.58342545966,54.9448,31465.6129203265,6125000.0,91.1940273629403,8.970579591836735,10.356650575203268,2.193950288457832
Israel,ISR,2000,2899.21092060716,59.2839,33275.0631655978,6289000.0,91.2809653237465,9.426602003498171,10.412563541551451,2.243535692736117
Israel,ISR,2001,2973.01751340231,59.2332,32590.2286180761,6439000.0,91.365021842149,9.199130299735984,10.391767786783255,2.21910894694911
Israel,ISR,2002,2862.54444096904,62.4864,31897.5848832705,6570000.0,91.4444967249569,9.510867579908675,10.37028557691848,2.2524351005675216
Israel,ISR,2003,2949.36140375621,64.2504,31780.7796080985,6689700.0,91.5176897789793,9.604376877886901,10.366616971196315,2.2622189193515534
Israel,ISR,2004,2822.35591418715,64.0088,32675.2080644863,6809000.0,91.5829008110251,9.400616830665294,10.394371906168745,2.2407753074065835
Israel,ISR,2005,2661.980099421,61.8728,33512.8909185546,6930100.0,91.6384296279033,8.928125135279434,10.419685447334206,2.1892064215890548
Israel,ISR,2006,2883.01357713219,65.0379,34770.0262786336,7053700.0,91.6825760364229,9.220394970015736,10.456510980786309,2.2214178750474654
Israel,ISR,2007,2899.35253797653,67.4164,36317.8525090071,7180100.0,91.713639843393,9.389339981337308,10.500064704012512,2.239575001222304
Israel,ISR,2008,3130.72173959461,67.7831,36827.9249156064,7308800.0,91.7292868898136,9.274176335376533,10.514011665620126,2.2272337997389626
Israel,ISR,2009,2874.86147474045,67.0476,36403.1626371602,7485600.0,91.7319738585748,8.956877204232125,10.502410935486763,2.1924216399240493
Israel,ISR,2010,3043.56517574048,71.9452,37722.4099869836,7623600.0,91.7316426703946,9.437168791646991,10.53800962619591,2.2446560190344798
Israel,ISR,2011,2981.37242150116,71.1392,39075.375376272,7765800.0,91.7304024673781,9.160575858250278,10.573247761802,2.214909043331225
Israel,ISR,2012,2968.58833913788,77.5898,39299.3515506546,7910500.0,91.7276502819515,9.808457113962454,10.578963297737882,2.2832449843437947
Israel,ISR,2013,2662.60942480489,68.288,40148.7774492867,8059500.0,91.7227831465406,8.472982194925244,10.60034726932941,2.1368825358244394
Israel,ISR,2014,2528.01855666417,65.9245,40872.5808449627,8215700.0,91.7151980935716,8.02420974475699,10.618214722227004,2.0824631899935957
Israel,ISR,2015,2607.84399987972,67.9917,40967.3707596637,8380100.0,91.7042921554705,8.11347119962769,10.620531193711399,2.0935257913057765
Israel,ISR,2016,2569.21718310487,67.5521,41963.675796165,8546000.0,91.6894623646632,7.904528434355254,10.644559661060523,2.067435814784052
Israel,ISR,2017,2481.51602271413,67.8229,42947.0586686984,8713300.0,91.6701057535759,7.783836204423123,10.667723442382801,2.0520493020650705
Israel,ISR,2018,2490.06554012289,63.4982,43814.2949977965,8882800.0,91.6456193546346,7.148444184266222,10.687715412930201,1.9668947364222171
Israel,ISR,2019,2407.97500275888,65.3145,44580.8078825716,9054000.0,91.6154002002652,7.213883366467859,10.705058728861157,1.9760074146860884
Israel,ISR,2020,2453.62703150387,61.3925,42915.9416939728,9215100.0,91.5788453228939,6.66216318867945,10.666998637147568,1.8964442349202109
Israel,ISR,2021,2432.5509270456,60.972,46162.0822730247,9371400.0,91.5353517549466,6.506178372495038,10.739914010065442,1.8727522442900004
Israel,ISR,2022,2501.42064264807,63.6364,48098.187235579,9557500.0,91.4979834273327,6.6582683756212395,10.780999767973665,1.8958594470850114
Israel,ISR,2023,2459.62529465788,60.4805,47527.151024672,9849000.0,91.5089569794505,6.140775713270383,10.769056427240791,1.8149510718453064
Italy,ITA,1992,2627.54011715057,423.0511,43614.4850883758,56797087.0,66.7046939025797,7.448464742566815,10.683144600959633,2.0080079363318877
Italy,ITA,1993,2612.19400052933,416.2963,43216.1096444751,56831821.0,66.7268353013949,7.32505650311645,10.673968613156054,1.9913008686094145
Italy,ITA,1994,2578.66204057136,410.7504,44136.7059141923,56843400.0,66.7649491303665,7.225999852225589,10.695047048892523,1.977685612275073
Italy,ITA,1995,2799.59479171327,434.9088,45410.1391731091,56844303.0,66.8166099473719,7.650877520654972,10.723490688899217,2.0348203498422675
Italy,ITA,1996,2796.38058021046,429.8468,46008.2389303796,56860281.0,66.8793923102889,7.559702351805121,10.736575766615621,2.0228318179620164
Italy,ITA,1997,2834.63680923621,433.2998,46869.4256086419,56890372.0,66.950870776995,7.6163994849603025,10.755120835852154,2.0303037494958263
Italy,ITA,1998,2913.20022573948,442.4746,47701.3974191265,56906744.0,67.0286199053679,7.775433435446597,10.772715972445772,2.0509692038357947
Italy,ITA,1999,2957.58654940452,449.3568,48493.6651210308,56916317.0,67.1102142532851,7.895043525040456,10.789188452333333,2.0662351606804337
Italy,ITA,2000,3012.48356350836,454.3191,50353.4200415436,56942108.0,67.1932283786243,7.978613998624708,10.826821821193285,2.07676471199397
Italy,ITA,2001,3020.75373063924,453.6804,51332.2904432567,56976981.0,67.27519882288,7.9625208643469545,10.846075276480828,2.074745641220997
Italy,ITA,2002,3035.91851152815,460.957,51369.1149098293,57089824.0,67.3538786566538,8.074241041625912,10.846792393603504,2.0886788760383723
Italy,ITA,2003,3164.10814422149,480.7606,51126.2585544038,57399184.0,67.4299414611787,8.37573927880229,10.842053510243156,2.125339345911174
Italy,ITA,2004,3162.43494730256,492.1601,51495.0028841364,57828179.0,67.5072499739908,8.510731420403191,10.849240050567987,2.141327887235436
Italy,ITA,2005,3204.1351997897,493.0711,51585.6445807938,58166682.0,67.5897169318419,8.476864814121596,10.850998706964672,2.1373406661264047
Italy,ITA,2006,3162.24131154867,487.5246,52304.2402949819,58399861.0,67.6812550714834,8.348043842090652,10.86483272315239,2.1220272410088605
Italy,ITA,2007,3132.89653716264,480.3222,52747.1905476807,58756247.0,67.7857771296669,8.174827776185229,10.873265790160355,2.1010596494280964
Italy,ITA,2008,3067.89962633863,464.9772,51806.3906176391,59211181.0,67.9071958431441,7.852861438450282,10.855268791634893,2.0608779798273296
Italy,ITA,2009,2848.10100531328,413.8068,48774.3916833748,59555454.0,68.0494239486665,6.948260355802174,10.794960693519632,1.9384913197266223
Italy,ITA,2010,2904.35856014464,423.6329,49301.6959141674,59819407.0,68.2163741829857,7.081863917507574,10.805713759320811,1.9575371382421163
Italy,ITA,2011,2798.23628262725,414.5041,49473.0149235634,60026841.0,68.4015073889511,6.905312575086202,10.8091826468475,1.9322910537709732
Italy,ITA,2012,2680.46208450702,394.4537,47795.9579360541,60191247.0,68.7608794235259,6.553339890100632,10.774696352896743,1.8799748265744132
Italy,ITA,2013,2576.45615324387,361.7143,46833.3615309303,60311613.0,69.3073989916076,5.99742374656768,10.754351081171567,1.7913300014479152
Italy,ITA,2014,2433.16257781775,342.9756,46825.6511245062,60320707.0,69.5807638614879,5.685868370209918,10.754186432704262,1.7379838631560491
Italy,ITA,2015,2533.02354460955,353.7401,47311.8255262709,60229605.0,69.6100006103516,5.873193091669786,10.764515554358685,1.7703984538595778
Italy,ITA,2016,2511.46353090755,349.1697,47987.8379581014,60115223.0,69.5969232525286,5.808340759211689,10.77870288191205,1.7592949464646086
Italy,ITA,2017,2557.32535513975,345.6817,48849.2183534756,60002252.0,69.5180784259382,5.761145431674798,10.796493656390519,1.751136314603601
Italy,ITA,2018,2503.3498604998,340.3734,49133.143527174,60148658.0,69.4800033569336,5.658869396554118,10.802289106978504,1.7332241190027624
Italy,ITA,2019,2494.02659804115,332.562,49690.6298505274,59729081.0,69.5050010681153,5.567840563292779,10.813571660115295,1.7170072881560487
Italy,ITA,2020,2313.10006204514,295.2134,45505.0688708956,59438851.0,69.5187492370606,4.966674069793172,10.72557900249005,1.6027504148445766
Italy,ITA,2021,2531.08698798735,330.3484,49825.3934111848,59133173.0,69.4812507629394,5.586515710902238,10.816280040909026,1.7203557852992046
Italy,ITA,2022,2411.65172417311,331.006,52333.3274270604,59013667.0,69.4839779766539,5.608971901373287,10.86538868280361,1.7243674409528187
Italy,ITA,2023,2298.39093933589,304.3081,52870.3261442897,58984216.0,69.5381540123301,5.159144609127296,10.875597518007323,1.6407707923265957
Jamaica,JAM,1992,1139.85406564567,8.3025,9315.8581885588,2424701.0,49.8793624099619,3.4241335323406887,9.1394734085353,1.230848456450333
Jamaica,JAM,1993,1130.54025977278,8.4375,10088.232357755,2449916.0,50.1051175348913,3.4439956308706092,9.219124910463856,1.2366323179440668
Jamaica,JAM,1994,1140.90644822491,8.5234,10123.2339381488,2475220.0,50.3347875926727,3.4434918916298347,9.222588450898932,1.236486041311252
Jamaica,JAM,1995,1203.56731599874,8.8104,10257.8065381959,2500151.0,50.5669713966556,3.523947153591923,9.235794308168709,1.2595817118184487
Jamaica,JAM,1996,1257.38194499192,9.1895,10147.4641121652,2524463.0,50.8002677601895,3.640180109591624,9.22497911208844,1.2920331610815616
Jamaica,JAM,1997,1243.88202034055,9.4034,9939.66172862006,2547848.0,51.0332754966239,3.690722523478638,9.204288267745591,1.3058222447057473
Jamaica,JAM,1998,1286.68442414829,9.9026,9624.92935948127,2569736.0,51.2645934193083,3.853547601776992,9.17211181985438,1.348994179027655
Jamaica,JAM,1999,1308.89611676077,10.16,9650.43726482499,2589795.0,51.4928203415923,3.923090437660124,9.174758505723553,1.3668797201506124
Jamaica,JAM,2000,1339.1099922275,10.2444,9667.92474492316,2607826.0,51.7165550768252,3.928329574135698,9.176568957858775,1.3682142907748593
Jamaica,JAM,2001,1357.36284604569,10.3087,9736.06291757526,2624403.0,51.934190578424,3.92801715285343,9.183592097010417,1.3681347572987312
Jamaica,JAM,2002,1290.94473517758,10.2596,9869.71291927176,2640572.0,52.1467222312645,3.8853702909824084,9.197226045811178,1.3572182922718008
Jamaica,JAM,2003,1339.31816349938,10.557,10169.7500243245,2656623.0,52.3564891419558,3.9738419790839723,9.22717290902808,1.379733379646017
Jamaica,JAM,2004,1338.63104342676,10.6008,10244.2066702878,2672225.0,52.5637655955662,3.967031219302267,9.234467621880434,1.3780180112522393
Jamaica,JAM,2005,1303.21146887141,10.6289,10278.6834382546,2687066.0,52.7685237926234,3.9555783147864623,9.237827460598771,1.3751268142433632
Jamaica,JAM,2006,1470.67499756086,12.311,10522.2367459591,2700968.0,52.9707359336549,4.557995503834181,9.261246082128782,1.5168829443890834
Jamaica,JAM,2007,1479.15825671767,12.2359,10622.4442829007,2713800.0,53.1703742191887,4.508769990419339,9.27072442677876,1.506024386920119
Jamaica,JAM,2008,1177.37176764598,9.8705,10490.4686134498,2725635.0,53.3674108497524,3.6213579587875855,9.258222372790064,1.2868490822321383
Jamaica,JAM,2009,943.351386149021,8.0493,9992.97699539021,2736995.0,53.5618180258738,2.9409260886483173,9.20963782478671,1.0787245278886057
Jamaica,JAM,2010,875.100676933436,7.6922,9805.90172806302,2748568.0,53.7535679480806,2.7986209546207332,9.190739700547972,1.0291267796483319
Jamaica,JAM,2011,923.899986298869,7.6033,9932.48380946963,2760494.0,53.956586109128,2.754325856169222,9.203565857631512,1.01317271435618
Jamaica,JAM,2012,888.692854734165,7.014,9829.03510015044,2772430.0,54.2478817703732,2.5299105838560396,9.193096049640774,0.9281839597654818
Jamaica,JAM,2013,930.085040039502,7.4837,9839.96506606095,2783687.0,54.548819811983,2.6884128855004175,9.19420743984294,0.9889510141018962
Jamaica,JAM,2014,902.848499036495,7.2146,9872.15913752129,2793749.0,54.8660395670395,2.5824080831885756,9.197473866104513,0.9487223291956941
Jamaica,JAM,2015,903.435894725802,7.1067,9931.89875715182,2802534.0,55.1995248014924,2.535812232786471,9.203506952974795,0.9305139931344905
Jamaica,JAM,2016,998.797053907958,7.6254,10179.2536486158,2809915.0,55.549259277615,2.713747568876639,9.228106971956667,0.9983305463561222
Jamaica,JAM,2017,919.667703413837,7.3076,10391.0378224678,2815764.0,55.9152267548307,2.595245908392891,9.248698965771707,0.9536812745146511
Jamaica,JAM,2018,1031.75337490372,8.6911,10636.0929784551,2820097.0,56.297410990325,3.081844347907182,9.272008494187723,1.125528232023347
Jamaica,JAM,2019,1075.71855431766,8.4395,10816.3720391154,2823271.0,56.6957957395074,2.989263163189081,9.288816194798741,1.0950269233167909
Jamaica,JAM,2020,795.43607562422,5.9229,9891.96932961548,2830739.0,57.1103647563627,2.0923511492935236,9.199478528112389,0.738288385507658
Jamaica,JAM,2021,880.70616769668,6.4724,10430.6909771759,2837682.0,57.5411017937226,2.280875728851929,9.252507794810603,0.8245594608237758
Jamaica,JAM,2022,968.879419803617,7.5151,11096.6377085321,2839144.0,57.9879906034775,2.646959787879727,9.314397432272933,0.9734117315465438
Jamaica,JAM,2023,,7.7039,11398.8120394641,2839786.0,58.4510149367429,2.712845263692405,9.3412644218881,0.9979979969202648
Japan,JPN,1992,3626.46889746532,1177.3721,36563.6226393696,124425000.0,77.6108029675096,9.462504319871408,10.506809108169353,2.247337075288843
Japan,JPN,1993,3636.46948341282,1169.8276,36277.9231838837,124829000.0,77.7480283183434,9.371440931193874,10.498964658485928,2.2376668657712555
Japan,JPN,1994,3823.87113500931,1223.3464,36568.7123907341,125178000.0,77.8843368177677,9.77285465497132,10.506948301082327,2.279608609146581
Japan,JPN,1995,3915.67795216885,1233.2243,37442.8946125519,125472000.0,78.0190838015653,9.828681299413415,10.530572240972445,2.2853047745408914
Japan,JPN,1996,3990.47398761077,1246.029,38528.791438519,125757000.0,78.1374047267253,9.908227772609079,10.559161070362594,2.2933655001203523
Japan,JPN,1997,4022.0891472937,1231.6968,38814.2535478124,126057000.0,78.2318902291629,9.770951236345462,10.566542817631094,2.279413824298383
Japan,JPN,1998,3938.28293836089,1184.3904,38217.1955920953,126400000.0,78.3266396189341,9.370177215189873,10.551040839699104,2.237532009112023
Japan,JPN,1999,3994.22367709485,1225.1716,38020.0940020688,126631000.0,78.448341899402,9.67513168181567,10.545870088476734,2.2695588493468066
Japan,JPN,2000,4067.03534426909,1243.5768,39005.9136305044,126843000.0,78.6126803295375,9.804063290839856,10.571468545168276,2.2827969212590493
Japan,JPN,2001,3990.10602386433,1229.9895,39062.2817355235,127149000.0,79.1577482060887,9.673607342566594,10.572912618892548,2.2694012846341596
Japan,JPN,2002,3992.91998129661,1264.5009,38987.9102707538,127445000.0,80.5469860733981,9.921934167680176,10.571006883996409,2.294747878871981
Japan,JPN,2003,3956.90048891144,1271.9267,39501.806782419,127718000.0,82.4206778416671,9.958867974756886,10.584101691170174,2.29846340798412
Japan,JPN,2004,4085.4919552124,1267.0449,40351.776374395,127761000.0,84.3710541898905,9.917305750581164,10.605390696877635,2.294281286683767
Japan,JPN,2005,4066.44200433533,1278.6849,41075.8243580849,127773000.0,85.9573620483714,10.007473409875326,10.62317501228618,2.303332154861359
Japan,JPN,2006,4064.36044717698,1256.0383,41613.1483821427,127854000.0,87.1460898958075,9.82400472413847,10.636171463189172,2.2848288522819584
Japan,JPN,2007,4020.80546615948,1291.7352,42182.1758636624,128001000.0,88.2701404492656,10.091602409356177,10.64975303790055,2.311703633387225
Japan,JPN,2008,3867.13557310575,1220.7653,41645.5722078975,128063000.0,89.2921563808851,9.532537110640856,10.636950332409455,2.254710905806872
Japan,JPN,2009,3709.02326188514,1157.495,39279.498871012,128047000.0,90.1131158718189,9.039610455535858,10.578458004520726,2.201616082273847
Japan,JPN,2010,3900.21212768124,1217.0641,40881.7972423185,128070000.0,90.6228586840649,9.503116264542829,10.618440187764396,2.2516197726637373
Japan,JPN,2011,3620.18019068219,1269.8897,40967.3431400832,127833000.0,90.8631654434251,9.933974012970047,10.620530519526326,2.2959606007133506
Japan,JPN,2012,3536.70253450885,1308.4016,41596.9238038796,127629000.0,91.0265277326652,10.251601125136137,10.635781496493014,2.3274339007156772
Japan,JPN,2013,3567.33780517627,1323.4899,42492.2439560498,127445000.0,91.1516595654317,10.384792655655382,10.657076843106472,2.340342491375785
Japan,JPN,2014,3445.81632921551,1273.5698,42674.6976301321,127276000.0,91.2548945132333,10.006362550677268,10.66136146222763,2.303221145737332
Japan,JPN,2015,3400.59271053608,1232.5762,43386.7100739513,127141000.0,91.3532644103625,9.694561156511275,10.677908453699523,2.271565022740914
Japan,JPN,2016,3370.8877963853,1228.6537,43736.1305076612,127076000.0,91.4541254852142,9.668652617331361,10.685929824557515,2.2688889633900153
Japan,JPN,2017,3391.05041453219,1212.9423,44505.2792603684,126972000.0,91.5498419685883,9.552832908042719,10.703363096182207,2.256837750089441
Japan,JPN,2018,3343.05412833973,1163.1278,44848.4899421798,126811000.0,91.6377318609728,9.172136486582394,10.711045197849442,2.2161702456723797
Japan,JPN,2019,3261.62024942915,1123.813,44730.9102844958,126633000.0,91.7164207898107,8.874566661138882,10.708420046868063,2.183189507255478
Japan,JPN,2020,3046.85480668859,1060.2269,42992.4796365328,126261000.0,91.7809926267889,8.39710520271501,10.668780487206623,2.1278870277301856
Japan,JPN,2021,3196.03970960845,1080.206,44355.3487163354,125681593.0,91.8741049279527,8.594782849386704,10.699988582863483,2.151155373755526
Japan,JPN,2022,3129.65861717499,1050.5032,44972.3438362201,125124989.0,91.9776532428406,8.395630708107396,10.713802998402553,2.127711416725614
Japan,JPN,2023,3039.14126131753,1002.4382,45858.6595131439,124516650.0,92.0826903891473,8.050635798505661,10.733319326005274,2.08575106949245
Jordan,JOR,1992,921.019623317495,11.9667,7737.96922068777,4127693.0,77.2093821104241,2.899125492133257,8.953894557569395,1.0644091370789386
Jordan,JOR,1993,866.114519281372,12.4336,7675.47163756117,4348020.0,77.8575009481257,2.8596004618194026,8.94578502171539,1.0506819164084493
Jordan,JOR,1994,885.138249298773,12.988,7680.14079173861,4561406.0,78.185706296847,2.847367675668423,8.946393158231315,1.0463949449059249
Jordan,JOR,1995,905.193588067655,13.8019,7829.08121456011,4752096.0,78.2491281447452,2.9043815613152595,8.965600440408856,1.0662204799689106
Jordan,JOR,1996,898.412571409829,14.1239,7731.47855807269,4912516.0,78.260589791547,2.875084783438873,8.953055398591157,1.0560821637062774
Jordan,JOR,1997,893.491630691812,14.6193,7775.5427123949,5046285.0,78.2689390880147,2.897042081451999,8.958738536848658,1.063690244553995
Jordan,JOR,1998,902.814664165857,14.8364,7826.74015705934,5164284.0,78.2751272220723,2.8728861542084054,8.965301374973366,1.0553171531098269
Jordan,JOR,1999,880.871567025474,14.8637,7920.01974595781,5276444.0,78.280105381644,2.8169918983315276,8.977148977981855,1.035669612898452
Jordan,JOR,2000,903.243088042685,16.4657,8086.92202690853,5386945.0,78.2848247546539,3.056593301026834,8.998003471267285,1.1173009954671225
Jordan,JOR,2001,876.037093986667,16.5076,8339.78581448441,5498894.0,78.2902365290261,3.001985490173115,9.028792813306515,1.0992738998128855
Jordan,JOR,2002,900.964957727455,17.2075,8638.08033080173,5616066.0,78.2972918926847,3.0639775244806597,9.063935653176609,1.1197139164991758
Jordan,JOR,2003,900.985989582586,17.6466,8800.49674649158,5741828.0,78.3069420335538,3.07334179985886,9.082563447338096,1.1227655037313684
Jordan,JOR,2004,1057.17652422962,19.0154,9326.66839127919,5882061.0,78.3185350370311,3.2327784427941157,9.140633144463338,1.1733419664828941
Jordan,JOR,2005,1107.30679497061,20.3143,9839.68834968723,6029587.0,78.412126230667,3.369103057970637,9.194179317764984,1.2146465540339122
Jordan,JOR,2006,1066.3573147471,20.5438,9977.75903329275,6427371.0,78.755612573541,3.1962990778033507,9.208113798329085,1.1619936023128374
Jordan,JOR,2007,1055.84777945071,21.3397,10161.4021194103,6827227.0,79.3358270749644,3.1256760614521824,9.22635171548978,1.1396505994550126
Jordan,JOR,2008,1011.34553533121,20.493,10641.5894255558,6989866.0,80.1290966207551,2.931815860275433,9.272525133840348,1.075621978599059
Jordan,JOR,2009,1044.29967184826,21.0617,10938.5027244703,7141753.0,81.1117480967305,2.9490938709305685,9.300044204129586,1.0814979607712798
Jordan,JOR,2010,973.413219547318,20.5883,10953.537631697,7297043.0,82.2601083887084,2.821457952214342,9.301417754456178,1.037253755680656
Jordan,JOR,2011,944.486189633114,21.0139,10977.4820450868,7480424.0,83.5505043825064,2.8091856825228088,9.303601366824132,1.0328946486511277
Jordan,JOR,2012,1034.50305837685,24.5322,11086.0299443995,7587127.0,84.9592629639423,3.2333978329346538,9.313441031076545,1.1735335449725675
Jordan,JOR,2013,966.849898090231,24.0985,10799.3538143329,7991809.0,86.4627110188335,3.015399892565,9.287241579316092,1.103732455733908
Jordan,JOR,2014,930.16049745624,25.8395,10148.99809876,8791710.0,88.0371754329978,2.939075560954581,9.225130270116058,1.0780950968560628
Jordan,JOR,2015,903.433667037898,25.6334,9581.68922567813,9544729.0,89.8881391939133,2.6856079413045673,9.167609183779774,0.9879071236738676
Jordan,JOR,2016,887.616759444148,25.2353,9321.9045113153,10006367.0,90.56272794707,2.521924290804045,9.140122233511343,0.9250222175854106
Jordan,JOR,2017,917.041568368822,26.5502,9339.81039725983,10234226.0,90.8764609714428,2.594255784462841,9.142041230937592,0.9532996872252868
Jordan,JOR,2018,869.212005052558,25.2117,9311.53116265584,10462306.0,91.2008859099729,2.409765112968403,9.139008821050796,0.8795292792541002
Jordan,JOR,2019,811.583012032737,23.2902,9288.52709103516,10671891.0,91.515966492507,2.1823873575920145,9.136535271448313,0.780419395758005
Jordan,JOR,2020,754.943831707803,20.948,9022.63930356769,10865228.0,91.8216722992319,1.9279853124112996,9.107492175973004,0.6564755781154047
Jordan,JOR,2021,725.458661893959,21.7432,9182.496161256,11066356.0,92.117972910453,1.9648021444457417,9.125054359643748,0.675391550402166
Jordan,JOR,2022,754.305503117865,23.338,9266.57538251337,11256263.0,92.4048379066163,2.0733346404574946,9.13416916015419,0.7291582485285166
Jordan,JOR,2023,,24.0408,9381.35436036929,11439213.0,92.682236868336,2.10161310922351,9.146479419676384,0.7427051971045644
Kazakhstan,KAZ,1992,4549.12129193902,265.3152,14045.1035780375,17332625.0,57.0785089227206,15.307271691391234,9.550029114237923,2.72832798943864
Kazakhstan,KAZ,1993,3799.01798234766,226.1297,12795.8746425372,17274487.0,56.9840568701253,13.090385838954292,9.456878104408199,2.571878055343347
Kazakhstan,KAZ,1994,3411.22039446455,203.8883,11334.9831283773,17043771.0,56.8743815359144,11.962628458220895,9.33564907448682,2.4817874951306864
Kazakhstan,KAZ,1995,3122.78221073192,180.328,10600.3302270095,16730536.0,56.7529543748356,10.778375540389142,9.268640433106361,2.377541862139508
Kazakhstan,KAZ,1996,2762.82237678729,158.0291,10857.4353898737,16416027.0,56.6232468416365,9.626513163020505,9.292605413654334,2.264521079559767
Kazakhstan,KAZ,1997,2461.86076122748,137.3099,11298.5805497095,16043251.0,56.4887303910647,8.558732890235277,9.332432381740242,2.146952152354923
Kazakhstan,KAZ,1998,2514.04329382024,141.5854,11364.0307809315,15647785.0,56.3528764778678,9.048271049225178,9.338208451605706,2.20257369517604
Kazakhstan,KAZ,1999,2324.27262615097,129.6552,11815.7732115429,15455874.0,56.2102542327601,8.388732982683479,9.377190630691112,2.1268894939003813
Kazakhstan,KAZ,2000,2301.832950293,132.224,12935.864368308,15501103.0,56.0239607657944,8.529973641230562,9.467758916377301,2.1435862713734397
Kazakhstan,KAZ,2001,2217.57862083109,130.4765,14612.0290050498,15575550.0,55.7813717131331,8.377007553505333,9.58960037292893,2.1254907568670203
Kazakhstan,KAZ,2002,2538.1420196136,145.534,15960.8738450013,15656677.0,55.5045911261585,9.295331314556723,9.677895621698017,2.229512264922962
Kazakhstan,KAZ,2003,2737.29872977182,162.1546,17344.752672995,15747380.0,55.2115277236592,10.297243096946922,9.761045300034096,2.331876198917538
Kazakhstan,KAZ,2004,3204.58811216281,174.5565,18886.5811908122,15850159.0,54.9200902244233,11.012917914577386,9.846206958981423,2.3990689396525675
Kazakhstan,KAZ,2005,3186.46182049893,187.5969,20565.5294470866,15968117.0,54.6481873472392,11.748216774714264,9.93137162538961,2.463701465218764
Kazakhstan,KAZ,2006,3763.63490829315,210.1923,22574.3429577665,16103716.0,54.4137278108953,13.05240976678923,10.02456927300079,2.5689727731807417
Kazakhstan,KAZ,2007,4065.37338873297,219.6055,24351.3464102542,16257214.0,54.2346203341799,13.508187811269508,10.10034242103769,2.6032960061333217
Kazakhstan,KAZ,2008,4253.35380920843,248.432,24895.6645683245,16426525.0,54.1287736358813,15.123831729474128,10.122448953571338,2.7162717599071597
Kazakhstan,KAZ,2009,3819.51468551316,224.4825,24901.3527260084,16619846.0,54.1167144748885,13.506894107201715,10.122677407322895,2.6032002297020167
Kazakhstan,KAZ,2010,4105.7018942109,242.1984,26374.8407672795,16836810.0,54.2054127497102,14.385052750491335,10.180165833500599,2.6661896640451945
Kazakhstan,KAZ,2011,4532.00308919896,262.6296,27946.1603432944,17066002.0,54.3996086425518,15.389052456456994,10.238035093235556,2.733656377174131
Kazakhstan,KAZ,2012,4270.24340373999,258.8083,28881.2417563728,17306106.0,54.69208192838,14.954739096131734,10.270947589186735,2.7050282460007247
Kazakhstan,KAZ,2013,4645.78037421422,276.1147,30177.4887221736,17556502.0,55.0779764821252,15.727204656143918,10.314851518858822,2.7553919934679785
Kazakhstan,KAZ,2014,3698.18319229425,233.0134,30986.4379168995,17816285.0,55.5524361787178,13.078674931390017,10.341304901190492,2.5709830359577595
Kazakhstan,KAZ,2015,3050.9438545054,202.7539,30893.7594851041,18084169.0,56.1106048930882,11.211679121114164,10.33830948407862,2.416956013655951
Kazakhstan,KAZ,2016,3389.09731833891,216.1249,30758.3227260598,18363600.0,56.7476265001667,11.769201028120849,10.333915894371502,2.465486036905294
Kazakhstan,KAZ,2017,3404.26707460291,226.4516,31524.4416339794,18651931.0,57.4586448748837,12.140919886525422,10.358518448827871,2.496581555950612
Kazakhstan,KAZ,2018,3814.13873379292,229.3799,32330.2274546567,18932727.0,58.2388038921695,12.115523558756221,10.383757906100135,2.4944875690801736
Kazakhstan,KAZ,2019,3753.15793323889,218.8149,33298.2123695035,19209555.0,59.0832474269546,11.39094060221593,10.41325899193008,2.4328183554555736
Kazakhstan,KAZ,2020,3388.38789091494,225.4957,32011.5491499004,19482117.0,59.9871193541692,11.574496755152431,10.373852027603565,2.448804122150471
Kazakhstan,KAZ,2021,3540.40029844449,241.9078,32945.8515725823,19743603.0,61.030254280267,12.252464760358077,10.402620631324142,2.5057271216789294
Kazakhstan,KAZ,2022,3506.54555005386,246.5276,33506.2614893237,20034609.0,61.444157327248,12.305086662784385,10.419487610476702,2.510012726710082
Kazakhstan,KAZ,2023,3650.54759330848,255.4342,34703.2349286604,20330104.0,61.7560919499181,12.564333168192352,10.454588187199523,2.530862099009654
Kenya,KEN,1992,461.514800014424,6.2967,3946.84093437851,24382460.0,18.3803510644475,0.2582471169849146,8.280670774465285,-1.3538383347042788
Kenya,KEN,1993,457.162477874331,6.1914,3844.92029783599,25117188.0,18.4500145151536,0.24650052386437526,8.254508152943624,-1.4003911602912031
Kenya,KEN,1994,448.817790825803,6.2863,3833.22357838589,25857130.0,18.5149411548647,0.24311669547239,8.251461393547917,-1.414213722632846
Kenya,KEN,1995,457.701869210403,6.7215,3890.0985511465,26601751.0,18.5827604922377,0.25267133731159275,8.26618977077654,-1.3756656967766459
Kenya,KEN,1996,461.288541982308,7.4009,3941.40919481353,27344211.0,18.6611020359295,0.2706569225932319,8.279293602003836,-1.306903228407905
Kenya,KEN,1997,453.644363435621,7.1148,3853.37139280354,28101768.0,18.7575952945971,0.25317979993287254,8.256703730534621,-1.3736553709907173
Kenya,KEN,1998,459.342548020959,7.783,3871.82176322447,28888057.0,18.8798697768976,0.2694192967010554,8.261480415111867,-1.3114863891335937
Kenya,KEN,1999,456.367492363499,7.9883,3848.46470612727,29733408.0,19.0288523643308,0.26866412353403957,8.255429570119606,-1.3142932909426142
Kenya,KEN,2000,460.259557885245,8.9072,3756.63622296879,30642890.0,19.4553832211834,0.2906775437956407,8.231279214420397,-1.2355407231261495
Kenya,KEN,2001,452.428455522956,8.2528,3778.25854755615,31619170.0,20.4416297068833,0.2610062186958102,8.237018480753276,-1.3432110455225597
Kenya,KEN,2002,445.351766080328,8.0095,3681.2569427491,32629808.0,21.8586568137501,0.24546574101815122,8.211009533374105,-1.4045978892728317
Kenya,KEN,2003,435.103052843273,7.2312,3674.08592758409,33652223.0,23.563889811899,0.21488030671851902,8.209059653521198,-1.5376741188137801
Kenya,KEN,2004,449.67502007767,8.0523,3743.56785736929,34713455.0,25.4147539714454,0.23196481018671294,8.227794408224575,-1.4611695990501221
Kenya,KEN,2005,453.624918249435,9.026,3844.73557120578,35796484.0,27.2686745625048,0.25214766902805313,8.254460107456701,-1.3777403748881996
Kenya,KEN,2006,459.858505198544,9.9988,3970.73349887685,36904008.0,28.9830768551925,0.27094076068919126,8.286706117037511,-1.3058550772406952
Kenya,KEN,2007,456.223752941816,10.0006,4116.45094720856,38036349.0,30.4153861196239,0.26292218530227496,8.322746650527208,-1.3358971639589157
Kenya,KEN,2008,456.15344235827,10.5703,4002.88364073792,39206351.0,31.4230276259143,0.26960682977102357,8.294770290555581,-1.3107905672862854
Kenya,KEN,2009,470.588388726011,12.4742,4012.19428382397,40408891.0,31.8603086707305,0.30869938994366364,8.297093573588297,-1.1753873236869783
Kenya,KEN,2010,469.595821222952,13.4828,4211.52462957784,41598567.0,31.8713287706458,0.3241169341241971,8.345580005910666,-1.1266509205106268
Kenya,KEN,2011,472.715162690229,13.8759,4307.10611556858,42758461.0,31.8673949025409,0.3245182280999309,8.368021522681547,-1.1254135715344866
Kenya,KEN,2012,462.749845582612,12.8926,4387.93790075409,43888303.0,31.8558130142761,0.29375936453956764,8.386614669233468,-1.2249943347482675
Kenya,KEN,2013,471.435474475568,13.8937,4443.371215682,44986791.0,31.8324454433988,0.3088395435895839,8.399168650128166,-1.174933413364192
Kenya,KEN,2014,497.485664126512,15.7052,4558.55155266374,46051440.0,31.7931545274563,0.3410360240635255,8.424760210089833,-1.0757671648633564
Kenya,KEN,2015,530.458901047223,17.0005,4679.62182831938,47088526.0,31.7338026039958,0.36103274925190904,8.450972579732056,-1.018786606614566
Kenya,KEN,2016,533.407778503543,18.5033,4770.31046388086,48139687.0,31.6502520105647,0.38436685307073143,8.47016666853181,-0.9561578359091153
Kenya,KEN,2017,538.606903918261,19.2464,4846.86210851932,49197766.0,31.5383650847102,0.3912047551102219,8.486086786610356,-0.9385241857056197
Kenya,KEN,2018,546.495296692888,19.1369,5017.66784674664,50207107.0,31.3940041639796,0.38115918529223364,8.520720532377375,-0.9645381819474141
Kenya,KEN,2019,543.883187157453,19.4769,5171.71264279257,51202827.0,31.1895566421135,0.3803872001051817,8.55095917817664,-0.9665655973912696
Kenya,KEN,2020,534.753957479746,19.1646,5057.40115537429,52217334.0,31.2063494632616,0.36701605639230833,8.528608024683692,-1.002349681496826
Kenya,KEN,2021,539.778643234306,21.5155,5338.85243382781,53219166.0,31.2879334021971,0.40428104416367594,8.582766008827674,-0.9056449890054973
Kenya,KEN,2022,541.12804988998,21.9726,5491.69378280246,54252461.0,31.4307820066946,0.4050065120548172,8.610992008378261,-0.9038521328571693
Kenya,KEN,2023,544.940571966597,21.2679,5691.82513474417,55339003.0,31.6330340816429,0.38432025961869964,8.646786237505259,-0.9562790645633223
Kiribati,KIR,1992,,0.019,2495.99640204714,77641.0,35.4883396105748,0.24471606496567536,7.8224432880007555,-1.4076566590102073
Kiribati,KIR,1993,,0.0192,2455.44987557043,78841.0,35.7162203273478,0.24352811354498294,7.806065272145488,-1.412522887087137
Kiribati,KIR,1994,,0.0198,2468.72119002766,80021.0,35.9876137513594,0.2474350482998213,7.811455558719125,-1.3966071625262952
Kiribati,KIR,1995,,0.0179,2498.7876151917,81234.0,36.3333481846524,0.22035108452125957,7.823560939304787,-1.5125331658943195
Kiribati,KIR,1996,,0.0181,2455.50107360313,82623.0,37.0518305378991,0.21906732992024014,7.80608612270304,-1.518376153858241
Kiribati,KIR,1997,,0.0186,2439.41011578482,84147.0,38.6030123331399,0.22104174836892582,7.799511533233703,-1.509403688658275
Kiribati,KIR,1998,,0.0192,2502.86206993942,85657.0,40.5328905371864,0.22414980678753635,7.8251901840162335,-1.4954406703594836
Kiribati,KIR,1999,,0.0192,2364.34619150483,87126.0,42.2976634213444,0.2203704978995937,7.768256810911194,-1.5124450677429195
Kiribati,KIR,2000,,0.0324,2481.41524257587,88613.0,43.3274808848011,0.3656348391319558,7.816584338722181,-1.0061201509117208
Kiribati,KIR,2001,,0.0292,2357.58189014518,90335.0,43.4777440627131,0.3232412686112802,7.765391749915012,-1.1293562729516544
Kiribati,KIR,2002,,0.0432,2341.69553872722,92264.0,43.4985457088421,0.46822162490245384,7.758630535163401,-0.758813537673573
Kiribati,KIR,2003,,0.0447,2258.03381830985,94175.0,43.510668313316,0.4746482612158216,7.722249721705445,-0.7451812519585816
Kiribati,KIR,2004,83.2596138835406,0.0464,2199.67074158217,96085.0,43.5238025326975,0.48290576052453554,7.6960629652286,-0.7279337571521809
Kiribati,KIR,2005,81.6035089508849,0.0616,2183.78113886233,98035.0,43.5443274444527,0.6283470189218137,7.6888131206997015,-0.46466268722791104
Kiribati,KIR,2006,99.9830028895088,0.0662,2264.16158033718,100017.0,43.7349826427011,0.6618874791285482,7.72495980618328,-0.41265970859676626
Kiribati,KIR,2007,107.771289728416,0.0616,2286.4464773202,102068.0,44.6212141757087,0.6035192224791316,7.7347541346982664,-0.5049773872879575
Kiribati,KIR,2008,,0.0686,2172.35767589525,104222.0,45.9461325515373,0.6582103586574811,7.683568343322793,-0.4182307047397306
Kiribati,KIR,2009,,0.0581,2137.96593927055,106467.0,47.3510238975116,0.5457089990325641,7.667610160340479,-0.6056694141204176
Kiribati,KIR,2010,,0.0611,2119.64018013945,108704.0,48.4603839564718,0.5620768324992641,7.6590016269115955,-0.5761167258006237
Kiribati,KIR,2011,,0.057,2150.38301837654,110647.0,49.1228169536795,0.515151789022748,7.673401253337335,-0.6632936857780122
Kiribati,KIR,2012,,0.0558,2242.01379114528,112284.0,49.5800786695548,0.49695415197178583,7.715129754882267,-0.6992575066945109
Kiribati,KIR,2013,,0.0601,2382.37034452158,113838.0,49.9687043258795,0.5279432175547708,7.775851214119556,-0.6387665435688897
Kiribati,KIR,2014,,0.0607,2381.34837325608,115326.0,50.3909308922385,0.5263340443612021,7.775422149625314,-0.6418192024875967
Kiribati,KIR,2015,,0.0623,2615.8414365735,116815.0,50.9541970402064,0.5333219192740658,7.869341097809432,-0.6286300610125132
Kiribati,KIR,2016,,0.0678,2761.9336523043,118478.0,51.7710553002321,0.5722581407518695,7.923686312067499,-0.5581650943845584
Kiribati,KIR,2017,,0.0691,2822.669652935,120275.0,52.9734697275451,0.5745167324880482,7.9454384015460535,-0.5542260568118932
Kiribati,KIR,2018,,0.0759,2877.60204999231,122084.0,54.5004023142497,0.6217030896759608,7.964712604777709,-0.4752926479975266
Kiribati,KIR,2019,,0.0761,2927.48453366722,123921.0,56.2846727145489,0.6141009191339644,7.981898812338265,-0.48759600093081457
Kiribati,KIR,2020,,0.0737,2834.68581354366,126099.0,58.4123714112748,0.5844614152372343,7.949686385873545,-0.5370645135300228
Kiribati,KIR,2021,,0.0805,3020.49399935695,128377.0,59.6364645301985,0.6270593642163316,8.01317567293784,-0.46671406306019925
Kiribati,KIR,2022,,0.0758,3107.77604642687,130469.0,60.5739126559419,0.5809809226712859,8.041662651757086,-0.5430373580027322
Kiribati,KIR,2023,,0.076,3140.58326370439,132530.0,61.5244676194408,0.5734550667773335,8.052163814424487,-0.5560756946062562
"Korea, Rep.",KOR,1992,2545.85498921945,321.0922,16613.4907015983,43747962.0,76.1960694185519,7.339592184888521,9.717970337155965,1.9932832804409837
"Korea, Rep.",KOR,1993,2824.86789707394,349.6353,17595.9036148432,44194628.0,77.1082857281795,7.911262427641658,9.775421404779317,2.068287367988326
"Korea, Rep.",KOR,1994,2968.99819252669,377.4498,19052.2990926264,44641540.0,77.8585649228147,8.45512498000741,9.854943060549699,2.134772764028096
"Korea, Rep.",KOR,1995,3234.29761074072,407.0883,20697.8969808345,45092991.0,78.400437187912,9.027751119902426,9.937787378963558,2.200303290996921
"Korea, Rep.",KOR,1996,3460.92201688076,436.4966,22139.7963785414,45524681.0,78.7508147919442,9.588130886628289,10.005132009225818,2.2605259675666023
"Korea, Rep.",KOR,1997,3675.46830349413,458.8627,23311.0420901741,45953580.0,78.9918025094803,9.985352610177488,10.056682436743706,2.301119280232986
"Korea, Rep.",KOR,1998,3374.34870324412,393.6141,22000.3387603516,46286503.0,79.1812369650495,8.503863426450687,9.998813130419702,2.140520580991904
"Korea, Rep.",KOR,1999,3665.80037287776,430.6102,24382.2508517369,46616677.0,79.3623394908518,9.237256443654275,10.101610722470857,2.2232449198811843
"Korea, Rep.",KOR,2000,3952.36285253717,466.4031,26404.1588575745,47008111.0,79.579960745642,9.921757970661702,10.18127680921135,2.2947301203805424
"Korea, Rep.",KOR,2001,3923.08094343002,477.111,27440.6564915847,47370164.0,79.8787704357425,10.07197272950121,10.219781006174067,2.3097565891829013
"Korea, Rep.",KOR,2002,4093.47640135718,494.4704,29395.2766036796,47644736.0,80.2766294544335,10.378279774705856,10.288589280680826,2.3397151390236726
"Korea, Rep.",KOR,2003,4137.64649746404,502.986,30142.4605585814,47892330.0,80.707793508044,10.502433270630183,10.313690106492025,2.351606970375915
"Korea, Rep.",KOR,2004,4255.20021526328,519.4706,31579.5283048867,48082519.0,81.104386778171,10.803730977572119,10.360264351184044,2.3798915353586088
"Korea, Rep.",KOR,2005,4324.50929706891,515.9796,32886.0472450743,48184561.0,81.3901352283669,10.708400975158828,10.400803750904968,2.371028571273673
"Korea, Rep.",KOR,2006,4337.55103463972,523.7009,34429.6222013137,48438292.0,81.566462110512,10.811712766420419,10.446672583321849,2.3806300618774827
"Korea, Rep.",KOR,2007,4487.98132629667,541.0028,36257.3401689702,48683638.0,81.712125801927,11.112620630364558,10.498397127204878,2.408081456156992
"Korea, Rep.",KOR,2008,4512.96932152779,552.3692,37064.1518484106,49054708.0,81.8350833138518,11.260268841066182,10.520405524012617,2.421280498187285
"Korea, Rep.",KOR,2009,4557.69756825002,556.3739,37176.1939270969,49307835.0,81.9245045084002,11.283681386538266,10.523423887210669,2.42335755687956
"Korea, Rep.",KOR,2010,4920.34159542887,612.9372,39574.0500732947,49554112.0,81.9685075986486,12.36904820330551,10.58592888125948,2.5151972394913917
"Korea, Rep.",KOR,2011,5114.96282558864,647.6916,40719.2273771671,49936638.0,81.9615408086376,12.970268442981684,10.614455677006259,2.56265969533712
"Korea, Rep.",KOR,2012,5122.94213308196,645.2115,41537.6728611117,50199853.0,81.9087898200378,12.852856361949904,10.634356074221731,2.5535660716162303
"Korea, Rep.",KOR,2013,5108.23633855207,642.0472,42709.9751857887,50428893.0,81.8269383502703,12.731732976966201,10.662187782842338,2.5440975366085112
"Korea, Rep.",KOR,2014,5136.98533019492,630.5865,43806.9250985661,50746659.0,81.7315682816954,12.426167799539275,10.687547191140098,2.5198045554565924
"Korea, Rep.",KOR,2015,5239.00345362778,643.7994,44849.106767089,51014947.0,81.639489860678,12.61981905028736,10.711058951281682,2.53526851868122
"Korea, Rep.",KOR,2016,5390.84042635905,648.8158,46088.2430785383,51217803.0,81.5559241797057,12.667778819017286,10.738313165624536,2.5390616687053145
"Korea, Rep.",KOR,2017,5467.82224967457,665.288,47536.7898568851,51361911.0,81.471030429984,12.952944838832028,10.76925921353719,2.5613231629759405
"Korea, Rep.",KOR,2018,5531.77957372505,680.496,48834.4471157733,51585058.0,81.3823523035196,13.1917269531809,10.79619122634259,2.5795898871338223
"Korea, Rep.",KOR,2019,5334.67385872126,654.9901,49790.8679884821,51764822.0,81.2901063535619,12.653189457504558,10.815586872472467,2.5379093144218716
"Korea, Rep.",KOR,2020,5195.91011087811,617.3408,49374.0926148025,51836239.0,81.1759595622913,11.909444278933893,10.807181124612836,2.4773317222394593
"Korea, Rep.",KOR,2021,5513.62830573477,638.7702,51718.2518656631,51769539.0,81.1616526507785,12.33872683316728,10.853566032346718,2.512742839180963
"Korea, Rep.",KOR,2022,5411.97477731382,613.5467,53228.6035655365,51672569.0,81.1624941626873,11.87374097850641,10.88235119184817,2.4743293214372657
"Korea, Rep.",KOR,2023,5336.92485966157,590.365,54029.3434990785,51712619.0,81.1645551720421,11.416265728100138,10.897282576090193,2.435039156716891
Kuwait,KWT,1992,5351.44439852607,26.9632,43266.9328651676,1634961.0,97.9889439981594,16.49164720137055,10.675143947072817,2.8028540225087903
Kuwait,KWT,1993,7324.02224365766,34.2774,56684.1863309395,1672151.0,98.0014588573446,20.498986036548136,10.945250550126916,3.0203754232892974
Kuwait,KWT,1994,8626.16387362399,40.734,61753.8489990065,1664361.0,98.0197679829403,24.474257688085697,11.030911584515383,3.197621858562786
Kuwait,KWT,1995,8750.10113429804,40.3131,64093.5178778949,1681513.0,98.0496205617356,23.974301715181507,11.068098512645424,3.1769824948054706
Kuwait,KWT,1996,8368.27401295209,39.6473,62665.2243536425,1730246.0,98.1478003887634,22.914256123117752,11.045561937245749,3.1317592549911315
Kuwait,KWT,1997,8176.01715457411,41.7493,62151.9518270333,1787683.0,98.325317830217,23.353860835506072,11.037337501546826,3.150762316721068
Kuwait,KWT,1998,9034.45959618815,46.3276,62450.0884424765,1844302.0,98.5480279188186,25.119313431314396,11.042122931765315,3.2236370096705285
Kuwait,KWT,1999,9400.75063333368,49.8899,59533.9542752452,1900030.0,98.7836741452018,26.257427514302407,10.994302088857326,3.267948901939809
Kuwait,KWT,2000,9493.79658571526,56.0212,60585.3026788164,1954709.0,99.0,28.659611226018807,11.011807612589703,3.355488857270295
Kuwait,KWT,2001,9860.50598409608,58.8749,59099.6653133601,2008121.0,99.2347539628831,29.31840262613657,10.986980540321643,3.378215394843211
Kuwait,KWT,2002,9710.55321576442,61.582,59348.6172741565,2059974.0,99.5090276880805,29.894552067162014,10.991184101942599,3.3976762586836347
Kuwait,KWT,2003,10159.9001917272,64.9188,67984.3145062554,2109881.0,99.7655794280652,30.76893910130477,11.127032288524397,3.4265057103939225
Kuwait,KWT,2004,10969.8036910729,68.9816,73298.0621819477,2157320.0,99.94716743531,31.975599354754973,11.20228945071693,3.464973091769449
Kuwait,KWT,2005,12017.9810258331,77.2337,78193.9012127585,2236788.0,100.0,34.52884225058432,11.266946933885386,3.5417949820411976
Kuwait,KWT,2006,10451.2180900059,79.9333,79521.3484338455,2364733.0,100.0,33.802251670696016,11.28378079835275,3.520527417746341
Kuwait,KWT,2007,9522.59021417333,78.2246,79474.7611346377,2507887.0,100.0,31.191437253751864,11.283194780233595,3.4401436101528358
Kuwait,KWT,2008,10648.7276277184,83.613,77036.5083833055,2651421.0,100.0,31.535165482961776,11.252034723317534,3.451103287698541
Kuwait,KWT,2009,10529.4946836104,85.3214,67896.2680451995,2795484.0,100.0,30.521154834010854,11.125736349520821,3.418420044298391
Kuwait,KWT,2010,11311.9365859367,86.8196,62956.2152904125,2943372.0,100.0,29.496645344183474,11.05019476836214,3.3842765397331664
Kuwait,KWT,2011,10504.8801729128,91.8746,64844.5019019408,3132814.0,100.0,29.326541569336705,11.079747404376176,3.3784929615921966
Kuwait,KWT,2012,10424.3416746399,91.9634,64908.262639237,3337109.0,100.0,27.557805273966178,11.080730207982,3.316285808502991
Kuwait,KWT,2013,9775.19621173225,93.8744,62458.8089221249,3507844.0,100.0,26.761281288449542,11.042262561204796,3.2869561148480697
Kuwait,KWT,2014,8681.35167846512,92.3325,60065.6544076232,3665876.0,100.0,25.187022146957506,11.003193483086939,3.2263288676939816
Kuwait,KWT,2015,9731.54449633626,95.5891,57763.5174574395,3834574.0,100.0,24.92821888428806,10.964112669521366,3.2160004503096107
Kuwait,KWT,2016,9684.89135568875,98.4,56936.620842726,4004096.0,100.0,24.574835368582573,10.949694013140642,3.2017229668686777
Kuwait,KWT,2017,9526.71485045218,97.4646,52285.5871175696,4154812.0,100.0,23.45824552350383,10.864476031147602,3.155222054559325
Kuwait,KWT,2018,9772.0088330557,99.0797,51623.8078622052,4323515.0,100.0,22.916469585510864,10.851738237739177,3.131855847936611
Kuwait,KWT,2019,8352.78024104055,96.8283,51380.6455354631,4442316.0,100.0,21.796805990388798,10.847016834529345,3.0817634448584403
Kuwait,KWT,2020,8871.9407246336,92.9479,49372.8187938552,4400267.0,100.0,21.123240930607164,10.807155324900638,3.0503739002190784
Kuwait,KWT,2021,8570.59391176127,99.8995,50651.9575337091,4360865.0,100.0,22.908184500093444,10.832733157176976,3.1314942484582073
Kuwait,KWT,2022,9129.59798629005,102.6178,51379.8833194119,4589643.0,100.0,22.35855817108215,10.847001999727311,3.1072091636980694
Kuwait,KWT,2023,,110.1591,47777.4012284844,4853420.0,100.0,22.69721145089442,10.774308029038188,3.1222420733685343
Kyrgyz Republic,KGZ,1992,1102.81488453015,13.9989,4701.99138098658,4515400.0,37.367181569335,3.100256898613633,8.455741396045715,1.1314849785780554
Kyrgyz Republic,KGZ,1993,856.921127484997,10.2872,3973.88323931033,4516777.0,36.9792757432412,2.2775532199176536,8.287499041530236,0.8231017175705713
Kyrgyz Republic,KGZ,1994,618.884432070573,6.7303,3176.92381882726,4515069.0,36.5739709364138,1.4906305972289682,8.063668655016722,0.3991992500419632
Kyrgyz Republic,KGZ,1995,522.800473223725,4.758,2974.71163891294,4560454.0,36.1812142869325,1.0433171785089819,7.997902385185408,0.04240523190687013
Kyrgyz Republic,KGZ,1996,595.726852092905,5.9157,3138.66615671114,4628438.0,35.830952932877,1.2781201779088323,8.05155319779678,0.24539038745664682
Kyrgyz Republic,KGZ,1997,552.190080874864,5.8369,3399.93427126665,4696421.0,35.5531340123269,1.2428400264797386,8.13151137843699,0.21739910471248117
Kyrgyz Republic,KGZ,1998,578.932786343845,6.157,3419.22330736215,4769015.0,35.377704663362,1.2910422802192905,8.137168701154351,0.2554498613044493
Kyrgyz Republic,KGZ,1999,498.399308755737,4.9139,3491.93773268741,4840422.0,35.3281527012343,1.0151800814061254,8.158212085382244,0.015066016861222272
Kyrgyz Republic,KGZ,2000,473.380207144503,4.7979,3638.46314292227,4898362.0,35.3216067847574,0.9794906950527543,8.199316657990684,-0.020722541333573277
Kyrgyz Republic,KGZ,2001,435.881289136656,4.031,3795.89059344129,4945073.0,35.3160273737858,0.8151548015570245,8.241674337776349,-0.20437724321693257
Kyrgyz Republic,KGZ,2002,485.300857386353,5.0384,3760.53239965257,4990704.0,35.3118703235333,1.0095569683154921,8.2323158220125,0.009511589388019766
Kyrgyz Republic,KGZ,2003,511.249605075318,5.6599,3982.92722017802,5043308.0,35.3086519815317,1.1222594376548092,8.289772310400593,0.11534400822780022
Kyrgyz Republic,KGZ,2004,497.875476414423,5.6107,4211.52248307857,5104713.0,35.3058886953128,1.0991215372930858,8.345579496237802,0.094511258290673
Kyrgyz Republic,KGZ,2005,498.539409578874,5.6133,4156.95849230116,5162640.0,35.3030968124082,1.0872925479986983,8.332538954189836,0.08369070532264411
Kyrgyz Republic,KGZ,2006,485.424849059713,5.5903,4240.17017797554,5218373.0,35.2997926803498,1.071272597800119,8.352358683735549,0.06884728550327077
Kyrgyz Republic,KGZ,2007,560.621207010433,6.7415,4558.71267894172,5268385.0,35.2954926466692,1.27961415120573,8.424795555402616,0.24655858811751538
Kyrgyz Republic,KGZ,2008,593.947817714401,7.8239,4894.9427801376,5318729.0,35.2897130588983,1.471009333244841,8.49595786544534,0.3859487864291117
Kyrgyz Republic,KGZ,2009,535.174330847579,7.0415,4969.96132720374,5389643.0,35.2815523593591,1.3064872756878332,8.511167337813667,0.2673420666948487
Kyrgyz Republic,KGZ,2010,503.615577108919,6.6057,4876.47964886483,5467059.0,35.267768240398,1.2082730404043562,8.492178855095627,0.18919210079720708
Kyrgyz Republic,KGZ,2011,596.801790099001,7.9039,5092.85165751678,5546587.0,35.2466507961984,1.4250024384364655,8.53559319972112,0.3541735249026343
Kyrgyz Republic,KGZ,2012,731.356416357898,10.4411,4993.39431683528,5652076.0,35.218916221918,1.8473035394428525,8.51587118131289,0.6137270295893088
Kyrgyz Republic,KGZ,2013,674.45237437711,9.6866,5418.54061993935,5777150.0,35.1850529225105,1.6767091039699507,8.597581799863391,0.5168330056420897
Kyrgyz Republic,KGZ,2014,691.53854362528,9.9416,5513.7544695252,5905848.0,35.1455493029297,1.6833484370068448,8.61500106203323,0.52078492705822
Kyrgyz Republic,KGZ,2015,659.12770366868,10.3162,5600.2143342846,6040036.0,35.1008937681291,1.7079699524969718,8.630560149970204,0.5353055029967456
Kyrgyz Republic,KGZ,2016,624.353480068472,9.7414,5715.01041179003,6175338.0,35.0515747230627,1.5774683102366218,8.650851398062777,0.45582122663343155
Kyrgyz Republic,KGZ,2017,609.705598460026,9.6372,5861.22200040503,6306696.0,34.9980805726839,1.5280901441896042,8.676113393323506,0.42401868389268316
Kyrgyz Republic,KGZ,2018,707.081191051891,11.4718,5951.82876758606,6444079.0,34.9408997219466,1.7802078466139226,8.691453807212344,0.5767301252478002
Kyrgyz Republic,KGZ,2019,609.881986975567,10.2267,6087.60193826927,6590211.0,34.8805205758044,1.551801603924366,8.714009512756887,0.43941658106679365
Kyrgyz Republic,KGZ,2020,562.289152674562,9.3085,5537.79547319377,6726596.0,34.8174315392111,1.3838351522820755,8.619351771520169,0.3248587404785856
Kyrgyz Republic,KGZ,2021,595.833222359916,10.515,5736.47883415154,6851224.0,34.7521210171204,1.5347622556203095,8.654600857552541,0.4283754867116076
Kyrgyz Republic,KGZ,2022,645.014246171812,10.5011,6139.77788825006,6975220.0,34.7003053497743,1.505486565298299,8.722543845934766,0.409116145152441
Kyrgyz Republic,KGZ,2023,,10.2304,6575.77541290499,7099750.0,34.706439175362,1.4409521462023311,8.791147783614026,0.36530410772365246
Lao PDR,LAO,1992,,0.3448,2088.02004083238,4559646.0,15.9255067602307,0.07561990558038935,7.643971547056267,-2.5820357291264595
Lao PDR,LAO,1993,,0.3628,2152.2765966407,4685060.0,16.3205402025163,0.07743764220735701,7.674281443059898,-2.5582822831798437
Lao PDR,LAO,1994,,0.4002,2267.78215521397,4809220.0,16.7622074371706,0.08321515755153643,7.726557608741444,-2.4863257656383064
Lao PDR,LAO,1995,,0.393,2368.05475182536,4929409.0,17.2790469212159,0.07972558170766515,7.769824117284469,-2.529164769685351
Lao PDR,LAO,1996,,0.4606,2473.77285753148,5045678.0,17.9638238907301,0.09128604718731556,7.8134997369070245,-2.3937573268571617
Lao PDR,LAO,1997,,0.5088,2589.20762864101,5152011.0,18.8482710950308,0.09875755311857837,7.859107172998318,-2.3150873908491656
Lao PDR,LAO,1998,,0.5458,2642.56618699585,5248266.0,19.8765944516706,0.10399625323868875,7.879505764543623,-2.263400407040806
Lao PDR,LAO,1999,,0.5286,2786.52039703471,5340784.0,21.0036006639099,0.09897423299650389,7.93254892693066,-2.312895735486968
Lao PDR,LAO,2000,296.828433223862,0.9345,2899.01961879748,5431212.0,22.1840964350091,0.17206104272858433,7.972127896334935,-1.7599059655458527
Lao PDR,LAO,2001,305.203788340763,1.0291,3015.63258480614,5521482.0,23.3728884682287,0.18638112014129538,8.011564899693063,-1.6799616686561258
Lao PDR,LAO,2002,308.964836465676,1.1544,3143.22327579556,5610889.0,24.5247834668291,0.20574279762084047,8.053004073343951,-1.5811284455256813
Lao PDR,LAO,2003,314.0195746722,1.2,3282.9853971272,5697945.0,25.5945881340707,0.21060224344039824,8.096508469464652,-1.5577840267255236
Lao PDR,LAO,2004,319.062906873054,1.258,3441.16999706515,5781626.0,26.5371091732139,0.2175858486868573,8.14356680796722,-1.525161799723319
Lao PDR,LAO,2005,324.856817488689,1.3026,3630.55878769378,5869523.0,27.3224977292697,0.22192604066804067,8.197141851415761,-1.5054111027606563
Lao PDR,LAO,2006,349.385020841441,1.7086,3881.53736632657,5963200.0,28.0378756242097,0.2865240139522404,8.263986582574246,-1.2499329280074756
Lao PDR,LAO,2007,377.457251010717,1.806,4112.25301659759,6056236.0,28.7343050001346,0.2982050237143995,8.321726336515763,-1.209974029997967
Lao PDR,LAO,2008,406.727596705488,2.1095,4367.162880257,6148969.0,29.4034348148069,0.34306564238655296,8.381868850765049,-1.0698334729062102
Lao PDR,LAO,2009,420.269670847966,2.6407,4625.07173324518,6241642.0,30.0420311503825,0.42307777344487235,8.439247159717098,-0.8601992552645241
Lao PDR,LAO,2010,425.369477265063,2.9614,4946.10563678173,6334194.0,30.6468600890172,0.46752593936971304,8.506355805876277,-0.7603004465098381
Lao PDR,LAO,2011,424.226591651912,3.1262,5266.87866924206,6426590.0,31.2146877128668,0.4864477117724952,8.569193183190347,-0.7206258615033186
Lao PDR,LAO,2012,430.517609314187,3.3357,5608.96956337059,6518978.0,31.7422801040872,0.5116906361702709,8.632122303102205,-0.6700350627908029
Lao PDR,LAO,2013,446.093067662227,3.9444,5974.47368943414,6611385.0,32.2264033448341,0.5966072161884386,8.695251287469608,-0.5164963114526167
Lao PDR,LAO,2014,458.192519798491,4.3873,6341.2122967032,6703172.0,32.6638235172635,0.6545110285100845,8.754825243143248,-0.4238668434913593
Lao PDR,LAO,2015,602.339548780014,8.9275,6703.74124348885,6801645.0,33.1240204432199,1.3125501257416405,8.810421044085407,0.27197190579563246
Lao PDR,LAO,2016,754.130255846522,15.871,7063.25545347926,6908802.0,33.8267455533474,2.2972144808897403,8.86266133659847,0.8316972937012391
Lao PDR,LAO,2017,811.84123029479,19.2442,7432.4596330485,7018147.0,34.5115346444216,2.7420628265552147,8.91361212371704,1.0087104935527644
Lao PDR,LAO,2018,805.88201068311,19.8623,7775.08574451883,7128045.0,35.2050070032013,2.7865003658085774,8.958679765220557,1.0247864593063176
Lao PDR,LAO,2019,782.690308446395,19.3701,8075.27502377003,7237636.0,35.9072880879451,2.676302041163717,8.996562206182086,0.9844360062866276
Lao PDR,LAO,2020,701.728790627854,19.4378,7995.59502527818,7346533.0,36.6185033569111,2.645846687138001,8.98664604717387,0.9729911226452397
Lao PDR,LAO,2021,727.414717441626,23.8166,8080.43553249923,7453194.0,37.338778268357,3.1954890748852103,8.997201052599484,1.1617401511961463
Lao PDR,LAO,2022,815.086540442856,24.0315,8183.03286472653,7559007.0,38.0682382805397,3.1791874250149523,9.009818126739106,1.1566256374147117
Lao PDR,LAO,2023,,25.7437,8372.15591874407,7664993.0,38.8070088517156,3.3586071115785754,9.032666707227165,1.2115263379000312
Latvia,LVA,1992,2342.0864619507,14.3054,10582.2070186664,2614338.0,70.2244455514955,5.47190149093193,9.266929286556257,1.6996261777700337
Latvia,LVA,1993,2058.79946708512,12.0511,10255.1413776101,2563290.0,69.9014272338369,4.701418879642959,9.235534456624041,1.5478643524423474
Latvia,LVA,1994,1894.08737149381,10.4872,10656.6087654394,2520742.0,69.5502478409138,4.160362306019418,9.27393552003721,1.4256021632739442
Latvia,LVA,1995,1849.74049017187,9.2355,10707.5149969006,2485056.0,69.1924440610299,3.7164152437611064,9.278701110086313,1.312759559531292
Latvia,LVA,1996,1840.13310707981,9.2507,11077.8618422597,2457222.0,68.8495525824891,3.764698509129415,9.312703967153997,1.3256677807890387
Latvia,LVA,1997,1821.52503250191,8.8147,12215.0151940189,2432851.0,68.5431100935952,3.6231976393128886,9.410421227573089,1.287356961712097
Latvia,LVA,1998,1796.35474595888,8.4177,13138.4012524255,2410019.0,68.2946532826521,3.492794040212961,9.48329461434892,1.2507020005056737
Latvia,LVA,1999,1664.12048369325,7.8664,13619.098799485,2390482.0,68.1257188379637,3.290717102241305,9.519228410075648,1.1911055052336175
Latvia,LVA,2000,1618.63984186997,7.2309,14554.2131724037,2367550.0,68.0520561441955,3.0541699224937173,9.585635795797408,1.1165078445720484
Latvia,LVA,2001,1759.37012358937,7.6692,15695.906718153,2337170.0,68.0163660524785,3.2814044335670918,9.661155238754418,1.1882715117183185
Latvia,LVA,2002,1763.47087642626,7.665,17096.5594440255,2310173.0,67.9813450702046,3.3179333322655924,9.746632520143121,1.1993420988194325
Latvia,LVA,2003,1890.17674853578,7.9151,18717.6675525538,2287955.0,67.9493840506358,3.4594648933217655,9.837223145717175,1.241113921999982
Latvia,LVA,2004,1961.33307330101,7.9578,20574.118201251,2263122.0,67.9206702831277,3.5162929793444633,9.931789166850471,1.257407303809998
Latvia,LVA,2005,2022.79776925294,8.03,23213.3539355881,2238799.0,67.8953910570353,3.586744500064543,10.052482992731777,1.2772449665915602
Latvia,LVA,2006,2114.39349147162,8.54,26431.8140222767,2218357.0,67.873733661714,3.849695968683129,10.182323640213804,1.3479941760082503
Latvia,LVA,2007,2179.77647892811,8.9143,29423.7371235063,2200325.0,67.8558853865191,4.05135604967448,10.289557012719987,1.3990516521564886
Latvia,LVA,2008,2106.6010583897,8.4787,28726.9722869522,2177322.0,67.8420335208058,3.89409559082212,10.265591761350402,1.3594614548824286
Latvia,LVA,2009,2056.15424051112,7.7519,24520.6791475489,2141669.0,67.8323653539295,3.6195602588448543,10.107272087364326,1.2863525430017162
Latvia,LVA,2010,2149.36312781374,8.8799,24119.7307848939,2097555.0,67.8270681752453,4.2334527580921595,10.090785489290187,1.4430179149714761
Latvia,LVA,2011,2066.71476050433,8.2334,25308.7322074626,2059709.0,67.8266897008267,3.9973607922284167,10.13890476170627,1.3856343414118997
Latvia,LVA,2012,2171.07870823934,8.0274,27496.5454583635,2034319.0,67.8331638942219,3.945988805098905,10.221815656067974,1.3726995705712866
Latvia,LVA,2013,2156.58828450936,7.7794,28375.1842887263,2012647.0,67.847334482933,3.8652580407791333,10.253270249519487,1.3520284432724172
Latvia,LVA,2014,2177.02968269444,7.5739,29243.7412502629,1993782.0,67.8686035364944,3.798760345915451,10.283420855414239,1.334674788750376
Latvia,LVA,2015,2155.8522069549,7.648,30599.6133134147,1977527.0,67.8965395668259,3.867456676950555,10.328742651044113,1.3525971015796037
Latvia,LVA,2016,2172.43884661611,7.4806,31668.5148442662,1959537.0,67.9307110858472,3.817534448188526,10.363078243714629,1.3396047818259356
Latvia,LVA,2017,2265.21693915892,7.4321,33036.3915943437,1942248.0,67.9706866054779,3.8265453227394235,10.405365008424457,1.3419623916350187
Latvia,LVA,2018,2403.49981780927,8.1079,34729.7062763057,1927174.0,68.0160346376376,4.207144762226971,10.455350688354406,1.4367842138635312
Latvia,LVA,2019,2343.51581884881,7.9078,35208.1934590859,1913822.0,68.066323694246,4.131941215013726,10.469034103223784,1.4187473243928137
Latvia,LVA,2020,2251.38250119088,7.2771,34225.8976044058,1900449.0,68.1211222872228,3.829147743506929,10.440737876384128,1.3426422571534575
Latvia,LVA,2021,2375.51850702838,7.5304,36912.0130602161,1884490.0,68.1808791463693,3.9959883045280153,10.516292334233805,1.385290933987233
Latvia,LVA,2022,2256.11904538867,6.9268,37718.7097958367,1879383.0,68.2570218109034,3.6856776931578077,10.537911531386063,1.3044544146099755
Latvia,LVA,2023,2240.33649708375,6.9004,37277.7217221317,1883710.0,68.3586316343061,3.6631965642269777,10.526151154328312,1.298336144444546
Lebanon,LBN,1992,653.94720298252,7.9604,8924.15264553271,3747371.0,84.1654331075521,2.124262583021537,9.096516660463585,0.753424722396521
Lebanon,LBN,1993,921.551480821083,11.4037,9695.31549182752,3820647.0,84.5233504104997,2.9847562467822857,9.179398108852029,1.093518084140839
Lebanon,LBN,1994,991.740634978759,12.5275,10294.812771264,3889799.0,84.8461996073652,3.2206034296373667,9.239395432920993,1.169568742507534
Lebanon,LBN,1995,1115.10083292304,14.5233,10762.4426963776,3960735.0,85.1331347636015,3.666819416093225,9.283817824343425,1.2993246421970674
Lebanon,LBN,1996,1155.74538409296,15.0813,11757.2824887935,4034781.0,85.3833099446618,3.737823688571945,9.37222811386441,1.3185035406047316
Lebanon,LBN,1997,1277.85654793545,16.5618,11668.4006854372,4108405.0,85.5958792159991,4.031199455749859,9.364639670939402,1.3940639633747807
Lebanon,LBN,1998,1237.77380191676,16.4456,11885.3072278409,4181281.0,85.7699966430664,3.9331487168645203,9.383058229509906,1.3694403053115864
Lebanon,LBN,1999,1272.57004724448,16.9466,11617.2497708538,4255277.0,85.9041501933228,3.982490446567873,9.360246321743203,1.3819073639461756
Lebanon,LBN,2000,1136.87014459546,15.3085,11571.7326041085,4329340.0,86.0,3.535989319388175,9.356320558683226,1.2629931242358168
Lebanon,LBN,2001,1199.71023584992,16.5184,11817.9305012844,4401918.0,86.1451238111303,3.752546049244897,9.377373191137304,1.322434556067745
Lebanon,LBN,2002,1175.25346522376,16.4658,12053.8341563826,4463504.0,86.2942846645228,3.688985156056767,9.39713807555964,1.3053513947671278
Lebanon,LBN,2003,1157.2988164132,16.4707,12272.3440677497,4525508.0,86.4475351790771,3.6395251096672463,9.415103560025429,1.291853208760302
Lebanon,LBN,2004,1149.06001925911,16.6903,12882.0757995163,4599279.0,86.6049279736931,3.628894876783948,9.46359215123145,1.2889281602676756
Lebanon,LBN,2005,1079.47193036728,16.5758,13024.6648924956,4671102.0,86.7665156672703,3.5485844667917767,9.474600138267226,1.266548782219899
Lebanon,LBN,2006,985.785471251008,16.1341,13003.680803908,4751136.0,86.9323508787087,3.3958404895166123,9.472987735129612,1.2225512972389663
Lebanon,LBN,2007,823.875004803328,14.9481,13941.5614244767,4844118.0,87.1024862269079,3.0858249117796057,9.542629688406004,1.1268190160318599
Lebanon,LBN,2008,1061.37912293521,18.3122,14955.1413563252,4925354.0,87.2769743307677,3.71794595880824,9.612810423130725,1.313171354177007
Lebanon,LBN,2009,1336.59416990092,21.5597,16264.3506182706,4992287.0,87.4558678091878,4.318601875252765,9.696730913011782,1.4629317098855097
Lebanon,LBN,2010,1272.70442631431,20.6592,17390.7584012958,5041288.0,87.6392192810679,4.0980003522909225,9.76369421774274,1.4104991357832544
Lebanon,LBN,2011,1257.01533623898,20.9822,17353.1960845294,5096020.0,87.8270813653079,4.117370026020306,9.761531980774798,1.4152146163347143
Lebanon,LBN,2012,1383.47674048903,23.4369,17323.3013764282,5235742.0,88.0195066808075,4.476328283555607,9.759807774600803,1.4988031308244631
Lebanon,LBN,2013,1238.32383382097,23.1046,16396.4969302163,5743436.0,88.2165478464663,4.022783574153173,9.704822989180094,1.3919740943923142
Lebanon,LBN,2014,1192.55300583176,24.9694,15205.873265402,6346990.0,88.4182574811842,3.934053779823192,9.629437031241089,1.3696703903927943
Lebanon,LBN,2015,1284.15018153506,26.9054,14980.020515614,6472469.0,88.6246882038608,4.1568990133440575,9.614472626603918,1.4247693668178651
Lebanon,LBN,2016,1356.17702319106,27.8657,15572.3611739774,6323060.0,88.835892633396,4.406995979794593,9.653252902269324,1.4831932736276647
Lebanon,LBN,2017,1475.80821027467,29.2967,16128.5838196051,6160128.0,89.0519233886895,4.755858969164277,9.688348369348184,1.559377325143343
Lebanon,LBN,2018,1431.81356091147,27.4937,16290.0516478592,5984119.0,89.272833088641,4.594444061022182,9.698309872116491,1.5248477606800226
Lebanon,LBN,2019,1486.47574871806,27.0043,15659.5661040012,5794594.0,89.4986743521503,4.660257474466719,9.658837261881324,1.539070698642702
Lebanon,LBN,2020,1249.32146308929,21.8207,12507.4366368078,5702398.0,89.729499798117,3.826583132219112,9.434078677333762,1.341972272425577
Lebanon,LBN,2021,972.806350423412,16.715,11599.7755083765,5718122.0,89.965362045441,2.9231625348322403,9.358741024181025,1.0726660900680394
Lebanon,LBN,2022,617.482998993413,10.435,11474.7505845558,5744489.0,90.206313713022,1.816523628124277,9.347904299141833,0.5969245800948129
Lebanon,LBN,2023,,10.8188,11330.2687387422,5773493.0,90.4524074197598,1.8738742733385145,9.335233072958955,0.628008091564803
Lesotho,LSO,1992,,0.1157,1571.8270420314,1873274.0,14.2909128296309,0.06176352204749545,7.359993942782998,-2.784442346920544
Lesotho,LSO,1993,,0.1117,1602.59633239095,1901793.0,15.0395726644187,0.05873404729116155,7.379380300804567,-2.8347356982998897
Lesotho,LSO,1994,,0.1218,1675.5977232422,1927707.0,15.7760595640817,0.06318387597285272,7.423925230300293,-2.761706137391582
Lesotho,LSO,1995,,0.1251,1709.69433512939,1951437.0,16.4690150432199,0.06410660451759395,7.4440698821324505,-2.7472078857673625
Lesotho,LSO,1996,,0.1295,1786.182290166,1972418.0,17.0902459734706,0.06565545437123368,7.487835822390422,-2.723334599106681
Lesotho,LSO,1997,,0.1287,1837.69657049966,1988130.0,17.6629117791702,0.06473419746193661,7.516268202508018,-2.737465662830576
Lesotho,LSO,1998,,0.1265,1856.69078488714,1998049.0,18.2204915806807,0.06331176062248724,7.526551034233736,-2.759684175264727
Lesotho,LSO,1999,,0.1319,1860.70052178612,2003234.0,18.7718543941527,0.06584353101035625,7.528708320418192,-2.720474093881924
Lesotho,LSO,2000,,0.3508,1932.15793223415,2003913.0,19.3273988558381,0.17505750000124756,7.566392756894295,-1.7426407875906957
Lesotho,LSO,2001,,0.3651,2004.03350215955,2000853.0,19.8975236019886,0.1824721756170993,7.602917179709503,-1.7011575799552183
Lesotho,LSO,2002,,0.3854,2024.78727304864,1994679.0,20.4926272688562,0.19321404596930133,7.613219923676115,-1.643956658141902
Lesotho,LSO,2003,,0.392,2127.37302160132,1985059.0,21.1231084926925,0.19747523877124054,7.662643174342645,-1.6221420758110254
Lesotho,LSO,2004,14.2050571017929,0.407,2178.66474674332,1971129.0,21.7993659097494,0.2064806514439187,7.686467466633575,-1.5775485685790867
Lesotho,LSO,2005,16.8964238974827,0.4079,2275.01614419256,1953076.0,22.5317981562788,0.20885003962979423,7.72974242770825,-1.5661387982865445
Lesotho,LSO,2006,9.76832112893001,0.4144,2381.02024562073,1945063.0,23.3329886243114,0.2130522250436104,7.7752843494413595,-1.5462179553282058
Lesotho,LSO,2007,9.72728780689593,0.5358,2470.31462127885,1953268.0,24.2187949905661,0.27430951615446525,7.812100798546229,-1.2934981891340973
Lesotho,LSO,2008,,0.4365,2589.16635854686,1966541.0,25.1966303659683,0.22196333562331017,7.85909123359562,-1.5052430655993758
Lesotho,LSO,2009,,0.5122,2538.19341751854,1980883.0,26.2591028264855,0.2585715562201301,7.839207854006749,-1.3525828101086892
Lesotho,LSO,2010,,0.5223,2651.37804898226,1996251.0,27.4004815007995,0.2616404450141791,7.882834802301384,-1.3407840650261047
Lesotho,LSO,2011,,0.5442,2749.31958166573,2014009.0,28.6150355175921,0.2702073327378378,7.919108735197214,-1.3085657156383441
Lesotho,LSO,2012,,0.5764,2894.22705048142,2034354.0,29.8970340055453,0.2833331858663733,7.970473359705319,-1.2611317386376437
Lesotho,LSO,2013,,0.5811,2914.37515966739,2056504.0,31.2407460933407,0.2825669193933005,7.977410722348735,-1.2638398736398007
Lesotho,LSO,2014,,0.5991,2930.61724036206,2080089.0,32.6404409096604,0.2880165223699563,7.98296834206455,-1.2447374311516228
Lesotho,LSO,2015,,0.5966,2986.95866729879,2104611.0,34.0903875831861,0.28347281279058223,8.002010980590672,-1.2606390588587983
Lesotho,LSO,2016,,0.6575,3057.26091568162,2130422.0,35.5077950709441,0.3086243007253962,8.025274668488036,-1.1756305970936942
Lesotho,LSO,2017,,0.7193,2924.68096193272,2157110.0,36.5283648068846,0.33345541024797065,7.980940680873567,-1.0982461249703075
Lesotho,LSO,2018,,0.7577,2846.41828124649,2183603.0,37.569092747415,0.346995310044912,7.953816739476138,-1.0584440148473306
Lesotho,LSO,2019,,0.7834,2773.28639887236,2209405.0,38.6040920446259,0.3545751005361172,7.927788321520417,-1.036835106261727
Lesotho,LSO,2020,,0.7032,2517.11044486593,2235727.0,39.6329305425532,0.31452856274491475,7.830866873737963,-1.1566803874268068
Lesotho,LSO,2021,,0.7644,2544.78249551214,2261542.0,40.6551760851997,0.33799947115729,7.841800461879424,-1.0847109481237447
Lesotho,LSO,2022,,0.9811,2577.54544127769,2286110.0,41.6703965165322,0.42915695220264993,7.854592845717353,-0.8459325710128565
Lesotho,LSO,2023,,0.9915,2595.82951058542,2311472.0,42.6781596804785,0.42894744128416873,7.861661401778843,-0.8464208820487503
Liberia,LBR,1992,,0.2315,1115.03770816852,2072461.0,56.436256072998,0.1117029464004389,7.01664350230759,-2.1919121954532685
Liberia,LBR,1993,,0.2479,718.683238814764,2155126.0,52.7073282470703,0.11502807724467154,6.577420702670184,-2.162579030464971
Liberia,LBR,1994,,0.2473,563.640361196647,2149928.0,48.256672454834,0.11502710788454311,6.334416390655325,-2.162587457661497
Liberia,LBR,1995,,0.2543,534.809715165406,2169162.0,44.5277446289062,0.11723421302788821,6.281911011041483,-2.1435815244064114
Liberia,LBR,1996,,0.2759,582.677982536092,2232289.0,42.9640007019043,0.12359510798109026,6.367634688187322,-2.090744314182851
Liberia,LBR,1997,,0.271,1111.93760251371,2412989.0,43.0233158123711,0.11230884185547468,7.01385936038876,-2.186502686094244
Liberia,LBR,1998,,0.2891,1308.40568305294,2670124.0,43.189424629289,0.10827212518969156,7.176564639168202,-2.2231075432411664
Liberia,LBR,1999,,0.3038,1507.31470254594,2821684.0,43.4445723809339,0.10766620216863405,7.318085003995635,-2.2287195586601096
Liberia,LBR,2000,,0.3992,1868.17975587618,2928117.0,43.7710042955819,0.13633335006763733,7.53271984321484,-1.9926522888619465
Liberia,LBR,2001,,0.4602,1867.11910921753,3015338.0,44.1509656015089,0.15261970631484761,7.532151938623822,-1.8798060314125837
Liberia,LBR,2002,,0.4656,1887.64601570733,3094782.0,44.566701526991,0.15044678429692301,7.543085837446244,-1.8941458500333246
Liberia,LBR,2003,,0.5042,1308.15090140274,3119532.0,45.0004573003041,0.16162680812378266,7.176369893407671,-1.8224652547985836
Liberia,LBR,2004,,0.5452,1326.53565502695,3156892.0,45.4344781497244,0.17270150515126903,7.190326052241777,-1.756190578457703
Liberia,LBR,2005,,0.6812,1335.61728880785,3301015.0,45.8510093035277,0.20636077085381316,7.197148852585786,-1.5781293271318877
Liberia,LBR,2006,,0.717,1364.60347323709,3490787.0,46.2322959899902,0.20539780857439885,7.218619169619979,-1.5828066506078908
Liberia,LBR,2007,,0.6693,1422.10019670004,3669050.0,46.6104850769043,0.18241779207151715,7.259890069695243,-1.7014556618472985
Liberia,LBR,2008,,0.5606,1463.12408187297,3821003.0,47.1080497871025,0.14671540430614685,7.28832921073398,-1.9192605938506853
Liberia,LBR,2009,,0.5226,1492.99817384053,3943028.0,47.6245255922562,0.13253773495902132,7.308541574390773,-2.0208878819578877
Liberia,LBR,2010,,0.7943,1538.85083488512,4058890.0,48.1407517057907,0.1956938966072005,7.338791205740021,-1.6312035925615898
Liberia,LBR,2011,,0.8855,1601.03374045996,4221178.0,48.6583302770849,0.20977556502000153,7.3784047873904886,-1.5617170577723483
Liberia,LBR,2012,,0.9771,1668.97289588776,4373043.0,49.1773247639526,0.2234370894592164,7.419963683798249,-1.4986253834808234
Liberia,LBR,2013,,0.9074,1774.5205777394,4470239.0,49.6977986242077,0.20298690964845503,7.481285568378514,-1.5946137865099332
Liberia,LBR,2014,,1.1822,1750.1438489328,4564293.0,50.2198153156642,0.2590105411725321,7.4674532629295465,-1.350886518602956
Liberia,LBR,2015,,1.233,1714.09047960464,4659431.0,50.7434382961363,0.26462458613508816,7.446637886331926,-1.3294431134958768
Liberia,LBR,2016,,1.3852,1653.31050211233,4755608.0,51.2687310234384,0.29127716161634853,7.410534921749264,-1.2334800196819766
Liberia,LBR,2017,,1.2306,1661.30290782171,4848925.0,51.7957569553849,0.25378821078898933,7.4153574577199866,-1.3712551755727254
Liberia,LBR,2018,,0.6419,1647.97443793846,4944726.0,52.3245795497906,0.12981507974354897,7.407302199389449,-2.041644304699367
Liberia,LBR,2019,,1.0095,1575.76665001238,5043721.0,52.85526226447,0.20014984968438979,7.362497194742206,-1.6086889445586263
Liberia,LBR,2020,,0.8348,1497.37692436272,5149463.0,53.3878685572381,0.16211399130355922,7.311470139208175,-1.8194555411733893
Liberia,LBR,2021,,0.8408,1539.20892304674,5259323.0,53.9224618859098,0.15986848497420675,7.339023877092364,-1.833403770661194
Liberia,LBR,2022,,0.8686,1578.99837069175,5373294.0,54.4591057083,0.16165130737309366,7.36454598239428,-1.8223136871657406
Liberia,LBR,2023,,0.8395,1616.92373356695,5493031.0,54.997863482224,0.1528300131566707,7.38828069307638,-1.8784290003554318
Libya,LBY,1992,2429.43954834655,34.2655,19538.138704794,4640352.0,82.1610848088,7.384245850314803,9.880123665419646,1.999348791650998
Libya,LBY,1993,2472.15011589683,36.4922,18434.641128465,4733045.0,82.9072053992275,7.710089382205324,9.821986843620342,2.0425297805307796
Libya,LBY,1994,2739.83662502434,42.4785,18444.5133617859,4822037.0,83.6179805389214,8.809243894229763,9.82252222647785,2.1758016126815787
Libya,LBY,1995,2850.593104619,48.1431,17723.2679211029,4906843.0,84.2900258432567,9.811420499901871,9.782633627082609,2.2835470643078266
Libya,LBY,1996,2937.61134533368,50.6214,17809.1519222171,4987393.0,84.9199569276086,10.14987188697582,9.787467757082391,2.317461083435313
Libya,LBY,1997,2932.65189453748,46.875,18451.6998451345,5064639.0,85.5043894073521,9.25534870303688,9.822911777752347,2.225201622575213
Libya,LBY,1998,2967.3421329784,46.4165,17532.9261043755,5140704.0,86.0399388978625,9.0292107851376,9.771835883801776,2.2004649643997927
Libya,LBY,1999,2854.88343059713,47.7538,17402.5683820479,5218038.0,86.5232210145148,9.151677316263315,9.764373082473279,2.21393717574043
Libya,LBY,2000,2976.83650740397,49.2846,17747.0188855832,5305021.0,86.9508513726842,9.290180001172475,9.783972830690374,2.2289579284370133
Libya,LBY,2001,3074.78058753118,48.7489,17115.9888564264,5403639.0,87.3194455877457,9.021494589109302,9.747768326474706,2.19961001758876
Libya,LBY,2002,3089.63282765671,49.8968,16629.4364346005,5508410.0,87.6256192750746,9.058294498775508,9.718929683134123,2.203680857166276
Libya,LBY,2003,3033.31081378459,53.7897,18422.7336032405,5619398.0,87.8659880500458,9.57214634023075,9.82134070288322,2.2588574582943624
Libya,LBY,2004,3051.03345536709,53.2302,18851.2039109963,5736693.0,88.0371675280346,9.278899881865737,9.844332058794048,2.227742992558089
Libya,LBY,2005,3114.98564274947,57.7261,20649.4624580172,5858798.0,88.135773324416,9.852891326855781,9.935444566961609,2.2877649478322155
Libya,LBY,2006,2733.38300724871,57.4771,21545.2986384419,5980211.0,88.1599560242948,9.611216059098918,9.977912911102257,2.2629307559858156
Libya,LBY,2007,2363.56247489929,53.7459,22422.0117594762,6104380.0,88.1560287475586,8.804481372391628,10.017798423174922,2.175260838724667
Libya,LBY,2008,2578.95942858435,57.1434,21915.1976208274,6235430.0,88.1474456787109,9.164307834423608,9.994935630417881,2.2153163557363147
Libya,LBY,2009,2784.55454632999,60.2666,20518.9642412838,6366686.0,88.1345825195312,9.465929370476257,9.929104822439806,2.247698970065586
Libya,LBY,2010,3131.50608317262,63.6702,21115.5259846154,6497839.0,88.1177139282227,9.798673066537967,9.957763877529741,2.282246975135256
Libya,LBY,2011,2631.72794552167,44.2373,10741.9206751908,6343203.0,88.0970458984375,6.973968829312257,9.281909185890642,1.942184478686869
Libya,LBY,2012,3101.47681342856,62.8561,20601.0026641,6179328.0,88.0727920532227,10.171996048761288,9.933095026607743,2.31963845911714
Libya,LBY,2013,2747.59073791604,62.6092,16557.500941665,6304628.0,88.0451431274414,9.930673149946356,9.714594507231547,2.2956282652807602
Libya,LBY,2014,3550.5742819662,61.8002,12499.0829968523,6427252.0,88.0142059326172,9.615337939137909,9.433410560347582,2.263359525499325
Libya,LBY,2015,3230.9775723301,54.4819,12195.3486990421,6531819.0,87.8159103393555,8.340999651092597,9.408809903848619,2.1211830714290696
Libya,LBY,2016,3118.86767779323,51.1525,11831.8257669559,6632126.0,87.8160056703177,7.712835974467312,9.378548278703773,2.0428859506123307
Libya,LBY,2017,3485.70959421231,55.3948,15428.1164411854,6738770.0,87.8166729870528,8.220313202557737,9.643946866693039,2.1066083108431477
Libya,LBY,2018,3055.56390358683,57.2685,16385.164476127,6849055.0,87.818484275334,8.361518486856946,9.704131599295959,2.1236400477864197
Libya,LBY,2019,3413.9338523206,57.4746,14337.1962987582,6951033.0,87.8220115209342,8.268497646321057,9.570612578912193,2.1124528294519758
Libya,LBY,2020,1687.13966145733,45.7025,9978.66400110743,7045399.0,87.8278267096263,6.486857593161154,9.208204492719933,1.869778221340218
Libya,LBY,2021,2368.63038927902,58.3609,12641.5097714075,7135175.0,87.8365018271835,8.179322861737798,9.444741104508456,2.1016093674495684
Libya,LBY,2022,2539.19813836223,58.1734,11450.0598552928,7223805.0,87.8486088593786,8.053013612632125,9.34575023650521,2.0860463831922256
Libya,LBY,2023,,63.2042,12476.5974944083,7305659.0,87.8647197919848,8.651402974050663,9.431609968085285,2.157721501323708
Lithuania,LTU,1992,2978.47794398708,20.8884,15280.3886006381,3700114.0,67.5609840319184,5.645339576023874,9.634325494376057,1.7308303509781806
Lithuania,LTU,1993,2472.2142849924,16.2182,12861.6949141098,3682613.0,67.4973020339323,4.403992491201221,9.462008786471783,1.4825115138637985
Lithuania,LTU,1994,2220.47403471325,15.7344,11686.4386596094,3657144.0,67.4249679323659,4.302373655508233,9.366184359600483,1.4591668833053286
Lithuania,LTU,1995,2401.16634284387,15.117,12164.2037159996,3629102.0,67.3469740189134,4.165493281809109,9.40625279610848,1.4268347036141236
Lithuania,LTU,1996,2610.08628191169,15.5975,12873.2007572979,3601613.0,67.2663125852689,4.330698495368603,9.462902968760426,1.4657288443321022
Lithuania,LTU,1997,2493.7495603031,15.0668,14045.0045144544,3575137.0,67.1859759231267,4.214328010367155,9.55002206096616,1.438490150598405
Lithuania,LTU,1998,2637.51048470464,15.9248,15202.9118027933,3549331.0,67.1089563241809,4.48670467758572,9.629242254461193,1.5011185074856281
Lithuania,LTU,1999,2262.27498039981,13.3317,15143.1937102939,3524238.0,67.0382460801258,3.7828602949063033,9.625306449943377,1.330480415258771
Lithuania,LTU,2000,2040.58088590544,11.6567,15771.4269595328,3499536.0,66.9768374826555,3.330927300076353,9.665955161566277,1.2032507337185958
Lithuania,LTU,2001,2388.28142241839,12.3913,16933.0225490496,3470818.0,66.9286097501613,3.5701382210187917,9.737020991327455,1.27260431241426
Lithuania,LTU,2002,2578.77097536015,12.4707,18216.5452581272,3443067.0,66.8887100219727,3.6219742456362307,9.810085540218695,1.2870192488992853
Lithuania,LTU,2003,2714.29508589632,12.4924,20302.9848798403,3415213.0,66.7596664428711,3.65786848433758,9.918523192636568,1.2968805964348684
Lithuania,LTU,2004,2784.89403569789,13.0659,21867.2861464791,3377075.0,66.6022567749023,3.8689990598372854,9.992747015732258,1.352995832719454
Lithuania,LTU,2005,2668.04972447817,13.9579,23944.7019948719,3322528.0,66.5784912109375,4.200987922449412,10.083502367298216,1.4353197172603351
Lithuania,LTU,2006,2669.90395839998,14.1941,26129.3392566938,3269909.0,66.6381530761719,4.3408241636082225,10.17081407142471,1.4680642295325947
Lithuania,LTU,2007,2927.72851407517,15.5684,29370.7739737176,3231294.0,66.7184982299805,4.818007894051114,10.28775537637243,1.5723605426411327
Lithuania,LTU,2008,2978.8832571652,15.8313,30445.7809464936,3198231.0,66.7527770996094,4.950017681649637,10.32370270677277,1.5993911486246508
Lithuania,LTU,2009,2771.81869908328,13.2105,26217.5449293891,3162916.0,66.7816619873047,4.176683794321443,10.174184119424613,1.4295175810266967
Lithuania,LTU,2010,2276.51776090125,14.041,26887.4913057701,3097282.0,66.7712860107422,4.533329545065642,10.199416450220102,1.5114566684262625
Lithuania,LTU,2011,2412.97760145453,14.3203,29240.7487851392,3028115.0,66.7518340055756,4.729113656515687,10.283318521782723,1.5537377973157676
Lithuania,LTU,2012,2468.16458396119,14.4911,30920.330402208,2989139.0,66.8536758422852,4.847917744875699,10.339169188356038,1.5785492818070066
Lithuania,LTU,2013,2352.91337348691,13.3644,32474.6413533554,2961250.0,67.0092086791992,4.513094132545378,10.388214797701233,1.5069829787140596
Lithuania,LTU,2014,2376.27537817697,13.2117,33975.0843756963,2937253.0,67.1514937628023,4.497978212976546,10.433382722480463,1.5036280098118642
Lithuania,LTU,2015,2420.60555053468,13.6606,35251.2986931775,2911109.0,67.2282485961914,4.692575922097043,10.470257649921397,1.5459816688035903
Lithuania,LTU,2016,2504.98383829705,13.5202,36618.1468417838,2877325.0,67.1894226074219,4.698878298419539,10.508299211862926,1.547323820321468
Lithuania,LTU,2017,2653.39984329273,13.9642,38774.4892011822,2842639.0,67.1012954711914,4.912407097770768,10.565517814551965,1.5917640656212935
Lithuania,LTU,2018,2711.1618678975,14.0184,41019.7901632878,2819200.0,67.1464742010457,4.972474460839955,10.62180991614005,1.603917595652349
Lithuania,LTU,2019,2707.60764686504,14.2965,43062.3228425315,2811089.0,67.245735168457,5.085751465001642,10.670403713786019,1.6264427993099804
Lithuania,LTU,2020,2674.06840356432,14.2541,43091.7973723526,2810369.0,67.4254608154297,5.071967417801719,10.6710879417927,1.623728793179299
Lithuania,LTU,2021,2774.31979458134,14.3318,45873.5273239486,2808380.0,68.1912117004395,5.103226771305877,10.733643482911317,1.6298730399159127
Lithuania,LTU,2022,2453.93993260259,13.1703,46651.2145810247,2831639.0,68.2866452426813,4.651122547754145,10.750454241971386,1.5371085985841846
Lithuania,LTU,2023,2437.04601158794,12.9794,46159.7081733083,2871585.0,68.575454583199,4.519942819035481,10.739862579093286,1.5084993431082525
Luxembourg,LUX,1992,9262.23284271142,12.1728,87729.3985979581,392175.0,81.2001998208798,31.039204436794797,11.382012339951983,3.4352510647286576
Luxembourg,LUX,1993,9267.14267111048,12.3953,90195.6629009997,397475.0,81.4647504350596,31.185105981508272,11.409736621757208,3.439940608449408
Luxembourg,LUX,1994,8823.41230283802,11.4722,92375.3588075139,402925.0,81.799437867949,28.472296333064467,11.433615542492095,3.348931556030397
Luxembourg,LUX,1995,7705.6113924511,9.0785,92391.3398625545,408625.0,82.1888653313266,22.21719180177424,11.433788528806138,3.100866394666347
Luxembourg,LUX,1996,7711.39686819289,9.1479,92416.5186640698,414225.0,82.6176360369709,22.08437443418432,11.43406101507238,3.094870319276448
Luxembourg,LUX,1997,7410.05941588504,8.5485,96211.7308040367,419450.0,83.0703531966602,20.38025986410776,11.4743065710494,3.0145667786508605
Luxembourg,LUX,1998,7067.1278332709,7.8063,101364.675334086,424700.0,83.5316200221732,18.380739345420295,11.526479939958142,2.911303341658249
Luxembourg,LUX,1999,7267.21827016126,8.1662,108180.402740212,430475.0,83.9860397252884,18.97020732911319,11.591555508289739,2.942869713202601
Luxembourg,LUX,2000,7682.15555208276,8.8008,114141.585295622,436300.0,84.4182155177842,20.171441668576666,11.645194933039472,3.004267825295662
Luxembourg,LUX,2001,7986.41389470608,9.3343,116258.426812926,441525.0,84.8173254067976,21.141045240926335,11.663570809535765,3.051216422972218
Luxembourg,LUX,2002,8205.47469644344,10.0323,118757.530526236,446175.0,85.203425653095,22.4851235501765,11.68483913484402,3.112853914989718
Luxembourg,LUX,2003,8553.03437986234,10.4543,120396.257843179,451630.0,85.5906295073034,23.147930828332928,11.698543730337112,3.1419053954719853
Luxembourg,LUX,2004,9381.20382071321,11.8803,123720.261499488,458095.0,85.9799097226846,25.93414029840972,11.725778340436346,3.2555602589373747
Luxembourg,LUX,2005,9429.92465262134,12.1143,124866.858810412,465158.0,86.3735649102561,26.043408906221114,11.735003319114172,3.2597647191495076
Luxembourg,LUX,2006,9172.05598332149,11.9422,130284.96750238,472637.0,86.7738936810355,25.267171211733316,11.7774793880951,3.2295059725829525
Luxembourg,LUX,2007,8779.506079749,11.3417,138677.965491876,479993.0,87.1831946460401,23.62888625459121,11.839909729168387,3.1624699574004027
Luxembourg,LUX,2008,8625.43333557115,11.2126,135812.22230327,488650.0,87.6037664162874,22.9460759234626,11.819028492289986,3.1331469381600505
Luxembourg,LUX,2009,7958.76292955031,10.6099,129002.240187517,497783.0,88.0379076027949,21.3143076400761,11.767585048987732,3.0593785674037153
Luxembourg,LUX,2010,8335.83500727028,11.2134,131432.059616316,506953.0,88.48791681658,22.119210262095304,11.786245340176642,3.096446473579866
Luxembourg,LUX,2011,8062.97911929005,11.0901,129885.369760706,518347.0,88.9562814837254,21.39512720243389,11.774407569377432,3.063163195279192
Luxembourg,LUX,2012,7723.78432331196,10.8679,128895.405145048,530946.0,89.4405768017292,20.468936577354384,11.766756541628213,3.018908448023509
Luxembourg,LUX,2013,7320.72167920662,10.3236,129945.453783621,543360.0,89.9413746679705,18.999558303886925,11.774870055106927,2.944415731732375
Luxembourg,LUX,2014,6878.68145180459,9.8199,130247.661687069,556319.0,90.4577807676859,17.651563221820574,11.777193006955955,2.8708243472659403
Luxembourg,LUX,2015,6548.75962101678,9.3094,130097.2561798,569604.0,90.9893679353068,16.343635227280707,11.77603757419211,2.7938385388179436
Luxembourg,LUX,2016,6342.68337961913,9.0415,133661.649729132,582014.0,91.5357090052649,15.534849677155533,11.803066883717694,2.743085866400095
Luxembourg,LUX,2017,6313.35371226953,9.1884,132169.834045368,596336.0,92.0963768119916,15.40809208231601,11.791842996136083,2.7348928313045273
Luxembourg,LUX,2018,6414.36478270833,9.5448,131733.8846493,607950.0,92.6709441899184,15.699975326918333,11.788539141269823,2.7536591408191633
Luxembourg,LUX,2019,6376.86696643123,9.6917,132724.752743888,620001.0,93.2589839734767,15.63174898105003,11.796032734529723,2.74930403715269
Luxembourg,LUX,2020,5435.81570647944,7.9929,129865.629988164,630419.0,93.8600689970981,12.6787105084079,11.774255579413206,2.539924248917288
Luxembourg,LUX,2021,5631.08725670864,8.3806,136772.443753292,640064.0,94.5861743396533,13.09337816218378,11.826073829327964,2.5721066186043346
Luxembourg,LUX,2022,4862.94740833352,7.2657,132570.826463419,653103.0,94.7605400940185,11.124891479598164,11.794872320939707,2.4091850733618654
Luxembourg,LUX,2023,4592.3797932503,6.9416,130048.92038753,666430.0,94.8015300320787,10.416097714688714,11.775665969323924,2.3433524666327243
"Macao SAR, China",MAC,1992,,1.0895,58652.7899194928,370900.0,99.770161668007,2.937449447290375,10.979390421910063,1.0775416698891296
"Macao SAR, China",MAC,1993,,1.2105,59589.975909516,384000.0,99.8314167744386,3.15234375,10.995242649470361,1.1481462237903863
"Macao SAR, China",MAC,1994,,1.324,60120.6582440409,396800.0,99.8785393830042,3.336693548387097,11.004108792643315,1.204980361086236
"Macao SAR, China",MAC,1995,,1.2013,60205.7086394147,409300.0,99.9100036621094,2.93501099438065,11.005522454698285,1.0767111992289722
"Macao SAR, China",MAC,1996,,1.3914,59115.2336138336,415100.0,99.9325876536988,3.3519633823175137,10.98724393014314,1.2095462584305479
"Macao SAR, China",MAC,1997,,1.4782,58639.5250296819,417300.0,99.9534353925978,3.5422957105200097,10.97916423676105,1.2647750227532795
"Macao SAR, China",MAC,1998,,1.6292,55296.5007644986,422300.0,99.9715700365331,3.8579209093061806,10.92046490819366,1.3501284138343597
"Macao SAR, China",MAC,1999,,1.7188,53348.0126915655,427400.0,99.9860147432315,4.021525503041647,10.884592005643688,1.3916613090157928
"Macao SAR, China",MAC,2000,,1.4592,55994.760697993,430600.0,99.9957926704194,3.3887598699489083,10.933013406375963,1.2204640343898043
"Macao SAR, China",MAC,2001,,1.5597,57173.8590987063,433900.0,99.9998984128371,3.594607052316202,10.95385206414368,1.2794346812534747
"Macao SAR, China",MAC,2002,,1.7113,61625.9560068114,438400.0,100.0,3.903512773722628,11.028838424519776,1.3618768589496004
"Macao SAR, China",MAC,2003,,1.7562,67994.777526459,443600.0,100.0,3.958972046889089,11.127186180127405,1.3759844074496832
"Macao SAR, China",MAC,2004,,2.0348,84004.4558061302,454700.0,100.0,4.47503848691445,11.338625121729672,1.4985149521176453
"Macao SAR, China",MAC,2005,,2.0474,87185.5254441553,473500.0,100.0,4.323970432946146,11.375793603505874,1.4641740618595376
"Macao SAR, China",MAC,2006,,2.0343,93828.3198758417,498900.0,100.0,4.077570655441972,11.44922200707925,1.4055013834909145
"Macao SAR, China",MAC,2007,,1.9277,102879.639164559,520900.0,100.0,3.7007103090804376,11.541315032122363,1.3085247766523997
"Macao SAR, China",MAC,2008,,1.5974,102474.668562926,540700.0,100.0,2.9543184760495653,11.53737091104602,1.0832679900953295
"Macao SAR, China",MAC,2009,,1.6937,104911.140336462,535000.0,100.0,3.1657943925233645,11.560868988330569,1.152404017001069
"Macao SAR, China",MAC,2010,,1.7202,130758.2806979,537000.0,100.0,3.2033519553072627,11.78110571221928,1.1641977476085146
"Macao SAR, China",MAC,2011,,1.6889,155385.324208541,549600.0,100.0,3.072962154294032,11.953663273643581,1.1226419675157362
"Macao SAR, China",MAC,2012,,1.743,164239.261923457,567900.0,100.0,3.069202324352879,12.009079557792417,1.121417698636634
"Macao SAR, China",MAC,2013,,1.8152,174569.523171267,591900.0,100.0,3.066734245649603,12.070078354867922,1.1206132317689528
"Macao SAR, China",MAC,2014,,2.0891,162813.439348589,621700.0,100.0,3.360302396654335,12.000360280424667,1.2120309689297117
"Macao SAR, China",MAC,2015,,2.759,123194.067291275,642900.0,100.0,4.291491678332555,11.721516173818776,1.4566343830696449
"Macao SAR, China",MAC,2016,,2.6259,120530.052858314,652500.0,100.0,4.024367816091954,11.699654402131317,1.3923678342096535
"Macao SAR, China",MAC,2017,,2.8865,133322.632677744,648400.0,100.0,4.451727328809377,11.800527279284491,1.4932921846394673
"Macao SAR, China",MAC,2018,,2.1256,139541.157248769,658900.0,100.0,3.2259826984367885,11.846114870770927,1.1712376165258296
"Macao SAR, China",MAC,2019,,2.2473,133453.896026037,672000.0,100.0,3.3441964285714287,11.801511349056474,1.2072264340987975
"Macao SAR, China",MAC,2020,,2.2329,59662.4855864551,685400.0,100.0,3.257805660927925,10.99645871972946,1.1810538585934662
"Macao SAR, China",MAC,2021,,2.0473,73374.4486829589,682500.0,100.0,2.99970695970696,11.20333104341166,1.0985146037994182
"Macao SAR, China",MAC,2022,,1.6785,59921.441691873,677300.0,100.0,2.4782223534622765,11.000789678179911,0.9075415101992316
"Macao SAR, China",MAC,2023,,1.6805,104815.20003062,678800.0,100.0,2.4756923983500294,11.559954078812133,0.9065201138050891
Madagascar,MDG,1992,227.136339437519,0.9831,1757.29459775259,12800870.0,22.5358190363254,0.0767994675361909,7.471530745021256,-2.5665575719750593
Madagascar,MDG,1993,229.104724472778,1.0192,1740.29513594203,13197345.0,22.8521676960516,0.07722765450171987,7.461809996182496,-2.5609976671622956
Madagascar,MDG,1994,209.554758065342,1.2553,1686.34190833351,13613850.0,23.1671756252866,0.09220756802814781,7.430316910608037,-2.3837130690534005
Madagascar,MDG,1995,243.796187348118,1.4147,1661.27062467061,14051275.0,23.4800566044183,0.10068125490391441,7.415338025101996,-2.295795644510674
Madagascar,MDG,1996,247.046073613656,1.359,1643.32579628891,14510711.0,23.7907085718749,0.09365495598389355,7.40447739192134,-2.368137931215775
Madagascar,MDG,1997,249.288041851042,1.4911,1649.44809006306,14990814.0,24.0990589894502,0.0994675806130341,7.408196020069204,-2.307923510894013
Madagascar,MDG,1998,251.87634649636,1.6645,1658.88849253066,15489364.0,24.405035318938,0.10746083570635954,7.413903074267044,-2.230628816805322
Madagascar,MDG,1999,256.016791211411,1.7076,1681.35933226493,16000506.0,24.7085650221322,0.10672162492861163,7.427357871579221,-2.2375314708380514
Madagascar,MDG,2000,255.709986506438,1.6942,1701.44320253582,16516338.0,25.0095755608264,0.1025772177827797,7.439232112564426,-2.277139419802758
Madagascar,MDG,2001,254.167832334244,1.7104,1748.50350929178,17032939.0,25.3079943968146,0.10041719752533605,7.466515563531316,-2.2984217962999924
Madagascar,MDG,2002,235.904702374408,1.1663,1486.43429741771,17549913.0,25.6037489918904,0.06645616989668268,7.304135441944144,-2.711212647919763
Madagascar,MDG,2003,247.053924908213,1.5496,1584.74925232364,18071854.0,25.8967668078478,0.08574659799708431,7.368181473369648,-2.4563588672264918
Madagascar,MDG,2004,250.245993304321,1.6759,1620.11953793293,18606608.0,26.1869753064804,0.0900701514214735,7.3902552143516544,-2.407166452034646
Madagascar,MDG,2005,250.780807193194,1.7881,1648.17631554009,19159707.0,26.4743019495822,0.09332606182338801,7.407424692331659,-2.371655876551192
Madagascar,MDG,2006,250.834742473721,1.7144,1686.86335460016,19730909.0,26.7586741989468,0.08688905310951461,7.430626080213892,-2.44312322576763
Madagascar,MDG,2007,254.441517219544,1.8034,1731.61751794976,20318583.0,27.0400195163682,0.08875618934647166,7.456811232142756,-2.421862113943097
Madagascar,MDG,2008,259.197265939314,1.87,1794.40235887329,20923840.0,27.31826536364,0.08937174056005016,7.492427297780084,-2.4149507478911647
Madagascar,MDG,2009,253.627612930936,1.7759,1673.15551466723,21547280.0,27.5933392025561,0.08241875540671491,7.422466652235898,-2.4959422538077223
Madagascar,MDG,2010,255.486793083651,1.9684,1635.24511473059,22183340.0,27.8651684949103,0.08873325657903634,7.3995479893613,-2.4221205266892
Madagascar,MDG,2011,259.293314846996,2.2944,1614.55137773785,22822300.0,28.1336807024963,0.10053325037353816,7.386812412385,-2.2972667567136877
Madagascar,MDG,2012,265.242059456403,2.8507,1617.79082882481,23462438.0,28.3988032871081,0.12150058744960775,7.388816811650001,-2.107836181237027
Madagascar,MDG,2013,268.494073877684,3.0496,1610.6023078966,24109290.0,28.6604637105393,0.1264906598244909,7.384363492302551,-2.0675868089200464
Madagascar,MDG,2014,271.281685784756,3.1337,1620.357889066,24764348.0,28.9185894345838,0.1265407835489955,7.390402323003925,-2.0671906231773423
Madagascar,MDG,2015,275.43076854299,3.4183,1627.5806134224,25426702.0,29.1731079210354,0.13443741150543237,7.394849904912826,-2.0066565302124624
Madagascar,MDG,2016,293.322517988217,3.2513,1648.91226979296,26099952.0,29.4239466316878,0.12457111032234848,7.407871119078194,-2.082878558883524
Madagascar,MDG,2017,299.453710205685,3.5528,1669.72764267278,26788375.0,29.671033028335,0.13262469261386703,7.420415803890578,-2.0202319997595013
Madagascar,MDG,2018,292.820905838727,3.2753,1678.78623269491,27494926.0,29.9181125346909,0.11912379760542,7.425826330743722,-2.127592010612373
Madagascar,MDG,2019,313.77500218938,4.0111,1707.83153830039,28219554.0,30.3046972370204,0.14213902884503418,7.442979738512492,-1.950949623990054
Madagascar,MDG,2020,301.748644745329,3.1281,1545.72714379204,28953556.0,30.7019474167548,0.10803854283045579,7.343249721845152,-2.2252672374639695
Madagascar,MDG,2021,308.953475191696,4.103,1577.43246056529,29691083.0,31.1137123216036,0.13818963760937922,7.363553779277127,-1.9791283515786111
Madagascar,MDG,2022,308.672539601401,4.384,1602.71368352337,30437261.0,31.5397813465886,0.14403398518677485,7.379453523757661,-1.9377059990102083
Madagascar,MDG,2023,,4.5942,1629.46097248642,31195932.0,31.9799438860946,0.1472692016382136,7.396004547384119,-1.9154930633342433
Malawi,MWI,1992,,1.9313,994.036504790471,10135079.0,12.4490553160965,0.1905559887594364,6.901773931123541,-1.6578092233477646
Malawi,MWI,1993,,1.9582,1074.58485213269,10284024.0,12.8652119156892,0.1904118465690084,6.97968968191088,-1.658565939185373
Malawi,MWI,1994,,2.0402,975.849640143399,10164894.0,13.2653578035145,0.20071040583404018,6.883308517314934,-1.6058921768206507
Malawi,MWI,1995,,2.0879,1140.75609365079,10150117.0,13.6354392091488,0.2057020623506113,7.039446561586617,-1.5813264563617633
Malawi,MWI,1996,,2.2305,1200.32058232422,10352228.0,13.9614023621682,0.21546086504277148,7.0903439520342175,-1.5349759866593424
Malawi,MWI,1997,,2.5128,1221.09404555353,10562035.0,14.2291934921491,0.2379086984657786,7.10750249452992,-1.4358682988032834
Malawi,MWI,1998,,2.6671,1241.52433181826,10792876.0,14.4227423983849,0.24711670920707327,7.1240952034821134,-1.3978945470391706
Malawi,MWI,1999,,2.7436,1249.77523298871,11047804.0,14.5596934738978,0.24833894591178482,7.130719000518909,-1.3929607485390327
Malawi,MWI,2000,,3.0984,1239.39174838676,11315942.0,14.6770603287659,0.27380840234069775,7.122376012757546,-1.2953266787217426
Malawi,MWI,2001,,3.1666,1149.58039601898,11593058.0,14.780400724713,0.273146222506607,7.047152281747962,-1.2977480136096158
Malawi,MWI,2002,,3.1305,1140.84274642418,11880440.0,14.8722487440558,0.26350034173818476,7.039522519526208,-1.3337006140824539
Malawi,MWI,2003,,3.1575,1176.12385998737,12181574.0,14.9551384691108,0.2592029568592696,7.0699794460309935,-1.350143906933013
Malawi,MWI,2004,,3.1468,1208.2196975075,12500737.0,15.0316039821946,0.25172915804884144,7.096903230756235,-1.3794015390972325
Malawi,MWI,2005,,3.5683,1214.7426419188,12840031.0,15.1041793656241,0.2779043134708943,7.1022875159874035,-1.2804784206884523
Malawi,MWI,2006,,3.7866,1237.27386519947,13198701.0,15.1753987017157,0.2868918691316668,7.120665742552388,-1.2486498968228121
Malawi,MWI,2007,,4.0794,1318.33196397214,13576343.0,15.2477960727861,0.3004785603899371,7.184122552826764,-1.2023788740082704
Malawi,MWI,2008,,4.2838,1378.42886690465,13976417.0,15.3238029928378,0.3065020169332383,7.22869962732224,-1.1825309430949342
Malawi,MWI,2009,,4.1579,1449.72601522136,14395788.0,15.4015312766848,0.28882753761030655,7.2791298625406196,-1.2419255246729217
Malawi,MWI,2010,,4.4851,1504.37514113215,14826463.0,15.4776969380518,0.3025064035839161,7.316132902351806,-1.1956528328628484
Malawi,MWI,2011,,5.7394,1533.22889572405,15265022.0,15.5523153908723,0.3759837358898009,7.335131180005069,-0.9782093921400252
Malawi,MWI,2012,,5.683,1518.14803849238,15709577.0,15.6253133040464,0.3617538524430034,7.325246475264099,-1.0167912640649037
Malawi,MWI,2013,,5.0231,1555.50607410511,16161816.0,15.6966173464742,0.31080046945219525,7.349556221251386,-1.1686041500258368
Malawi,MWI,2014,,4.9718,1597.56484331405,16621538.0,15.766154187056,0.2991179275949073,7.376235775921846,-1.2069173766773864
Malawi,MWI,2015,,4.909,1597.69145324855,17085587.0,15.8338504946918,0.28731819398420433,7.376315024609785,-1.2471649875247766
Malawi,MWI,2016,,4.9059,1593.59549264808,17557739.0,15.899632938282,0.2794152481706215,7.37374805841775,-1.275056258950419
Malawi,MWI,2017,,5.408,1613.0593571462,18039715.0,15.9634281867266,0.29978300654971546,7.385887876670825,-1.2046963775428572
Malawi,MWI,2018,,5.4582,1638.91665761076,18528081.0,16.0221486554255,0.29459068103167296,7.40179072791511,-1.2221684080687525
Malawi,MWI,2019,,5.6074,1687.28944917892,19025752.0,16.1383746619001,0.29472685232100154,7.430878644105218,-1.221706275910636
Malawi,MWI,2020,,5.2063,1656.43985192533,19533888.0,16.2961471756409,0.26652656143006453,7.412425910742852,-1.322281372687702
Malawi,MWI,2021,,6.1189,1687.59358179651,20047258.0,16.4881925800694,0.3052237867143726,7.431058877088478,-1.1867100444883656
Malawi,MWI,2022,,5.6023,1659.95933825168,20568728.0,16.7146031979436,0.2723697838777391,7.4145483860214725,-1.3005946364184353
Malawi,MWI,2023,,4.7047,1649.29873234551,21104482.0,16.9748746665356,0.22292421107516402,7.408105465852289,-1.5009234259372262
Malaysia,MYS,1992,1542.60165312621,79.2867,13567.8936121181,18834572.0,51.8628569177227,4.209636406922334,9.515461516912948,1.4373762798132272
Malaysia,MYS,1993,1628.85647518995,79.5011,14533.790397007,19322664.0,53.2286734175775,4.114396441401662,9.58423158950984,1.4144921505651247
Malaysia,MYS,1994,1579.98307589289,87.5666,15474.0144648307,19820446.0,54.5855388512742,4.417993419522447,9.64691740989187,1.4856856155270215
Malaysia,MYS,1995,1669.4307615698,90.9385,16568.5160590209,20330599.0,55.9232917327627,4.47298675262839,9.715259550527374,1.498056362816187
Malaysia,MYS,1996,1804.8415103812,103.4299,17771.7118795056,20850087.0,57.2317705759929,4.960645967568385,9.785363251877657,1.6015359676537948
Malaysia,MYS,1997,2053.29504995782,113.2477,18604.514527465,21375218.0,58.5008138949148,5.298083977435926,9.831159546780777,1.6673452415049137
Malaysia,MYS,1998,1902.76224719258,110.6521,16817.1719190401,21906713.0,59.7202602034782,5.0510590064333245,9.73015578140206,1.6195979255466295
Malaysia,MYS,1999,1883.08205967087,119.6769,17428.6256563043,22435531.0,60.8799480156331,5.334257522141999,9.765869286082536,1.6741497039611153
Malaysia,MYS,2000,2102.39212549567,130.7612,18532.9096706227,22967816.0,61.9694564490726,5.693236135294709,9.827303331810507,1.7392788272915538
Malaysia,MYS,2001,2135.7884053911,138.4076,18186.4411330146,23526538.0,63.0180877676224,5.88304152527669,9.808431602728422,1.7720738943780077
Malaysia,MYS,2002,2154.46190610282,146.5505,18708.8694877279,24102477.0,64.056368465184,6.080308675328266,9.836752994552588,1.80505546365784
Malaysia,MYS,2003,2254.16675979207,156.5469,19329.0062757538,24679602.0,65.0750932867555,6.343169553544664,9.869362162487429,1.8473785731071521
Malaysia,MYS,2004,2371.20028657265,169.5908,20168.5062099425,25256772.0,66.0647889111941,6.714666466482732,9.911877568212745,1.904294158820944
Malaysia,MYS,2005,2515.14872740447,181.1171,20767.5857243346,25836071.0,67.0159820173565,7.0102416114276815,9.941148671516654,1.947372167132662
Malaysia,MYS,2006,2472.12683283587,187.727,21444.4857715028,26417909.0,67.9191992840997,7.106050671913511,9.97322281771747,1.9609466284365562
Malaysia,MYS,2007,2584.76582554848,204.8805,22305.118263117,26998389.0,68.7649673902807,7.588619454294106,10.012571449638289,2.026649684783704
Malaysia,MYS,2008,2678.81949826316,216.128,22898.0027575442,27570059.0,69.5438130147565,7.83922878075814,10.038804969911045,2.0591404597224328
Malaysia,MYS,2009,2483.79273364834,197.9123,22106.6417311801,28124778.0,70.2462628363839,7.036937322669711,10.00363337317813,1.951173036119353
Malaysia,MYS,2010,2529.59168934211,215.5014,23307.9698543785,28655776.0,70.8625314831025,7.520347730244681,10.056550634902703,2.0176123776167056
Malaysia,MYS,2011,2591.22470848139,218.2727,24115.8181203958,29162039.0,71.4245166681964,7.4848229919725435,10.09062325771636,2.012877369224903
Malaysia,MYS,2012,2587.43170352026,219.7969,25006.3587781537,29662831.0,71.9680127926087,7.409842303993169,10.126885422634722,2.002809157569148
Malaysia,MYS,2013,2869.7691156446,237.1554,25736.3525554142,30174265.0,72.4882717118078,7.859525327294634,10.155659767745385,2.0617262136880736
Malaysia,MYS,2014,2879.92352228516,251.3897,26818.4317281659,30696137.0,72.9802206910773,8.189620081510583,10.19684468115754,2.102867508695071
Malaysia,MYS,2015,2706.92696275778,252.8595,27699.6278860387,31232798.0,73.4387869957006,8.09596053481984,10.229174258368182,2.091365237881529
Malaysia,MYS,2016,2759.17228283076,247.4841,28425.3707609412,31789685.0,73.8588978909614,7.785044111006448,10.255037362014452,2.0522044714235954
Malaysia,MYS,2017,2617.76462271235,237.8324,29551.5457597197,32355644.0,74.2354806421432,7.350569192812234,10.293891331439719,1.9947777514252738
Malaysia,MYS,2018,2839.45244829846,254.2848,30459.9655338061,32910967.0,74.5634625145296,7.726445716408151,10.324168494925404,2.044648953028953
Malaysia,MYS,2019,2878.2988852867,255.1651,31300.5086554849,33440596.0,74.8377707734042,7.630399290730344,10.351389627370157,2.0321401756086765
Malaysia,MYS,2020,2722.6031659631,253.08,29200.452632127,33889558.0,75.0511895575672,7.467786980284606,10.281939489236471,2.0105987009401116
Malaysia,MYS,2021,2793.49953523,257.9155,29822.8491831618,34282399.0,75.5088628191907,7.523262884840702,10.303030129802847,2.0179999381175855
Malaysia,MYS,2022,2867.09651939173,276.9845,32129.2217820113,34695493.0,75.9741357073003,7.983299156463924,10.377521230901893,2.0773517541521676
Malaysia,MYS,2023,,282.3786,32857.6676600774,35126298.0,76.4434752105739,8.038951329286109,10.399940410985689,2.084298643003091
Maldives,MDV,1992,,0.1076,9120.9918309279,238543.0,25.7170257695718,0.451071714533648,9.118333830546373,-0.7961289398508401
Maldives,MDV,1993,,0.1269,9378.52243653043,244884.0,25.624629080355,0.5182045376586466,9.146177506834308,-0.6573852543146069
Maldives,MDV,1994,,0.2725,9866.07502836993,250822.0,25.555709993512,1.0864278253103794,9.196857386505284,0.08289508989340012
Maldives,MDV,1995,,0.335,10894.1730236585,256649.0,25.5476431837694,1.3052846494628851,9.295983340290277,0.2664211391832514
Maldives,MDV,1996,,0.3404,11495.0988639063,262347.0,25.7015358485339,1.2975181724967315,9.349676037761107,0.26045334173765444
Maldives,MDV,1997,,0.3032,12210.9687208916,267707.0,26.0259604516629,1.1325815163593034,9.410089902277992,0.1244995549098918
Maldives,MDV,1998,,0.3433,12884.7223193763,272723.0,26.4739351451229,1.2587863876534067,9.46379757216556,0.23014807240116042
Maldives,MDV,1999,,0.3428,13449.2026730153,277412.0,27.0010708398356,1.2357071792135885,9.506675102456102,0.21164342094651833
Maldives,MDV,2000,,0.6278,13738.2809408875,282019.0,27.6038586493758,2.2260911498870644,9.527941444476472,0.8002471998528679
Maldives,MDV,2001,,0.5547,12977.9990665612,286767.0,28.5499181889238,1.934322986954566,9.471010823256409,0.6597573877174573
Maldives,MDV,2002,,0.6721,13689.8065561949,291616.0,29.8881681908815,2.304743223965763,9.5244067878828,0.8349692706622038
Maldives,MDV,2003,,0.5775,15316.1192814998,296491.0,31.3913356462169,1.947782563383037,9.63666110059897,0.6666915785503991
Maldives,MDV,2004,829.42673341893,0.7389,15958.6557759464,301413.0,32.8541942827704,2.45145365329299,9.67775664289195,0.8966811764819356
Maldives,MDV,2005,734.264707322088,0.6848,13942.8753891662,306429.0,34.0715178283824,2.234775429218514,9.54272393199423,0.8041407439203078
Maldives,MDV,2006,917.632889492147,0.8365,16829.9768208157,313851.0,34.8678636610379,2.6652774724311854,9.730916909929935,0.9803081694329512
Maldives,MDV,2007,921.47719883259,0.878,17439.9504862625,324479.0,35.4340781469745,2.705876189214094,9.766518858368487,0.9954257745311453
Maldives,MDV,2008,,0.9559,18344.4866455436,336170.0,35.9335121678807,2.843501799684683,9.817084353053257,1.04503632067631
Maldives,MDV,2009,,0.9842,16230.0089361263,348275.0,36.3718272129661,2.8259277869499675,9.694617211101603,1.0388367308395892
Maldives,MDV,2010,,1.0537,16730.0144200167,360792.0,36.7646137762553,2.920519301980088,9.724959655906183,1.071761443611839
Maldives,MDV,2011,,1.1443,17581.7676697752,373674.0,37.1274623517731,3.062294941580094,9.774617716228446,1.1191646157776705
Maldives,MDV,2012,,1.4422,17390.1474995422,386818.0,37.475963433544,3.7283683799616356,9.763659089172174,1.3159707063089183
Maldives,MDV,2013,,1.6213,17986.8907361645,400070.0,37.8257075155926,4.052540805359063,9.797398479109226,1.3993440437587554
Maldives,MDV,2014,,2.1931,18765.3592118344,413617.0,38.1938859868107,5.302248215136225,9.839767854036284,1.6681309221494185
Maldives,MDV,2015,,1.5884,18829.4481529112,428154.0,38.5771510715291,3.709880089874204,9.843177314419366,1.3109995553083915
Maldives,MDV,2016,,1.7341,19345.1792343541,443308.0,38.9560872317815,3.9117272866720203,9.870198532243105,1.3639790377466718
Maldives,MDV,2017,,1.6081,20036.7165354949,458287.0,39.32787719143,3.5089365397665655,9.905321696240469,1.2553130114465383
Maldives,MDV,2018,,1.3863,21072.5805249694,473099.0,39.6923354428279,2.9302534987391646,9.955727973194003,1.075088937627492
Maldives,MDV,2019,,1.5153,21855.501224579,487731.0,40.0492764783282,3.106835530241055,9.992207941126356,1.1336046937800057
Maldives,MDV,2020,,1.208,14242.9750701162,502118.0,40.3985147902839,2.4058089931052065,9.564019086607715,0.8778862266642921
Maldives,MDV,2021,,1.6808,19052.6224904311,516154.0,40.7398648710483,3.2563924720141664,9.854960034619781,1.1806199789640512
Maldives,MDV,2022,,1.7895,21357.8112511153,524106.0,41.0641769690663,3.414385639546199,9.969172818306697,1.2279975762665811
Maldives,MDV,2023,,1.7942,22333.0477138175,525994.0,41.5096832933973,3.4110655254622677,10.01382282068967,1.2270247132966383
Mali,MLI,1992,,0.3638,1942.72857142808,9553540.0,17.0190041280359,0.03808012527293548,7.571848744008229,-3.268062779333935
Mali,MLI,1993,,0.3545,1985.38064863365,9754786.0,17.2128830576835,0.03634113552055371,7.59356593727305,-3.3148049693764343
Mali,MLI,1994,,0.3542,2051.75478430683,9967031.0,17.412833441504,0.03553716247095048,7.626450698324736,-3.3371762998777568
Mali,MLI,1995,,0.3639,2022.4037826787,10185365.0,17.6234008749003,0.03572773287947953,7.61204207434176,-3.33182806041588
Mali,MLI,1996,,0.3964,2105.2753013378,10407278.0,17.8491309532752,0.03808872982925987,7.652201522048452,-3.2678368456147147
Mali,MLI,1997,,0.3939,2142.78769298746,10646495.0,18.0945692720314,0.0369980918602789,7.669862920564635,-3.2968889390115734
Mali,MLI,1998,,0.4092,2228.20055528486,10919573.0,18.3643952818488,0.037473992801733184,7.7089496128330035,-3.2841081118927966
Mali,MLI,1999,,0.4262,2269.08741153512,11227415.0,18.6591231019948,0.037960652563390596,7.727133008293033,-3.271205114571769
Mali,MLI,2000,,0.796,2187.71894209604,11559290.0,18.977631037325,0.06886236092355154,7.690614701038651,-2.6756455358106597
Mali,MLI,2001,,0.8333,2458.46155672294,11912158.0,19.3181950112665,0.06995373970022896,7.807291049846653,-2.659921116823246
Mali,MLI,2002,,0.8731,2455.61935704114,12288050.0,19.6792980362731,0.07105277078136889,7.806134292337527,-2.64433242757283
Mali,MLI,2003,,0.8969,2611.8368553004,12684955.0,20.0594231247985,0.07070580857401544,7.867809028759723,-2.6492275514060886
Mali,MLI,2004,,0.9141,2565.97744562534,13102409.0,20.4570532892964,0.06976579650352847,7.850094755435214,-2.6626114107529717
Mali,MLI,2005,,0.9448,2546.33281406377,13538647.0,20.8706715422205,0.06978540765558035,7.842409490944876,-2.6623303504454072
Mali,MLI,2006,,1.1347,2555.07476259654,13990139.0,21.2987608960246,0.08110712838521476,7.845836763499933,-2.5119844254815593
Mali,MLI,2007,,1.3521,2515.94692367878,14457775.0,21.7398043631622,0.0935206143407267,7.83040452208064,-2.3695733927559965
Mali,MLI,2008,,1.5615,2523.1996127255,14940782.0,22.1922849560871,0.10451260181695979,7.833283062723307,-2.2584476232979935
Mali,MLI,2009,,2.0073,2575.54549773621,15435539.0,22.6557955217884,0.13004404964413616,7.853816634443164,-2.0398820425045883
Mali,MLI,2010,,1.9869,2632.26468220172,15945198.0,23.1359461824894,0.12460804814088856,7.8755998505356235,-2.0825820828938104
Mali,MLI,2011,,2.1656,2623.34627008963,16469049.0,23.6379674039304,0.13149514583386085,7.872205984150352,-2.0287853418565933
Mali,MLI,2012,,2.2712,2520.52931087437,16957033.0,24.1606168848588,0.13393852568429868,7.832224202447083,-2.0103743478454286
Mali,MLI,2013,,2.7412,2528.53006767058,17459615.0,24.7033626854883,0.1570023164886511,7.835393411954408,-1.8514947190378945
Mali,MLI,2014,,2.9109,2609.16733048758,18020267.0,25.2656728660325,0.16153478747013017,7.866786418951166,-1.823034757223341
Mali,MLI,2015,,3.5312,2686.56065074588,18593022.0,25.847015486705,0.18992071326543905,7.896017086033853,-1.6611485925178955
Mali,MLI,2016,,4.5795,2759.11051294151,19191289.0,26.4468586077195,0.2386238881609255,7.922663628848764,-1.4328666563041237
Mali,MLI,2017,,5.1611,2816.194239022,19813011.0,27.0646702892896,0.26049044236638236,7.94314169182456,-1.3451891080342229
Mali,MLI,2018,,5.782,2862.40728989634,20442030.0,27.6999185916288,0.2828486211985796,7.95941825952886,-1.2628434318784276
Mali,MLI,2019,,6.1138,2916.17167790759,21068405.0,28.3520715749509,0.290188080208255,7.9780269658494225,-1.2372260137786066
Mali,MLI,2020,,6.8432,2796.41038444894,21713836.0,29.0205972994693,0.31515389542409733,7.936091868137208,-1.1546942025596743
Mali,MLI,2021,,7.3008,2796.22793795433,22388630.0,29.7049638253978,0.32609409329646344,7.936026622904401,-1.1205693095172278
Mali,MLI,2022,,7.4928,2813.81095962843,23072640.0,30.4015705681899,0.32474827327952066,7.942295056891967,-1.1247049405217127
Mali,MLI,2023,,7.177,2860.42819002278,23769127.0,31.0031889023235,0.30194630202447065,7.9587266093986395,-1.1975060852829513
Malta,MLT,1992,1807.04451982783,2.176,19513.1848222048,367618.0,91.8075628458526,5.9191878526078705,9.878845660797428,1.7781992524254275
Malta,MLT,1993,2288.9602124363,2.8133,20184.9137245386,371308.0,92.1649070648702,7.576728753487671,9.912690759041523,2.025081543639803
Malta,MLT,1994,2056.33433361958,2.5155,21127.0635086524,374797.0,92.4710310230744,6.711633230788934,9.958310128337862,1.903842323868084
Malta,MLT,1995,1879.02897380994,2.3859,22310.9631982103,377419.0,92.6973466192341,6.321621328020052,10.012833459879229,1.8439757145018802
Malta,MLT,1996,1836.61841201857,2.3312,23002.2111964815,379905.0,92.8533049062716,6.136270909832722,10.043345629267687,1.8142172139757182
Malta,MLT,1997,2047.39672720575,2.4771,24028.8942855753,382791.0,92.979031868811,6.471155277945407,10.087012313754876,1.8673546517608675
Malta,MLT,1998,1792.79947947045,2.384,25096.8746137924,385287.0,93.089771322402,6.187595221224697,10.130498599988154,1.8225465170652349
Malta,MLT,1999,1943.41376343467,2.4177,26126.0896690455,387578.0,93.1885360442413,6.237970163425168,10.170689698217206,1.8306548351387717
Malta,MLT,2000,1731.67515154798,2.135,31066.9228903221,390087.0,93.278338811526,5.47313804356464,10.343898959514119,1.6998521344939128
Malta,MLT,2001,2001.30094235953,2.4949,30600.9719457901,393028.0,93.3621924014528,6.347893788737698,10.328787050370359,1.8481230710714018
Malta,MLT,2002,1851.86412884869,2.3242,31206.2716762932,395969.0,93.4431095912187,5.869651412105493,10.34837436886252,1.7697952474268361
Malta,MLT,2003,2071.44952722888,2.6135,32146.6801842336,398582.0,93.5241031580205,6.55699454566438,10.3780644641236,1.8805323494471238
Malta,MLT,2004,2066.57163915642,2.6069,32061.5717383591,401268.0,93.6081858790552,6.496655601742476,10.375413449863894,1.8712875216804599
Malta,MLT,2005,2101.87985022264,2.6349,32775.7490182242,403834.0,93.6985189936163,6.524710648434753,10.397444161710942,1.8755966071580148
Malta,MLT,2006,2095.17873042085,2.6594,33419.4710514467,405308.0,93.7986874969541,6.561429826206243,10.416893974718526,1.8812085405178092
Malta,MLT,2007,2131.22296210827,2.7234,34980.4009462349,406724.0,93.9118231189546,6.695941227958025,10.462543210663418,1.9015015559619797
Malta,MLT,2008,2153.74903793408,2.7327,36286.3762693845,409379.0,94.0294765354989,6.675232486277997,10.499197640423402,1.898404033084727
Malta,MLT,2009,1953.4340878955,2.5185,35511.3563931618,412477.0,94.1423744490362,6.1057949897812485,10.477607822705847,1.8092383185412386
Malta,MLT,2010,2022.68894914335,2.5947,37527.338314073,414508.0,94.2412435620154,6.259710307159331,10.53282496805987,1.834133907229594
Malta,MLT,2011,2002.2597001723,2.5818,37739.4436925333,416268.0,94.3155916422812,6.202254316930439,10.538461078287488,1.8249128254696743
Malta,MLT,2012,2102.78419805068,2.7244,38935.700353788,420028.0,94.3626256493653,6.48623425104993,10.56966685561836,1.8696821236452061
Malta,MLT,2013,1822.11290174526,2.3827,40919.7945400628,424810.0,94.3906567856206,5.608860431722417,10.619369199037875,1.7243475673003048
Malta,MLT,2014,1793.37877402513,2.3694,43161.5419815161,433481.0,94.412512773898,5.465983514848402,10.672705145831095,1.6985440715570184
Malta,MLT,2015,1448.8722651887,1.6722,46170.1721772127,444220.0,94.4387696268011,3.764350997253613,10.740089244695136,1.3255754685055947
Malta,MLT,2016,1311.66732595294,1.3655,46965.601581458,454505.0,94.4800033569336,3.004367388697594,10.757170731490794,1.1000670262566277
Malta,MLT,2017,1451.209231349,1.5582,51626.3473049783,467106.0,94.5691806330314,3.335859526531451,10.851787427840044,1.2047303752560372
Malta,MLT,2018,1407.69637134225,1.5674,53417.0154946227,483903.0,94.7242373261706,3.239078906309736,10.885884616414033,1.1752890012106867
Malta,MLT,2019,1440.48279152041,1.673,53391.4373856091,503912.0,94.9332032524644,3.3200241311975107,10.885405663506978,1.1999720513349674
Malta,MLT,2020,1336.72896034906,1.6204,50387.8220368582,515490.0,95.1841082280263,3.143416943102679,10.82750479861032,1.1453104067017719
Malta,MLT,2021,1363.05571036865,1.6274,56852.3218512267,518150.0,95.5145343617045,3.140789346714272,10.948212340054914,1.1444741526323303
Malta,MLT,2022,1456.24524810948,1.7963,56841.958125813,531113.0,95.6003155132879,3.382142783174202,10.948030031403247,1.2185094681464763
Malta,MLT,2023,1397.99606213865,1.7877,60418.3949311068,552747.0,95.6272277147965,3.2342102263784334,11.009048889395926,1.1737847641066281
Marshall Islands,MHL,1992,,0.0001,4029.34125092657,46388.0,67.3038936005312,0.00215572993015435,8.30135818027093,-6.139625898088503
Marshall Islands,MHL,1993,,0.0001,4207.40977456892,47093.0,67.3876551299815,0.0021234578387446116,8.344602481882314,-6.15470946301384
Marshall Islands,MHL,1994,,0.0001,4396.91464876183,47712.0,67.4633558335976,0.0020959087860496313,8.388658357748795,-6.167768031576373
Marshall Islands,MHL,1995,,0.0001,4703.43305447938,48266.0,67.5397939409419,0.0020718518211577507,8.456047958182062,-6.179312472027467
Marshall Islands,MHL,1996,,0.0001,4174.81392158106,48775.0,67.6257676815771,0.0020502306509482316,8.336825066610515,-6.189802979503221
Marshall Islands,MHL,1997,,0.0001,3867.34286781701,49259.0,67.7300752850655,0.0020300858726324126,8.260322952744538,-6.199677185033771
Marshall Islands,MHL,1998,,0.0001,3805.88691498835,49717.0,67.8615149809697,0.002011384435907235,8.24430433511524,-6.208932019923956
Marshall Islands,MHL,1999,,0.0001,3718.81112086275,50202.0,68.0299788487724,0.0019919525118521175,8.221159305021125,-6.218639959535563
Marshall Islands,MHL,2000,,0.0001,3772.2158024995,50706.0,68.2755984422337,0.001972153196860332,8.2354178538081,-6.228629339784446
Marshall Islands,MHL,2001,,0.0001,4000.73051185181,51123.0,68.6170787509313,0.0019560667409972026,8.294232251390524,-6.236819586787411
Marshall Islands,MHL,2002,,0.0001,4121.83964555336,51425.0,69.0380806209326,0.0019445794846864365,8.324054858596018,-6.242709528533067
Marshall Islands,MHL,2003,,0.0001,4040.65511934983,51639.0,69.5231265029735,0.0019365208466469142,8.304162116063875,-6.246862293951525
Marshall Islands,MHL,2004,559.942847212836,0.0001,4012.3445001608,51791.0,70.0567388477898,0.001930837404182194,8.297131012833315,-6.249801481990296
Marshall Islands,MHL,2005,558.70226948715,0.0001,4075.1586476742,51906.0,70.6234401061174,0.001926559549955689,8.312664956861724,-6.252019483420338
Marshall Islands,MHL,2006,577.011847976612,0.0001,4075.57643179743,51992.0,71.2077527286922,0.001923372826588706,8.312767471326866,-6.253674953586094
Marshall Islands,MHL,2007,614.970692802921,0.0001,4222.41292273556,52035.0,71.7941991662501,0.0019217834150091284,8.348162026263408,-6.254501662083868
Marshall Islands,MHL,2008,,0.0001,3903.30558742877,52030.0,72.3673018695269,0.0019219680953296175,8.269579059639321,-6.254405568296258
Marshall Islands,MHL,2009,,0.0001,4047.22680617884,52019.0,72.9115832892586,0.0019223745170034027,8.305787186344515,-6.254194129454155
Marshall Islands,MHL,2010,,0.0001,4269.35843273854,52044.0,73.4115658761809,0.0019214510798555068,8.359218844989881,-6.254674607635275
Marshall Islands,MHL,2011,,0.0001,4259.11601606604,51907.0,73.8553711172585,0.001926522434353748,8.356816909764941,-6.252038748830258
Marshall Islands,MHL,2012,,0.0001,4244.04434413749,51419.0,74.2705132518924,0.001944806394523425,8.353271948345048,-6.242592846956955
Marshall Islands,MHL,2013,,0.0001,4469.85358401607,50681.0,74.6790601806083,0.0019731260235591247,8.405110931817473,-6.228136179901884
Marshall Islands,MHL,2014,,0.0001,4491.99193864536,49796.0,75.0790555372177,0.0020081934291911,8.410051521254177,-6.210519752513585
Marshall Islands,MHL,2015,,0.0001,4670.10918243675,48800.0,75.4702568207363,0.0020491803278688526,8.448937729926424,-6.1903154058531475
Marshall Islands,MHL,2016,,0.0001,4896.52195460777,47709.0,75.8524215301796,0.002096040579345616,8.496280426885663,-6.167705152335934
Marshall Islands,MHL,2017,,0.0001,5199.3444796298,46529.0,76.2253071645634,0.0021491972748178554,8.556287835013432,-6.142660867108804
Marshall Islands,MHL,2018,,0.0001,5635.30750426868,45285.0,76.5886712229035,0.002208236722976703,8.636806995396444,-6.115560944820958
Marshall Islands,MHL,2019,,0.0001,6405.07564930525,44007.0,76.9422712042154,0.0022723657599927286,8.764846025237706,-6.086933805167781
Marshall Islands,MHL,2020,,0.0001,6417.18441217728,42706.0,77.285864607515,0.0023415913454783873,8.766734735404794,-6.056924518579768
Marshall Islands,MHL,2021,,0.0001,6767.95785510528,41367.0,77.6163157431143,0.0024173858389537556,8.819954674184117,-6.025068554521759
Marshall Islands,MHL,2022,,0.0001,6936.86510911803,40077.0,77.9855966195187,0.002495196746263443,8.844605238064057,-5.9933876966698305
Marshall Islands,MHL,2023,,0.0001,6801.61469241924,38827.0,78.3593928884282,0.0025755273392227057,8.824915317743812,-5.961700973902294
Mauritania,MRT,1992,,2.2897,5350.1180367309,2088135.0,39.1911119053361,1.0965287206047503,8.584873902587024,0.09214948151476406
Mauritania,MRT,1993,,2.267,5439.82228766957,2174328.0,39.0179807705844,1.0426209845064773,8.601501671608588,0.04173772024166479
Mauritania,MRT,1994,,2.3567,5097.20839032237,2249454.0,38.8350235663137,1.0476764583761216,8.53644829440174,0.046574815310570145
Mauritania,MRT,1995,,2.4527,5446.26956105444,2312017.0,38.6515898670056,1.0608486010267226,8.602686169080826,0.05906915484747924
Mauritania,MRT,1996,,2.4292,5650.3411811269,2358188.0,38.4770292471417,1.0301129511302747,8.639471208357483,0.029668457520713332
Mauritania,MRT,1997,,2.3872,5302.3666333722,2411306.0,38.3206912812037,0.9900029278739405,8.575908534471836,-0.010047378409449928
Mauritania,MRT,1998,,2.44,5310.15819138341,2474651.0,38.1919255436732,0.9859976214827869,8.577376905013216,-0.014101336671673976
Mauritania,MRT,1999,,2.5178,5359.98881996232,2541698.0,38.1000816090317,0.9905976241079782,8.586717168234747,-0.009446857268208661
Mauritania,MRT,2000,,1.0582,5008.60806690014,2613441.0,38.0555858542174,0.40490678764127447,8.518913324518683,-0.9040983923372496
Mauritania,MRT,2001,,1.1705,4847.41086088566,2678760.0,38.1070763150421,0.4369559049709567,8.4861999982702,-0.8279229929343144
Mauritania,MRT,2002,,1.2997,4806.89853417166,2738655.0,38.3900378438208,0.4745760236320384,8.477807359739348,-0.7453334553631421
Mauritania,MRT,2003,,1.363,5023.65213424467,2802046.0,38.8866922319919,0.48643027273642186,8.521912464955532,-0.7206617119107754
Mauritania,MRT,2004,,1.4867,5139.22552002451,2868664.0,39.5685575664461,0.5182551877807927,8.544657670058251,-0.6572875175266869
Mauritania,MRT,2005,,1.5383,5445.82951227718,2939059.0,40.407151934074,0.5233988157434063,8.602605367616473,-0.6474115515111077
Mauritania,MRT,2006,,1.6904,6284.70209025296,3013660.0,41.3739934217664,0.5609126444257149,8.745873719782066,-0.5781900996202888
Mauritania,MRT,2007,,1.8808,6002.77832165174,3093059.0,42.4406001164139,0.6080711683805579,8.699977694642577,-0.4974633506086716
Mauritania,MRT,2008,,2.1028,5813.35608368305,3183269.0,43.5784901049073,0.6605787949431857,8.667913322264793,-0.4146388662330764
Mauritania,MRT,2009,,2.0973,5639.78745018612,3284448.0,44.7591814741371,0.6385547891152485,8.637601657644751,-0.448547798083262
Mauritania,MRT,2010,,2.1069,5605.76388754436,3390965.0,45.9541923109942,0.6213275571997942,8.631550613025475,-0.4758968688001842
Mauritania,MRT,2011,,2.265,5653.21719956693,3502811.0,47.1350407023691,0.6466235260766282,8.639980077937349,-0.43599103007087103
Mauritania,MRT,2012,,2.5265,5716.25195328296,3619034.0,48.2732447351525,0.6981144692202395,8.651068616679263,-0.3593721936481064
Mauritania,MRT,2013,,2.3153,5769.72870835599,3734318.0,49.3553973225913,0.6200061162439835,8.660380340780836,-0.47802593608200694
Mauritania,MRT,2014,,2.6827,5837.8520312229,3848514.0,50.4694791226856,0.6970742473588507,8.672118205293415,-0.3608633497071774
Mauritania,MRT,2015,,2.757,5969.54239339806,3965959.0,51.6680350049622,0.695166036764374,8.694425552426708,-0.36360456013059705
Mauritania,MRT,2016,,2.6247,5866.28144759405,4086657.0,52.9185627319946,0.6422608993120783,8.676976227860344,-0.44276067262297963
Mauritania,MRT,2017,,3.809,6050.62180273825,4210600.0,54.1970448502004,0.9046216691207903,8.707916323055768,-0.100238467857851
Mauritania,MRT,2018,,4.4355,6153.63790295218,4337685.0,55.1305077000081,1.0225500468567912,8.7247987148516,0.022299553318237755
Mauritania,MRT,2019,,4.4862,6162.21044512087,4467708.0,56.0596215779146,1.004139035048844,8.726190830654078,0.004130492806258235
Mauritania,MRT,2020,,4.6354,5963.23549793488,4600131.0,56.9836701058893,1.0076669555714826,8.693368481540466,0.007637713835901163
Mauritania,MRT,2021,,4.4111,5836.56580821897,4734874.0,57.901535141641,0.9316192996899179,8.671897856317248,-0.07083102447344582
Mauritania,MRT,2022,,5.0263,6053.26178155509,4875637.0,58.8120996197226,1.0309011930133436,8.708352543189632,0.03043336437372152
Mauritania,MRT,2023,,4.8274,6276.47521079359,5022441.0,59.7142464747058,0.9611660943354038,8.744563829723432,-0.039608050049712615
Mauritius,MUS,1992,657.814523295738,1.3431,9838.10232774766,1084441.0,43.7659935577684,1.2385182780805963,9.19401811857662,0.21391572807866316
Mauritius,MUS,1993,678.879065998315,1.4807,10216.2423835678,1097374.0,43.615496644887,1.3493120850320857,9.23173412330874,0.29959489593423555
Mauritius,MUS,1994,657.657570271165,1.525,10490.888540896,1112846.0,43.4244745957928,1.370360319397293,9.258262401415777,0.3150737121191306
Mauritius,MUS,1995,697.031158951035,1.5621,10847.0307453987,1122457.0,43.2042800229269,1.3916791467290062,9.291646657497221,0.33051103730396497
Mauritius,MUS,1996,702.259962588413,1.6364,11336.6041686972,1133996.0,42.9662655387302,1.4430385997834208,9.33579207641266,0.36675102911062785
Mauritius,MUS,1997,712.616427509061,1.6434,11832.2877924531,1148284.0,42.7217837556441,1.431179046298651,9.378587327324471,0.35849861245305253
Mauritius,MUS,1998,750.486166902522,1.8025,12419.4673726952,1160421.0,42.4821872861094,1.5533155639203358,9.427020469921779,0.4403917198677483
Mauritius,MUS,1999,775.920393683984,2.2091,12582.7521544356,1175267.0,42.2588287425674,1.8796579841006342,9.440082278539968,0.6310898369410713
Mauritius,MUS,2000,851.243682124642,2.4433,13481.7540541745,1186873.0,42.063123063288,2.0586027317160305,9.509092498714313,0.7220274670870139
Mauritius,MUS,2001,886.792161463512,2.5836,13823.4171391048,1196287.0,41.8827214180181,2.159682417346339,9.534119327185104,0.7699611818799251
Mauritius,MUS,2002,873.221713167187,2.6372,13949.4742923184,1204621.0,41.6986829938864,2.18923628261503,9.543197101400944,0.7835527536086423
Mauritius,MUS,2003,909.089564102277,2.7615,14669.5001844577,1213370.0,41.5127065251754,2.2758927614824827,9.593525799967498,0.8223723980549541
Mauritius,MUS,2004,919.838083699622,2.7849,15209.0164267817,1221003.0,41.3265540022042,2.2808297768310153,9.629643716941592,0.8245393139638534
Mauritius,MUS,2005,945.754720316685,2.9793,15387.9807842254,1228254.0,41.1419874152917,2.425638345163134,9.641342015120783,0.8860947248679796
Mauritius,MUS,2006,1006.02062916824,3.3223,16061.6030030396,1233996.0,40.9607687547567,2.6923101857704563,9.684186795909492,0.9903996301707604
Mauritius,MUS,2007,1007.59469875165,3.4143,16904.2745171796,1239630.0,40.7846600109183,2.7542895864088477,9.73532179894039,1.0131595459799327
Mauritius,MUS,2008,1026.70709293057,3.4879,17750.5936228988,1244121.0,40.6154231740954,2.803505446817472,9.784174237887934,1.030870579443078
Mauritius,MUS,2009,999.514481044517,3.4382,18290.4070077862,1247429.0,40.4548202346069,2.756229011831535,9.814131994160073,1.013863445429028
Mauritius,MUS,2010,1050.75767175161,3.6757,19045.6542832867,1250400.0,40.3046131827718,2.9396193218170183,9.854594232918908,1.07828009059186
Mauritius,MUS,2011,1053.55801429009,3.6565,19790.5300586052,1252404.0,40.1665923228716,2.919585054024101,9.892958822401903,1.0714415013960819
Mauritius,MUS,2012,1066.25424955695,3.7437,20425.707017688,1255882.0,40.0369511615085,2.980932922042039,9.92454953443819,1.0922363126118482
Mauritius,MUS,2013,1085.5501957804,3.8572,21061.0293432869,1258927.0,39.9108848558771,3.063879001721307,9.955179661192822,1.119681760798748
Mauritius,MUS,2014,1104.47535515255,3.9905,21827.4802326052,1261208.0,39.7887571971735,3.164030041040019,9.990925016065733,1.151846544500036
Mauritius,MUS,2015,1136.14919149846,3.9907,22603.0885218714,1262879.0,39.6709610617726,3.160001868745937,10.02584183618301,1.1505726189739423
Mauritius,MUS,2016,1135.89802652029,4.0649,23460.0011516323,1263747.0,39.5578893260494,3.216545716824649,10.06305217129665,1.1683080249886943
Mauritius,MUS,2017,1156.15517897714,4.2071,24361.8758542058,1264887.0,39.4499348663789,3.3260678621884803,10.10077472436833,1.2017907841069282
Mauritius,MUS,2018,1142.14424076921,4.1718,25324.1785958124,1265577.0,39.3474905591359,3.2963620546201455,10.139514894072114,1.1928194526832552
Mauritius,MUS,2019,1163.15179238921,4.2052,26047.9753573284,1265985.0,39.2509492806955,3.3216823264098707,10.167695322753309,1.2004713794089787
Mauritius,MUS,2020,1025.83744169656,3.745,22258.3868106268,1266014.0,39.1607039074325,2.958103148938321,10.010474151881189,1.0845482348565259
Mauritius,MUS,2021,1072.42945671071,3.9879,23010.2013826905,1266334.0,39.077147315722,3.149169176536364,10.043692934955065,1.1471386645679558
Mauritius,MUS,2022,1095.73879704883,4.0499,25085.9891959451,1262523.0,39.0000125885784,3.2077831453367582,10.130064769903873,1.165580089632369
Mauritius,MUS,2023,1166.63966960327,4.3225,26635.0124048697,1248647.0,39.0039901092226,3.461746994947331,10.189981885086667,1.2417733734790317
Mexico,MEX,1992,1532.05083523555,311.2014,17796.4059642863,86044809.0,72.2406081339013,3.616736484358981,9.786751803774433,1.2855720955630854
Mexico,MEX,1993,1529.66917943226,320.3524,17970.5871849494,87653807.0,72.6055064486481,3.654745994090137,9.796491655089582,1.2960265953258456
Mexico,MEX,1994,1536.71971480805,346.1731,18422.819927556,89259205.0,72.9565584912625,3.8782901998735033,9.821345388621781,1.3553943863758688
Mexico,MEX,1995,1461.03050354057,326.2583,17028.1215003697,90862455.0,73.2962313883119,3.5906833025808074,9.742621462250852,1.2783425193695095
Mexico,MEX,1996,1467.31082127073,341.9142,17775.8727869147,92452702.0,73.6269922663634,3.6982607604048177,9.78559735540211,1.3078626443796528
Mexico,MEX,1997,1518.26280329371,360.7276,18737.6426443231,94021207.0,73.9513082519844,3.8366620841189585,9.838289755154289,1.3446027396563562
Mexico,MEX,1998,1536.12241939376,384.0072,19573.0654539328,95575245.0,74.2716464717421,4.017852112228433,9.881909688589959,1.390747459400897
Mexico,MEX,1999,1555.69407717508,373.0984,19793.2852841045,97115707.0,74.5904740522037,3.841792553700917,9.89309803210061,1.345939068536956
Mexico,MEX,2000,1541.32297457171,396.7431,20470.4937646148,98625552.0,74.9203113970256,4.022721211233373,9.926739799742768,1.3919585918423898
Mexico,MEX,2001,1563.12708165755,394.7859,20078.2183908739,100099099.0,75.2907557567987,3.9439505844103553,9.907390844315232,1.3721829073541774
Mexico,MEX,2002,1556.55451556538,400.9452,19744.7933653416,101548624.0,75.6840752828994,3.948307561508662,9.890645108502232,1.3732870216546404
Mexico,MEX,2003,1644.23440955963,420.7099,19701.4633876569,102978515.0,76.046170340551,4.085414321618447,9.888448195604592,1.4074231482895811
Mexico,MEX,2004,1651.99432971724,430.4581,20127.2242847772,104394131.0,76.3274397419019,4.123393680052761,9.909828619646685,1.4166765330502316
Mexico,MEX,2005,1718.63669370638,447.327,20277.2552818503,105811504.0,76.4748624380269,4.227583798449741,9.91725510741404,1.4416306238176158
Mexico,MEX,2006,1723.71763802356,463.9485,20965.8256074046,107253666.0,76.4982455683657,4.325712279149507,9.950649039101581,1.464576815644823
Mexico,MEX,2007,1693.77880726541,470.8833,21102.2688314629,108774360.0,76.5047326234761,4.328991685172866,9.957135841240968,1.4653346477310103
Mexico,MEX,2008,1678.23287321257,472.3027,20992.5602618229,110374288.0,76.5090428271033,4.2791007630327815,9.95192338068944,1.4537428854240237
Mexico,MEX,2009,1616.79369985205,461.5756,19385.5437230088,111999721.0,76.5143930040295,4.121220980541549,9.872282898357987,1.41614947395749
Mexico,MEX,2010,1581.82622504404,476.9429,20058.3854859755,113623895.0,76.5244441414713,4.197558092864181,9.906402574028416,1.4345029497461368
Mexico,MEX,2011,1632.53833582198,486.535,20457.6001664624,115243504.0,76.5667802279537,4.2217997814436465,9.926109738709354,1.440261525621308
Mexico,MEX,2012,1652.16322037583,506.2322,20898.9357195292,116818208.0,76.6585199140734,4.333504242763252,9.947453514145742,1.4663765086533391
Mexico,MEX,2013,1633.00512016612,494.0171,20805.3480411912,118343573.0,76.7955768077952,4.174431170841867,9.942965350005366,1.4289781025154786
Mexico,MEX,2014,1582.66666115179,480.9122,21069.7661649129,119784261.0,76.9741367091766,4.014819609731532,9.955594408725872,1.389992417306328
Mexico,MEX,2015,1539.13826670827,490.4272,21408.9283201493,121072306.0,77.1903854182753,4.050696779493074,9.971563325223471,1.3988889106397986
Mexico,MEX,2016,1525.3837445098,496.4682,21578.2633554092,122251351.0,77.4405087351486,4.06104469144067,9.979441760847688,1.4014402536770139
Mexico,MEX,2017,1478.43896510686,500.6875,21777.5225111982,123400057.0,77.7206924598541,4.057433295999207,9.988633639383165,1.4005505805916751
Mexico,MEX,2018,1493.47882156246,478.1534,21997.7730167472,124573711.0,78.0271223924494,3.8383170587251754,9.998696500705213,1.3450340045760558
Mexico,MEX,2019,1469.65350320528,493.673,21704.1859494071,125762982.0,78.355984332992,3.9254237785169566,9.985260421819902,1.3674743144550396
Mexico,MEX,2020,1366.42722558757,439.0381,19728.4817823158,126799054.0,78.677960602824,3.462471415599047,9.88981864635065,1.2419826160567229
Mexico,MEX,2021,1417.70559078908,452.7201,20782.5877417545,127648148.0,78.9324007418057,3.5466248989370373,9.941870787301998,1.2659964185605468
Mexico,MEX,2022,1525.73516114419,452.9546,21391.8573692427,128613117.0,79.199683215791,3.52183828963573,9.970765631838322,1.2589830946632259
Mexico,MEX,2023,1559.78994657193,475.5955,21917.24858366,129739759.0,79.4734935748046,3.6657652493404123,9.995029212365123,1.2990371128174083
"Micronesia, Fed. Sts.",FSM,1992,,0.0002,3347.64556913981,104806.0,25.8110870472152,0.001908287693452665,8.116012562546596,-6.2615489345906115
"Micronesia, Fed. Sts.",FSM,1993,,0.0002,3543.74966824326,107066.0,25.6947718399376,0.0018680066501036744,8.172940673858635,-6.282883379169149
"Micronesia, Fed. Sts.",FSM,1994,,0.0002,3459.88583986166,109075.0,25.5767394695015,0.0018336007334402934,8.148990873247811,-6.301473631443773
"Micronesia, Fed. Sts.",FSM,1995,,0.0002,3663.78236228922,110230.0,25.2888274538158,0.0018143880976140797,8.206251325091303,-6.312007004409325
"Micronesia, Fed. Sts.",FSM,1996,,0.0002,3526.09250594956,110710.0,24.6466898360747,0.0018065215427693975,8.167945597993583,-6.3163520823054755
"Micronesia, Fed. Sts.",FSM,1997,,0.0002,3296.33568727784,111071.0,23.8305797418484,0.001800650034662513,8.100566732711599,-6.319607548903832
"Micronesia, Fed. Sts.",FSM,1998,,0.0002,3380.53310212796,111377.0,23.0414720747208,0.0017957028830009787,8.12578869856324,-6.3223587554151335
"Micronesia, Fed. Sts.",FSM,1999,,0.0002,3409.41700394847,111680.0,22.4803417382757,0.0017908309455587394,8.134296589077083,-6.325075551448163
"Micronesia, Fed. Sts.",FSM,2000,,0.0002,3555.49951989363,112044.0,22.3299999237061,0.0017850130305951234,8.176250844291538,-6.32832956372389
"Micronesia, Fed. Sts.",FSM,2001,,0.0002,3609.87256369558,112365.0,22.3299999237061,0.001779913674186802,8.191427749788483,-6.331190413502056
"Micronesia, Fed. Sts.",FSM,2002,,0.0002,3623.19636273235,112448.0,22.3299999237061,0.0017785998861696074,8.195111888358841,-6.331928804998732
"Micronesia, Fed. Sts.",FSM,2003,,0.0002,3692.41720136136,112285.0,22.3299999237061,0.0017811818141336777,8.214036590690716,-6.330478194464605
"Micronesia, Fed. Sts.",FSM,2004,,0.0002,3586.11247849917,111925.0,22.3299999237061,0.0017869108778199687,8.184824019679636,-6.32726691656113
"Micronesia, Fed. Sts.",FSM,2005,,0.0002,3685.99439466343,111412.0,22.3299999237061,0.0017951387642264748,8.212295617518745,-6.322672954054096
"Micronesia, Fed. Sts.",FSM,2006,,0.0002,3701.35082122551,110729.0,22.3275140420008,0.0018062115615602055,8.216453118822045,-6.31652368712709
"Micronesia, Fed. Sts.",FSM,2007,,0.0002,3665.65753455567,109880.0,22.3208324539882,0.0018201674554058974,8.206763007384563,-6.308826773661173
"Micronesia, Fed. Sts.",FSM,2008,,0.0002,3601.90031821178,108936.0,22.3111192453232,0.001835940368656826,8.189216851341802,-6.300198466256375
"Micronesia, Fed. Sts.",FSM,2009,,0.0002,3674.48835418326,107957.0,22.2995385016606,0.0018525894569134007,8.209169178602973,-6.291170912128154
"Micronesia, Fed. Sts.",FSM,2010,,0.0002,3764.95289087757,107540.0,22.2903529875138,0.001859773107680863,8.233490627772598,-6.287300783815632
"Micronesia, Fed. Sts.",FSM,2011,,0.0002,3901.67577698307,107698.0,22.2914664135472,0.0018570446990659065,8.269161426234886,-6.288768926321882
"Micronesia, Fed. Sts.",FSM,2012,,0.0002,3828.74704775533,107890.0,22.2942568788425,0.0018537399202891835,8.25029288707397,-6.290550101997349
"Micronesia, Fed. Sts.",FSM,2013,,0.0002,3680.10650035034,108121.0,22.2986323961146,0.0018497794138049037,8.210696971056807,-6.292688882782188
"Micronesia, Fed. Sts.",FSM,2014,,0.0002,3575.85071357893,108396.0,22.3046193122479,0.0018450865345584707,8.18195838865994,-6.2952291003898075
"Micronesia, Fed. Sts.",FSM,2015,,0.0002,3723.39901795888,108716.0,22.3122336099411,0.001839655616468597,8.222392244589274,-6.29817688984151
"Micronesia, Fed. Sts.",FSM,2016,,0.0002,3746.13008308173,109075.0,22.3214896137555,0.0018336007334402934,8.22847860826382,-6.301473631443773
"Micronesia, Fed. Sts.",FSM,2017,,0.0002,3813.44207942995,109481.0,22.332401189542,0.0018268009974333446,8.246287493192096,-6.305188930653281
"Micronesia, Fed. Sts.",FSM,2018,,0.0002,3798.59203794112,109909.0,22.3449820355433,0.001819687195771047,8.242385760725057,-6.309090663120321
"Micronesia, Fed. Sts.",FSM,2019,,0.0002,3940.26446989917,110282.0,22.359245777081,0.0018135325801128016,8.279003124379132,-6.312478634079945
"Micronesia, Fed. Sts.",FSM,2020,,0.0002,3852.20025570019,110916.0,22.3752060036598,0.0018031663601283854,8.256399759027824,-6.318211070504741
"Micronesia, Fed. Sts.",FSM,2021,,0.0002,3946.41608109166,111624.0,22.3928762855411,0.0017917293771948686,8.280563124787482,-6.324573993024006
"Micronesia, Fed. Sts.",FSM,2022,,0.0002,3814.99076486823,112114.0,22.4122701819053,0.0017838985318515083,8.246693522973354,-6.328954123206714
"Micronesia, Fed. Sts.",FSM,2023,,0.0002,3814.72009332148,112630.0,22.4334012451903,0.0017757258279321672,8.246622570993157,-6.333546022493706
Moldova,MDA,1992,2296.83352783866,20.4078,9461.42772606577,2980965.0,46.3824577331543,6.846038111819495,9.154978573075383,1.9236701071125817
Moldova,MDA,1993,2048.93757145493,17.3631,9363.59309935118,2975966.0,46.0907783508301,5.834441656927532,9.144584373945086,1.763778572544396
Moldova,MDA,1994,1715.88533850766,14.0831,6490.35310271769,2966745.0,45.865348815918,4.74698701775852,8.778072215416529,1.5575101047347104
Moldova,MDA,1995,1597.87840142214,12.2615,6428.83979448752,2953200.0,45.7191925048828,4.151936882026277,8.768549364634982,1.4235749439239243
Moldova,MDA,1996,1376.04348286205,10.562,6063.14051693664,2947293.0,45.0867500305176,3.583627416751575,8.709983181943139,1.2763755323291583
Moldova,MDA,1997,1318.39683316907,9.6327,6185.83952473232,2936413.0,44.9134635925293,3.2804309203099153,8.730018011222834,1.1879747919099668
Moldova,MDA,1998,1217.56418384255,8.7879,5783.48593751483,2935227.0,40.7304458618164,2.9939422061734917,8.66276188324894,1.0965909825958606
Moldova,MDA,1999,1063.33955654761,7.4496,5597.46512850295,2930622.0,40.5269088745117,2.541985967484036,8.630069118619284,0.9329456524861074
Moldova,MDA,2000,985.928952009192,6.8956,5727.07922525352,2924668.0,40.4185981750488,2.3577376987746987,8.652960945937691,0.8577025570704686
Moldova,MDA,2001,1046.10154095215,7.1817,6090.03474356112,2918135.0,39.6744270324707,2.4610581758554693,8.714409065705915,0.9005914102418596
Moldova,MDA,2002,1063.47434041597,7.3093,6580.27841436838,2911385.0,39.620719909668,2.510592037810183,8.791832335638267,0.9205185969678744
Moldova,MDA,2003,1157.57082496873,7.8708,7034.35784911687,2903198.0,39.5945358276367,2.7110792994484014,8.858561685939037,0.9973468210840792
Moldova,MDA,2004,1166.2119108417,7.8917,7573.6178454751,2896023.0,39.4460945129395,2.7250128883644917,8.932426151085686,1.0024731577790653
Moldova,MDA,2005,1219.63334396967,8.3311,8161.47344724765,2888985.0,39.3704032897949,2.8837463676689215,9.007180001173083,1.0590902709190502
Moldova,MDA,2006,1197.85781024639,8.112,8577.02858037286,2880967.0,39.2182388305664,2.815721249150025,9.056842813195766,1.0352184451681639
Moldova,MDA,2007,1173.38914723484,8.0256,8854.83397616724,2874299.0,39.4315032958984,2.792193853179506,9.0887188008788,1.026827614144411
Moldova,MDA,2008,1168.16512504218,7.9275,9563.69814290939,2868833.0,39.3710708618164,2.763318743196275,9.165729766276428,1.016432400560309
Moldova,MDA,2009,1111.42197315364,7.808,9001.23432081622,2865213.0,39.3255348205566,2.725102810855598,9.105116993671958,1.0025061561578437
Moldova,MDA,2010,1302.53378603286,8.5049,9649.9509930271,2862354.0,39.2804946899414,2.9712956538569304,9.17470811587735,1.0889981047763873
Moldova,MDA,2011,1322.40704209495,8.5348,10217.3087761255,2860699.0,39.3469161987305,2.9834666282611346,9.231838499934256,1.0930859224846063
Moldova,MDA,2012,1316.76859981901,8.3528,10158.3854676883,2860324.0,39.3614196777344,2.920228617457323,9.226054797844236,1.0716619068651707
Moldova,MDA,2013,1184.75017871064,7.4941,11080.0634585341,2859558.0,39.4275512695312,2.6207197056328284,9.312902687589396,0.9634489768571688
Moldova,MDA,2014,1277.13936379874,8.0409,11641.1208436577,2857815.0,39.6298484802246,2.813653088111022,9.362299009060068,1.0344836703927993
Moldova,MDA,2015,1307.99462011084,8.2992,11691.0797484184,2835978.0,39.6954040527344,2.9263978775575836,9.366581415334883,1.0737722733800021
Moldova,MDA,2016,1356.31269266323,8.4234,12377.366678394,2803186.0,39.7373237609863,3.004937952743771,9.423624815890474,1.1002569197685972
Moldova,MDA,2017,1397.59909786185,8.3058,13118.8219369605,2755189.0,39.9736557006836,3.0146026279866827,9.481803267076385,1.1034680231469414
Moldova,MDA,2018,1495.57314367291,8.8624,13895.5043655692,2707203.0,40.3258094787598,3.27363703423792,9.539320639867544,1.185901609711521
Moldova,MDA,2019,1500.03948472062,9.1101,14621.2401362286,2664224.0,40.772289276123,3.419419688434606,9.590230554345803,1.2294708549326707
Moldova,MDA,2020,1461.47443268889,8.8484,13559.2600217483,2635130.0,41.3368530273438,3.357860902498169,9.514824989337823,1.211304135075001
Moldova,MDA,2021,1611.52792339614,9.6527,15682.0703284653,2595809.0,41.8115425109863,3.718570973442191,9.660273321442544,1.313339447557582
Moldova,MDA,2022,1422.63575303914,8.2882,15358.0153548867,2528654.0,42.4048843383789,3.277712174144822,9.639392789687275,1.187145671141577
Moldova,MDA,2023,1296.80089045941,8.2074,15990.4793311152,2457783.0,43.0011825561523,3.339350951650329,9.679748782308982,1.205776462251699
Mongolia,MNG,1992,1525.68781310458,12.9573,5324.48759689987,2167790.0,56.9476949363892,5.9771933628257345,8.580071760013317,1.7879511204691954
Mongolia,MNG,1993,1426.38147731695,11.9373,5162.0998701038,2165130.0,56.8981528530866,5.513433373515678,8.54909872726378,1.7071875458986692
Mongolia,MNG,1994,1216.20337762808,10.4063,5213.84632608076,2189395.0,56.8450076429443,4.753048216516435,8.559073120733585,1.5587861420189693
Mongolia,MNG,1995,1191.54307131019,10.3439,5457.68501570005,2224945.0,56.7918138357155,4.649058740777862,8.604779989031336,1.5366647777712066
Mongolia,MNG,1996,985.242877989141,8.7428,5494.32133981897,2259507.0,56.7421259611535,3.8693396391336696,8.611470354172852,1.3530838565989591
Mongolia,MNG,1997,949.77655727969,8.5693,5628.10663484223,2291750.0,56.6994985490115,3.739194938365878,8.635528365254896,1.318870331133878
Mongolia,MNG,1998,944.310257540598,8.5963,5735.84383645771,2323809.0,56.6674861290427,3.6992282928588365,8.654490156744568,1.3081242283989245
Mongolia,MNG,1999,932.373513788459,8.6539,5829.16641455929,2356813.0,56.6496432310004,3.671865353763748,8.670629287056327,1.3006998037209507
Mongolia,MNG,2000,979.255585329484,9.0405,5818.24307842901,2388299.0,56.7305447074496,3.7853300612695477,8.668753618592994,1.3311330855365213
Mongolia,MNG,2001,971.406679479206,9.0123,5917.07088396343,2417751.0,57.2155913875612,3.7275550708075396,8.68559682231821,1.3157525417414593
Mongolia,MNG,2002,1025.68016205691,9.658,6117.9824222592,2449027.0,58.1310120482033,3.943606991674653,8.718987651587923,1.3720957846339676
Mongolia,MNG,2003,988.432178015211,9.3625,6463.78966651762,2480374.0,59.3546986563236,3.7746323739887613,8.773971060457043,1.328302993584984
Mongolia,MNG,2004,1007.3108964645,9.577,7070.667158451,2508412.0,60.7829994587671,3.8179533505660155,8.863710119141661,1.339714506938188
Mongolia,MNG,2005,1151.95461061015,11.1291,7499.84803935428,2536407.0,62.3122627023789,4.387742188063666,8.922638037899707,1.478814786827215
Mongolia,MNG,2006,1301.09928192751,12.7174,8043.99678108557,2567168.0,63.8388366340039,4.953863557040287,8.992681350729057,1.600167788709739
Mongolia,MNG,2007,1341.95620033788,13.2104,8750.13407442299,2601850.0,65.2590695004873,5.077310375309875,9.076824302025466,1.6247816677011409
Mongolia,MNG,2008,1326.19423088287,13.206,9379.85489687765,2643201.0,66.4693095486742,4.996214816807348,9.14631957246459,1.6086805890986315
Mongolia,MNG,2009,1354.68916905218,13.9287,9095.9769892529,2691115.0,67.3659050254095,5.17581002669897,9.11558750566166,1.6439958538007278
Mongolia,MNG,2010,1411.62669168414,14.9057,9507.118823625,2738622.0,67.8298018313254,5.44277377454793,9.159796146821474,1.694288815947844
Mongolia,MNG,2011,1521.09353741373,16.236,10960.0959283864,2786317.0,67.9196058798676,5.827046958404231,9.302016313053702,1.762510346890132
Mongolia,MNG,2012,1558.69025216769,17.6595,12078.9185320062,2839705.0,67.9522782537785,6.218779767616707,9.399216941984983,1.8275737086657446
Mongolia,MNG,2013,1750.80216193822,19.1791,13210.0945665668,2899011.0,67.9776750055915,6.615738953732842,9.48873655620133,1.889451500131106
Mongolia,MNG,2014,1763.80524679078,19.5303,13943.4277148653,2963113.0,67.9941357229626,6.591142491022111,9.542763544681298,1.8857267008661942
Mongolia,MNG,2015,1516.3411002122,18.0259,13974.5967260365,3026864.0,67.9999999906095,5.955305557170722,9.544996440793803,1.7842825125187267
Mongolia,MNG,2016,1588.34126525003,19.1168,13898.1456953585,3088856.0,67.9776754820979,6.1889579831497485,9.539510707008164,1.822766733777926
Mongolia,MNG,2017,1603.82155065689,21.0753,14401.5375067562,3148917.0,67.9260583223672,6.692872501879218,9.575090251166957,1.9010431544643616
Mongolia,MNG,2018,1772.47014509365,22.9567,15230.2408828847,3208189.0,67.8683444833372,7.155656976568401,9.63103826210587,1.9679032294176733
Mongolia,MNG,2019,2018.31091722035,25.3355,15790.6961126441,3267673.0,67.8277299551557,7.753376791374167,9.667176191942547,2.0481284634850536
Mongolia,MNG,2020,1771.64405621298,22.5155,14801.3420829185,3327204.0,68.0894771770775,6.767093331217443,9.602473136919185,1.912071649266319
Mongolia,MNG,2021,1923.6542624985,24.8887,14792.2509086422,3383741.0,69.2153244018555,7.35537974094353,9.601858735378629,1.995431983032435
Mongolia,MNG,2022,1890.63113929262,24.9553,15310.4349469163,3433748.0,69.783805847168,7.26765621705495,9.636289897583026,1.983433848514672
Mongolia,MNG,2023,,27.1526,16222.8638898529,3481145.0,70.4464492797852,7.7999049163421805,9.694176877425928,2.054111543408704
Morocco,MAR,1992,336.362709887227,25.2238,4483.24951171875,25212468.0,49.8101539611816,1.0004494601639158,8.408103399916188,0.00044935918695192435
Morocco,MAR,1993,343.585585268207,25.979,4379.76416015625,25614586.0,50.4392204284668,1.014226815924333,8.384750157207629,0.014126564498902412
Morocco,MAR,1994,362.49138747337,28.1277,4771.0927734375,26000822.0,51.2177079462615,1.0818004138484545,8.470330650608437,0.07862670301053741
Morocco,MAR,1995,353.725757494428,29.273,4444.228515625,26399429.0,51.7589098974736,1.1088497406515876,8.39936157059524,0.10332320834233719
Morocco,MAR,1996,366.087252585757,28.9241,4916.47998046875,26808107.0,52.2102813479572,1.078931086033042,8.500348102304821,0.075970815870286
Morocco,MAR,1997,371.741177925287,30.4657,4766.1103515625,27213337.0,52.6042202331149,1.1195135679244335,8.469285811306397,0.11289427661202309
Morocco,MAR,1998,373.269132562206,31.2086,5033.92333984375,27621648.0,52.9553071144083,1.1298601734407736,8.523954947101705,0.12209388474988499
Morocco,MAR,1999,391.11777764283,32.8547,5043.6650390625,28027179.0,53.2781225532994,1.1722442704633242,8.525888287080845,0.15892009133502907
Morocco,MAR,2000,387.674326412744,33.5686,5100.11572265625,28423435.0,53.58724711125,1.1810184096327556,8.537018509171899,0.1663771252671057
Morocco,MAR,2001,405.385733553728,36.9966,5417.57861328125,28814643.0,53.8972613497219,1.2839513576482624,8.597404244293925,0.24994232109866432
Morocco,MAR,2002,406.634838346005,38.277,5544.07177734375,29198142.0,54.222745830177,1.3109395796485954,8.620484487637254,0.2707441164949491
Morocco,MAR,2003,399.736368353388,38.1053,5810.05322265625,29571415.0,54.5782811140771,1.2885856155344613,8.667345010330033,0.25354519479688487
Morocco,MAR,2004,463.894860712269,42.829,5996.39013671875,29953018.0,54.9787569660869,1.429872609164125,8.698912923269678,0.3575853558029442
Morocco,MAR,2005,484.797908832576,44.6593,6103.42236328125,30358144.0,55.4397798676399,1.4710813678201144,8.71660493599639,0.3859977547190843
Morocco,MAR,2006,486.582730066603,45.3821,6488.673828125,30771178.0,55.9627589629824,1.4748249157052096,8.777813448004919,0.38853928152942907
Morocco,MAR,2007,495.471813588118,46.0199,6620.59033203125,31186468.0,56.5303841299064,1.4756368050399296,8.797939818978135,0.3890896288526997
Morocco,MAR,2008,507.932323340328,49.4716,6901.95068359375,31606767.0,57.1254169272616,1.5652217767163594,8.839559358398251,0.4480275243140427
Morocco,MAR,2009,504.85859762712,48.9551,7063.72705078125,32030778.0,57.7306189138977,1.5283768630284285,8.862728102066894,0.42420629844176105
Morocco,MAR,2010,526.098528303577,52.0418,7210.63671875,32467016.0,58.3287516486646,1.602912937856685,8.883312536886093,0.4718225601479023
Morocco,MAR,2011,559.353279063147,56.2785,7503.79296875,32912588.0,58.902576690412,1.7099384588048803,8.923163900853172,0.5364573808639548
Morocco,MAR,2012,559.656539214197,58.5497,7628.64404296875,33355241.0,59.4348555979895,1.7553373396402683,8.939665394588891,0.5626610547658806
Morocco,MAR,2013,554.322076671451,58.4924,7839.0322265625,33787571.0,59.9083499302469,1.7311809718431668,8.966870665235572,0.5488038182990652
Morocco,MAR,2014,555.591040302721,59.4626,7951.79833984375,34204780.0,60.3030486171654,1.7384295411343094,8.981153388337251,0.552982143105108
Morocco,MAR,2015,563.603106638362,61.1459,8198.80859375,34607588.0,60.6417124737154,1.7668350651885938,9.011744129251108,0.5691898472653837
Morocco,MAR,2016,558.062023900473,61.011,8141.9404296875,35023457.0,60.9657656537179,1.7420039375324943,9.004783812613598,0.5550361387793605
Morocco,MAR,2017,577.582098917111,63.8616,8450.0087890625,35446392.0,61.2761057031842,1.8016389369050594,9.041922760476417,0.5886967711325867
Morocco,MAR,2018,577.178572918036,65.197,8611.75,35839760.0,61.5695822753314,1.8191249048542735,9.0608828288014,0.5983555639483344
Morocco,MAR,2019,614.502733565635,71.8694,8768.17578125,36210898.0,61.8430450233765,1.9847450344921023,9.07888405703086,0.6854904597895505
Morocco,MAR,2020,575.699296767116,67.5867,8054.56298828125,36584208.0,62.0933436005366,1.847428267409807,8.99399404066708,0.613794546244656
Morocco,MAR,2021,616.051393306028,73.1296,8623.265625,36954442.0,62.3173276600289,1.9789123050484703,9.062219134722346,0.6825473528788472
Morocco,MAR,2022,602.994477750907,72.3256,8690.4482421875,37329064.0,62.5118468550703,1.937514425756831,9.069979798308623,0.6614059277695599
Morocco,MAR,2023,600.64391286941,70.0459,8915.3515625,37712505.0,62.673750838878,1.8573653487086048,9.095529964460814,0.6191590043811863
Mozambique,MOZ,1992,429.60033297268,1.1614,510.82282292831,13613316.0,25.2341691598851,0.08531352684386376,6.236022803912598,-2.4614222574102236
Mozambique,MOZ,1993,424.528289065617,1.3511,549.048759770955,14051192.0,26.1405953505588,0.09615554324501438,6.308187253177597,-2.3417881565549323
Mozambique,MOZ,1994,402.283081900844,1.1452,546.209688164263,15033853.0,26.9444395784199,0.07617475041162103,6.303002946275677,-2.5747252306287476
Mozambique,MOZ,1995,388.824017354917,1.2575,525.418671837499,15960530.0,27.6270913060259,0.07878811041989207,6.264195414947907,-2.5409931764985814
Mozambique,MOZ,1996,384.511585412105,1.2134,562.857456341656,16492480.0,28.1699399959342,0.07357292535749627,6.333026410188692,-2.6094781829156664
Mozambique,MOZ,1997,386.520708983801,1.3414,612.371551265915,16949982.0,28.5523811697494,0.07913872710897274,6.417339208207285,-2.5365529271954927
Mozambique,MOZ,1998,383.191402996293,1.2964,660.650177820748,17340464.0,28.8204506770301,0.0747615519400173,6.493224468020483,-2.5934515376479963
Mozambique,MOZ,1999,383.704803126522,1.29,722.305561379979,17734506.0,29.0471155729086,0.07273955079436664,6.582448264570257,-2.620870014939109
Mozambique,MOZ,2000,396.028040920619,1.571,711.976393527396,18129653.0,29.2423697311441,0.0866536165915586,6.56804475570418,-2.445836525762401
Mozambique,MOZ,2001,407.145568802881,1.8966,785.790173616246,18537729.0,29.4137097764239,0.1023102668077627,6.666689802103751,-2.2797452512580874
Mozambique,MOZ,2002,409.455047101302,1.9873,842.645266172761,18958338.0,29.5686323334348,0.10482458958163948,6.736546070120408,-2.255466901204719
Mozambique,MOZ,2003,421.130474837557,2.5256,883.239121472194,19392475.0,29.7146340268639,0.13023608384179947,6.783595969686977,-2.038406445962234
Mozambique,MOZ,2004,426.378945530351,2.7803,934.133964844421,19840313.0,29.8592114813982,0.1401338779282363,6.839619859254499,-1.9651570423926117
Mozambique,MOZ,2005,424.491278226506,2.6658,970.38995609863,20304569.0,30.0098613217248,0.13129064694749246,6.877698007306933,-2.030341734426258
Mozambique,MOZ,2006,428.692521920125,2.8271,1041.80471709595,20787087.0,30.1740801725307,0.1360027020621023,6.94870979313339,-1.9950805253397599
Mozambique,MOZ,2007,338.466191317799,3.244,1095.12568701598,21287635.0,30.3598131347122,0.1523889337636614,6.998624418326571,-1.8813192514653847
Mozambique,MOZ,2008,338.661664169014,3.1494,1141.94256161019,21819036.0,30.5625357695184,0.144341849016611,7.040486092637735,-1.9355708412731074
Mozambique,MOZ,2009,358.879859852038,3.403,1178.70909947834,22391745.0,30.7715592059159,0.1519756499549276,7.072175135130052,-1.8840349686338271
Mozambique,MOZ,2010,317.88123068391,3.6056,1224.23020471309,22999235.0,30.9861779822921,0.15677043171218522,7.110067521134234,-1.852972762112128
Mozambique,MOZ,2011,370.87053828392,4.2489,1275.52959822581,23649039.0,31.2062230032794,0.1796648058299536,7.151116742507306,-1.7166623539565538
Mozambique,MOZ,2012,364.828669567004,4.7019,1338.51594866104,24337846.0,31.4315251735105,0.19319293909576057,7.19931677821332,-1.6440659049949742
Mozambique,MOZ,2013,380.582419725311,5.1174,1385.83254864214,25051611.0,31.6619153976179,0.20427428798890418,7.234056356175462,-1.5882916392692497
Mozambique,MOZ,2014,383.322635419103,5.7908,1449.92926632722,25788475.0,31.8972245802342,0.22454992007088437,7.279270052381451,-1.4936572354008721
Mozambique,MOZ,2015,385.146567058837,6.4582,1512.5997455554,26547572.0,32.1372836259918,0.24326895129995316,7.321585135205202,-1.4135876522150748
Mozambique,MOZ,2016,380.805586001126,8.3319,1537.90853271216,27337105.0,32.3819234395234,0.30478355334260887,7.338178676718515,-1.1881534154751854
Mozambique,MOZ,2017,371.739125451598,8.3122,1532.0073576114,28166393.0,32.6274411492675,0.2951105595949045,7.334334152907411,-1.2204052145663458
Mozambique,MOZ,2018,366.241452353018,8.0554,1538.83512127022,29018644.0,32.9902559073541,0.27759394960012607,7.338780994422087,-1.2815958459756054
Mozambique,MOZ,2019,359.75326082609,8.6293,1528.88988354373,29884380.0,33.4177241517032,0.2887561997270815,7.332297184724564,-1.242172546460331
Mozambique,MOZ,2020,342.945651556548,7.9534,1466.12476474476,30783688.0,33.9044006416285,0.2583641050416052,7.290377984381095,-1.3533854291005971
Mozambique,MOZ,2021,353.107426981973,9.1439,1457.23540930922,31707800.0,34.4499259401554,0.2883801462100808,7.284296364392583,-1.243475717098838
Mozambique,MOZ,2022,358.637694361749,10.8972,1476.66560298097,32656246.0,35.0536638047945,0.3336942035529742,7.297541854041898,-1.0975302636094932
Mozambique,MOZ,2023,,10.719,1512.27640791481,33635160.0,35.7149783148407,0.3186843767058043,7.321371349499331,-1.1435540807064786
Myanmar,MMR,1992,264.448318123966,4.5496,821.327755047125,40950342.0,26.1312038407788,0.11110041522974339,6.710922244217665,-2.1973208449021024
Myanmar,MMR,1993,258.836824497865,5.0874,859.345526733596,41502429.0,26.3005466531825,0.12258077713957417,6.756171084102267,-2.0989850610884386
Myanmar,MMR,1994,271.528610628702,6.1001,911.468427954616,42055143.0,26.4728184884086,0.14505003585411658,6.815056956058175,-1.930676521230221
Myanmar,MMR,1995,277.216010328342,7.4001,962.209421824521,42605338.0,26.6474237802388,0.173689503413868,6.869232121178046,-1.7504860369572768
Myanmar,MMR,1996,274.207933639514,7.7815,1011.15993423274,43154860.0,26.823766962455,0.18031572805473126,6.91885340060677,-1.7130459198833987
Myanmar,MMR,1997,276.421864771514,7.7466,1054.76742791265,43708798.0,27.001252468839,0.17723205291529637,6.961075574131889,-1.7302953716424676
Myanmar,MMR,1998,280.397802593636,8.4254,1102.79096369399,44257793.0,27.1792847331724,0.1903709929684022,7.005599485149794,-1.6587805160860158
Myanmar,MMR,1999,278.009100440927,9.2448,1209.01642809997,44787724.0,27.3572681892371,0.2064137038979699,7.097562438694492,-1.577872852724265
Myanmar,MMR,2000,283.525751035703,10.042,1359.93038778036,45290841.0,27.5346072708149,0.22172253326009114,7.21518879196446,-1.5063285290037813
Myanmar,MMR,2001,274.124811979368,8.7748,1498.31163236525,45771139.0,27.7107064116875,0.19171032645702787,7.312094174727998,-1.651769762582567
Myanmar,MMR,2002,280.52424238022,8.8446,1661.73588517132,46232653.0,27.8849700456368,0.1913063479182127,7.415618048931244,-1.6538792200325667
Myanmar,MMR,2003,301.406139026565,10.9584,1874.17128269389,46667192.0,28.0568026064444,0.23482021373816533,7.5359218581381695,-1.448935105559187
Myanmar,MMR,2004,314.736266036282,10.6311,2110.23728495831,47068772.0,28.2256085278922,0.2258631264057622,7.654555677473474,-1.4878260985537686
Myanmar,MMR,2005,312.774547278866,11.2422,2377.90258162976,47438365.0,28.390792243762,0.23698540200531784,7.7739741098975985,-1.439756734658321
Myanmar,MMR,2006,314.353500872765,10.4556,2669.32700379999,47785135.0,28.5517581878355,0.21880444619440753,7.889581661120336,-1.519576887825385
Myanmar,MMR,2007,323.443459380433,10.9238,2968.3033151236,48125043.0,28.7079107938945,0.2269878491329348,7.995745794188212,-1.482858790982157
Myanmar,MMR,2008,309.294197701747,8.3603,3254.738978881,48390793.0,28.8586544957208,0.17276633594328575,8.087867360607245,-1.755815256734139
Myanmar,MMR,2009,290.572484432835,7.7887,3578.17424704515,48660459.0,29.0033937270962,0.16006219752263331,8.182607962448321,-1.8321928047695386
Myanmar,MMR,2010,278.483453812986,8.6324,3893.79030665874,49024382.0,29.1415329218024,0.1760838107046408,8.267138334112039,-1.736795200104424
Myanmar,MMR,2011,279.998295569373,9.1725,4078.61220919965,49419820.0,29.2724765136213,0.18560367075396067,8.313512064731835,-1.6841416810564298
Myanmar,MMR,2012,303.854962936024,12.5577,4340.99945069174,49837446.0,29.3956289363345,0.25197318498223203,8.375859888760019,-1.3784326059331984
Myanmar,MMR,2013,317.028588736041,14.2206,4666.95376141392,50262658.0,29.5103946237239,0.2829257457892497,8.448261838339972,-1.2625707981373182
Myanmar,MMR,2014,345.059457398655,17.7423,5006.50667149767,50681634.0,29.6164342116462,0.35007355919108685,8.518493679714167,-1.0496119774637216
Myanmar,MMR,2015,353.406826920047,19.7406,5313.88615901476,51089056.0,29.7166821191682,0.38639586529060155,8.57807870324775,-0.9508928772947072
Myanmar,MMR,2016,376.137198590416,22.9806,5580.98977273232,51495696.0,29.8129165582094,0.44626253813522593,8.627121418271493,-0.8068478496214213
Myanmar,MMR,2017,429.211582722245,33.7539,5877.87465558175,51894938.0,29.9051727703437,0.6504276004723235,8.678950522420388,-0.43012528549836526
Myanmar,MMR,2018,429.032316766838,33.5187,6201.26341429803,52272247.0,29.993574050729,0.6412331958869112,8.732508326773255,-0.44436208808510413
Myanmar,MMR,2019,426.034236342975,34.3911,6562.98898478625,52640713.0,30.0782436945232,0.6533175187045813,8.789201416091428,-0.4256920217830717
Myanmar,MMR,2020,420.352655494399,34.7186,5926.83450206681,53016522.0,30.1593049968842,0.6548637800118234,8.687245538682758,-0.4233280344231273
Myanmar,MMR,2021,404.314368791505,31.8377,5178.44718217164,53387102.0,30.2368812529698,0.5963556515953985,8.55226051853145,-0.5169180590250894
Myanmar,MMR,2022,399.521185214539,31.031,5350.47666899931,53756787.0,30.311095757938,0.5772480412566324,8.584940932930367,-0.5494832239856281
Myanmar,MMR,2023,,31.241,5364.13797034429,54133798.0,30.3820718069466,0.5771071152258705,8.58749096561147,-0.549727388064024
Namibia,NAM,1992,496.93843253318,1.2393,7911.01025804281,1461322.0,27.3243006833291,0.848067708554309,8.976010771701482,-0.16479480138438685
Namibia,NAM,1993,517.587543710864,1.4319,7541.56081791845,1508697.0,27.6807987893929,0.9490971348123579,8.92818444460839,-0.05224413069719921
Namibia,NAM,1994,539.201321342783,1.6524,7437.33529036109,1556304.0,28.1343648393447,1.0617462912130278,8.91426790377486,0.059914997116400255
Namibia,NAM,1995,572.602837992365,1.7902,7506.10484034086,1602170.0,28.6711186131719,1.1173595810681762,8.923471947135505,0.11096838508527368
Namibia,NAM,1996,598.281690492133,1.9616,7538.92462342201,1646103.0,29.2771798908614,1.1916629761321131,8.927834827942062,0.17534979052099284
Namibia,NAM,1997,594.631924232453,2.029,7656.32512542986,1689264.0,29.9386684524006,1.2011148050275149,8.94328739898004,0.18325012972623078
Namibia,NAM,1998,601.710065796387,2.0938,7709.89004370134,1732745.0,30.6417040777766,1.2083716876978434,8.950259204938343,0.18927374067781913
Namibia,NAM,1999,582.509974261707,1.9927,7773.94354148714,1776368.0,31.3724065469765,1.1217833241760715,8.958532848906653,0.11491967274366416
Namibia,NAM,2000,576.480242315529,1.9154,7858.38789521253,1818647.0,32.1168956399877,1.0532005386421883,8.969336761996617,0.0518336600737911
Namibia,NAM,2001,664.185360192128,2.4506,7786.54169496761,1857048.0,32.8575058425719,1.3196212483468386,8.960152098697607,0.277344762354533
Namibia,NAM,2002,601.673737595586,2.1315,8017.28134128559,1889970.0,33.6459301456028,1.1277956792964967,8.98935465851509,0.12026500129342757
Namibia,NAM,2003,618.781304935462,2.2752,8237.36597245597,1917464.0,34.5460063719633,1.1865672575860615,9.016435908263341,0.17106448098964563
Namibia,NAM,2004,659.442648516721,2.3976,9130.82442337694,1942082.0,35.5356476670033,1.2345513732169908,9.11941126780119,0.2107076435317992
Namibia,NAM,2005,702.419346432109,2.5696,9245.1365329555,1966582.0,36.5870014553064,1.306632522823864,9.131852912014555,0.2674532343009134
Namibia,NAM,2006,693.015801871712,2.5301,9773.29833199798,1991888.0,37.6722151614564,1.2702019390648471,9.187409286016171,0.2391758949678798
Namibia,NAM,2007,697.014469361577,2.5986,10162.2400708746,2018600.0,38.763436210037,1.2873278509858317,9.226434176247249,0.2525686366438768
Namibia,NAM,2008,758.358730645424,2.9642,10286.5124067605,2047056.0,39.8328120256318,1.4480307329159534,9.23858884103425,0.37020451812776106
Namibia,NAM,2009,775.797259491324,3.0555,10166.2899453939,2077394.0,40.8524900328246,1.4708331688644523,9.226832618689437,0.3858290217710968
Namibia,NAM,2010,653.126574566651,2.6845,10614.6201576671,2109811.0,41.7946176561991,1.2723888537883252,9.269987589951853,0.24089612086416964
Namibia,NAM,2011,657.483471069973,2.8464,10965.2729759535,2146325.0,42.6276075621535,1.3261738087195556,9.302488555749905,0.2822979606394986
Namibia,NAM,2012,667.49179496424,2.9916,11266.6089486464,2194654.0,43.3804079185694,1.3631305891498158,9.329598669888671,0.30978395821280813
Namibia,NAM,2013,671.777544627526,3.1042,11593.5753768689,2252508.0,44.1106769079132,1.378108313044837,9.358206376843004,0.3207117711315751
Namibia,NAM,2014,691.051616995773,3.206,11982.6963648348,2312139.0,44.8214248210559,1.3865948370751067,9.391218918534378,0.3268509840771651
Namibia,NAM,2015,716.980313790667,3.5661,12166.5658392058,2374300.0,45.5103554445325,1.501958471970686,9.40644696367957,0.4067699044714915
Namibia,NAM,2016,759.461668268778,3.8987,11846.7880832757,2439213.0,46.1751725648784,1.59834340010487,9.379812061998342,0.4689677179403899
Namibia,NAM,2017,714.96952269735,3.7537,11408.7253099967,2506853.0,46.8135799686288,1.4973753945684092,9.342133719700046,0.40371383857606624
Namibia,NAM,2018,733.192598513029,3.8098,11214.38604306,2577327.0,47.4232814423189,1.4781981487021243,9.324952701190071,0.3908238789677327
Namibia,NAM,2019,718.386643363248,3.8576,10813.3044681944,2650494.0,48.0019807724839,1.4554267996833798,9.288532550155185,0.3752991907254338
Namibia,NAM,2020,678.332492787498,3.5444,9652.24827219463,2728762.0,48.547381745659,1.2989040451310887,9.174946148771612,0.26152086670070623
Namibia,NAM,2021,680.918008419653,3.7053,9709.09930646771,2810548.0,49.0571881483796,1.3183549969614468,9.180818797607847,0.2763847450041907
Namibia,NAM,2022,692.461356441068,3.5799,9953.09752403491,2889662.0,49.5291037671807,1.238864614615827,9.205639090654294,0.21419532679431427
Namibia,NAM,2023,,3.6138,10137.6726120025,2963095.0,49.9545837830821,1.2196031514345642,9.224013725356638,0.19852552011891952
Nauru,NRU,1992,,0.0,19620.383633736,10021.0,100.0,0.0,9.884324286125747,
Nauru,NRU,1993,,0.0,16326.1379484655,10102.0,100.0,0.0,9.700522657593728,
Nauru,NRU,1994,,0.0,15640.7583760055,10137.0,100.0,0.0,9.657635502438142,
Nauru,NRU,1995,,0.0,14361.7946919817,10165.0,100.0,0.0,9.572326813343304,
Nauru,NRU,1996,,0.0,12636.1815903094,10183.0,100.0,0.0,9.444319532688406,
Nauru,NRU,1997,,0.0,11488.9913261969,10197.0,100.0,0.0,9.349144579887191,
Nauru,NRU,1998,,0.0,10133.6780606971,10198.0,100.0,0.0,9.223619617295306,
Nauru,NRU,1999,,0.0,9478.30050692905,10187.0,100.0,0.0,9.15676030775704,
Nauru,NRU,2000,,0.0,8844.94679373008,10168.0,100.0,0.0,9.087601591169358,
Nauru,NRU,2001,,0.0,8277.86825221942,10130.0,100.0,0.0,9.021340756770021,
Nauru,NRU,2002,,0.0,7487.93107727707,10082.0,100.0,0.0,8.9210478136916,
Nauru,NRU,2003,,0.0,7526.41594992197,10059.0,100.0,0.0,8.926174238018643,
Nauru,NRU,2004,,0.0,7200.94828845528,10060.0,100.0,0.0,8.881968003061477,
Nauru,NRU,2005,,0.0,7208.83070771819,10049.0,100.0,0.0,8.883062040666248,
Nauru,NRU,2006,,0.0,7829.71497360134,10034.0,100.0,0.0,8.965681386483377,
Nauru,NRU,2007,,0.0,6109.60106113352,10020.0,100.0,0.0,8.717616757257137,
Nauru,NRU,2008,,0.0,7339.57869508137,10009.0,100.0,0.0,8.901036721470929,
Nauru,NRU,2009,,0.0,6926.97979734746,10016.0,100.0,0.0,8.843179181510118,
Nauru,NRU,2010,,0.0,6908.3570297951,10043.0,100.0,0.0,8.84048712145666,
Nauru,NRU,2011,,0.0,7881.13125592445,10098.0,100.0,0.0,8.972226732944621,
Nauru,NRU,2012,,0.0,9639.56633771324,10267.0,100.0,0.0,9.17363140087831,
Nauru,NRU,2013,,0.0,9798.48256139004,10517.0,100.0,0.0,9.189982811995122,
Nauru,NRU,2014,,0.0,11112.9673369473,10742.0,100.0,0.0,9.315867934006244,
Nauru,NRU,2015,,0.0,11270.4681981308,10954.0,100.0,0.0,9.329941149926965,
Nauru,NRU,2016,,0.0,11529.8856976118,11150.0,100.0,0.0,9.352697699737105,
Nauru,NRU,2017,,0.0,10631.9143863208,11324.0,100.0,0.0,9.271615547907762,
Nauru,NRU,2018,,0.0,10401.2803984916,11477.0,100.0,0.0,9.249684192790982,
Nauru,NRU,2019,,0.0,11183.095616258,11587.0,100.0,0.0,9.322158597135425,
Nauru,NRU,2020,,0.0,11304.5723318731,11643.0,100.0,0.0,9.332962553998541,
Nauru,NRU,2021,,0.0,12112.2358384228,11709.0,100.0,0.0,9.40197144695586,
Nauru,NRU,2022,,0.0,12363.6457029853,11801.0,100.0,0.0,9.42251564730805,
Nauru,NRU,2023,,0.0,12372.5209531064,11875.0,100.0,0.0,9.423233240347049,
Nepal,NPL,1992,297.109513542261,1.411,1896.97166297747,20609707.0,21.1696090774496,0.06846288498909761,7.548014032015047,-2.681463505530831
Nepal,NPL,1993,296.740681146242,1.5581,1916.94352666156,21180159.0,22.0386921067433,0.07356413141185579,7.558487283384566,-2.6095977169860634
Nepal,NPL,1994,299.664319618212,1.8967,2023.11519682155,21717479.0,23.0157968547751,0.08733518287274504,7.612393779106359,-2.438001886181204
Nepal,NPL,1995,301.762333325266,2.0616,2043.60517160069,22245439.0,24.1000758705435,0.09267517714530155,7.622470768085996,-2.3786546184791177
Nepal,NPL,1996,302.272858547191,2.1884,2105.50832713857,22741862.0,25.2906817030471,0.0962278286624024,7.652312202540051,-2.3410366839086945
Nepal,NPL,1997,305.626953656836,2.4175,2166.3126334505,23219463.0,26.5867669012845,0.10411524159710325,7.68078175391847,-2.2622569010420217
Nepal,NPL,1998,307.463059161428,2.5646,2188.2220157023,23680357.0,27.9874840142543,0.10830073212156388,7.690844628093576,-2.222843364872798
Nepal,NPL,1999,318.3985070166,3.3362,2242.65011822095,24125199.0,29.4919855909549,0.13828694221340931,7.7154135340428915,-1.9784244611578745
Nepal,NPL,2000,330.352852506274,3.4194,2340.81563141298,24546509.0,31.0994241803849,0.13930290453929722,7.758254708051569,-1.9711045474496691
Nepal,NPL,2001,335.751960804757,3.6551,2413.8142127556,24946748.0,32.808952331543,0.14651609099510685,7.788963436291245,-1.9206200204124886
Nepal,NPL,2002,334.357159841879,2.9843,2380.24424587571,25328981.0,35.0358944291182,0.11782155784316788,7.774958385717531,-2.13858402074576
Nepal,NPL,2003,338.999985252938,3.3881,2439.49479601556,25688758.0,38.045308394296,0.13189037788436483,7.799546246035973,-2.025784172000485
Nepal,NPL,2004,339.548117309365,2.9269,2521.54105171428,26016656.0,41.6109470808194,0.11250100704717778,7.832625522056184,-2.1847931058472576
Nepal,NPL,2005,347.14074815228,3.2758,2580.23106308364,26309458.0,45.5065633424317,0.12451035669377909,7.85563423324021,-2.083366380241748
Nepal,NPL,2006,343.770753341625,2.7125,2641.34799494749,26565425.0,49.5059100328759,0.10210640334193788,7.879044669973198,-2.2817398394026136
Nepal,NPL,2007,347.516715150324,2.7919,2708.7143922589,26788492.0,53.3827400058951,0.10422012556735183,7.904229407312907,-2.2612500246720897
Nepal,NPL,2008,356.984304444032,3.0854,2852.60983167965,26990037.0,56.9108061152324,0.11431625677282324,7.955989584651303,-2.1687864893113744
Nepal,NPL,2009,365.025112738645,4.064,2961.83900365912,27173035.0,59.8638612146309,0.14956003258377285,7.993565639420441,-1.9000574110090271
Nepal,NPL,2010,373.442181313024,4.785,3085.31407004502,27341952.0,62.0156581578338,0.17500579329522634,8.034408736682785,-1.7429362010624159
Nepal,NPL,2011,384.882490354394,5.3607,3176.65040602417,27464494.0,63.139949798584,0.1951865561404481,8.063582589191855,-1.633799479606257
Nepal,NPL,2012,368.950606819553,6.2251,3316.50073452021,27534915.0,63.6558406194333,0.22608023304230285,8.106665510440095,-1.4868653292507024
Nepal,NPL,2013,413.994708557044,6.2963,3426.5579593796,27589996.0,64.1314570156048,0.22820952928010574,8.139311525921373,-1.477491083968065
Nepal,NPL,2014,431.030290984188,7.3524,3621.73168937112,27672370.0,64.5640847098488,0.2656946260837073,8.19470755766828,-1.3254076519244555
Nepal,NPL,2015,426.325523071049,7.3221,3745.26182249477,27823629.0,64.9510094249155,0.2631612145202195,8.228246806056221,-1.3349884516350765
Nepal,NPL,2016,458.265548485248,10.764,3743.7445783578,27955462.0,65.2895168835553,0.3850410341993275,8.227841613677816,-0.9544053680379309
Nepal,NPL,2017,484.157515782647,13.1998,4071.70431755798,28011258.0,65.5768928085184,0.4712319596642179,8.311816942027555,-0.7524048228323301
Nepal,NPL,2018,504.622833977068,14.9259,4371.38571771897,28079689.0,65.8104229225551,0.531555032536151,8.382835335700925,-0.6319485446295604
Nepal,NPL,2019,482.761158642892,13.4612,4607.52454717112,28414064.0,65.9873929484157,0.4737513085069422,8.43544601718494,-0.7470727605693845
Nepal,NPL,2020,524.601266425712,16.4562,4412.5420439395,28966574.0,66.1050886088505,0.5681099877396615,8.392206229567716,-0.5654402386201375
Nepal,NPL,2021,524.354689003349,17.383,4546.22970006289,29475010.0,66.144235274522,0.5897538287518816,8.422053531086476,-0.5280500685545421
Nepal,NPL,2022,519.950604103483,15.0454,4763.38751073946,29715436.0,66.2992968721053,0.506315976652673,8.468714356034255,-0.6805943448006622
Nepal,NPL,2023,,15.432,4861.23030387639,29694614.0,66.5432933453944,0.5196902037521013,8.489046833803512,-0.6545224069585598
Netherlands,NLD,1992,4549.24415711085,169.0362,44245.5254850329,15184166.0,69.3087428522066,11.132399369184979,10.6975095263409,2.4098597188003055
Netherlands,NLD,1993,4616.71602028756,172.2988,44490.7561855682,15290368.0,69.7586743487312,11.268453447294402,10.703036720409257,2.422007091243344
Netherlands,NLD,1994,4607.58662804011,173.364,45532.8045253849,15382838.0,70.4100572065956,11.269962018712022,10.72618832373873,2.4221409579228492
Netherlands,NLD,1995,4732.28641364731,177.6173,46720.2879220144,15459006.0,70.6936274148982,11.489567957991607,10.751933780197469,2.4414394895863976
Netherlands,NLD,1996,4949.7817593583,187.8531,48095.966024712,15530498.0,72.423330585432,12.095755074949947,10.780953586146763,2.492854570798804
Netherlands,NLD,1997,4788.82912974708,180.1104,49881.8758323461,15610650.0,75.5542374231759,11.537661788586638,10.81741300599034,2.4456166225767304
Netherlands,NLD,1998,4794.51173163397,180.8581,51879.3803259073,15707209.0,76.75231877333,11.514337142900436,10.856676693985632,2.4435929669522953
Netherlands,NLD,1999,4685.19177004479,176.1509,54134.3622865113,15812088.0,77.06074312186,11.140268129041528,10.89922442561671,2.410566303243732
Netherlands,NLD,2000,4695.37009641521,176.8545,56016.8727218416,15925513.0,78.4826828427081,11.105105373999569,10.933408222940292,2.407404946180216
Netherlands,NLD,2001,4783.23806405221,181.4569,56887.4332731111,16046180.0,80.1840578652121,11.308417330479902,10.94882973936198,2.425547344923238
Netherlands,NLD,2002,4804.57738217673,181.8328,56664.4134372303,16148929.0,80.8085275226169,11.25974360281106,10.94490166370132,2.4212338518316026
Netherlands,NLD,2003,4959.46581521204,184.2851,56452.8674805644,16225302.0,81.3011308878582,11.357884124437252,10.941161365109028,2.429912139293431
Netherlands,NLD,2004,4985.68017725458,186.7527,57391.3645202468,16281779.0,82.250953139759,11.470042677768811,10.9576491270917,2.439738651951167
Netherlands,NLD,2005,4893.73296113648,182.1833,58422.0135197444,16319868.0,83.5048949725161,11.163282693217862,10.97544804162208,2.412630061837884
Netherlands,NLD,2006,4840.784340365,177.6801,60391.544265121,16346101.0,84.6532280358545,10.869876553436198,11.008604378512027,2.3859953444390265
Netherlands,NLD,2007,4812.3646510682,178.8628,62601.6205718183,16381696.0,85.4089231499726,10.918454352955884,11.044546444481835,2.3904544175290283
Netherlands,NLD,2008,4755.09420293282,179.9447,63678.4032834996,16445593.0,85.6149582464487,10.941818881204222,11.061600746138257,2.392592042882103
Netherlands,NLD,2009,4665.86427744867,174.7536,61029.7298855714,16530388.0,86.2223179632671,10.571657483175834,11.019116399600046,2.358176597728346
Netherlands,NLD,2010,4978.86938849852,186.1211,61518.5540088717,16615394.0,87.3502790247129,11.201726543469267,11.027094099496136,2.416067922087184
Netherlands,NLD,2011,4611.91453819796,174.0725,62318.1416226231,16693074.0,88.0059204972573,10.427827732627316,11.040007860180609,2.3444779762404533
Netherlands,NLD,2012,4599.20591866701,171.6019,61480.8126014961,16754962.0,88.5342462391333,10.241855517189475,11.02648041489596,2.3264828060466427
Netherlands,NLD,2013,4488.60406405713,169.3558,61281.288807752,16804432.0,89.1749992370605,10.078043697043732,11.023229835651408,2.310359166133481
Netherlands,NLD,2014,4215.35262065709,161.7631,62045.8563802085,16865008.0,89.8364787097165,9.591640869663388,11.035629009679482,2.2608919764137236
Netherlands,NLD,2015,4298.59287050144,169.3542,63081.3941350677,16939923.0,90.2787737214621,9.997341782486261,11.052181141895966,2.3023192359058076
Netherlands,NLD,2016,4352.44653138733,170.7937,64267.736357935,17030314.0,90.5803239452777,10.028805106000982,11.07081301692563,2.3054614628731733
Netherlands,NLD,2017,4365.20385335267,168.176,65666.0036593237,17131296.0,91.1219700676602,9.816887175377742,11.092336622442524,2.28410408386424
Netherlands,NLD,2018,4251.16716726453,163.095,66758.2640145753,17231624.0,92.6062472401044,9.464865296503683,11.108833374061035,2.247586552811856
Netherlands,NLD,2019,4129.40909477343,157.9744,67847.8542926795,17344874.0,93.8898028856479,9.107843619965184,11.1250230404841,2.209135978528973
Netherlands,NLD,2020,3975.37813564997,142.1604,64862.1922496366,17441500.0,94.2532277765935,8.150698047759654,11.080020179006988,2.0981035736168763
Netherlands,NLD,2021,4057.79129205731,145.8948,68573.5648786446,17533044.0,94.6294783220315,8.321133512241229,11.135662387823704,2.1187984850054367
Netherlands,NLD,2022,3570.12031994399,133.114,71324.0360349277,17700982.0,94.9856177734136,7.5201477522546485,11.174988660882452,2.017585785674934
Netherlands,NLD,2023,3418.13670132261,122.9178,70198.9297909022,17877117.0,95.3221682092129,6.875705965341056,11.159088344753851,1.9279943241485922
New Zealand,NZL,1992,3845.05576712532,27.2952,28938.0980223644,3531700.0,85.0806768441581,7.728629272021973,10.272914276614685,2.04493152113425
New Zealand,NZL,1993,4008.71565940675,27.316,30438.6278566661,3572200.0,85.1983223757834,7.646828285090421,10.323467733977564,2.0342909586105966
New Zealand,NZL,1994,4093.40299715978,27.8936,31574.3568979925,3620000.0,85.3021313465976,7.705414364640884,10.360100579568439,2.04192324599457
New Zealand,NZL,1995,4091.52500895612,28.8135,32584.6549851439,3673400.0,85.392759490696,7.8438231611041545,10.391596750560783,2.0597263636006415
New Zealand,NZL,1996,4173.39684739807,29.8041,33231.4477971415,3732000.0,85.4708430476733,7.986093247588425,10.411251929377617,2.077701684955083
New Zealand,NZL,1997,4305.04363779536,31.339,33480.1450529262,3781300.0,85.5395698424773,8.28789040806072,10.418707857118704,2.1147954624640564
New Zealand,NZL,1998,4204.70201485772,30.4499,33469.2534254937,3815000.0,85.6005599181034,7.981625163826998,10.41838248817511,2.0771420453418434
New Zealand,NZL,1999,4330.2348149308,32.0316,35084.291368526,3835100.0,85.6555096232176,8.352220281087845,10.465508769920095,2.1225274054438006
New Zealand,NZL,2000,4467.21138613373,32.9982,35879.7911310766,3857700.0,85.7059660456056,8.553853332296445,10.487929494836854,2.146381863561911
New Zealand,NZL,2001,4399.14687852578,34.9081,36885.644684201,3880500.0,85.7545174444303,8.99577374049736,10.515577721387187,2.1967548826577596
New Zealand,NZL,2002,4326.22295420317,35.0031,37959.0650638123,3948500.0,85.8061578183401,8.864910725591997,10.544263622910867,2.1821008690402692
New Zealand,NZL,2003,4180.76991429149,35.9222,38976.9126257578,4027200.0,85.857962055807,8.919894715931665,10.57072476586517,2.188284143375586
New Zealand,NZL,2004,4224.87567596318,35.5217,39971.7705007585,4087500.0,85.9017708294597,8.690324159021406,10.59592874646511,2.1622102411156874
New Zealand,NZL,2005,4074.1485914825,36.1921,40848.2981387428,4133900.0,85.9299325780946,8.75495294999879,10.61762043819001,2.1696195916512777
New Zealand,NZL,2006,4034.75821834113,36.304,41475.1217441795,4184600.0,85.9356841665703,8.675620130956364,10.632849050417315,2.160516808114472
New Zealand,NZL,2007,4057.16268229104,35.0899,42346.0894838728,4223800.0,85.9291840664852,8.307661347601686,10.653631357773635,2.117178142978164
New Zealand,NZL,2008,4100.75606551399,36.1884,41561.1820713151,4259800.0,85.9144723093505,8.495328419174609,10.634921887333109,2.1395164146679075
New Zealand,NZL,2009,4073.03697683547,33.4165,41132.3368456501,4302600.0,85.8918345477824,7.766582996327802,10.624549875697298,2.049830298840512
New Zealand,NZL,2010,4147.30616096111,33.4445,41270.9285099133,4350700.0,85.8614043258228,7.6871537913439205,10.627913620916447,2.0395505968461825
New Zealand,NZL,2011,4108.26383266428,32.7107,41814.8851834052,4384000.0,85.8233151875134,7.461382299270074,10.641007659988711,2.0097406918590277
New Zealand,NZL,2012,4280.5653723436,34.7866,42570.3332823343,4408100.0,85.777700676896,7.891517887525238,10.658912887833935,2.0657884975368024
New Zealand,NZL,2013,4298.71533674262,34.5807,43338.4373782961,4442100.0,85.7080129786455,7.7847639629904775,10.676795219486412,2.0521684853645934
New Zealand,NZL,2014,4476.80712476497,35.2908,44255.5046637459,4516500.0,85.5076659530411,7.81374958485553,10.697735041879838,2.055884949133892
New Zealand,NZL,2015,4422.74264118048,35.3887,44963.8339159182,4609400.0,85.1518763760531,7.67750683386124,10.713613754862523,2.0382948634478777
New Zealand,NZL,2016,4265.93839527509,34.7426,45626.6818435018,4714100.0,84.691365594,7.369932754926709,10.72824795252872,1.9974085819977079
New Zealand,NZL,2017,4200.71262692085,36.2664,46193.2884771696,4813600.0,84.1701025874108,7.534153232507895,10.740589795460034,2.0194464478615184
New Zealand,NZL,2018,4109.2206852685,35.6335,46947.937247914,4900600.0,83.8017846685577,7.271252499693915,10.75679454858953,1.9839285600205183
New Zealand,NZL,2019,4170.80496267642,37.2453,47362.3199332352,4970300.0,83.804965871667,7.493571816590548,10.765582253434914,2.0140455619084
New Zealand,NZL,2020,3862.58510163497,34.6699,46266.3954728951,5072400.0,83.8138977095908,6.835009068685435,10.742171176832704,1.9220577969761203
New Zealand,NZL,2021,3907.64776650523,34.7093,48248.7176729892,5084600.0,83.8299382585905,6.826358022263305,10.784124529688352,1.9207912988985993
New Zealand,NZL,2022,3764.50781429311,32.1246,49964.1765523158,5081700.0,83.8547305017812,6.321624653167247,10.819061558670057,1.8439762404976885
New Zealand,NZL,2023,3660.60273680658,31.776,49508.2697230172,5200000.0,83.8898991461229,6.110769230769231,10.809894999714418,1.8100526622753803
Nicaragua,NIC,1992,506.068511846404,2.2934,4037.27548904798,4357026.0,53.8816325285926,0.5263682153836126,8.303325359557073,-0.6417542819042007
Nicaragua,NIC,1993,487.378987586227,2.2505,3934.09275716749,4453732.0,54.0713283349293,0.5053065608797296,8.27743557700543,-0.6825899826408617
Nicaragua,NIC,1994,464.727493798549,2.5596,3979.98533697261,4549316.0,54.2592490118693,0.5626340311378678,8.28903341409396,-0.5751258957087237
Nicaragua,NIC,1995,486.269281723357,2.7192,4130.28612675871,4642931.0,54.4454415882899,0.585664529582714,8.326101963642179,-0.5350081284463911
Nicaragua,NIC,1996,486.096993195939,2.8846,4311.49316853482,4729974.0,54.6219424540121,0.6098553607271414,8.369039565915841,-0.49453346349270855
Nicaragua,NIC,1997,500.344638139612,3.0885,4408.32889987936,4809573.0,54.7838878574412,0.6421567985349219,8.391250962359441,-0.44292277063448915
Nicaragua,NIC,1998,495.703826305849,3.5917,4502.59836619887,4883655.0,54.9348900789023,0.7354532619523697,8.412409923829541,-0.30726828691168506
Nicaragua,NIC,1999,495.263536205559,3.623,4750.94886822618,4954018.0,55.0779505708784,0.7313255624020745,8.466099638810796,-0.31289655257516
Nicaragua,NIC,2000,500.37663075991,3.7702,4878.24776981667,5022633.0,55.2160707858522,0.7506421432742547,8.49254137080628,-0.28682624774190346
Nicaragua,NIC,2001,498.485902704745,3.9936,4958.32771126837,5087825.0,55.3522521763064,0.7849326578646082,8.508823807883237,-0.24215735103930647
Nicaragua,NIC,2002,492.648077421619,4.1327,4935.48539005128,5149909.0,55.4894961947237,0.8024801991646843,8.504206303677547,-0.22004809822046087
Nicaragua,NIC,2003,505.003838995301,4.5272,5000.6117655634,5210963.0,55.6308042935869,0.8687837545574589,8.517315537044386,-0.14066102869107955
Nicaragua,NIC,2004,526.479860068169,4.6436,5204.38202801757,5272912.0,55.7791779253789,0.8806519054366923,8.557256247394854,-0.12709284413537064
Nicaragua,NIC,2005,527.958879566356,4.4103,5356.95850970538,5342105.0,55.9375480421093,0.8255734396834207,8.586151650789436,-0.19167705569842342
Nicaragua,NIC,2006,538.914055514578,4.6665,5500.40577576797,5418855.0,56.1058547675536,0.8611597837550553,8.612577145911501,-0.1494752124979455
Nicaragua,NIC,2007,540.292720975214,4.8378,5697.21109549591,5497243.0,56.2816618351146,0.8800411406226721,8.64773205259345,-0.1277866218950832
Nicaragua,NIC,2008,533.812640193905,4.6481,5809.09964464617,5576593.0,56.4638124507513,0.8335017455998671,8.667180871339331,-0.18211948249250107
Nicaragua,NIC,2009,523.407935260916,4.5454,5538.3658931707,5656601.0,56.651098305894,0.8035567649194277,8.619454771098916,-0.2187074492315958
Nicaragua,NIC,2010,529.008203293034,4.6711,5701.12790180564,5737450.0,56.842311091973,0.814142171173605,8.64841931175723,-0.20562027076900422
Nicaragua,NIC,2011,531.362815684315,4.8816,5976.25284495841,5819051.0,57.0362425004184,0.8388996762530523,8.695549035984277,-0.17566415504836494
Nicaragua,NIC,2012,566.819598589113,4.8471,6275.7876907774,5901287.0,57.2316842226606,0.8213632043315298,8.744454284532694,-0.19678987474802737
Nicaragua,NIC,2013,576.474133611862,4.6389,6494.14961103199,5983845.0,57.4274279501299,0.7752373265016056,8.778656990745425,-0.25458606876292844
Nicaragua,NIC,2014,586.817955989046,4.9091,6712.21749816316,6066492.0,57.6222653742564,0.8092156059877768,8.811684651996757,-0.211689888175333
Nicaragua,NIC,2015,611.876331871945,5.4971,6939.03286207731,6149417.0,57.8149881864705,0.8939221392857242,8.844917686740375,-0.11213660012295812
Nicaragua,NIC,2016,626.823007449197,5.7223,7158.75799760378,6232666.0,58.0043880782023,0.9181143350213216,8.876091780886249,-0.08543334816358968
Nicaragua,NIC,2017,632.373947264069,5.6825,7391.19683946294,6316231.0,58.1892567408822,0.8996662724970002,8.908044954748334,-0.10573139276090403
Nicaragua,NIC,2018,616.516996174416,5.1803,7049.02753442352,6400080.0,58.3683858659405,0.8094117573530331,8.860644947912299,-0.21144752063520733
Nicaragua,NIC,2019,616.151129278106,5.3239,6756.59375829081,6483657.0,58.5405671448072,0.8211261021364948,8.818274160136216,-0.19707858554297522
Nicaragua,NIC,2020,584.481071467124,4.7462,6523.3698502278,6565267.0,58.7045922689128,0.7229256631908496,8.783146369595123,-0.3244488792728361
Nicaragua,NIC,2021,600.815200012964,5.1925,7119.16923360042,6644741.0,58.8592529296875,0.7814450555710147,8.870546316924203,-0.2466104379632769
Nicaragua,NIC,2022,608.245546712747,5.2612,7277.82264804562,6730654.0,58.9954376220703,0.7816773823167853,8.892587009648432,-0.24631317814299658
Nicaragua,NIC,2023,,5.5369,7496.5292687685,6823613.0,59.1250953674316,0.811432301333619,8.92219542825182,-0.2089543196188511
Niger,NER,1992,171.473462777452,0.5613,1347.33229741984,8817633.0,15.5867443084717,0.06365653911883155,7.205881840433093,-2.7542532236887842
Niger,NER,1993,173.389712172088,0.682,1309.6112110994,9100789.0,15.656964302063,0.07493855752506733,7.177485586725383,-2.5910867341996693
Niger,NER,1994,172.389752504488,0.5713,1291.68161029002,9398258.0,15.7277612686157,0.06078786089932837,7.163700222309204,-2.800365166205027
Niger,NER,1995,171.001300797386,0.5519,1280.3354211914,9714529.0,15.7991333007812,0.056811812492401845,7.154877370390915,-2.868011008461523
Niger,NER,1996,172.827585219505,0.6385,1239.47664115174,10044852.0,15.8138437271118,0.06356489871627775,7.122444505917871,-2.7556938679695415
Niger,NER,1997,207.387585398467,0.642,1217.31253567922,10383969.0,15.8930797576904,0.061826070551635894,7.104400868299946,-2.783430149887358
Niger,NER,1998,206.083107496534,0.6941,1294.16191156539,10741413.0,15.9723119735718,0.06461905896365776,7.165618592090718,-2.7392458813093112
Niger,NER,1999,203.371362869938,0.6805,1247.64712892756,11117411.0,16.0515403747559,0.06121029437519221,7.129014759691502,-2.793439894864391
Niger,NER,2000,127.847880422107,0.7016,1190.56674543223,11509630.0,16.1307678222656,0.0609576502459245,7.082184729397104,-2.7975759141812278
Niger,NER,2001,127.088373451422,0.7061,1233.06511808278,11920647.0,16.2687225341797,0.05923336208177291,7.117258314489007,-2.8262703471475037
Niger,NER,2002,127.275972111665,0.7335,1248.82313660601,12349144.0,16.2687206268311,0.05939682944825973,7.129956896100394,-2.8235144303300266
Niger,NER,2003,128.262478581972,0.7968,1231.2780915085,12796984.0,16.2687225341797,0.06226467111313103,7.115808007664406,-2.7763610908733884
Niger,NER,2004,129.29994058651,0.8327,1192.0823507557,13265836.0,16.2687225341797,0.06277026189680017,7.0834569314434,-2.7682738543370395
Niger,NER,2005,126.031296295518,0.7988,1233.87551052205,13756192.0,16.2687225341797,0.058068395672290704,7.117915316493047,-2.846133727458889
Niger,NER,2006,124.905224384617,0.8016,1260.12046671298,14268581.0,16.2675724894628,0.056179377612952545,7.138962603877688,-2.879205535812537
Niger,NER,2007,125.874974531129,0.8705,1252.74827252938,14803610.0,16.2641887037781,0.058803224348655495,7.133095034896061,-2.8335585897194986
Niger,NER,2008,127.065414057313,0.9102,1300.55418500177,15361915.0,16.2586706998252,0.05925042548406237,7.170545748766445,-2.8259823178270715
Niger,NER,2009,129.776980682561,1.134,1277.69230957636,15943675.0,16.2511180003032,0.07112538357687297,7.152810846620378,-2.643310993553728
Niger,NER,2010,134.74599121352,1.4418,1336.56410237447,16548835.0,16.2416301279116,0.08712395766831925,7.19785749729783,-2.4404233736078003
Niger,NER,2011,112.879803532778,1.4738,1318.10130997844,17176283.0,16.2303066053496,0.08580436174695072,7.18394757855636,-2.45568543756879
Niger,NER,2012,128.362752529408,2.0551,1403.18971067857,17836769.0,16.2141284004355,0.11521705528619,7.246503288836309,-2.160937492319283
Niger,NER,2013,154.81219945793,2.0371,1423.26169034701,18519898.0,16.2162595696064,0.10999520623709699,7.260706481636917,-2.2073184938020964
Niger,NER,2014,151.6969478462,2.202,1462.82122998491,19215909.0,16.2450424611665,0.11459254932982874,7.288122199421831,-2.166372491388957
Niger,NER,2015,148.786532469365,2.1698,1471.66135329224,19939498.0,16.3035606587493,0.10881918892842739,7.294147213916484,-2.2180675912839902
Niger,NER,2016,147.452096053348,2.1674,1500.00858681288,20685753.0,16.3898280543236,0.10477742821351488,7.313226111615836,-2.2559169099347547
Niger,NER,2017,143.831599652126,1.9739,1520.0015371232,21435446.0,16.5036987906896,0.09208579098377519,7.326466625105074,-2.385034625757877
Niger,NER,2018,146.101584927786,2.0278,1574.33838262666,22188069.0,16.6449011799221,0.09139145907649737,7.361590388480958,-2.3926032504408856
Niger,NER,2019,148.122869205689,2.3731,1612.63734693259,22947757.0,16.813146499685,0.1034131571116079,7.385626221434928,-2.269023080209627
Niger,NER,2020,147.817388244639,2.4096,1615.69272448944,23717613.0,17.0081420003794,0.10159538398741896,7.387519075264316,-2.2867571780645695
Niger,NER,2021,151.688015717016,2.8588,1585.59922021188,24502140.0,17.2295936666686,0.11667552303594707,7.3687176717818845,-2.1483585043112483
Niger,NER,2022,162.045865914287,3.2178,1717.51891457684,25311973.0,17.477207007512,0.12712560968676762,7.448636036889918,-2.06257962866214
Niger,NER,2023,,3.1629,1689.56425367067,26159867.0,17.7506873295237,0.1209065780036267,7.4322259366064785,-2.112737114209338
Nigeria,NGA,1992,307.485764867443,89.106,5403.15311816844,102372770.0,36.7456434131176,0.8704072381747607,8.594737972914738,-0.13879408699734205
Nigeria,NGA,1993,299.654135712329,86.6517,5154.75757918925,105122069.0,37.5335756091442,0.8242959905973692,8.547675368999846,-0.19322560168379918
Nigeria,NGA,1994,263.018632092398,80.8977,4929.26827930529,107935714.0,38.3306573470114,0.7494989100641888,8.502945833973484,-0.2883504156577685
Nigeria,NGA,1995,256.918214458953,88.8531,4797.51152154868,110819428.0,39.1364103583649,0.801782698246737,8.475852629452433,-0.22091765764619226
Nigeria,NGA,1996,268.073151306783,103.6329,4869.82113341489,113754779.0,39.9503563748504,0.9110201866771681,8.490812487150574,-0.09319022315630054
Nigeria,NGA,1997,278.489226833014,100.8221,4884.04743279879,116754792.0,40.7720171281134,0.8635371471519558,8.493729547058699,-0.14671836303644972
Nigeria,NGA,1998,269.365010804453,91.3518,4880.87997128038,119846254.0,41.6009143497997,0.7622415966376388,8.493080804574822,-0.27149171759220203
Nigeria,NGA,1999,272.180192781744,89.9873,4781.67311002018,123047320.0,42.4365697715547,0.7313227138957598,8.472545787258511,-0.31290044757351454
Nigeria,NGA,2000,273.941085543675,100.1949,4889.00321939426,126382494.0,43.2785051250243,0.7927909699265786,8.494743721075926,-0.23219568613392758
Nigeria,NGA,2001,282.894307915676,106.3441,5039.54869772676,129862595.0,44.1262421418539,0.8188970811803045,8.525071812954268,-0.19979686702996244
Nigeria,NGA,2002,283.671578478059,96.2193,5654.89706065018,133471989.0,44.9793025536893,0.7208950785921082,8.640277185139656,-0.327261674350201
Nigeria,NGA,2003,296.749514531422,107.6154,5905.31482803165,137202644.0,45.8372080921761,0.7843536892773,8.683608042710945,-0.24289522607993422
Nigeria,NGA,2004,286.279211558707,103.9479,6275.29894529583,141057045.0,46.6994804889599,0.7369210095107267,8.744376403549797,-0.30527457094831384
Nigeria,NGA,2005,305.401935366383,102.9696,6496.93228200091,145017253.0,47.5656414756863,0.7100506861759407,8.779085387861906,-0.3424189225146498
Nigeria,NGA,2006,287.950796331134,92.7246,6702.94533358778,149077334.0,48.424271994461,0.6219899263827726,8.810302310810421,-0.4748313819001956
Nigeria,NGA,2007,281.716032327541,84.3848,6949.42650737506,153267261.0,49.2357987173198,0.550572897626193,8.846414418229678,-0.5967959108302295
Nigeria,NGA,2008,287.096394760191,91.5847,7215.76946222422,157595014.0,50.0505212312351,0.5811395784386935,8.884024113092448,-0.5427643127062388
Nigeria,NGA,2009,260.354679698436,80.9174,7581.40572117009,162049464.0,50.86453484762,0.4993376590249012,8.933453912784143,-0.694472740676891
Nigeria,NGA,2010,334.66956339927,94.4036,7962.6395731076,166642886.0,51.6778188255446,0.5665024308328409,8.982515828531513,-0.5682739075562198
Nigeria,NGA,2011,376.069864552589,104.0217,8153.53178680367,171379598.0,52.490352424079,0.6069666472201668,9.006206460440819,-0.49928143635127636
Nigeria,NGA,2012,356.728094431268,102.2558,8265.9055121162,176200625.0,53.302114902293,0.5803373285423931,9.019894564098554,-0.5441457435707867
Nigeria,NGA,2013,350.973548654032,114.6095,8581.207822956,181049443.0,54.1130855192568,0.6330287356918298,9.057329954480867,-0.4572394618306839
Nigeria,NGA,2014,348.505844052068,122.7261,8884.77428661657,185896915.0,54.9232435340404,0.6601836291904037,9.092094336396238,-0.41523725661328825
Nigeria,NGA,2015,319.580854421005,118.4539,8892.05798706748,190671878.0,55.7325682057138,0.6212447333213973,9.092913796325472,-0.476030179158304
Nigeria,NGA,2016,330.71892495147,123.4796,8534.69281513898,195443700.0,56.541038793347,0.6317911500856769,9.051894643384472,-0.459196398173991
Nigeria,NGA,2017,316.089005663683,116.0398,8396.78452274331,200254579.0,57.3486345560101,0.5794614064730076,9.03560411663522,-0.5456562163959024
Nigeria,NGA,2018,299.750041448841,121.4082,8362.62330891339,204938755.0,58.1553347527729,0.592412108680957,9.031527449788266,-0.5235527567552596
Nigeria,NGA,2019,330.325537947057,126.1061,8361.78664857198,209485641.0,58.9611186427056,0.6019796841350096,9.031427397189193,-0.5075315815268057
Nigeria,NGA,2020,323.130893205101,118.9178,7664.21099591193,213996181.0,59.7659654848781,0.5557005711237436,8.944316850053559,-0.5875256709412676
Nigeria,NGA,2021,334.28545037693,130.9005,7588.47885596359,218529286.0,60.5698545383604,0.5990066704377555,8.934386436070014,-0.5124825449725059
Nigeria,NGA,2022,333.060729584941,129.0417,7752.26206532009,223150896.0,61.3727650622225,0.5782710368324041,8.955739959155029,-0.5477125983638844
Nigeria,NGA,2023,,125.8687,7843.83461990405,227882945.0,62.1746763155343,0.5523392722522521,8.967483103450942,-0.593592797863412
North Macedonia,MKD,1992,1328.90825402291,8.805,11486.7759347648,2032523.0,58.5568077404273,4.3320542990165425,9.348951733971422,1.4660418634592065
North Macedonia,MKD,1993,1380.86060621795,9.0417,10764.7468770222,2006854.0,59.3634005625664,4.505409960066851,9.284031896008054,1.5052788880446673
North Macedonia,MKD,1994,1241.00821478486,8.7714,10650.7833466603,1992666.0,59.7558735093252,4.4018415529747585,9.273388722109656,1.4820229881299611
North Macedonia,MKD,1995,1251.21569847779,8.717,10501.1323953237,1998534.0,59.7277853696842,4.3616971239918865,9.259238377504213,1.4728612302453437
North Macedonia,MKD,1996,1468.03580163728,10.274,10551.5662666256,2012553.0,59.6584367661814,5.104958726552791,9.264029589176452,1.6302123666775385
North Macedonia,MKD,1997,1345.47119614928,9.2518,10787.5753615656,1996869.0,59.5653457641602,4.633153201336692,9.286150321375679,1.5332376733034434
North Macedonia,MKD,1998,1439.11481014991,10.1677,11092.8746195031,2007523.0,59.3418252359274,5.064798759466267,9.314058255006714,1.6223144053153273
North Macedonia,MKD,1999,1343.5290379525,9.3667,11519.0045020862,2017142.0,58.9458313681452,4.643550131820169,9.35175351576645,1.5354791883036054
North Macedonia,MKD,2000,1316.52551296742,9.0375,11988.2945978824,2026350.0,58.4918382392587,4.459989636538604,9.39168600253254,1.4951464423832201
North Macedonia,MKD,2001,1266.25009844181,9.2214,11571.8592198944,2034882.0,58.0943199277127,4.531663261063787,9.35633150044083,1.5110890379038213
North Macedonia,MKD,2002,1251.05324515581,8.6901,11830.3116732903,2020157.0,57.8726144171205,4.301695363281171,9.378420302634707,1.4590092155258196
North Macedonia,MKD,2003,1379.16538502756,9.4421,12077.8990922494,2022725.0,57.8501791693323,4.668009739336786,9.399132540159108,1.5407328008267573
North Macedonia,MKD,2004,1362.18449664398,9.2012,12683.4335090407,2016186.0,57.8527941292946,4.563666249046467,9.448051972806619,1.5181263024737104
North Macedonia,MKD,2005,1453.50436062578,9.6631,13354.5165282625,2005330.0,57.8614206464767,4.81870814279944,9.49960992333598,1.572505871972594
North Macedonia,MKD,2006,1486.59574899626,9.6474,14118.2883359902,1994287.0,57.8796574341199,4.837518371227411,9.555226281035589,1.576401856018438
North Macedonia,MKD,2007,1550.39471481413,10.3612,15118.3063672461,1982933.0,57.9111032054655,5.225189151625395,9.623661630711354,1.6534909984636428
North Macedonia,MKD,2008,1540.69779663479,10.1423,16038.1078627458,1971493.0,57.9593566737547,5.1444768000697945,9.68272291079303,1.6379236731666043
North Macedonia,MKD,2009,1437.83185635895,9.1214,16084.2946742803,1958782.0,58.0280165522288,4.656669297553275,9.68559858880683,1.5383004495726718
North Macedonia,MKD,2010,1475.24277459969,9.1751,16731.1595676008,1946298.0,58.1206815541291,4.714129079925068,9.725028102254477,1.5505641863887487
North Macedonia,MKD,2011,1619.7624762799,10.2439,17201.3074960957,1937398.0,58.2409503926967,5.28745255234082,9.752740677127248,1.6653365707795702
North Macedonia,MKD,2012,1549.52343072076,9.6203,17190.0669173829,1929821.0,58.3924217811729,4.985073745181548,9.752086991178096,1.6064481967209394
North Macedonia,MKD,2013,1441.72181001724,8.7967,17758.3012027338,1922716.0,58.578694432799,4.575142662774949,9.784608358971898,1.5206378813615087
North Macedonia,MKD,2014,1404.88281081687,8.3515,18452.282749234,1917557.0,58.8033670608162,4.35528122501704,9.822943368060958,1.4713891834244086
North Macedonia,MKD,2015,1387.97962391811,7.9328,19215.1537229479,1912430.0,59.0700383784659,4.148021104040409,9.86345450312036,1.4226313781172142
North Macedonia,MKD,2016,1408.22019004476,7.6209,19825.8546858981,1906313.0,59.3823070989891,3.9977170590558844,9.894742157094486,1.3857234629525101
North Macedonia,MKD,2017,1438.49195928251,7.9803,20121.1344599839,1898657.0,59.7437719356273,4.203128843177046,9.909526007315167,1.4358292106035744
North Macedonia,MKD,2018,1370.12165061411,7.5427,20806.0084013242,1889051.0,60.1580316016216,3.992851437044315,9.942997089424097,1.3845056215397722
North Macedonia,MKD,2019,1503.51336885666,8.6778,21766.974473423,1876262.0,60.6286848102132,4.62504703500897,9.988149167695033,1.5314865406443463
North Macedonia,MKD,2020,1388.54646388838,7.5804,20971.5290718387,1856124.0,61.1593302746435,4.083994388305953,9.950921038349644,1.4070755262333932
North Macedonia,MKD,2021,1455.08840227388,7.634,22144.2842571431,1837114.0,61.6841975628139,4.1554307462683315,10.005334695091829,1.4244160923127727
North Macedonia,MKD,2022,1476.13542564094,8.2042,22822.3280431288,1831712.0,61.9530566607267,4.478979228175608,10.03549463587821,1.4993951696112855
North Macedonia,MKD,2023,1450.14177456794,8.0203,23455.319400522,1827816.0,62.2518322545779,4.387914319603286,10.062852588257647,1.4788540161519936
Norway,NOR,1992,5159.59171943113,36.3611,60333.4494661276,4286401.0,72.6495385440231,8.482897423736137,11.007641946430944,2.1380520687727813
Norway,NOR,1993,5460.5481615252,38.5031,61681.8032830775,4311991.0,73.2031436754498,8.929308989745108,11.029744243916808,2.1893390111267363
Norway,NOR,1994,5315.22229443427,40.4825,64432.0723716969,4336613.0,73.6500015258789,9.335050187784798,11.073366806316594,2.2337761532818368
Norway,NOR,1995,5391.36648885496,40.6486,66762.1587276864,4359184.0,73.9197422341132,9.324818589901229,11.108891712898378,2.2326795111745565
Norway,NOR,1996,5201.94925297777,40.9434,69764.3814246187,4381336.0,74.1999969482422,9.344957793695805,11.152878863729537,2.2348369244388793
Norway,NOR,1997,5475.16675140309,43.3041,73053.9655256434,4405157.0,74.7024361307612,9.830319328005789,11.198953700792984,2.2854714186778144
Norway,NOR,1998,5684.74560231404,45.1033,74558.2948989562,4431464.0,75.3306335451989,10.177968274141458,11.219336580253506,2.3202254110603344
Norway,NOR,1999,5913.28022163827,46.7195,75583.834403854,4461913.0,75.8399963378906,10.470733068977365,11.232997708665742,2.3485840385706243
Norway,NOR,2000,5826.12232323722,41.7695,77587.2073182558,4490967.0,76.1338922449534,9.300780878594743,11.259157838435183,2.230098362074605
Norway,NOR,2001,5954.81911743802,42.2835,78791.3045707129,4513751.0,76.3958619273785,9.367707700313996,11.274557921669773,2.2372684238780107
Norway,NOR,2002,5502.08929908871,41.5842,79447.0914824426,4538159.0,76.7955442460288,9.163231169291336,11.282846563144265,2.215198864224411
Norway,NOR,2003,5934.59079848361,44.4457,79728.7849973309,4564855.0,77.2600021362305,9.73649765436142,11.286385966415557,2.275881469247581
Norway,NOR,2004,6231.94030988748,44.8909,82440.9558801113,4591910.0,77.5684593888498,9.776084461585702,11.31983762979539,2.2799390420794894
Norway,NOR,2005,6319.92545895993,43.3127,84079.996241889,4623291.0,77.8260148882032,9.368369847366303,11.339523960853983,2.237339105380144
Norway,NOR,2006,6319.15452788829,44.012,85458.5466934023,4660677.0,78.0877227783203,9.443263285569886,11.355786703359552,2.2453016074521224
Norway,NOR,2007,5864.30044405949,44.9058,87043.4979357593,4709153.0,78.4072502632828,9.535854961603498,11.374163248963324,2.255058900643936
Norway,NOR,2008,6412.35151011432,47.1048,86379.6624832291,4768212.0,78.7541006020666,9.878923168684613,11.366507539158471,2.2904035147959987
Norway,NOR,2009,6200.50244551882,45.1249,83642.0695747773,4828726.0,79.0570820210427,9.345094337512627,11.334301897076443,2.234851535828496
Norway,NOR,2010,6455.3166845378,47.9849,83256.7880722557,4889252.0,79.245002746582,9.814364242219463,11.32968494292409,2.283847051531609
Norway,NOR,2011,5501.9559356258,46.9389,83092.4342216441,4953088.0,79.311620451463,9.47669413505272,11.327708932434549,2.2488355355188485
Norway,NOR,2012,5805.46758867551,46.3897,84237.1495663816,5018573.0,79.4905925441617,9.243603709660096,11.341391309179123,2.223931821486709
Norway,NOR,2013,6047.18057523381,46.8777,84070.4583940478,5079623.0,79.9723980455359,9.228578577583415,11.339410516642701,2.2223050363936845
Norway,NOR,2014,5525.57603893844,46.9905,84830.2558016961,5137232.0,80.6117159535579,9.147046502863798,11.348407548259878,2.2134310406083686
Norway,NOR,2015,4930.48137593923,47.9542,85550.2942614495,5188607.0,81.2378240971353,9.24221086700149,11.356859718957317,2.2237811283532833
Norway,NOR,2016,5368.57647170474,47.3711,85787.6174410424,5234519.0,81.6800003051758,9.04975223129384,11.359629956192114,2.2027373795794705
Norway,NOR,2017,5673.5093152418,47.4084,87194.1115421374,5276968.0,81.9699745912375,8.984022643305778,11.375892079430443,2.1954477378365476
Norway,NOR,2018,5539.19011908654,46.6404,87338.4708008985,5311916.0,82.2452112401723,8.780334628785546,11.377546318309431,2.172514519538702
Norway,NOR,2019,5220.68866140147,45.3466,87725.7283254613,5347896.0,82.4935894878281,8.479334676665365,11.381970502787556,2.1376319887854214
Norway,NOR,2020,5145.72221927617,43.7079,86096.0508947506,5379475.0,82.7029885700532,8.124937842447451,11.363218822868575,2.094938078026225
Norway,NOR,2021,5298.87662808584,44.4278,88984.1386736515,5408320.0,82.8612877226956,8.214713626412639,11.39621341568173,2.1059268910413986
Norway,NOR,2022,4651.48670758657,43.5471,91051.0831968407,5457127.0,82.9563661816034,7.979858266080302,11.419175981810312,2.076920650161167
Norway,NOR,2023,4884.6175244586,41.6042,90085.4382059786,5519601.0,83.0718560702166,7.537537586503082,11.408513812399168,2.0198955486416112
Oman,OMN,1992,2758.17116672704,20.5442,36841.4011555658,1938238.0,71.4364862570961,10.59942071097564,10.514377523184688,2.3607993497167024
Oman,OMN,1993,2960.73570757554,20.701,37455.340258395,2021675.0,71.64228414407,10.239529103342525,10.530904575799271,2.3262556325522667
Oman,OMN,1994,2892.26207066491,19.5198,37782.723828978,2081834.0,71.66849688191,9.37625190096809,10.539607235570921,2.2381800990445857
Oman,OMN,1995,2877.3989517825,20.1514,38946.7742715175,2120528.0,71.6582885191073,9.50301057095214,10.569951230706783,2.2516086506090858
Oman,OMN,1996,2894.09879212733,20.9585,39455.8264119985,2156926.0,71.6407545318941,9.716837758921725,10.582937006420698,2.273860232095675
Oman,OMN,1997,3064.27972813634,21.9896,41191.0312402444,2190720.0,71.6180309794696,10.03761320479112,10.62597582329649,2.3063393573951965
Oman,OMN,1998,3040.69257448675,22.1484,40574.674486189,2222489.0,71.5922539210329,9.965583631685016,10.610899369829083,2.2991375201067616
Oman,OMN,1999,3126.10277169004,25.2192,40145.9312841691,2252909.0,71.5655594157832,11.194060656688752,10.600276376361151,2.4153833391331316
Oman,OMN,2000,3286.26599451763,26.3172,42086.0431536301,2282131.0,71.5400835229196,11.531853342336614,10.647471448165863,2.445113062242688
Oman,OMN,2001,3303.97268173668,28.482,43492.2863754557,2310217.0,71.5179623016414,12.32871197813885,10.680338876650724,2.511930849281623
Oman,OMN,2002,3469.43506166397,30.4524,42654.1482671623,2337140.0,71.5013318111475,13.029771430038423,10.660879811195063,2.567236849159289
Oman,OMN,2003,3565.24432327227,32.1826,41247.5873733105,2363796.0,71.4926171971641,13.614795862248688,10.627347902132597,2.6111571324215945
Oman,OMN,2004,3658.50755395167,31.7775,41351.7687385072,2404821.0,71.5428923484265,13.214081214360654,10.62987047434977,2.5812830196733123
Oman,OMN,2005,4030.08185259047,33.0427,41551.1413844552,2459802.0,71.8577803438712,13.433073068482749,10.634680270049623,2.5977198055422046
Oman,OMN,2006,6138.77344250291,42.1453,42540.4398485334,2514795.0,72.3920261203777,16.7589405895908,10.6582104283466,2.81893188241112
Oman,OMN,2007,6889.71721193841,45.5705,43696.9691440917,2570174.0,73.0679250158092,17.73051163073006,10.685034022708003,2.875286976450933
Oman,OMN,2008,5927.85053888478,44.7282,46586.3955926767,2626529.0,73.807772368029,17.029395068548645,10.749063837419623,2.8349409725257035
Oman,OMN,2009,5912.23573208102,47.1039,48304.1178923167,2684659.0,74.5338635149003,17.545580276675736,10.785272092576234,2.86480208210899
Oman,OMN,2010,6736.89412726066,51.4932,48191.6145135737,2757446.0,75.1579724666274,18.674236956952193,10.782940312156244,2.9271448711186485
Oman,OMN,2011,7155.54208650969,59.7411,44440.3092616125,3076763.0,75.6585803514688,19.416867662540145,10.701902202811542,2.9661421554429275
Oman,OMN,2012,6702.98586928623,67.4368,41964.0828578552,3547106.0,76.088156621068,19.011780307664896,10.64456936134793,2.945058803228702
Oman,OMN,2013,6348.55461173282,70.6326,40854.4853548905,3833913.0,76.4914234214313,18.423109757576658,10.617771894869819,2.9136058416362647
Oman,OMN,2014,6076.17706116413,75.0283,39639.9870514802,4002439.0,76.8892576748951,18.745644843056947,10.587593661791,2.930961450399433
Oman,OMN,2015,6027.44597600521,79.3244,39813.7887054675,4184895.0,77.3025363037955,18.954931963645443,10.591968581158744,2.94206415959997
Oman,OMN,2016,5557.31259783447,80.628,39860.9893909688,4390877.0,77.7521362304688,18.36261867503918,10.593153415108729,2.910317004381177
Oman,OMN,2017,5765.1904185145,81.3599,38691.1077105097,4537396.0,78.3142260040136,17.9309674535791,10.56336507769334,2.886529243416231
Oman,OMN,2018,5543.48208572922,84.3771,38673.6045360857,4597877.0,78.9655839720276,18.351317357989352,10.562912592982563,2.909701362549878
Oman,OMN,2019,5104.14096385215,85.4259,38292.3859682752,4591241.0,79.5780017545962,18.60627660364594,10.553006355621504,2.923498975604021
Oman,OMN,2020,5696.16549726549,82.166,37560.5998714953,4522497.0,80.0176378922722,18.168281814227846,10.53371090421424,2.8996773162542797
Oman,OMN,2021,5933.45046971652,87.7273,38719.4587682049,4500424.0,80.1239942103569,19.49311887057753,10.564097563198937,2.9700615248615345
Oman,OMN,2022,5867.32005628854,93.1054,39780.2122774985,4730226.0,80.0117053152301,19.683076453429496,10.591124888680767,2.979759203259932
Oman,OMN,2023,,95.7346,37793.6164427762,5049269.0,79.5702973228932,18.96009105476456,10.53989549017109,2.942336299281829
Pakistan,PAK,1992,379.579213707596,74.911,3404.12138406329,123546848.0,31.2258184044289,0.606336796224862,8.132742148300524,-0.5003196779474515
Pakistan,PAK,1993,387.504827835984,83.2937,3369.23795906028,127020117.0,31.4576832320988,0.6557520333570469,8.122441872868388,-0.4219725594286052
Pakistan,PAK,1994,392.525740918468,85.5854,3395.50432067539,130748083.0,31.6870914038941,0.6545824461533405,8.130207577024068,-0.42375773341677847
Pakistan,PAK,1995,397.682408796608,91.8746,3462.47336165841,134582253.0,31.9144613917436,0.6826650464827633,8.149738457082147,-0.3817509548099294
Pakistan,PAK,1996,403.99573108234,96.1688,3526.14160875155,138557092.0,32.1402116675762,0.6940734581814116,8.16795952345357,-0.36517747655313854
Pakistan,PAK,1997,402.965782669408,99.1058,3462.58145605889,142531804.0,32.3647607033211,0.6953241116628258,8.149769675434444,-0.3633771944073497
Pakistan,PAK,1998,399.272943328572,100.0578,3454.17665330544,146522356.0,32.5871723893723,0.6828841873113206,8.147339401957396,-0.3814299984869857
Pakistan,PAK,1999,410.681455271548,109.5793,3484.45678319813,150565377.0,32.8015812487933,0.7277855120702816,8.156067438218257,-0.31774890047338517
Pakistan,PAK,2000,411.540523296893,111.8899,3531.71291531612,154879127.0,33.0046884491535,0.7224336950194715,8.16953827736604,-0.3251296348061681
Pakistan,PAK,2001,407.952226836099,113.9766,3559.72784658715,159270907.0,33.1988471664032,0.7156146853612129,8.17743937333593,-0.33461340581245513
Pakistan,PAK,2002,404.292241530291,113.3313,3563.67846926558,163222549.0,33.3857078542752,0.6943360503455929,8.17854856826552,-0.3647992132731775
Pakistan,PAK,2003,412.793730478842,117.4976,3668.77938852508,167110248.0,33.5669209665019,0.7031142698082765,8.207614294045197,-0.3522358544229159
Pakistan,PAK,2004,431.636644125398,131.4397,3859.64601808903,171286000.0,33.7441369568158,0.767369779199701,8.25833075309542,-0.2647864827113411
Pakistan,PAK,2005,436.021708116643,133.921,4042.15457513378,175453212.0,33.9190062789495,0.7632861118552791,8.304533139472277,-0.2701223352138305
Pakistan,PAK,2006,443.865350777373,145.311,4185.86655659206,179682690.0,34.0931793866356,0.8087089524316449,8.339469023996157,-0.21231618878997746
Pakistan,PAK,2007,457.166653731876,161.9646,4257.92556870432,184493231.0,34.2683067336065,0.877889118869624,8.356537364958772,-0.1302349816254492
Pakistan,PAK,2008,437.793091427855,156.377,4233.34830715497,189499113.0,34.4460387735948,0.8252123058750148,8.35074852089554,-0.1921145852992678
Pakistan,PAK,2009,433.232502017003,160.0753,4270.43882264229,194376534.0,34.6280259603331,0.8235320216173831,8.359471869711008,-0.1941528453391567
Pakistan,PAK,2010,429.290150470498,155.6566,4228.7817715945,199239047.0,34.8159187475539,0.781255493557947,8.349669233302166,-0.24685304620207632
Pakistan,PAK,2011,422.806783066711,155.2393,4246.06710882497,203746065.0,35.0113675889897,0.7619253898228661,8.353748447325529,-0.271906641707628
Pakistan,PAK,2012,419.511994101923,157.11,4292.02110293486,207667125.0,35.2160229383731,0.7565472869140939,8.364513020545319,-0.2789902402200022
Pakistan,PAK,2013,421.547198130113,160.7989,4407.14705841377,211073978.0,35.4315352494366,0.7618129980949144,8.390982833564522,-0.27205416273754585
Pakistan,PAK,2014,433.41831568369,169.2027,4520.23463399286,214264647.0,35.6595549759128,0.78969023760602,8.416319181654401,-0.23611451471023737
Pakistan,PAK,2015,437.113254936443,178.2841,4645.28631071145,217290883.0,35.9017325715342,0.8204858737676537,8.443608287822306,-0.19785858521488073
Pakistan,PAK,2016,446.831497143007,196.7976,4886.61212115378,220138869.0,36.1597184900333,0.8939702511145362,8.494254524599823,-0.11208278052052345
Pakistan,PAK,2017,456.017360937059,213.2958,5031.56060738433,223273967.0,36.4351548223399,0.955309760765795,8.523485474890492,-0.04571963427088694
Pakistan,PAK,2018,453.513978590289,202.3124,5255.06350681272,226928892.0,36.7478511550359,0.8915233235263846,8.566947368264236,-0.11482367990519708
Pakistan,PAK,2019,431.515757251107,198.8407,5295.95295138203,230800899.0,37.1091631735769,0.8615248071455736,8.574698213774896,-0.14905142813497005
Pakistan,PAK,2020,454.250317980901,222.5997,5135.01459288839,235001746.0,37.5080192948099,0.9472257282718232,8.543837964206409,-0.054217852772150826
Pakistan,PAK,2021,465.029491365502,229.1366,5367.27364714762,239477801.0,37.9333395514173,0.9568177052034982,8.588075357861873,-0.04414239135465947
Pakistan,PAK,2022,470.723496524025,235.3725,5526.27928310213,243700667.0,38.3740439760816,0.9658262445379355,8.617270044036548,-0.034771332027103315
Pakistan,PAK,2023,,208.8895,5418.7693189297,247504495.0,38.8191861872791,0.8439826517090124,8.597624005722903,-0.16962333944457536
Palau,PLW,1992,,1.9558,16728.0210226785,15989.0,70.4277022862451,122.3215960973169,9.724840497843601,4.806653610074892
Palau,PLW,1993,,2.0017,14327.2728583551,16372.0,70.8789048721161,122.26362081602737,9.569920192756696,4.806179539866504
Palau,PLW,1994,,2.9958,15008.3189890158,16770.0,71.2273418983072,178.64042933810376,9.616359925618731,5.185375010899501
Palau,PLW,1995,,2.3497,16232.8372963508,17195.0,71.3933455111353,136.65018900843268,9.694791463242737,4.91742429553033
Palau,PLW,1996,,2.2116,17455.115927972,17654.0,71.2484528378583,125.27472527472527,9.767388061050854,4.830509127865737
Palau,PLW,1997,,2.5182,17408.8855585991,18108.0,70.7652327658767,139.06560636182903,9.76473601914529,4.934945809993888
Palau,PLW,1998,,2.2788,17358.2841361311,18524.0,70.1693100482288,123.018786439214,9.761825143244725,4.812337078987735
Palau,PLW,1999,,2.4199,16093.4027866529,18901.0,69.6896962372638,128.03026294905033,9.686164702191848,4.852266665264073
Palau,PLW,2000,,2.122,15447.9517644732,19178.0,69.5876201801789,110.64761706121598,9.645231701658705,4.706350530442439
Palau,PLW,2001,,2.3636,16433.6411703372,19352.0,70.5337109001769,122.13724679619678,9.707085803662101,4.805145386163794
Palau,PLW,2002,,1.4441,17075.2487452334,19503.0,72.3817031907384,74.04501871506947,9.745385252135716,4.304673269242078
Palau,PLW,2003,,1.7181,16579.3137978346,19659.0,74.5444848058291,87.39508622005188,9.715911040488693,4.470439059342452
Palau,PLW,2004,,1.5218,17015.6800255788,19820.0,76.445323887982,76.78102926337033,9.741890552376683,4.340957594840581
Palau,PLW,2005,,1.7352,17507.4363236754,19819.0,77.574268209537,87.55234875624402,9.770381002434691,4.472236885970454
Palau,PLW,2006,,1.6978,17749.7742778468,19593.0,78.306895759147,86.65339662124228,9.784128078081679,4.461916214715238
Palau,PLW,2007,,1.3837,18255.6693104131,19302.0,79.019601300651,71.6868718267537,9.812230957915727,4.272307632190395
Palau,PLW,2008,,1.3978,17574.0751337338,19009.0,79.6639213135968,73.53358935241202,9.77418009132455,4.297742299819013
Palau,PLW,2009,,2.1738,16688.7234642116,18709.0,80.2186712923386,116.19006895077236,9.72248852866254,4.755227375625805
Palau,PLW,2010,,2.1107,16524.0426937512,18396.0,80.6626667312304,114.73689932594043,9.71257173225522,4.742641675328895
Palau,PLW,2011,,2.3697,17670.9138744537,18078.0,80.9747231246263,131.081978094922,9.779675282960724,4.875822914462264
Palau,PLW,2012,,3.6039,18279.8892705019,17765.0,81.1285663568435,202.86518435125245,9.813556787577426,5.312541641922449
Palau,PLW,2013,,1.8243,17931.4312359519,17648.0,81.0756895339142,103.37148685403446,9.79431038694674,4.638329168283027
Palau,PLW,2014,,1.2677,18786.8332875028,17715.0,80.7338640362566,71.56082416031612,9.840911546405751,4.270547775627246
Palau,PLW,2015,,1.1954,20212.0181058882,17770.0,80.388246269234,67.27068092290376,9.914032662210339,4.208724494223594
Palau,PLW,2016,,1.1444,20449.1316608307,17797.0,80.1089335766065,64.30297241108052,9.925695698996359,4.163605857408107
Palau,PLW,2017,,1.1964,19821.0983603983,17812.0,79.8284579022498,67.16820121266562,9.89450222311938,4.207199939296337
Palau,PLW,2018,,1.2305,19572.3446450452,17814.0,79.5520868568744,69.07488492197149,9.881872861340693,4.235191204821433
Palau,PLW,2019,,1.2683,19519.018546453,17798.0,79.2803814152827,71.26081582200247,9.879144579320503,4.266346608638713
Palau,PLW,2020,,1.2764,18183.7369201975,17792.0,79.0796884006264,71.74010791366906,9.808282897774703,4.273049976335916
Palau,PLW,2021,,1.329,15780.5501158866,17783.0,79.0890798782416,74.73429680031491,9.666533455381986,4.313939113951721
Palau,PLW,2022,,1.3981,16040.9080564681,17759.0,79.1134831712956,78.72627963286222,9.682897491817364,4.365977021321321
Palau,PLW,2023,,1.3979,16425.9722714446,17727.0,79.1531991438847,78.8571106222147,9.706619036209378,4.367637488445435
Panama,PAN,1992,714.196355995605,3.7463,11649.7957720553,2561336.0,55.3376133253207,1.462635124794248,9.363043928544506,0.38023968887761017
Panama,PAN,1993,709.578358405823,3.8287,12032.8075975884,2615099.0,56.2553745051635,1.4640745914399416,9.395392164747326,0.3812233646783089
Panama,PAN,1994,732.146910632932,4.0734,12123.3492221421,2669546.0,57.2394879441357,1.5258774338408105,9.402888559909435,0.4225696110525515
Panama,PAN,1995,728.190793925761,4.3833,12086.6434128166,2724557.0,58.2484116694001,1.6088120013638914,9.399856271713062,0.4754960192718843
Panama,PAN,1996,762.62938009797,4.4136,12327.8514997327,2780227.0,59.2406037081197,1.5874962727863589,9.419616331156206,0.46215810393084095
Panama,PAN,1997,777.077784028547,4.6401,13013.8909440715,2836695.0,60.1745220874573,1.6357415936503572,9.473772600126741,0.4920962756136572
Panama,PAN,1998,884.102722013778,5.7195,13826.532301715,2893914.0,61.0086248345759,1.9763890703040934,9.534344655815817,0.6812714778709961
Panama,PAN,1999,854.249229477648,5.006,14261.7409202087,2951822.0,61.7013699766382,1.6959017176509965,9.56533577068273,0.5282145861923411
Panama,PAN,2000,790.919387331221,5.1903,14572.9752457781,3010369.0,62.2165370013582,1.7241407946999188,9.58692408189629,0.5447288363662456
Panama,PAN,2001,887.107864697881,6.2056,14427.8299350708,3069537.0,62.6337017277411,2.0216729754357092,9.576914254808882,0.7039253743012917
Panama,PAN,2002,790.860132882429,5.4104,14507.1438361336,3129344.0,63.0330904426342,1.7289246564136125,9.582396485436576,0.547499629357003
Panama,PAN,2003,774.416697085516,5.4813,14957.5532657251,3189807.0,63.4079949945516,1.7183798267418686,9.612971686396078,0.5413818857045309
Panama,PAN,2004,755.9909322211,5.5089,15875.1127056615,3251155.0,63.7553758418416,1.694443974525976,9.672507923304918,0.5273546483882307
Panama,PAN,2005,838.635936361115,7.102,16867.960935567,3313026.0,64.0721934428526,2.1436596030336013,9.73317129897374,0.7625144633619124
Panama,PAN,2006,874.56606978567,7.4912,18190.2741337857,3375024.0,64.355408255933,2.219599030999483,9.808642341975062,0.7973265629041341
Panama,PAN,2007,858.048128734239,7.478,20208.8215796091,3437490.0,64.6019807394311,2.1754245103258483,9.913874499920261,0.7772238226573728
Panama,PAN,2008,806.672089232316,7.2579,21867.81875743,3500648.0,64.8088713516952,2.0733018572561424,9.992771371953747,0.7291424365800273
Panama,PAN,2009,871.526813807763,8.6753,21822.98771721,3564381.0,64.9730405510737,2.433886837574322,9.990719175641926,0.8894895011157241
Panama,PAN,2010,948.304837724795,9.1798,22739.1106156183,3628535.0,65.0926097647906,2.5298915402497153,10.031841655529043,0.9281764323539914
Panama,PAN,2011,1037.63156478608,9.9976,24999.4605922405,3693505.0,65.1896678664818,2.706805595227298,10.126609527307187,0.995769192474173
Panama,PAN,2012,1052.69925949498,10.4475,26926.8852947452,3759256.0,65.2829468288151,2.7791403405354678,10.200880519805235,1.0221416498578701
Panama,PAN,2013,1002.33596439162,10.2623,28135.3278787268,3825329.0,65.3709770103365,2.6827234990768116,10.2447812855662,0.9868325095084169
Panama,PAN,2014,1035.01293838968,10.7719,28931.8044516019,3892101.0,65.4531164770096,2.7676311585953193,10.272696769049672,1.017991776924035
Panama,PAN,2015,1024.97759926054,10.6313,29933.1555965973,3960035.0,65.5287232947981,2.6846479892223174,10.306722027851679,0.9875496166556201
Panama,PAN,2016,1045.76582937315,10.6644,30765.2371534884,4029086.0,65.5971555296656,2.6468534054621817,10.334140667693179,0.9733715403219295
Panama,PAN,2017,1035.95086028489,10.1483,31979.8122635605,4098707.0,65.6577712475758,2.4759759602235536,10.372860115937959,0.9066346456571034
Panama,PAN,2018,1026.38990550231,9.9261,32681.4463581168,4167860.0,65.7099285144924,2.381581914939561,10.394562806198882,0.8677649370306888
Panama,PAN,2019,1162.83608429865,13.1641,33163.726919217,4234700.0,65.752985396379,3.1086263489739534,10.40921199494871,1.1341809401852623
Panama,PAN,2020,936.065449427601,9.7127,26881.7987214437,4293261.0,65.7862999591993,2.2623129597757976,10.199204709118638,0.8163877234622605
Panama,PAN,2021,1033.31759264066,10.7711,30932.7627809145,4345405.0,65.8092302689169,2.478733282628432,10.339571185353574,0.9077476565541615
Panama,PAN,2022,1062.69925631817,11.4431,33915.1526066674,4400773.0,65.8211343914956,2.6002477292057553,10.431617173050652,0.9556067209522934
Panama,PAN,2023,,12.7389,35872.9506479276,4458759.0,65.8601271176084,2.857050582908832,10.487738826633796,1.0497898279952425
Papua New Guinea,PNG,1992,,2.4904,3690.34502629694,4166699.0,15.1695383588822,0.5976913619150316,8.213475235724935,-0.5146807754647756
Papua New Guinea,PNG,1993,,2.5382,4206.42911730353,4320872.0,14.9415801437447,0.5874277229225953,8.344369376094948,-0.5320020653445998
Papua New Guinea,PNG,1994,,2.5287,4297.89116182918,4480208.0,14.6619125571302,0.5644157592683197,8.365879753901178,-0.5719641372311405
Papua New Guinea,PNG,1995,,2.4534,4008.72203783633,4644278.0,14.3541875157278,0.5282629506674665,8.296227775700551,-0.6381611066152303
Papua New Guinea,PNG,1996,,2.5119,4167.03622077872,4813361.0,14.0420569362263,0.5218598812763057,8.334960323676185,-0.6503561538061301
Papua New Guinea,PNG,1997,,2.6349,3864.23030411237,4987883.0,13.7491727353146,0.528260185734108,8.259517796069803,-0.6381663406385342
Papua New Guinea,PNG,1998,,3.2909,3590.10012280793,5166390.0,13.4991868296818,0.6369824964820697,8.185935370454963,-0.45101310183762827
Papua New Guinea,PNG,1999,,2.6833,3531.659532466,5349333.0,13.3157511360166,0.5016139395322744,8.169523161965992,-0.6899244999134515
Papua New Guinea,PNG,2000,,2.9145,3326.79859970528,5537064.0,13.2228772276955,0.5263619853409677,8.109765739081038,-0.6417661178763058
Papua New Guinea,PNG,2001,,3.5427,3211.75932963208,5728435.0,13.1864094716078,0.6184411623768097,8.074574143751303,-0.48055322121906247
Papua New Guinea,PNG,2002,,4.0639,3100.79509952543,5924003.0,13.1530694608835,0.6860057295717102,8.039413841304793,-0.3768692991457806
Papua New Guinea,PNG,2003,,4.5293,3064.44402995345,6123997.0,13.1226067833938,0.739598664075113,8.027621438752945,-0.3016475857510677
Papua New Guinea,PNG,2004,,4.819,3046.33289602666,6328041.0,13.0951673752744,0.7615310962745027,8.021693817052268,-0.2724242719264962
Papua New Guinea,PNG,2005,,5.2298,3136.58568251035,6535905.0,13.0708971726612,0.8001646290758511,8.05089012503721,-0.22293778614050136
Papua New Guinea,PNG,2006,,5.3175,3202.48730426388,6747720.0,13.04994211169,0.7880439615158898,8.071683069442619,-0.23820140195464248
Papua New Guinea,PNG,2007,,5.2839,3345.85030363442,6963345.0,13.0324481284965,0.7588163447308729,8.115476141644107,-0.27599550091753416
Papua New Guinea,PNG,2008,,5.102,3233.91811872812,7183002.0,13.0185611592166,0.7102879826568335,8.081449720932207,-0.34208478180820034
Papua New Guinea,PNG,2009,,4.9502,3349.64345389883,7406438.0,13.008427139986,0.6683644688580395,8.116609187482869,-0.4029216421747002
Papua New Guinea,PNG,2010,,4.2314,3579.17141222267,7633523.0,13.0021920069407,0.5543181044977529,8.182886603506457,-0.5900165611778907
Papua New Guinea,PNG,2011,,4.4692,3514.83277391807,7859346.0,13.0000025015364,0.5686478238774575,8.164747228125293,-0.564493975181379
Papua New Guinea,PNG,2012,,4.2609,3577.4517726759,8081390.0,13.0143796071362,0.5272484065241252,8.18240603060624,-0.6400834818675067
Papua New Guinea,PNG,2013,,4.5767,3615.28323843913,8302698.0,13.0582475733094,0.5512304554495419,8.192925482405789,-0.595602307816441
Papua New Guinea,PNG,2014,,5.5379,3998.61805004308,8523441.0,13.1316404025265,0.6497258560245798,8.293704092918246,-0.43120476502038774
Papua New Guinea,PNG,2015,,5.9739,4154.52332559184,8743246.0,13.2341359836319,0.6832588262986081,8.331952977625763,-0.38088153614747
Papua New Guinea,PNG,2016,,6.621,4275.74858615698,8961718.0,13.3653651942392,0.7388092327832677,8.360714473914244,-0.3027155337355888
Papua New Guinea,PNG,2017,,5.7792,4322.22282084806,9178714.0,13.5249644881888,0.629630686826063,8.37152509076986,-0.46262184287283425
Papua New Guinea,PNG,2018,,4.904,4211.1454741469,9394513.0,13.7125720532162,0.5220068352665008,8.34548997378866,-0.6500745968049592
Papua New Guinea,PNG,2019,,5.0364,4301.61139205544,9609010.0,13.9278267446947,0.5241330792662303,8.366744973821755,-0.6460096588401997
Papua New Guinea,PNG,2020,,5.4744,4077.63132163554,9815746.0,14.1703677185729,0.5577161430216308,8.313271540386252,-0.5839051502970475
Papua New Guinea,PNG,2021,,5.3867,3976.90380116956,10012896.0,14.4398342822353,0.5379762258591321,8.288258856121967,-0.6199409096496673
Papua New Guinea,PNG,2022,,5.5295,4125.49303365201,10203169.0,14.7358658260841,0.5419394699823162,8.324940814936017,-0.6126009627784712
Papua New Guinea,PNG,2023,,5.498,4205.84773981096,10389635.0,15.0581017891206,0.5291812465019223,8.344231154896722,-0.636424284818384
Paraguay,PRY,1992,742.794117676138,2.5581,9948.42118145656,4253600.0,51.8012367901724,0.6013964641715253,9.205169142331895,-0.5085008877740151
Paraguay,PRY,1993,751.970809780856,2.9158,10178.4547948467,4362696.0,52.5682771504092,0.6683481957028407,9.228028490258028,-0.40294599019747435
Paraguay,PRY,1994,802.107643491508,3.4014,10459.0898500494,4471417.0,53.3488083347573,0.7606984542036674,9.255226721409539,-0.2735182490518448
Paraguay,PRY,1995,856.423975305465,3.8597,10908.2726627911,4579806.0,54.1320651066411,0.8427649555461519,9.297276740241912,-0.17106717890124845
Paraguay,PRY,1996,855.485926426077,3.8134,10825.2874881089,4687543.0,54.9016155849672,0.8135178706627331,9.289640110311009,-0.2063873849395806
Paraguay,PRY,1997,909.588896194893,4.2206,11033.0157241318,4794412.0,55.6410278886419,0.8803165017941721,9.308647485950244,-0.12747377504270407
Paraguay,PRY,1998,879.796557484584,4.4217,10802.5597410663,4900025.0,56.3338701365719,0.9023831511063719,9.287538398090847,-0.102716069615697
Paraguay,PRY,1999,824.241965931781,4.4184,10435.3986807111,5003135.0,56.9637104476634,0.8831262798225512,9.252959024886986,-0.12428707634688503
Paraguay,PRY,2000,756.712974544407,3.6426,9998.5928544516,5100868.0,57.5141169408231,0.7141137547570335,9.21019964752012,-0.3367130089446957
Paraguay,PRY,2001,756.521131169345,3.7869,9749.25865842257,5187689.0,57.9686577349574,0.7299782234440036,9.1849465260675,-0.3147405761832755
Paraguay,PRY,2002,740.239930868724,3.9651,9610.74777842153,5261328.0,58.3089732866691,0.7536310224338798,9.170637311467956,-0.28285239091721304
Paraguay,PRY,2003,747.213467666312,4.0925,9903.45028992176,5326436.0,58.5521334403429,0.7683374023455836,9.200638489539248,-0.2635263163390522
Paraguay,PRY,2004,745.141305382425,4.1409,10187.194394255,5388175.0,58.7421370296254,0.7685162415845811,9.228886758989228,-0.2632935820894233
Paraguay,PRY,2005,727.726114470464,3.8195,10290.100822296,5448097.0,58.894079141979,0.7010704838772144,9.238937626865226,-0.35514684938840424
Paraguay,PRY,2006,742.137810783961,4.116,10672.9933252383,5505148.0,59.0202286834627,0.7476638230252846,9.275471841526183,-0.29080183649177244
Paraguay,PRY,2007,748.808732851018,3.9111,11141.8704701878,5559386.0,59.1328545601355,0.703512941896821,9.3184654051486,-0.35166900615508484
Paraguay,PRY,2008,795.13978096029,4.5677,11751.1391651711,5613574.0,59.2442256780564,0.8136883917447245,9.371705465100263,-0.20617779739489728
Paraguay,PRY,2009,803.842403165747,4.7128,11601.2854565092,5671236.0,59.3666109432844,0.831000508531121,9.358871186171214,-0.1851248721760687
Paraguay,PRY,2010,845.813455856112,5.2439,12738.5765601697,5737971.0,59.5122792618786,0.9138944759393173,9.452390192912915,-0.09004016721364064
Paraguay,PRY,2011,846.378069858717,5.451,13109.4665717904,5814626.0,59.693499539898,0.9374635617148893,9.481089887279323,-0.06457738939705025
Paraguay,PRY,2012,838.725851852828,5.4123,12834.8015915131,5897008.0,59.9212909454702,0.9178044187832203,9.459915634791766,-0.08577096249472806
Paraguay,PRY,2013,834.864412287503,5.641,13700.7030515391,5982445.0,60.2375315600901,0.9429255095533682,9.525202428130102,-0.058767992519305826
Paraguay,PRY,2014,859.864131506698,5.9499,14219.3544308099,6069811.0,60.7101965948157,0.9802446896616716,9.562359303649458,-0.019953055154977774
Paraguay,PRY,2015,925.193411629783,6.661,14427.6002349811,6159103.0,61.3302768533263,1.0814886518377758,9.576898334055779,0.07833847337189856
Paraguay,PRY,2016,1072.60628446376,7.5122,14826.6636909978,6249126.0,62.0827613208606,1.2021201044754097,9.604182439559244,0.1840867516499194
Paraguay,PRY,2017,1116.33946333541,8.4688,15320.3366476954,6338660.0,62.9526389826574,1.3360552545806212,9.6369364174458,0.2897214324782543
Paraguay,PRY,2018,1130.48367815286,8.7429,15592.9841390322,6427382.0,63.9248988239553,1.3602583446883971,9.654576357399234,0.3076746410376755
Paraguay,PRY,2019,1105.56253694542,8.5218,15321.3245528947,6515058.0,64.9845298299929,1.3080159838945409,9.637000898623446,0.2685114730632021
Paraguay,PRY,2020,1056.5406299527,7.8549,14991.6606201148,6603739.0,66.116520986009,1.1894625150994005,9.615249366823015,0.17350153710703278
Paraguay,PRY,2021,1094.06594460795,7.9771,15406.1670646576,6684182.0,67.3058612772421,1.1934295026676414,9.642523166983517,0.17683109732502655
Paraguay,PRY,2022,1044.98506765929,8.0051,15259.1456311862,6760464.0,68.6396537819458,1.1841051146785193,9.632934315799675,0.16898731181045604
Paraguay,PRY,2023,1043.9548570783,7.7424,15826.087501295,6844146.0,69.3466081733694,1.1312441318463984,9.669414965112214,0.12331802870044377
Peru,PER,1992,404.725692410994,21.1123,6161.63575258419,22946340.0,69.7000538774584,0.9200726564672187,8.726097565527612,-0.08330263763647656
Peru,PER,1993,423.43055009833,22.2129,6355.26196593997,23413783.0,70.0997909655959,0.9487104241121564,8.757038404794402,-0.05265166485811574
Peru,PER,1994,430.040755246651,22.7871,6997.70582373207,23881493.0,70.5003156312488,0.9541740124874102,8.853337634852286,-0.04690922114062455
Peru,PER,1995,450.596166882078,25.8883,7372.04245454078,24348919.0,70.8898533910601,1.0632217389199086,8.905450077663634,0.061303674897021855
Peru,PER,1996,455.442514177719,28.4486,7437.19257195658,24811171.0,71.271133088093,1.146604487148148,8.914248714136596,0.13680495492260747
Peru,PER,1997,432.783525835008,28.371,7773.82700600992,25274147.0,71.6470953159639,1.1225304656176922,8.958517858271582,0.11558548112805238
Peru,PER,1998,495.125029470165,27.2745,7603.80928968867,25738095.0,72.0206806682894,1.0596938118380557,8.936404623031926,0.05798000964027598
Peru,PER,1999,512.507313541697,29.3146,7585.32788841374,26186504.0,72.3948297386861,1.1194545098498065,8.93397111938011,0.11284152188521222
Peru,PER,2000,506.00792489422,28.9865,7669.0953178046,26598331.0,72.7724831207703,1.089786423065417,8.94495393666201,0.08598173490006367
Peru,PER,2001,483.098550714887,26.9396,7611.6662817532,26964601.0,73.1565814081586,0.9990728214372614,8.937437386382108,-0.0009276086586532332
Peru,PER,2002,478.085367689992,28.102,7931.57975039907,27288217.0,73.5500651944675,1.0298217725254823,8.978607506692882,0.02938575088599541
Peru,PER,2003,464.580789404956,27.5531,8174.37942683849,27580490.0,73.9558750733136,0.999006906693826,9.008760081793968,-0.0009935867500490048
Peru,PER,2004,499.905030452941,31.8204,8495.986392858,27852190.0,74.3769516383133,1.1424738952305007,9.04734914188651,0.13319599471161847
Peru,PER,2005,525.129526193377,31.8397,8949.95442691077,28101180.0,74.8162354830832,1.1330378297281467,9.09940371929066,0.12490237048065524
Peru,PER,2006,503.243223308839,31.49,9547.91327762554,28324491.0,75.2766672012397,1.1117587249846785,9.164077904638413,0.10594319835149944
Peru,PER,2007,531.658944578596,34.3741,10286.3548193625,28530699.0,75.7615250588738,1.2048110002492403,9.238573521108615,0.18632270837476572
Peru,PER,2008,581.604189028885,38.9946,11151.530521564,28719041.0,76.2744879116779,1.3577960350416993,9.319332033976062,0.30586282274688426
Peru,PER,2009,583.138420968196,41.9747,11204.3768755244,28896811.0,76.822147540745,1.4525720502514967,9.324059773401236,0.3733358128176329
Peru,PER,2010,603.455432475802,45.8483,12059.0180183322,29086019.0,77.4020936833934,1.5763002836517435,9.397568042283769,0.4550805085981602
Peru,PER,2011,688.059834224801,49.1793,12726.5999815198,29304086.0,78.0118164985462,1.6782403655244529,9.451449568801133,0.5177458430333859
Peru,PER,2012,731.975608324875,49.1215,13395.3993805891,29550366.0,78.6488061451268,1.662297516044302,9.502666597181047,0.5082006912697057
Peru,PER,2013,698.053820478867,50.3235,14052.1376191683,29817919.0,79.3105527820586,1.6876932290278206,9.550529806902258,0.5233626432997862
Peru,PER,2014,728.635674022974,53.2525,14244.5660212948,30115826.0,79.9945465682649,1.7682563314052884,9.564130781132361,0.569993937532833
Peru,PER,2015,743.011209215106,54.9014,14542.7930911313,30457600.0,80.698277662669,1.802551744063879,9.584850829690906,0.5892032965964895
Peru,PER,2016,764.054757957891,57.5009,14917.4489473588,30866494.0,81.4192362241943,1.8628905505108548,9.61028687705814,0.6221293408388298
Peru,PER,2017,762.042756190787,55.2172,15069.5221084659,31324637.0,82.1931650502403,1.762740299273061,9.620429579668878,0.566869586423916
Peru,PER,2018,783.890205846973,55.3468,15386.2601642505,31897584.0,82.6854929960921,1.7351408181886128,9.641230193030381,0.551088573326369
Peru,PER,2019,798.439603977568,58.1719,15463.5432397882,32449303.0,83.1033003087105,1.7927010635636766,9.646240483449109,0.5837234565532479
Peru,PER,2020,666.666363333809,47.5328,13609.5999609595,32838579.0,83.5267437189637,1.4474682354556208,9.518530702190715,0.36981598580669783
Peru,PER,2021,775.134628731113,59.6288,15280.5512106486,33155882.0,83.9480118272361,1.7984380569336083,9.634336136065189,0.5869185420444936
Peru,PER,2022,826.705646687846,63.74,15559.821643644,33475438.0,84.3663554951194,1.9040826291802366,9.652447335175943,0.6440003331062173
Peru,PER,2023,,65.0789,15327.5819994558,33845617.0,84.7810255849745,1.9228161803048238,9.637409229448389,0.653790871972527
Philippines,PHL,1992,444.418600618215,46.6136,4293.71810131081,65926125.0,36.5239357507243,0.7070580896420046,8.364908326845145,-0.34664245289361356
Philippines,PHL,1993,410.827080255246,50.3182,4283.15967786629,67530621.0,36.8021006492264,0.7451167967195208,8.362446258701018,-0.2942142987701935
Philippines,PHL,1994,446.176123730806,54.2294,4374.06721651165,69019291.0,37.0925396440467,0.7857136637349694,8.383448568405251,-0.2411628484272403
Philippines,PHL,1995,459.479994263148,65.3468,4477.32317711022,70546246.0,37.3960650120444,0.9262973397620619,8.40678064172239,-0.07655999462300606
Philippines,PHL,1996,463.395880336417,68.6946,4631.77197705972,72190242.0,37.713489030079,0.951577361383551,8.440694790290614,-0.049634290891438955
Philippines,PHL,1997,477.495245543937,76.8658,4758.70845808515,73908810.0,38.0456239750098,1.0400086268470565,8.467731578073135,0.03922900816412426
Philippines,PHL,1998,482.924814401891,75.5809,4616.67292900617,75791024.0,38.3932821236964,0.9972275872667983,8.437429579409885,-0.002776262987358986
Philippines,PHL,1999,483.114784115224,73.993,4650.75926947589,77753257.0,38.757275752998,0.9516385918084435,8.444785769010316,-0.04956994672197053
Philippines,PHL,2000,487.402779547692,74.2644,4740.43891694569,79625397.0,39.1384171397742,0.9326722728930319,8.463885008913893,-0.06970140147823425
Philippines,PHL,2001,454.033054960371,71.6919,4778.4008437474,81401488.0,39.5375185608843,0.8807197725918721,8.471861217993379,-0.12701578242708955
Philippines,PHL,2002,451.284468681461,72.9411,4856.49948429567,83068889.0,39.9553922931877,0.8780796382144945,8.488073186653905,-0.1300179853436537
Philippines,PHL,2003,442.568789118581,74.7742,5003.38317718716,84731835.0,40.3928506135438,0.8824805930380241,8.517869598039121,-0.12501848130824586
Philippines,PHL,2004,430.074923261744,75.6877,5229.45080700165,86394504.0,40.8507057988121,0.8760707741316508,8.562061543323738,-0.13230839892154558
Philippines,PHL,2005,434.470089148121,78.8843,5386.81653712891,88015962.0,41.3297701258519,0.8962499324838374,8.591709865506742,-0.10953596240015084
Philippines,PHL,2006,423.356012358413,70.973,5578.57225112139,89508986.0,41.8308558715226,0.7929148029897244,8.626688153660645,-0.23203949944972352
Philippines,PHL,2007,425.625019287303,76.9611,5840.06810169965,91075184.0,42.3470499959497,0.8450282131738542,8.672497737004221,-0.16838526381091734
Philippines,PHL,2008,439.081886950045,77.7622,5987.03757861835,92699095.0,43.1547492407016,0.8388668735115483,8.697352007608234,-0.1757032579158202
Philippines,PHL,2009,420.717035027758,78.6456,5965.30730902221,94384250.0,44.3356772609527,0.8332491914699751,8.69371585190107,-0.18242253212782192
Philippines,PHL,2010,431.460692039266,84.9688,6273.03927731515,96337125.0,45.5208176726647,0.8819943505683816,8.744016249405876,-0.12556962824712747
Philippines,PHL,2011,428.32978664067,84.5875,6388.31296959977,98248614.0,46.6833632464759,0.8609536211879794,8.762225501497287,-0.14971464222129482
Philippines,PHL,2012,437.466406247307,89.5021,6697.55620962768,100175512.0,47.9182784810426,0.8934528829760311,8.809497994011792,-0.11266167887210696
Philippines,PHL,2013,443.26971934561,97.4869,7016.53846470436,102076336.0,49.1313688766206,0.9550391777385113,8.856025279211988,-0.046002915532900784
Philippines,PHL,2014,465.625886441589,104.0134,7340.361585912,103767130.0,50.2392400212368,1.002373294895985,8.90114338278104,0.002370483079620796
Philippines,PHL,2015,499.070776259238,113.1874,7691.76308685047,105312992.0,51.1549047745227,1.074771477388089,8.947905306292906,0.07210805980760017
Philippines,PHL,2016,520.980850770081,121.2972,8131.82537948653,106735719.0,51.9114748151175,1.1364255671524544,9.003540701262216,0.12788786911902306
Philippines,PHL,2017,544.47519980766,135.646,8584.13622709699,108119693.0,52.6010482354344,1.2545910577086081,9.057671154070093,0.22680966905157185
Philippines,PHL,2018,554.498283533215,141.3358,9016.28659637608,109465287.0,53.2088897464754,1.2911472108961812,9.106787842745021,0.25553113394327737
Philippines,PHL,2019,551.866549795025,147.9244,9452.2939715981,110804683.0,53.7157859948017,1.3350013374434726,9.154012739346442,0.28893229368202755
Philippines,PHL,2020,518.156775784154,136.3845,8455.18457134106,112081264.0,54.1077719895977,1.21683584867494,9.0425350909396,0.19625392296465022
Philippines,PHL,2021,530.987980701231,145.6114,8857.78995115514,113100950.0,54.4504102510776,1.2874463035014294,9.089052571304624,0.25266064666772675
Philippines,PHL,2022,550.793803994865,151.7004,9457.10395402883,113964338.0,54.7902343568327,1.3311216707107094,9.154521479238996,0.2860219482408526
Philippines,PHL,2023,,162.4527,9898.53294588746,114891199.0,55.1242716168851,1.4139699247111173,9.200141837857766,0.34640129759550353
Poland,POL,1992,2569.22878977271,360.3244,12141.2351323725,38363667.0,61.4357163819024,9.392334679581074,9.404362800160865,2.2398938969888644
Poland,POL,1993,2625.55495537132,360.7663,12563.1045363124,38461408.0,61.4951989928981,9.379955616809452,9.438519585937115,2.2385750313235118
Poland,POL,1994,2495.22317226992,354.6629,13200.1614164951,38542652.0,61.5491478044841,9.201829183938873,9.48798433702205,2.2194022886332365
Poland,POL,1995,2578.20837982237,356.4423,14227.5663687798,38594998.0,61.5973714804995,9.235453257440252,9.562936655290141,2.22304969284098
Poland,POL,1996,2680.1080126261,372.4503,15083.09812162,38624370.0,61.6396786847836,9.642883495575461,9.621330066191632,2.266220181693929
Poland,POL,1997,2640.54587904468,362.6683,16031.7211485265,38649660.0,61.6758780811754,9.38347969943332,9.682324610303091,2.238950664314583
Poland,POL,1998,2461.01864758147,334.0673,16766.6492883267,38663481.0,61.7057783335144,8.640383415037048,9.727147030937674,2.156446958571745
Poland,POL,1999,2396.67141418898,324.6514,17556.0026927987,38660271.0,61.7291881056396,8.397545894078187,9.773151204191498,2.127939507696663
Poland,POL,2000,2321.77643337011,313.0274,18566.3546288772,38258629.0,61.7459160613903,8.181877087127194,9.8291063307619,2.1019215970437464
Poland,POL,2001,2338.14293839845,309.7595,18800.6018648402,38248076.0,61.7557708646056,8.098694951348664,9.841644162392845,2.091702931580187
Poland,POL,2002,2312.5947846893,302.5145,19166.9137058143,38230364.0,61.7581534555696,7.9129379987069965,9.860940827033277,2.0684991412250713
Poland,POL,2003,2375.41153801546,315.3023,19855.6317989181,38204570.0,61.7281374379602,8.25299957570521,9.89624296370467,2.1105767191995692
Poland,POL,2004,2383.78041134423,317.4868,20878.6545002534,38182222.0,61.6555172559989,8.315042534716811,9.946482600277216,2.1180662280517484
Poland,POL,2005,2414.28237185953,317.098,21568.9476594356,38165445.0,61.5497010774856,8.30851048638369,9.97900995096245,2.1172803492855166
Poland,POL,2006,2538.76112384258,330.7509,22921.1975887696,38141267.0,61.4199688499096,8.671733427208908,10.039817420282567,2.1600687047424554
Poland,POL,2007,2529.61907810596,330.3011,24484.0656663756,38120560.0,61.2756005207604,8.664644485810282,10.10577780397911,2.159250893567677
Poland,POL,2008,2563.58518489618,324.5779,25553.9058406534,38125759.0,61.1258760375274,8.513349203093897,10.14854545442402,2.141635426041112
Poland,POL,2009,2463.27043395388,311.3787,26204.410367111,38151603.0,60.9800753477,8.161615122698777,10.173683010205062,2.099442081093402
Poland,POL,2010,2642.06881241023,329.3834,27112.1333797381,38042794.0,60.8474783987677,8.658233672321755,10.207736632857927,2.1585107378357393
Poland,POL,2011,2652.99080592091,326.9383,28521.6612623568,38063255.0,60.7357090652544,8.589341610432424,10.258419121862566,2.1505220870089294
Poland,POL,2012,2563.69089214526,319.7269,28952.9157305301,38063164.0,60.6341632788866,8.399903381652665,10.273426194010105,2.128220203598911
Poland,POL,2013,2567.18208491979,315.0899,29168.624211075,38040196.0,60.5333187465323,8.283077721260952,10.280848897233717,2.114214604798104
Poland,POL,2014,2473.79770713362,302.5703,30334.8786569618,38011735.0,60.4340063344328,7.959918167376469,10.320053440268243,2.0744187193231043
Poland,POL,2015,2498.7740659386,305.7942,31700.3682364154,37986412.0,60.3362886805635,8.050094333731757,10.36408357608861,2.0856838098378057
Poland,POL,2016,2614.97160490538,316.728,32675.3052259954,37970087.0,60.2402284228997,8.34151367627891,10.394374879718736,2.1212446958589606
Poland,POL,2017,2734.42727608835,330.2221,34354.5987616319,37974826.0,60.145888199417,8.695816012428866,10.444491168212922,2.162841991870709
Poland,POL,2018,2865.52683144763,329.6329,36500.4114282584,37974750.0,60.0533306480907,8.680317842777109,10.505078811514133,2.1610581458333065
Poland,POL,2019,2761.07246212926,312.0707,38181.6230334689,37965475.0,59.9626184068963,8.21985501300853,10.550109606419923,2.1065525705924015
Poland,POL,2020,2710.95606232103,296.8799,37852.8021313639,37515748.0,59.8738141138092,7.913474096264854,10.541460288658055,2.0685668884257438
Poland,POL,2021,2920.11352538648,324.0123,41059.5847829682,36981559.0,59.8096513205543,8.761455946191992,10.622779578075816,2.170362095041157
Poland,POL,2022,2798.00774623397,307.9616,43405.0215797441,36821749.0,59.8315488048321,8.363578818594412,10.678330417997634,2.123886423841549
Poland,POL,2023,2639.20385996686,280.6501,43672.7668014946,36687353.0,59.8859561370214,7.649777840336423,10.684480001502509,2.034676606937863
Portugal,PRT,1992,1813.60280380135,48.9986,28776.0475772619,9952494.0,49.0028717408102,4.923248383771947,10.267298638740158,1.5939685532453327
Portugal,PRT,1993,1786.33794491445,47.9648,28153.6155177216,9964675.0,49.6589521380037,4.813483630926247,10.245431062894918,1.5714210695707578
Portugal,PRT,1994,1827.69065121281,49.4024,28348.8658386372,9991525.0,50.3288062784649,4.944430404768041,10.25234230266384,1.5982617723468284
Portugal,PRT,1995,2013.96965845437,52.8069,29460.8141864852,10026176.0,51.008291015927,5.266903353781142,10.290816326650518,1.6614425909463695
Portugal,PRT,1996,1986.79149693102,51.107,30378.7557756388,10063945.0,51.6932632041232,5.078227275685628,10.321498819933808,1.6249622392099579
Portugal,PRT,1997,2083.46205659678,53.5946,31574.4021979121,10108977.0,52.3795796967868,5.301683840016651,10.36010201427342,1.6680244757638376
Portugal,PRT,1998,2240.06330016631,58.0195,32925.6638725858,10160196.0,53.063097347651,5.710470546040647,10.402007689584694,1.742301427635254
Portugal,PRT,1999,2390.35284181731,64.7375,34018.9637066505,10217828.0,53.7396730104491,6.335739846080791,10.434673404188146,1.8462065940228147
Portugal,PRT,2000,2390.18870122638,64.2448,35069.827570513,10289898.0,54.4051635389142,6.243482685639838,10.465096426398812,1.8315381493874827
Portugal,PRT,2001,2391.32113737669,63.4978,35500.226680409,10362722.0,55.0679833009212,6.127521321135508,10.477294360806754,1.8127903159955552
Portugal,PRT,2002,2477.60275830907,67.7384,35578.5200308997,10419631.0,55.789299869679,6.50103636107651,10.479497364820691,1.871961604357976
Portugal,PRT,2003,2400.86139844201,62.8034,35115.3795144127,10458821.0,56.5865509520713,6.004825974170511,10.466394476292448,1.7925634749572281
Portugal,PRT,2004,2463.10248808928,64.5657,35658.1298257503,10483861.0,57.4171857647664,6.158580316927133,10.48173244544709,1.817846282952281
Portugal,PRT,2005,2519.13901861547,67.8316,35870.3092741499,10503330.0,58.2450763389585,6.458104239322196,10.48766519257307,1.8653358133210534
Portugal,PRT,2006,2390.46374599498,62.9435,36387.5367379519,10522288.0,59.0340947058419,5.981921422413072,10.501981597684475,1.7887418244499802
Portugal,PRT,2007,2402.51066519403,61.3381,37226.47026267,10542964.0,59.7481128966109,5.817917997253903,10.524775353418846,1.7609424653112355
Portugal,PRT,2008,2337.4925314705,59.2617,37291.504896966,10558177.0,60.3510029424595,5.61287237370618,10.526520828941184,1.7250625980757222
Portugal,PRT,2009,2304.1784841547,58.4903,36092.8109314685,10568247.0,60.8066368745822,5.53453188594097,10.49384898131672,1.7110069891316648
Portugal,PRT,2010,2222.62833547109,53.2485,36703.1141882821,10573100.0,61.0788867241731,5.036224002421239,10.510616885709199,1.616656595419501
Portugal,PRT,2011,2164.03219875257,51.3977,36127.2949766154,10557560.0,61.1410698395502,4.868331318979006,10.494803952161307,1.5827512334047866
Portugal,PRT,2012,2039.16999711033,49.7787,34804.6333340481,10514844.0,61.1409793914666,4.7341358559385185,10.457505798682977,1.5547992085968967
Portugal,PRT,2013,2055.58816601984,48.1388,34651.7719455055,10457295.0,61.1405315215642,4.6033701832070335,10.453104141708954,1.526788683762405
Portugal,PRT,2014,2035.41142547114,47.6708,35097.4098263229,10401062.0,61.1394537361116,4.583262747592506,10.465882612609182,1.5224111348006097
Portugal,PRT,2015,2121.0872664787,51.7215,35803.3575649769,10358076.0,61.137469211538,4.993350116372963,10.48579695472229,1.6081070505046937
Portugal,PRT,2016,2111.0971132123,50.523,36636.2978441633,10325452.0,61.1343011242723,4.893054560710756,10.508794772311955,1.5878167630134163
Portugal,PRT,2017,2209.9813508898,55.1436,37943.1150505673,10300300.0,61.1296726507436,5.353591642961855,10.543843344772458,1.6777676707963458
Portugal,PRT,2018,2140.97558921814,51.1078,39123.6151282571,10283822.0,61.1233069673808,4.969728180826156,10.574481531133113,1.6033651466261871
Portugal,PRT,2019,2115.18570481977,46.4279,40188.2868799219,10286263.0,61.114927250613,4.51358282400518,10.60133086100407,1.5070912558713416
Portugal,PRT,2020,1957.30550192994,40.6444,36852.22873381,10297081.0,61.1042566768691,3.9471768746890503,10.514671377031714,1.3730006081137163
Portugal,PRT,2021,1943.29269675495,38.962,38657.6677223425,10361831.0,61.0951249296597,3.7601462521440467,10.562500423015528,1.3244578534921614
Portugal,PRT,2022,1949.86496103932,39.6684,41070.861152974,10434332.0,61.1259255772782,3.801719170906197,10.623054174662945,1.335453377820623
Portugal,PRT,2023,1853.15672016889,37.4114,41768.2549192626,10578174.0,61.2048652633664,3.536659540673088,10.639891878291037,1.2631826490659561
Puerto Rico (US),PRI,1992,,20.2554,28219.1160498293,3585176.0,87.303231035254,5.6497644746032,10.247754901380752,1.7316138583785297
Puerto Rico (US),PRI,1993,,20.7688,29282.1121792431,3615497.0,88.8343579280057,5.74438313736673,10.284732102742712,1.7482225317092321
Puerto Rico (US),PRI,1994,,21.409,30225.7807602628,3649237.0,90.2293991175933,5.866705834671741,10.31645050675442,1.769293289718211
Puerto Rico (US),PRI,1995,,21.8662,31310.1801642693,3683103.0,91.464320458156,5.936896144365226,10.351698568512433,1.7811864621871143
Puerto Rico (US),PRI,1996,,22.1796,31677.2302541644,3724655.0,92.5150878038331,5.9548065525531895,10.363353413260418,1.7841987174019003
Puerto Rico (US),PRI,1997,,22.7979,32915.7905705568,3759430.0,93.3576670087639,6.064190582082922,10.401707778163036,1.802401076289961
Puerto Rico (US),PRI,1998,,23.1865,34537.1851859472,3781101.0,93.9680239270876,6.13220858157452,10.449791854052878,1.8135549756910945
Puerto Rico (US),PRI,1999,,25.148,36216.8380896225,3800081.0,94.3221244129435,6.617753674197997,10.497279430266815,1.8897559882261792
Puerto Rico (US),PRI,2000,,25.184,37298.5450447133,3810605.0,94.4035182032107,6.60892430467078,10.526709598026972,1.888420903051683
Puerto Rico (US),PRI,2001,,24.8632,39568.5528383032,3818774.0,94.3774462314518,6.510780685109933,10.585789961517191,1.8734593699383644
Puerto Rico (US),PRI,2002,,20.1436,39879.7295566967,3823701.0,94.3218712450313,5.268089738188211,10.593623442625917,1.6616678183198905
Puerto Rico (US),PRI,2003,,26.1342,39876.0670237773,3826095.0,94.2449445194985,6.830515185848757,10.59353159894611,1.9214001005840953
Puerto Rico (US),PRI,2004,,26.1826,43355.8226365269,3826878.0,94.1544210292187,6.841765010538617,10.677196290063884,1.9230457408236314
Puerto Rico (US),PRI,2005,,26.3123,42555.7081189669,3821362.0,94.058055748557,6.88558163293611,10.658569275861135,1.9294296068893793
Puerto Rico (US),PRI,2006,,16.9684,42133.9682748773,3805214.0,93.9636036518786,4.459249860848825,10.648609541728362,1.4949805592512126
Puerto Rico (US),PRI,2007,,17.9576,41888.6232716478,3782995.0,93.8788197135489,4.746926707542569,10.642769548078679,1.5574973997075325
Puerto Rico (US),PRI,2008,,15.3966,41358.0689136668,3760866.0,93.8114589079331,4.0938975225386915,10.630022818384063,1.4094974557921283
Puerto Rico (US),PRI,2009,,13.9728,40772.3514249612,3740410.0,93.7692762093964,3.7356332594555144,10.615759469523237,1.3179173515908962
Puerto Rico (US),PRI,2010,,13.4337,40777.6892825687,3724465.0,93.7588772214391,3.606880451286292,10.615890379515895,1.2828432578418665
Puerto Rico (US),PRI,2011,,11.6673,40972.5364074959,3693464.0,93.7598202101009,3.158904486411672,10.620657277521294,1.150225285975598
Puerto Rico (US),PRI,2012,,11.3375,41347.4542013586,3661045.0,93.7630744424317,3.0967934018838883,10.629766131479327,1.1303671896551257
Puerto Rico (US),PRI,2013,,10.9382,41556.7852350074,3631427.0,93.7698316907305,3.0120941437071433,10.634816089839394,1.1026355656600528
Puerto Rico (US),PRI,2014,,11.5116,41593.6798280708,3585017.0,93.7813071818968,3.2110307984592543,10.63570350749741,1.1665920066089506
Puerto Rico (US),PRI,2015,,12.0971,41737.6068571153,3535167.0,93.7987161428303,3.4219316937502526,10.639157844467029,1.2302052143561841
Puerto Rico (US),PRI,2016,,11.3493,41858.2626698462,3480432.0,93.8232738004303,3.260888303520942,10.642044491790546,1.181999644003739
Puerto Rico (US),PRI,2017,,11.6298,41479.9977732034,3410837.0,93.8561953815964,3.409661616782039,10.63296660865984,1.2266130537563058
Puerto Rico (US),PRI,2018,,13.7156,41119.3088051648,3290690.0,93.8986961132283,4.168001239861549,10.624233090774853,1.4274366019226024
Puerto Rico (US),PRI,2019,,12.6257,41656.3291581369,3302691.0,93.9519912222253,3.8228523346567997,10.637208596629668,1.34099682845346
Puerto Rico (US),PRI,2020,,12.4658,40171.38668761,3281590.0,94.0116144995587,3.7987073339448254,10.600910247235728,1.3346608335819279
Puerto Rico (US),PRI,2021,,12.6669,40559.474811812,3262711.0,94.0550712597302,3.8823236259662592,10.610524689754508,1.3564338470542228
Puerto Rico (US),PRI,2022,,13.9178,42310.9585064702,3220137.0,94.1110923054937,4.322114245449805,10.652801397829291,1.463744691203593
Puerto Rico (US),PRI,2023,,14.63,42837.8994791262,3203792.0,94.1774359275881,4.566463740467546,10.66517849159316,1.5187391067846756
Qatar,QAT,1992,16086.8310811281,18.9739,73450.9520794121,469657.0,93.9055949154706,40.399483026975005,11.20437314379728,3.6988169885232254
Qatar,QAT,1993,16177.5093140931,19.4709,70250.6988205416,484545.0,94.3339062703838,40.18388384979723,11.159825534769883,3.693466015984608
Qatar,QAT,1994,15753.4549066912,20.5063,69119.8834809747,499459.0,94.7227105489626,41.05702369964301,11.14359771772673,3.7149619223498433
Qatar,QAT,1995,15853.7577398647,20.9805,68732.4655730397,514325.0,95.0736862740883,40.792300588149516,11.13797693678867,3.708493352527174
Qatar,QAT,1996,16354.5772565174,22.7838,69746.1505971988,529019.0,95.3885119686424,43.068018350947696,11.15261750959004,3.7627806880457846
Qatar,QAT,1997,18490.5772365155,27.8977,87140.0414805606,550500.0,95.6663501954995,50.67702089009991,11.37527177569336,3.9254725709725977
Qatar,QAT,1998,18390.9777006325,30.0412,91901.0695568133,580540.0,95.9063773884453,51.74699417783443,11.428467946543881,3.946366346938458
Qatar,QAT,1999,18487.5692896824,32.5326,90837.3739354159,612500.0,96.1111838707823,53.11444897959184,11.416826087120608,3.972449000076534
Qatar,QAT,2000,16938.7214410402,31.7522,93186.9710440179,644989.0,96.2942718926638,49.22905661957026,11.442363195236315,3.8964840308721054
Qatar,QAT,2001,17811.9127028494,32.4296,92115.7349961796,677925.0,96.4674307551724,47.836560091455546,11.430801054514792,3.867790202614309
Qatar,QAT,2002,19201.3018874398,36.2002,94111.5966588338,711205.0,96.6424497593905,50.89981088434418,11.452236555587502,3.9298592081142933
Qatar,QAT,2003,18983.9448332386,38.2693,93224.3623187548,744682.0,96.8311182064009,51.39012356952364,11.442764364785008,3.939446005545393
Qatar,QAT,2004,21557.4750763638,41.1694,107023.577147067,773332.0,97.0472579559041,53.236384890318774,11.580804436340022,3.9747420890861966
Qatar,QAT,2005,20198.1689051663,43.56,107784.417294658,825408.0,97.3016654918171,52.773900907187716,11.58788837501078,3.966016767504971
Qatar,QAT,2006,20140.3428752631,48.987,115383.630413612,972831.0,97.5827378795062,50.35509764799847,11.656017772159103,3.919099858289936
Qatar,QAT,2007,18323.3464644697,56.1475,109579.67852883,1208595.0,97.8663125111735,46.45683624373756,11.60440722142165,3.8385236286770144
Qatar,QAT,2008,15946.7278040391,61.8584,109206.297312914,1426938.0,98.1295193937322,43.35044690098659,11.600994008330902,3.769317012308051
Qatar,QAT,2009,15063.2666244935,63.9748,108435.74676157,1608903.0,98.3494885340955,39.762993791421856,11.593913080799595,3.682936675518665
Qatar,QAT,2010,16779.9216747321,72.2126,129044.708988673,1616832.0,98.5066232166665,44.66302002929185,11.767914204605924,3.7991458668147255
Qatar,QAT,2011,16473.4269691009,83.1847,145590.759374614,1624761.0,98.6300610210909,51.19811467655858,11.888554946896987,3.935702708644024
Qatar,QAT,2012,21456.0669284592,92.3214,143830.55475292,1722438.0,98.7428010471968,53.59925872513263,11.876391182594737,3.981535238226136
Qatar,QAT,2013,20642.1423232651,102.1334,136453.930654184,1916426.0,98.8357621827901,53.29368313725654,11.823742332274783,3.9758178088998415
Qatar,QAT,2014,17814.5431104326,110.7647,128013.946689103,2151745.0,98.901627838826,51.47668520201046,11.759894495474825,3.941128990639463
Qatar,QAT,2015,16427.7565434994,114.0841,123070.823231761,2344557.0,98.9382407681154,48.65912835559127,11.720515267278332,3.884839424239559
Qatar,QAT,2016,15178.8562114172,114.0546,120054.244506415,2477113.0,98.9855265345423,46.043357731359045,11.695698957179445,3.8295835119363075
Qatar,QAT,2017,16718.237047918,114.1057,115064.83603436,2545820.0,99.0310125265978,44.82080429881138,11.653251040077743,3.8026724132990384
Qatar,QAT,2018,16139.7708310186,114.8966,114909.792335472,2580734.0,99.0755684762244,44.52089986802204,11.651902685057218,3.7959587388720295
Qatar,QAT,2019,15760.736902246,117.6635,113160.839750596,2638657.0,99.1191696672067,44.59219216442304,11.636565446301685,3.797558780122643
Qatar,QAT,2020,14869.2501075493,115.3371,103061.899444607,2794148.0,99.1617913833034,41.27809264219361,11.543085052185955,3.7203319147325895
Qatar,QAT,2021,17100.7506118977,118.4421,116832.656941972,2504910.0,99.203408908243,47.28397427452483,11.668497907402202,3.8561714278249766
Qatar,QAT,2022,16683.663609726,120.1007,114740.16518158,2657333.0,99.243997525719,45.19595398845384,11.650425417771176,3.811007569301828
Qatar,QAT,2023,,129.1964,116563.992526162,2656032.0,99.2835325193835,48.64263683570078,11.666195693252284,3.88450044744883
Romania,ROU,1992,2020.96066672171,138.3634,13195.0965262879,22794284.0,54.3130567791968,6.070091958141787,9.487600564279209,1.8033737545681496
Romania,ROU,1993,2007.21364485422,131.1044,13415.0744360432,22763280.0,54.2356756582215,5.759468758456602,9.504134311561677,1.7508452410197863
Romania,ROU,1994,1896.34525995591,128.155,13962.8317660865,22730211.0,54.0905691656188,5.638091085032163,9.544154204318906,1.7295455481187398
Romania,ROU,1995,2054.45247554785,133.4074,14863.2472312959,22684270.0,53.8985438392597,5.881053258491457,9.606646816020906,1.7717358714632472
Romania,ROU,1996,2115.50331778847,136.5616,15488.6217092877,22619004.0,53.677523113411,6.037471853314142,9.64786095006452,1.7979853569908704
Romania,ROU,1997,1990.18638099548,124.3214,14780.0590188185,22553978.0,53.4454304223393,5.512171733075203,9.60103418764838,1.7069586894443005
Romania,ROU,1998,1825.71004452739,108.985,14510.0533572297,22507344.0,53.2201892003114,4.842197284584089,9.582597023144366,1.577368602126993
Romania,ROU,1999,1613.96489981066,93.1885,14478.109394247,22472040.0,53.0197228815939,4.146864281124455,9.580393090719484,1.422352453727126
Romania,ROU,2000,1615.33488235312,97.504,14853.6679659943,22442971.0,52.8619549004535,4.3445228352342475,9.60600211480816,1.4689159334081228
Romania,ROU,2001,1666.72400767413,104.4084,15848.3696371638,22131970.0,52.764808691157,4.717537571214853,9.670821912006174,1.5512869624503385
Romania,ROU,2002,1755.33108643191,103.3991,17061.7001240442,21730496.0,52.7466427937759,4.758248500172292,9.744591471651557,1.5598796383799676
Romania,ROU,2003,1841.57433869048,107.8474,17587.5355528951,21574326.0,52.8023493819682,4.998876905818518,9.774945722907175,1.609213268367215
Romania,ROU,2004,1807.04208024679,105.5802,19532.5610216283,21451748.0,52.9175295523808,4.921752763457785,9.879838147973445,1.5936647197966005
Romania,ROU,2005,1808.18761844581,104.4913,20571.0108222199,21319685.0,53.074507031037,4.901165284571512,9.93163812204343,1.589472990021369
Romania,ROU,2006,1881.71766548482,110.842,22354.6564902844,21193760.0,53.2566380678272,5.229935603687123,10.014789922425413,1.6543989651304964
Romania,ROU,2007,1900.48321448247,107.0884,24328.4940230196,20882982.0,53.4472789126416,5.128022425149818,10.099403535917693,1.6347200926879448
Romania,ROU,2008,1925.09359481658,105.3697,27039.7122195334,20537875.0,53.6297858153706,5.130506442365629,10.20506188733153,1.6352043760187105
Romania,ROU,2009,1707.81228256351,85.692,25761.7373850906,20367487.0,53.7875150259042,4.207293712768787,10.156645623017367,1.4368196174242738
Romania,ROU,2010,1724.69848692837,83.3446,24903.0077613835,20246871.0,53.9038227941329,4.116418778980712,10.122743868787696,1.4149835569606268
Romania,ROU,2011,1771.70358553223,89.8189,26150.8560702105,20147528.0,53.9608874244169,4.458060562069948,10.171637205867764,1.4947138199027938
Romania,ROU,2012,1736.57620479665,87.6338,26767.5666532405,20058035.0,53.9563092496073,4.369012218794114,10.194946234110224,1.4745369466680922
Romania,ROU,2013,1590.19381302075,79.5312,26942.0436130341,19983693.0,53.9101758034365,3.9798049339528987,10.20144330503213,1.3812328065256168
Romania,ROU,2014,1579.40659793132,78.9902,28156.2475476815,19908979.0,53.8267187624053,3.9675665939473843,10.245524546693972,1.3781529581414278
Romania,ROU,2015,1598.69179785792,80.304,29181.9991893663,19815616.0,53.7071839518893,4.052561373817499,10.281307332045415,1.3993491191934584
Romania,ROU,2016,1604.62335040687,78.7065,30189.2729172886,19702267.0,53.5528171972639,3.994794101612774,10.315241938849711,1.3849920388694748
Romania,ROU,2017,1693.37364201715,81.7983,32852.7718069627,19588715.0,53.3648643239046,4.175786926299147,10.399791398038477,1.4293028258828018
Romania,ROU,2018,1717.11748022415,83.0019,34829.0402990684,19473970.0,53.1445711571868,4.262197179106264,10.458206809120783,1.4497847970610365
Romania,ROU,2019,1705.25777604649,81.1522,36399.6255565426,19371648.0,52.8931835224862,4.189225408184167,10.502313766663752,1.4325158500622548
Romania,ROU,2020,1669.6382293589,75.7011,35283.7523567852,19265250.0,52.611947245178,3.929411764705882,10.471177863784284,1.368489736486384
Romania,ROU,2021,1787.09564245924,80.7465,37534.1559176911,19122059.0,52.2321512130811,4.222688571351025,10.533006621881357,1.440472027400345
Romania,ROU,2022,1655.23818974845,75.6755,39256.9888833852,19048502.0,52.1634832477272,3.972779591802022,10.577884768082816,1.3794659987776057
Romania,ROU,2023,1600.61942333991,70.2532,40116.8555054263,19061062.0,52.1645747011867,3.6856918045804585,10.599551861771571,1.3044582433212224
Russian Federation,RUS,1992,5357.07699443819,2205.4651,23965.244140625,148538197.0,73.3822937011719,14.847797701489537,10.084359898924482,2.697851551320744
Russian Federation,RUS,1993,5060.11636686839,2012.9625,21899.517578125,148458777.0,73.0590972900391,13.55906697251049,9.994219887165844,2.6070554728079314
Russian Federation,RUS,1994,4427.26643919973,1814.9119,19153.36328125,148407912.0,72.9541091918945,12.22921255033896,9.860233607451661,2.5038275608999983
Russian Federation,RUS,1995,4291.53342502059,1768.5622,18363.712890625,148375787.0,72.9352798461914,11.919479827257799,9.81813187088755,2.4781740220321407
Russian Federation,RUS,1996,4254.59294421479,1727.1914,17699.869140625,148160129.0,73.0623092651367,11.657599191210208,9.781312525349563,2.455958258453349
Russian Federation,RUS,1997,4070.65837100817,1607.3811,17977.3515625,147915361.0,73.1156616210938,10.866897725382287,9.796867998093722,2.385721262550486
Russian Federation,RUS,1998,3982.26585700237,1613.2209,17052.755859375,147670784.0,73.1912078857422,10.92444189908276,9.744067103631236,2.3910026549246335
Russian Federation,RUS,1999,4137.74703962256,1660.9112,18200.3203125,147214776.0,72.96533203125,11.282231615119938,9.809194472497929,2.4232290647223658
Russian Federation,RUS,2000,4224.98951887146,1681.1521,20104.75,146596869.0,73.1568222045898,11.467858157325312,9.90871138453633,2.4395481793821374
Russian Federation,RUS,2001,4287.90829493258,1684.2768,21219.904296875,145976482.0,73.22998046875,11.538001032248468,9.962694902114213,2.4456460252998062
Russian Federation,RUS,2002,4289.43957286052,1675.2947,22319.677734375,145306497.0,73.2929008030615,11.529386053536202,10.013223977966954,2.444899085121383
Russian Federation,RUS,2003,4461.83176005763,1737.2524,24057.927734375,144648618.0,73.4057388305664,12.010155534289307,10.088219856741002,2.485752586406813
Russian Federation,RUS,2004,4494.50152836851,1738.8704,25894.146484375,144067316.0,73.3065795898438,12.069846570890514,10.161772217680486,2.4907103234205703
Russian Federation,RUS,2005,4541.20863501769,1739.3021,27656.658203125,143518814.0,73.1613922119141,12.118983229613367,10.22762178096842,2.49477308517595
Russian Federation,RUS,2006,4689.15108443259,1776.1969,30022.671875,143049637.0,73.2439193725586,12.416647376742382,10.309708104391463,2.519038102605303
Russian Federation,RUS,2007,4710.47452096269,1779.046,32630.369140625,142805114.0,73.3856048583984,12.457859177228064,10.392998702444768,2.522351682965534
Russian Federation,RUS,2008,4822.38136319959,1764.3555,34342.2265625,142742366.0,73.4822463989258,12.360419330586128,10.44413097109443,2.5144993778768825
Russian Federation,RUS,2009,4529.20319928613,1662.1017,31654.00390625,142785348.0,73.5288696289062,11.640562027414745,10.362619925297846,2.4544957252798105
Russian Federation,RUS,2010,4853.36753031766,1746.8968,33063.5859375,142849468.0,73.6696307887624,12.228934587281767,10.406187833051819,2.5038048312095076
Russian Federation,RUS,2011,5004.23439250465,1832.6123,34444.64453125,143018195.0,73.8534851074219,12.813840225014726,10.447108808080012,2.550525854356101
Russian Federation,RUS,2012,5056.08323400834,1819.802,35740.69921875,143378447.0,73.97265625,12.69229816668331,10.484045352560937,2.540995365935023
Russian Federation,RUS,2013,4896.95029768812,1764.2472,36260.06640625,143805638.0,74.0762949770228,12.26827560126676,10.498472315698505,2.5070167110523887
Russian Federation,RUS,2014,4894.4255206275,1750.1989,35853.24609375,144237223.0,74.1776476748791,12.134169416170748,10.487189388476793,2.496025391526704
Russian Federation,RUS,2015,4785.19572494067,1757.1139,35037.15234375,144640716.0,74.275919065527,12.148127778902865,10.46416427301925,2.4971750656417546
Russian Federation,RUS,2016,4917.54083897618,1734.6382,35005.44921875,145015460.0,74.3703138709243,11.961746699282958,10.4632590203171,2.481713782949488
Russian Federation,RUS,2017,4999.07990773733,1763.2401,35570.390625,145293260.0,74.460036813029,12.135732242500444,10.479268846748942,2.496154178726078
Russian Federation,RUS,2018,5259.90837585133,1831.1328,36536.6953125,145398106.0,74.5442926137992,12.593924710408539,10.506072385571095,2.5332145318375123
Russian Federation,RUS,2019,5065.14820867318,1858.002,37319.3203125,145453291.0,74.6222859951926,12.77387391667886,10.527266442375819,2.5474019847821574
Russian Federation,RUS,2020,5044.85366917672,1784.1991,36376.3359375,145245148.0,74.6932216791674,12.284053027368598,10.501673730603505,2.5083019193527654
Russian Federation,RUS,2021,5681.39248037781,1938.4596,38638.4296875,144746762.0,74.7516840220252,13.392075741217617,10.562002647943192,2.59466316943734
Russian Federation,RUS,2022,5601.08435085175,1895.4729,38214.49609375,144236933.0,74.8544893625017,13.141383836829087,10.550970201504741,2.575766322338423
Russian Federation,RUS,2023,,1948.3024,39887.33984375,143826130.0,74.9805047873279,13.54623391451887,10.59381425537944,2.6061085688053547
Rwanda,RWA,1992,681.702213137456,0.4991,1112.59034456897,7683266.0,5.66334740292516,0.06495935452449518,7.014446219344476,-2.7339935196852374
Rwanda,RWA,1993,618.873269815239,0.5007,984.217529921952,7981132.0,6.4000266086375,0.06273546158615094,6.8918469396144,-2.7688284156841294
Rwanda,RWA,1994,766.616212109656,0.4794,575.367548491022,6792352.0,7.48340913293057,0.07057938104503418,6.355009051353605,-2.6510172303252624
Rwanda,RWA,1995,1047.13268372201,0.4704,931.367790069386,5674118.0,8.81556593108499,0.08290275246302597,6.836654247675641,-2.4900870151842764
Rwanda,RWA,1996,919.491144361134,0.4719,888.131009878549,6708764.0,10.2985679583814,0.07034082582126902,6.789119265757167,-2.6544029115834245
Rwanda,RWA,1997,919.964273639363,0.4819,874.694728296322,7755238.0,11.8344861701004,0.06213864745350175,6.773874943537089,-2.778387141370926
Rwanda,RWA,1998,495.440085605179,0.4972,913.71963460585,8081681.0,13.3253915215227,0.061521854178604674,6.817523778890301,-2.788362814794773
Rwanda,RWA,1999,514.333283551269,0.5137,945.733218859969,8147912.0,14.6733549679289,0.0630468272116832,6.85196051961791,-2.7638775396187842
Rwanda,RWA,2000,405.776823991798,0.6805,1016.66199090104,8213931.0,15.7804474645996,0.08284705581286232,6.924279981809041,-2.4907590720975166
Rwanda,RWA,2001,406.223640037907,0.6956,1093.18409838429,8287094.0,16.5487399668155,0.0839377470558437,6.996849908013515,-2.4776798613720374
Rwanda,RWA,2002,407.829159505775,0.8185,1220.7394919553,8400180.0,16.8778847116752,0.09743838822501423,7.107212095045045,-2.3285350163620553
Rwanda,RWA,2003,396.494966802982,0.7085,1220.49916686742,8586875.0,16.8947432312369,0.08250964407889948,7.1070152072169845,-2.494840094547478
Rwanda,RWA,2004,387.066145752688,0.6867,1277.19280440829,8816844.0,16.9020099536792,0.07788501191582839,7.15241982694462,-2.552521746210983
Rwanda,RWA,2005,352.136028277729,0.7419,1360.29587570276,9054528.0,16.9072114459454,0.08193690493861193,7.21545751073209,-2.5018057798661375
Rwanda,RWA,2006,350.903344670586,0.7446,1446.71094686551,9299246.0,16.9110139245047,0.08007100790752282,7.277047946390293,-2.5248414391471363
Rwanda,RWA,2007,347.627010114549,0.6778,1516.26750609323,9549933.0,16.9140836058266,0.07097431992454817,7.324007005842544,-2.6454371585704086
Rwanda,RWA,2008,347.008912213796,0.6778,1641.77767401672,9804269.0,16.9170867063804,0.06913315005942819,7.403534881342427,-2.671720922879141
Rwanda,RWA,2009,350.122128007432,0.6965,1699.94452992694,10060432.0,16.9206894426355,0.06923161947717553,7.438350900057214,-2.670297591857798
Rwanda,RWA,2010,349.056987418247,0.7312,1779.15851051568,10317553.0,16.9255580310614,0.07086951721982916,7.483895784604781,-2.6469148783769225
Rwanda,RWA,2011,350.444162856993,0.7618,1874.21498172873,10573733.0,16.9323586881273,0.07204645700813515,7.535945174323728,-2.6304441318173746
Rwanda,RWA,2012,354.165609155772,0.8472,1988.01219478847,10829901.0,16.9410248882148,0.07822786191674329,7.5948905213971365,-2.5481294043918195
Rwanda,RWA,2013,354.886177609396,0.9431,2032.40480194092,11093340.0,17.0742206053612,0.08501497294773261,7.61697500241159,-2.464927885678554
Rwanda,RWA,2014,352.158641161359,0.9592,2106.21454365589,11364757.0,17.5020716539756,0.08440127668369857,7.652647560086406,-2.472172750910525
Rwanda,RWA,2015,350.169173195487,1.1072,2238.53941469642,11640022.0,18.1953149858416,0.09512009513384082,7.713578885163452,-2.3526150264546017
Rwanda,RWA,2016,347.74298432412,1.2106,2316.63731573814,11919183.0,19.1213951786548,0.10156736413896825,7.747871980344919,-2.287033014544306
Rwanda,RWA,2017,352.157966903596,1.3115,2351.59686866227,12202060.0,20.2477568101111,0.10748185142508723,7.762849894949679,-2.230433269619464
Rwanda,RWA,2018,355.698420076335,1.4591,2493.44001744938,12487996.0,21.5418444579064,0.11684020398469058,7.821418569132121,-2.1469480556177447
Rwanda,RWA,2019,357.419084978587,1.5151,2667.46458436613,12776103.0,22.9711026997362,0.11858858683277679,7.888883706374044,-2.1320950294877945
Rwanda,RWA,2020,358.132557033915,1.4554,2520.31739425373,13065837.0,24.5029761132966,0.11138972574049408,7.832140122675107,-2.1947201842836126
Rwanda,RWA,2021,365.508479917565,1.7066,2733.43566762447,13355260.0,26.1049092762833,0.12778485780134569,7.913314583258205,-2.0574072276159794
Rwanda,RWA,2022,372.991402429343,2.2012,2892.45964942821,13651030.0,27.7806702737761,0.16124790583567686,7.969862508902494,-1.8248123104561578
Rwanda,RWA,2023,,2.2883,3062.99909649442,13954471.0,28.8555310645477,0.16398328535707302,8.02714981185866,-1.8079907749064204
Samoa,WSM,1992,,0.1243,3861.88898142388,170331.0,21.2265977009629,0.7297555935208506,8.258911716180629,-0.3150456042949652
Samoa,WSM,1993,,0.1413,3986.45388042165,171774.0,21.3371352093158,0.8225924761605365,8.290657362935871,-0.19529436964079966
Samoa,WSM,1994,,0.1452,3854.03940619772,173159.0,21.4491707347126,0.8385356810792393,8.25687707367495,-0.17609814516063374
Samoa,WSM,1995,,0.1318,4077.99085675777,174571.0,21.5591351263865,0.7549936701972263,8.31335970904208,-0.28104591361299036
Samoa,WSM,1996,,0.133,4333.51287211017,176071.0,21.6634592335707,0.755377092195762,8.374133778942705,-0.28053819455973655
Samoa,WSM,1997,,0.137,4325.13822221329,177547.0,21.7585739054982,0.7716266678682264,8.37219937774855,-0.2592544367693907
Samoa,WSM,1998,,0.1409,4386.51915961412,178905.0,21.8409099914022,0.7875688214415472,8.38629128941804,-0.23880451979410755
Samoa,WSM,1999,,0.1407,4448.31977912795,180275.0,21.9068983405159,0.7804742754125641,8.400281726135812,-0.2478534986824799
Samoa,WSM,2000,,0.186,4638.59446502597,181685.0,21.9529698020724,1.0237498967994056,8.442166682311408,0.023472255378695673
Samoa,WSM,2001,,0.2009,4941.1152254089,183166.0,21.9749895503804,1.0968192786870925,8.505346338834695,0.0924144263243754
Samoa,WSM,2002,,0.2076,5183.45456244226,184471.0,21.9431903680112,1.125380141051981,8.553227016918296,0.11812088173728523
Samoa,WSM,2003,,0.2143,5425.44383557984,185430.0,21.7806875309864,1.155692174944723,8.598854988072267,0.14469945014023972
Samoa,WSM,2004,300.672755289961,0.2106,5568.34734622238,186249.0,21.5282844040566,1.130744326144033,8.624853582651586,0.1228761115821369
Samoa,WSM,2005,304.848698777396,0.2178,5914.889706043,186978.0,21.2352904191687,1.1648429226967878,8.68522812975394,0.152586247624055
Samoa,WSM,2006,303.661518627237,0.2187,6017.47704264273,187709.0,20.9567957063672,1.165101300417135,8.70242335455111,0.15280803638521354
Samoa,WSM,2007,307.27988429323,0.2381,6013.27628827659,188753.0,20.6944481303605,1.2614369043141036,8.701725018475004,0.23225147145025682
Samoa,WSM,2008,,0.2442,6182.76327854773,190107.0,20.4038457706991,1.2845397591882466,8.729520582968899,0.25040049013527904
Samoa,WSM,2009,,0.2482,6104.12751491364,191513.0,20.1045321482817,1.295995572102155,8.716720463131681,0.25927918133640304
Samoa,WSM,2010,,0.2631,6427.31156227699,193023.0,19.8302101862085,1.3630499992228906,8.768311621289353,0.3097248352572033
Samoa,WSM,2011,,0.2677,6616.7710962495,194713.0,19.6174273708146,1.3748440011709542,8.797362780131168,0.31834027098832596
Samoa,WSM,2012,,0.2681,6311.96070235073,196498.0,19.478718368689,1.3643904772567659,8.75020163664301,0.31070779210144334
Samoa,WSM,2013,,0.2788,6262.32372017912,198268.0,19.3865949620667,1.4061774971251033,8.742306596522553,0.3408750280415279
Samoa,WSM,2014,,0.2865,6247.90480904724,200037.0,19.3126679480432,1.4322350365182441,8.740001455975683,0.35923618671714735
Samoa,WSM,2015,,0.3288,6432.35979168526,201782.0,19.2340105383551,1.6294813214260935,8.769096747056356,0.4882617564658005
Samoa,WSM,2016,,0.3542,6887.30523545286,203499.0,19.126462366749,1.7405490936073396,8.837435175087164,0.5542006344830712
Samoa,WSM,2017,,0.3165,6919.01572858501,205415.0,18.9657191879831,1.54078329235937,8.84202880274164,0.4322909185186197
Samoa,WSM,2018,,0.3447,6805.0451717529,207582.0,18.7241267935467,1.6605486024799838,8.825419553087473,0.5071480311925116
Samoa,WSM,2019,,0.3735,7033.52113384547,209780.0,18.4147344481283,1.7804366479168652,8.858442731934186,0.5768586420394141
Samoa,WSM,2020,,0.3132,6745.29241350438,211944.0,18.0516608994722,1.4777488393160458,8.816600120334387,0.3905198752820373
Samoa,WSM,2021,,0.3435,6350.11428353253,213779.0,17.5672426452007,1.606799545324845,8.756228089131483,0.4742443405335979
Samoa,WSM,2022,,0.3324,6449.36505263744,215261.0,17.5007949951039,1.5441719586920064,8.77173696349258,0.434487817611009
Samoa,WSM,2023,,0.3333,7383.74570300182,216663.0,17.5012799804602,1.5383337256476648,8.907036336667908,0.43069983431224085
Sao Tome and Principe,STP,1992,,0.0435,3798.88352929514,128110.0,45.7968298871752,0.33955194754507845,8.2424624944642,-1.080128331773704
Sao Tome and Principe,STP,1993,,0.0424,3771.28612416062,130467.0,46.7288366793672,0.324986395027095,8.235171369256859,-1.1239719589837072
Sao Tome and Principe,STP,1994,,0.0517,3788.48370442152,132732.0,47.625880905236,0.3895066751047223,8.239721140034876,-0.942874276193734
Sao Tome and Principe,STP,1995,,0.0532,3802.29132302174,134895.0,48.5003270529522,0.39438081470773567,8.2433591437378,-0.9304383016869897
Sao Tome and Principe,STP,1996,,0.0551,3801.08164933857,136962.0,49.3645396106862,0.40230136826272983,8.24304094977368,-0.9105537989316815
Sao Tome and Principe,STP,1997,,0.0547,3784.7902343178,138922.0,50.2308830666086,0.3937461309223881,8.238745744076292,-0.9320489151194276
Sao Tome and Principe,STP,1998,,0.056,3828.99823839083,140751.0,51.1117219088898,0.39786573452408863,8.25035849140689,-0.9216406810551487
Sao Tome and Principe,STP,1999,,0.0584,3878.13108525246,142442.0,52.0194206257004,0.4099914351104309,8.263108637514051,-0.8916190094765409
Sao Tome and Principe,STP,2000,,0.0547,3852.89042721453,144018.0,52.9663437052108,0.37981363440681026,8.25657890591774,-0.968074582336216
Sao Tome and Principe,STP,2001,,0.0558,3907.0192818698,146375.0,53.9612039920776,0.38121263877028183,8.270530030254001,-0.9643979525306161
Sao Tome and Principe,STP,2002,,0.0644,3942.76040695115,149922.0,55.0882710997103,0.4295567028187991,8.279636367880041,-0.8450015257390602
Sao Tome and Principe,STP,2003,,0.073,4161.63833167542,153814.0,56.4128470868097,0.4745991912309673,8.333664105454405,-0.7452846390886109
Sao Tome and Principe,STP,2004,240.956215719223,0.0826,4202.56186898775,157705.0,57.8774845467458,0.5237627215370471,8.34344958712271,-0.6467165187098931
Sao Tome and Principe,STP,2005,266.024907355279,0.0893,4371.49721644128,161639.0,59.4188016908917,0.5524656796936382,8.382860841869348,-0.5933639657212043
Sao Tome and Principe,STP,2006,265.639527161642,0.0952,4644.18044669991,165638.0,60.9734167306206,0.5747473405860974,8.443370197941446,-0.5538247424289814
Sao Tome and Principe,STP,2007,259.281084266352,0.0978,4698.08416961839,169700.0,62.4779478773056,0.5763111373011196,8.454910081111665,-0.551107595199409
Sao Tome and Principe,STP,2008,,0.1047,4873.1813112046,173793.0,63.8690133423199,0.6024408347862111,8.491502249457836,-0.5067658179641767
Sao Tome and Principe,STP,2009,,0.1146,4919.19529822865,177853.0,65.0832313370367,0.6443523584083485,8.500900238838804,-0.43950956211887454
Sao Tome and Principe,STP,2010,,0.1236,4882.04796466341,181802.0,66.0572200728291,0.6798605075851751,8.493320075702556,-0.3858676377593863
Sao Tome and Principe,STP,2011,,0.1273,4876.47315792145,185649.0,66.7275977610702,0.6857025892948521,8.492177524023178,-0.37731128856528584
Sao Tome and Principe,STP,2012,,0.1328,4919.55294386577,189439.0,67.0335889448132,0.7010172139844488,8.500972940289941,-0.3552228359231587
Sao Tome and Principe,STP,2013,,0.1334,5072.11200195866,193148.0,67.1306686401367,0.690662082962288,8.531512578278347,-0.3701046009305095
Sao Tome and Principe,STP,2014,,0.1316,5223.09572886388,196767.0,67.2606735229492,0.6688113352340586,8.560845556597627,-0.40225326873975314
Sao Tome and Principe,STP,2015,,0.1407,5210.2037755431,200291.0,67.3915710449219,0.7024778946632649,8.558374246370853,-0.3531413449408313
Sao Tome and Principe,STP,2016,,0.1464,5388.5091334891,203689.0,67.5218887329102,0.7187427892522424,8.592024027032036,-0.3302517192656073
Sao Tome and Principe,STP,2017,,0.1491,5521.20249597413,206970.0,67.6520004272461,0.7203942600376866,8.616350959020272,-0.32795663345543435
Sao Tome and Principe,STP,2018,,0.1525,5674.72379094011,210187.0,67.7828826904297,0.725544396180544,8.64377716996514,-0.3208330146217656
Sao Tome and Principe,STP,2019,,0.1591,5702.08347071236,213392.0,67.9129943847656,0.7455762165404514,8.648586908213657,-0.2935979145362975
Sao Tome and Principe,STP,2020,,0.1541,5742.94724858826,217435.0,68.0436706542969,0.7087175477728976,8.655727815481393,-0.34429821296322416
Sao Tome and Principe,STP,2021,,0.1583,5732.69456061536,221961.0,68.1738967895508,0.7131883529088443,8.653940954080293,-0.3380097238768584
Sao Tome and Principe,STP,2022,,0.1412,5632.13890715047,226305.0,68.3720919798341,0.6239367225646804,8.63624456144539,-0.47170632190100587
Sao Tome and Principe,STP,2023,,0.1456,5541.3016760535,230871.0,68.6043921103568,0.6306552143837901,8.619984711719095,-0.4609959772142036
Saudi Arabia,SAU,1992,6582.97119687211,190.9731,67183.9100290945,11686676.0,78.0,16.341096476021068,11.115189063751467,2.793683190976157
Saudi Arabia,SAU,1993,6537.84679475271,201.0902,64517.6652891052,12215862.0,78.3431652316083,16.461400759111392,11.074694345736702,2.8010182924246174
Saudi Arabia,SAU,1994,6591.02644141393,218.7632,62403.6937320122,12750040.0,78.64816223271,17.15784421068483,11.04137974702887,2.8424554574198937
Saudi Arabia,SAU,1995,6316.7131696411,217.1595,60058.3174503511,13289245.0,78.9202387655061,16.340996046050773,11.00307132666524,2.793677045104669
Saudi Arabia,SAU,1996,6494.45936719249,230.5204,59612.8125993665,13831009.0,79.164642592198,16.666925746342873,10.995625806448743,2.81342626141979
Saudi Arabia,SAU,1997,6019.93240274695,233.2168,58875.5473738828,14374943.0,79.3866214749866,16.223841722363698,10.983181128496438,2.7864818715897166
Saudi Arabia,SAU,1998,6169.38088980637,249.5028,58306.622809723,14922185.0,79.5914231760733,16.720259130951668,10.973470964681292,2.8166211057991184
Saudi Arabia,SAU,1999,6054.28343091785,254.3174,55878.1736494426,15472075.0,79.7842954576591,16.43718764289858,10.930929129398033,2.799546307044035
Saudi Arabia,SAU,2000,6516.00755562211,265.2402,55962.2661342789,16177722.0,79.9704860819453,16.395398561058226,10.932432923568479,2.79700071991624
Saudi Arabia,SAU,2001,6348.58935367071,275.7907,53309.111388544,17041397.0,80.155242811133,16.18357344764634,10.8838625409205,2.783996743094871
Saudi Arabia,SAU,2002,6826.99573187577,293.7233,50371.9783079834,17910910.0,80.3438134074234,16.39912768251306,10.827190313489247,2.7972281433248427
Saudi Arabia,SAU,2003,6631.81585672969,308.3271,52234.649280791,18786767.0,80.5414456330177,16.411929737564744,10.86350133299217,2.7980084934085006
Saudi Arabia,SAU,2004,6375.54473048108,327.0192,54196.5514152953,19669480.0,80.7542316538166,16.625716592406103,10.900372558379381,2.81095068891562
Saudi Arabia,SAU,2005,6447.07190249029,346.3837,54931.7942450845,20559890.0,80.9775503092999,16.84754636333171,10.913847590013734,2.8242050297757872
Saudi Arabia,SAU,2006,6605.44101687621,366.7435,54373.737695386,21459144.0,81.2008588083072,17.09031357448368,10.903636553324018,2.8385118453783433
Saudi Arabia,SAU,2007,6696.94747279399,387.8798,53318.4191601834,22368313.0,81.4230015549063,17.340592471144337,10.88403712569453,2.85305013865475
Saudi Arabia,SAU,2008,6980.05897029755,420.4933,54407.7081673247,23287877.0,81.6441431042994,18.056317456503226,10.904261117058644,2.8934956211342273
Saudi Arabia,SAU,2009,7125.05300494705,444.0201,51760.7643987566,24217654.0,81.8644480116889,18.33456287714739,10.854387697202453,2.908787960341757
Saudi Arabia,SAU,2010,7965.26121862505,486.877,54911.547517012,23978487.0,82.0791668544465,20.304742330072784,10.91347894266603,3.0108544710834892
Saudi Arabia,SAU,2011,7979.3799657336,509.215,58645.4459416531,25091867.0,82.2543876159947,20.294025948726734,10.979265203013199,3.0103265544963977
Saudi Arabia,SAU,2012,7862.42354103658,539.3427,59471.7001909394,26168861.0,82.4311918025358,20.61009457003115,10.993255851344266,3.0257809834425995
Saudi Arabia,SAU,2013,7401.17130265584,547.1964,57998.4644619155,27624004.0,82.6071884619102,19.808728669457185,10.968171814383533,2.9861226824500284
Saudi Arabia,SAU,2014,7959.81351652344,585.9278,58872.2671400126,28309273.0,82.7822571294871,20.697380678055563,10.983125412237337,3.030007154972803
Saudi Arabia,SAU,2015,7786.91651664863,611.4483,58498.5399040699,29816382.0,82.9562773406163,20.50712591487458,10.97675707400368,3.0207724313471696
Saudi Arabia,SAU,2016,7521.58911581712,609.5099,57308.4484127497,30954198.0,83.129128630626,19.690702372582873,10.956203333592647,2.980146563552802
Saudi Arabia,SAU,2017,7707.05632967392,603.3295,57942.5484983044,30977355.0,83.300690534822,19.476469182084784,10.96720725548382,2.9692070282995835
Saudi Arabia,SAU,2018,7650.66372475004,580.0429,61359.4653740388,30196281.0,83.4708425884849,19.20908405906012,11.024504723063787,2.9553832952199866
Saudi Arabia,SAU,2019,7668.22165933444,579.8088,62647.7299487842,30063799.0,83.6394643268678,19.285945864659354,11.045282725809558,2.959376637108175
Saudi Arabia,SAU,2020,7170.88694947248,577.1045,57420.7335736424,31552510.0,83.8064352851942,18.290288157740857,10.95816072917064,2.906370217212557
Saudi Arabia,SAU,2021,7465.87573152761,590.321,62690.4966645929,30784383.0,83.9716349986538,19.175989331993435,11.04596514678557,2.9536589408111857
Saudi Arabia,SAU,2022,7529.60103058863,620.4308,67178.5902274906,32175224.0,84.1349430023993,19.282874301046046,11.115109877942979,2.959217360075245
Saudi Arabia,SAU,2023,,635.4338,64481.8441927288,33702731.0,84.2962388315415,18.85407446654694,11.074138977775368,2.936729042607982
Senegal,SEN,1992,217.81353234851,2.6138,2874.00297966311,8168395.0,39.3197068566225,0.3199894226466766,7.963461103403607,-1.1394673379638034
Senegal,SEN,1993,211.181913648416,2.5522,2834.02797281318,8396288.0,39.4885845930629,0.30396765808890785,7.949454290637051,-1.1908339711009404
Senegal,SEN,1994,204.210840716291,2.6067,2757.86087513844,8624078.0,39.6503464421449,0.302258397941206,7.92221061296866,-1.1964730051215084
Senegal,SEN,1995,210.782876892548,2.7547,2835.03272874496,8848101.0,39.808479397638,0.3113323412560503,7.949808760626065,-1.1668943159702168
Senegal,SEN,1996,210.661913604609,2.9716,2822.46837323856,9067014.0,39.9664704533115,0.3277374447640646,7.945367090731121,-1.115542464428093
Senegal,SEN,1997,218.163274180958,3.269,2840.60808859832,9283495.0,40.1278066029348,0.3521303129909587,7.95177342393939,-1.0437539645331988
Senegal,SEN,1998,225.041071935715,3.6668,2938.69162551525,9502952.0,40.2959748402772,0.3858590467467372,7.985719735944615,-0.9522831400744234
Senegal,SEN,1999,231.69376452684,4.0462,3050.17800998696,9730887.0,40.474462159108,0.41580998731153695,8.022955231828501,-0.8775268843384224
Senegal,SEN,2000,240.56962512208,3.9891,3093.28791602615,9968260.0,40.6667555531967,0.4001801718655011,8.036989854685217,-0.9158404036233916
Senegal,SEN,2001,253.79128464664,4.5133,3149.33113703503,10212942.0,40.8763420163126,0.4419196740762848,8.054945371823694,-0.8166271462789401
Senegal,SEN,2002,249.886211773534,4.6805,3075.23157503112,10466214.0,41.1081471561292,0.4472008693879181,8.03113548635825,-0.804747413073553
Senegal,SEN,2003,235.81440136714,4.5437,3170.03494688479,10721176.0,41.35893934855,0.4238061197764126,8.061497891064436,-0.8584791930058254
Senegal,SEN,2004,247.017188309568,5.177,3240.3020166984,10975704.0,41.6248193895895,0.47167817207898466,8.083421819472495,-0.7514583647700948
Senegal,SEN,2005,246.435668804505,5.7486,3301.82076160815,11235472.0,41.9057599695838,0.5116473967448809,8.102229341240609,-0.6701195694230689
Senegal,SEN,2006,241.589611245821,5.6142,3301.03152414193,11500094.0,42.2046413043069,0.48818731394717296,8.101990281683973,-0.7170561067210564
Senegal,SEN,2007,253.743519677808,6.2195,3316.42037834774,11770344.0,42.524343609533,0.5284042675388247,8.106641280942682,-0.6378936300251254
Senegal,SEN,2008,259.2346121475,6.4443,3359.70567090311,12048959.0,42.867747101036,0.5348428855970047,8.119608651174822,-0.625782246997432
Senegal,SEN,2009,304.736226945897,6.593,3371.46166688616,12337389.0,43.23773199459,0.5343918393105705,8.123101658359491,-0.626625927627478
Senegal,SEN,2010,313.396782040786,6.9781,3403.56707165919,12635413.0,43.6371785059692,0.5522652880440078,8.132579299366137,-0.5937267538708635
Senegal,SEN,2011,317.49118236804,7.479,3362.87940537332,12958897.0,44.0689668509475,0.5771324519363029,8.12055285185655,-0.5496834860680133
Senegal,SEN,2012,302.418621518753,7.3641,3405.10864460824,13310495.0,44.5359772452989,0.5532551569269212,8.133032125448516,-0.591935978943184
Senegal,SEN,2013,271.06546719919,7.8409,3385.42590686562,13710849.0,45.0398750539456,0.5718756001178337,8.127234999252927,-0.5588337935665261
Senegal,SEN,2014,284.845981855555,8.3827,3484.01219749797,14152102.0,45.6020905341588,0.5923289699296966,8.155939838970275,-0.5236931059891939
Senegal,SEN,2015,296.775621300382,9.2184,3593.79477120389,14593331.0,46.2747669629858,0.6316858022339108,8.186963962542185,-0.4593631568185659
Senegal,SEN,2016,287.042022425235,10.2971,3710.05531589724,15034521.0,47.0553579909929,0.6848971111217976,8.218802065435677,-0.37848665474337456
Senegal,SEN,2017,278.019674604295,10.2029,3871.4514678592,15475002.0,47.9338349639053,0.6593149390223019,8.261384772002163,-0.41655395420513486
Senegal,SEN,2018,274.379032674082,10.7355,3998.28635303406,15914498.0,48.9001692274485,0.6745735869268387,8.293621136566014,-0.3936745108020514
Senegal,SEN,2019,298.559525125339,11.0288,4070.61227058594,16352922.0,49.9443321273477,0.6744238124538232,8.311548702155827,-0.3938965638226126
Senegal,SEN,2020,280.607903309744,10.8149,4018.04129277358,16789219.0,51.0562950093282,0.6441574203064478,8.298549822269205,-0.43981214127909224
Senegal,SEN,2021,294.173427358174,13.1241,4173.67741399619,17220867.0,52.2260292191155,0.7621044863769054,8.336552800030553,-0.2716716114662126
Senegal,SEN,2022,315.965932815121,14.5438,4228.73382642974,17651103.0,53.4435061024348,0.823959839790182,8.349657895418314,-0.19363348837911729
Senegal,SEN,2023,291.050601075038,13.717,4304.76148720232,18077573.0,54.6992276190794,0.7587854851975981,8.367477011657378,-0.27603616973154116
Seychelles,SYC,1992,,0.3192,16744.5080816034,70763.0,48.3956533724673,4.510831931941834,9.725825607765044,1.50648160034842
Seychelles,SYC,1993,,0.3204,17596.8977617171,72253.0,48.0597061439028,4.43441794804368,9.775477901951199,1.489396366572348
Seychelles,SYC,1994,,0.3193,16716.5207188923,74205.0,47.6882836168039,4.302944545515801,9.72415277400942,1.4592995663729547
Seychelles,SYC,1995,,0.34,16552.4547815231,75304.0,46.8516399097002,4.515032401997238,9.714289694973678,1.507412363365288
Seychelles,SYC,1996,,0.3521,17942.1733036627,76417.0,45.4469524119701,4.607613489145086,9.794909271177625,1.5277100416518925
Seychelles,SYC,1997,,0.3711,19895.1422188431,77319.0,44.3776725669881,4.799596476933225,9.89823087130711,1.568531847074413
Seychelles,SYC,1998,,0.3797,19991.2293154949,78846.0,43.9534538495124,4.815716713593588,9.903048922126619,1.5718848843482007
Seychelles,SYC,1999,,0.3962,19969.3513746174,80410.0,43.6406066285756,4.927247854744435,9.901953945893261,1.5947805877043928
Seychelles,SYC,2000,,0.7545,20633.6746950761,81131.0,43.3974230710038,9.299774438870468,9.93467971405558,2.2299901459801843
Seychelles,SYC,2001,,0.8382,20147.4187656167,81202.0,43.2172985855685,10.32240585207261,9.91083145820725,2.3343168580847937
Seychelles,SYC,2002,,0.7586,19777.7525249721,83723.0,43.0948464521927,9.060831551664418,9.892312975109935,2.2039608985875265
Seychelles,SYC,2003,,0.7652,18825.2206936189,82781.0,43.0049328648162,9.243667025041978,9.842952776031986,2.2239386711058646
Seychelles,SYC,2004,3103.97090027281,1.0615,18356.4711447212,82475.0,42.9237756892027,12.87056683843589,9.817737442254474,2.5549430640286657
Seychelles,SYC,2005,2751.69567211374,0.9643,19917.1194534221,82858.0,42.8510349075107,11.637983055347703,9.899334914930266,2.4542741502571084
Seychelles,SYC,2006,2872.34042553192,1.0495,21341.8597526003,84600.0,42.7880431397027,12.405437352245864,9.968425669727699,2.51813487264851
Seychelles,SYC,2007,2410.82873707855,0.8675,23117.8555224771,85033.0,42.7361330057413,10.201921606905554,10.048360564266257,2.322576095380402
Seychelles,SYC,2008,,0.9212,21990.3685269705,86956.0,42.696637125589,10.59386356318138,9.998359842251967,2.3602749243515975
Seychelles,SYC,2009,,1.0202,21361.1307875284,87298.0,42.6708881192085,11.686407477834544,9.969328231163916,2.458426412413142
Seychelles,SYC,2010,,0.917,21708.7554506566,89770.0,42.660307244583,10.214993873231592,9.985470935142382,2.3238566284878677
Seychelles,SYC,2011,,0.7817,24406.4129764105,87441.0,42.6739844860866,8.9397422261868,10.102601203650423,2.190506755009856
Seychelles,SYC,2012,,0.8866,24919.955210328,88303.0,42.7261758463169,10.040428977497934,10.12342417556141,2.306619840193241
Seychelles,SYC,2013,,0.8023,24770.6514591794,89949.0,42.815069634181,8.919498827113141,10.117414822467772,2.1882397597122476
Seychelles,SYC,2014,,0.9261,25379.4180707013,91359.0,42.9386256186342,10.136932321938724,10.141693812349143,2.31618542003771
Seychelles,SYC,2015,,0.9868,27032.2083880002,93419.0,43.094803568632,10.563161669467668,10.204784337301975,2.3573726339844963
Seychelles,SYC,2016,,1.1003,29905.1347389952,94677.0,43.2815632531296,11.621618766965577,10.305785475035977,2.452867050410159
Seychelles,SYC,2017,,1.1528,31595.6680570505,95843.0,43.4968644410824,12.028004131757145,10.360775303375549,2.487237608637792
Seychelles,SYC,2018,,1.0053,32841.4242467381,96762.0,43.7386669014459,10.38940906554226,10.399445931893244,2.340786928184941
Seychelles,SYC,2019,,0.8948,34346.0708923483,97625.0,44.0049304031754,9.165685019206146,10.444242906605856,2.2154666214561245
Seychelles,SYC,2020,,0.8388,30056.1994300968,98462.0,44.2936147152263,8.519022567081716,10.310824222515821,2.142301612086625
Seychelles,SYC,2021,,0.7882,29979.8272686091,99258.0,44.6026796065539,7.940921638558101,10.308280010085925,2.0720293439079693
Seychelles,SYC,2022,,0.8424,27978.1770550937,119878.0,44.9108209981157,7.02714426333439,10.239180094384844,1.9497804018604885
Seychelles,SYC,2023,,0.8395,28635.3563581744,119773.0,45.0971081321658,7.009092199410552,10.262397469596841,1.947208191863193
Sierra Leone,SLE,1992,,0.5195,2257.44939868809,4166366.0,33.8956435735053,0.12468899755806377,7.72199087028382,-2.081932661479343
Sierra Leone,SLE,1993,,0.5065,2293.56354039047,4157130.0,34.102113310888,0.1218388647937399,7.7378620182056626,-2.1050558876272447
Sierra Leone,SLE,1994,,0.5234,2240.29005098829,4173105.0,34.3032993469197,0.1254221976202372,7.714360623514705,-2.0760696519330892
Sierra Leone,SLE,1995,,0.5675,2058.07683318146,4179179.0,34.5015825546266,0.13579222139085212,7.629527249604517,-1.9966293453887294
Sierra Leone,SLE,1996,,0.6397,2084.1822265,4199210.0,34.6993438070346,0.15233817789536602,7.642131839789503,-1.8816523748851446
Sierra Leone,SLE,1997,,0.6193,1936.55653107258,4253716.0,34.8989639771697,0.14559034970834914,7.568666690923543,-1.926958424891757
Sierra Leone,SLE,1998,,0.6542,1951.82091117813,4295785.0,35.1028239380579,0.1522888133367941,7.576518016441407,-1.8819764732771116
Sierra Leone,SLE,1999,,0.6804,1903.3269610781,4318043.0,35.3133045627252,0.15757138129472079,7.551358666031386,-1.8478767088174965
Sierra Leone,SLE,2000,,0.4316,1981.50608696758,4423611.0,35.5327867241975,0.09756734938944676,7.591612484524626,-2.3272123764765804
Sierra Leone,SLE,2001,,0.5494,1749.35086324104,4692716.0,35.763651295501,0.11707505845229074,7.467000062813213,-2.1449400246404737
Sierra Leone,SLE,2002,,0.5798,2089.26152736756,4971435.0,36.0082791496616,0.11662628597175664,7.644565946333148,-2.1487805933223094
Sierra Leone,SLE,2003,,0.6169,2196.28134548105,5177687.0,36.2690511597053,0.11914586571185164,7.69452091167313,-2.127406774219393
Sierra Leone,SLE,2004,,0.6125,2260.83818961545,5355717.0,36.5491283814755,0.11436377239499398,7.723490903868029,-2.168370925057448
Sierra Leone,SLE,2005,,0.5675,2296.65767887048,5501712.0,36.8485519672439,0.10314971049011654,7.739210161922857,-2.2715738461569726
Sierra Leone,SLE,2006,,0.7116,2342.75461136539,5624466.0,37.1703805343647,0.12651867750645127,7.759082700357728,-2.0673653334411535
Sierra Leone,SLE,2007,,0.6672,2377.80530113361,5749352.0,37.5122859420526,0.1160478606980404,7.7739331988498375,-2.153752580744053
Sierra Leone,SLE,2008,,0.6468,2404.65198784353,5894722.0,37.8725951588418,0.10972527627257062,7.785160468469922,-2.209775525547527
Sierra Leone,SLE,2009,,0.6527,2376.58254518958,6055646.0,38.2496351532666,0.10778371126713814,7.773418829382932,-2.227628733342223
Sierra Leone,SLE,2010,,0.7103,2459.76814418708,6222714.0,38.6417328938613,0.11414633550569735,7.807822374154112,-2.170274008968431
Sierra Leone,SLE,2011,,0.8684,2590.52839483651,6387251.0,39.0472153491602,0.135958333248529,7.859617147336059,-1.9954068133605145
Sierra Leone,SLE,2012,,0.9744,2792.92626544926,6551080.0,39.4644094876975,0.14873883390219628,7.934845165829157,-1.9055633035777289
Sierra Leone,SLE,2013,,1.1227,3124.72832450941,6714051.0,39.8916422780075,0.16721648375920886,8.047102622234346,-1.7884659961143143
Sierra Leone,SLE,2014,,1.207,2812.52832195116,6876385.0,40.3272406886245,0.1755282753947023,7.941839116489052,-1.739955135693453
Sierra Leone,SLE,2015,,1.0224,2628.17058146385,7037655.0,40.7669565187099,0.14527566355554514,7.8740432867308074,-1.9291222134489168
Sierra Leone,SLE,2016,,1.0587,2732.26093997048,7205328.0,41.229411538771,0.14693293629380924,7.912884728563949,-1.9177790119898124
Sierra Leone,SLE,2017,,1.0446,2753.42719846704,7379299.0,41.7106682105058,0.14155816155436987,7.920601668718734,-1.9550446106309567
Sierra Leone,SLE,2018,,1.2108,2767.38003381598,7554563.0,42.2011025267803,0.16027399599420905,7.92565631542859,-1.830870453397917
Sierra Leone,SLE,2019,,1.2073,2852.66269917494,7731991.0,42.7018444914441,0.1561434823191077,7.956008117506659,-1.8569799359954104
Sierra Leone,SLE,2020,,1.2307,2752.62615440121,7912558.0,43.2129659123546,0.15553756446398245,7.920310700208208,-1.8608680044210506
Sierra Leone,SLE,2021,,1.4724,2849.38865926436,8094602.0,43.7345385973699,0.18189899886368718,7.954859744731819,-1.7043036972462289
Sierra Leone,SLE,2022,,1.4668,2934.73326430435,8276807.0,44.2666343543487,0.17721809871850341,7.984371847145677,-1.730374108789205
Sierra Leone,SLE,2023,,1.4104,3034.94608285625,8460512.0,44.809324991151,0.16670385905722962,8.017948938214298,-1.7915363397799042
Singapore,SGP,1992,4588.88701797782,34.1903,48897.810341575,3230698.0,100.0,10.582945233506814,10.797487896169486,2.3592437651484492
Singapore,SGP,1993,5487.72262199385,39.4656,53139.844472382,3313471.0,100.0,11.910652002084824,10.880682292557207,2.4774331259565323
Singapore,SGP,1994,6460.58950762107,41.6441,57213.0977645801,3419048.0,100.0,12.180027890804691,10.95453813305379,2.499797552164572
Singapore,SGP,1995,5346.98780182868,41.3412,59483.6383121123,3524506.0,100.0,11.729643813913212,10.993456567366987,2.462119296809053
Singapore,SGP,1996,5359.513368456,42.5208,61381.7523709208,3670704.0,100.0,11.583826971610895,11.024867877308731,2.4496098986888226
Singapore,SGP,1997,5818.45053429947,42.1917,64291.2024694333,3796038.0,100.0,11.114667450641958,11.071178080793969,2.4082656279979946
Singapore,SGP,1998,5083.35878222717,41.0625,60782.1972058002,3927213.0,100.0,10.455888183299454,11.015052215962172,2.3471652822421163
Singapore,SGP,1999,4587.57994680042,41.4082,63746.4792227046,3958723.0,100.0,10.459989244006211,11.062669233616413,2.3475574303385627
Singapore,SGP,2000,4634.81368272521,45.5193,68314.5444027166,4027887.0,100.0,11.301036995327824,11.13187797168377,2.4248944910057695
Singapore,SGP,2001,5146.02323865296,45.9066,65784.4018813783,4138012.0,100.0,11.093877929788507,11.094138035737299,2.406393418308445
Singapore,SGP,2002,5066.19603486754,45.2172,67744.2702679808,4175950.0,100.0,10.828003208850681,11.12349516347524,2.3821356680995063
Singapore,SGP,2003,6217.05880619521,42.4426,71877.5348633552,4114826.0,100.0,10.314555220560967,11.182719045141834,2.333556025919368
Singapore,SGP,2004,7371.02793327917,44.523,78039.024710382,4166664.0,100.0,10.685526838737177,11.264964297354778,2.36889019394185
Singapore,SGP,2005,4925.75757554205,41.7315,81841.1587801054,4265762.0,100.0,9.782894591868931,11.312535559617466,2.2806354107948317
Singapore,SGP,2006,5128.30865666219,41.9694,86463.8283836607,4401365.0,100.0,9.535541814868797,11.367481436487923,2.2550260612312383
Singapore,SGP,2007,4537.4171693226,43.3583,90417.8073849967,4588599.0,100.0,9.44913687162465,11.412196511328707,2.2459234009982185
Singapore,SGP,2008,4958.46248257993,42.9155,87329.5937792686,4839396.0,100.0,8.867945503943053,11.377444673837,2.182443146487444
Singapore,SGP,2009,5321.08304981114,43.7607,84843.5194001734,4987573.0,100.0,8.773946767295437,11.34856389061141,2.171786735629132
Singapore,SGP,2010,4856.84920025022,48.8859,95456.1893079996,5076732.0,100.0,9.629403324816042,11.466422670508951,2.2648212638505605
Singapore,SGP,2011,4086.3260711538,51.3367,99296.7561111269,5183688.0,100.0,9.903508853156286,11.505868181938006,2.292889123956953
Singapore,SGP,2012,4787.02308838074,50.1515,101187.825333454,5312437.0,100.0,9.440394304911287,11.524733725569401,2.2449977488731445
Singapore,SGP,2013,5273.75292208676,52.6259,104359.030680724,5399162.0,100.0,9.747049634739613,11.555592450981427,2.276964637651496
Singapore,SGP,2014,4986.32779651842,53.8631,107066.858613992,5469724.0,100.0,9.847498703773718,11.581208765168265,2.28721748423293
Singapore,SGP,2015,5242.6504334371,55.1746,108953.724294287,5535002.0,100.0,9.968307147856496,11.598678523306532,2.2994107749588673
Singapore,SGP,2016,5449.41985010808,52.9724,111579.742684331,5607283.0,100.0,9.44707088976961,11.62249479528762,2.245704734703969
Singapore,SGP,2017,5799.39529471808,56.8881,116471.820764776,5612253.0,100.0,10.136410457618357,11.665404640882343,2.3161339372283716
Singapore,SGP,2018,5692.66564748734,54.2117,119927.769127927,5638676.0,100.0,9.614260510800763,11.694644916601302,2.263247466129902
Singapore,SGP,2019,5565.91519291042,55.8876,120114.133894235,5703569.0,100.0,9.79870673958709,11.696197685525451,2.2822504116200775
Singapore,SGP,2020,5538.12371561154,53.8768,115893.042395938,5685807.0,100.0,9.475664580243402,11.660422996429597,2.2487268889038496
Singapore,SGP,2021,5966.32763521289,55.7179,132617.354020876,5453566.0,100.0,10.21678292698759,11.795223223139416,2.3240317531261274
Singapore,SGP,2022,5785.04367341681,56.3467,133571.962410322,5637022.0,100.0,9.995827584139285,11.802395655862341,2.3021677643384835
Singapore,SGP,2023,5282.7637359991,56.1013,129555.245509242,5917648.0,100.0,9.480337458395633,11.771862675400127,2.249219912510553
Slovak Republic,SVK,1992,3410.8847054131,49.2029,13951.9084432838,5305016.0,56.807175465707,9.27478823815046,9.543371583862593,2.2272997767665994
Slovak Republic,SVK,1993,3334.95440622162,48.1691,14163.0137339867,5325305.0,56.7645334025874,9.045322286704705,9.558389178922795,2.2022477496889463
Slovak Republic,SVK,1994,3260.772839939,45.3992,14982.7472163469,5346331.0,56.7028303199392,8.491655305292545,9.614654632536402,2.1390839524958243
Slovak Republic,SVK,1995,3315.20571732509,45.7614,15811.9246441708,5361999.0,56.6251654840935,8.534391744571382,9.668519658668489,2.144104087692963
Slovak Republic,SVK,1996,3364.39827750028,45.989,16744.0673884448,5373361.0,56.5346381613813,8.558702830500314,9.72579928875013,2.146948640177579
Slovak Republic,SVK,1997,3362.06121032155,45.5637,17630.0397577195,5383291.0,56.4343476181338,8.463911759553774,9.777359530506759,2.1358114496780654
Slovak Republic,SVK,1998,3256.7043135869,44.6668,18280.0501282626,5390516.0,56.3273931206821,8.286182621478167,9.813565587250693,2.114589383175573
Slovak Republic,SVK,1999,3271.60123215094,43.8885,18174.9801324587,5396020.0,56.2168739353574,8.133494686824735,9.807801209276429,2.09599068197829
Slovak Republic,SVK,2000,3292.7785560313,41.6845,18343.237153675,5388720.0,56.1058893284907,7.735510473730311,9.817016238068751,2.045821477158399
Slovak Republic,SVK,2001,3456.89028050906,41.9785,18914.3903304531,5378867.0,55.9968426739371,7.804338720403386,9.847678304480686,2.054679825253533
Slovak Republic,SVK,2002,3484.03108632161,41.9516,19757.0677888993,5376912.0,55.8776140379959,7.8021734408151,9.891266569040752,2.054402341139234
Slovak Republic,SVK,2003,3468.93628503339,42.396,20730.249479935,5373374.0,55.7386007222942,7.890014728176375,9.939349240086544,2.0655980015450615
Slovak Republic,SVK,2004,3416.39866050427,41.8399,21851.9549601873,5372280.0,55.5843833415875,7.7881085870431175,9.992045668383486,2.0525980302791003
Slovak Republic,SVK,2005,3504.64376060296,42.2444,23266.7570493442,5372807.0,55.4189847597721,7.862631209347367,10.05478088471711,2.062121309880622
Slovak Republic,SVK,2006,3469.4496050741,42.2564,25342.3099268358,5373054.0,55.2464278407442,7.864503129877347,10.140230607054246,2.062359359673857
Slovak Republic,SVK,2007,3321.10691268197,41.335,28075.8072794998,5374622.0,55.0707354484001,7.690773416251413,10.242663533583263,2.0400213527452675
Slovak Republic,SVK,2008,3406.38372204535,41.1622,29556.2617975695,5379233.0,54.895930446636,7.652057458749231,10.294050905548612,2.034974560534293
Slovak Republic,SVK,2009,3107.87988439735,37.2268,27891.8969419417,5386406.0,54.7260356993483,6.91125028451253,10.236091493437392,1.9331505598365855
Slovak Republic,SVK,2010,3441.25647593511,39.9112,29758.1740140117,5391428.0,54.5650740704331,7.402714086138218,10.300859130008549,2.001846701364093
Slovak Republic,SVK,2011,3339.0873887237,37.8943,30481.377866428,5398384.0,54.4167387988534,7.019563632375911,10.32487121437031,1.9487010554754556
Slovak Republic,SVK,2012,3220.5055262121,36.1064,30907.039248956,5407579.0,54.2764528316182,6.676999078515543,10.338739244351249,1.8986686468669671
Slovak Republic,SVK,2013,3260.4443972295,36.3803,31090.9880191144,5413393.0,54.1384024098892,6.720424694826332,10.344673281869635,1.9051513511729794
Slovak Republic,SVK,2014,3013.30293850524,33.9902,31901.9424982702,5418649.0,54.0029125499893,6.272818187706936,10.370422180281713,1.8362257253862664
Slovak Republic,SVK,2015,3131.86282925931,34.526,33521.5954764975,5423801.0,53.8700628001622,6.365646527223252,10.419945151210822,1.8509158022198733
Slovak Republic,SVK,2016,3159.56804668402,35.4446,34130.5050676203,5430798.0,53.7399327086517,6.526591488028094,10.437946840139348,1.875884829679675
Slovak Republic,SVK,2017,3316.8259702586,37.7288,35057.2223763167,5439232.0,53.6126018237016,6.936420435826235,10.464736930474155,1.9367858541097405
Slovak Republic,SVK,2018,3269.57251976129,37.2427,36430.7941704195,5446771.0,53.4881496935559,6.837574041574356,10.503169689666711,1.922432996438918
Slovak Republic,SVK,2019,3128.36337933814,34.8074,37209.5332553073,5454147.0,53.3666558664583,6.381822858826504,10.524320277733572,1.8534537710976782
Slovak Republic,SVK,2020,3032.64269516845,32.6439,36216.4002110814,5458827.0,53.2481998906526,5.980020982529764,10.497267339725196,1.788424076740626
Slovak Republic,SVK,2021,3305.89912789281,36.6483,38346.0935768177,5447247.0,53.1901479870605,6.727857209338956,10.554407939203365,1.9062566991010403
Slovak Republic,SVK,2022,3089.1457459111,33.1887,38664.9076949851,5431752.0,53.1902831072528,6.110128002898511,10.562687689738723,1.8099477227019518
Slovak Republic,SVK,2023,3054.72438218715,31.1483,39518.2209359245,5426740.0,53.190805019646,5.7397811577484825,10.584517134044988,1.7474210837768767
Slovenia,SVN,1992,2584.4192705647,13.2718,21845.9628529312,1996498.0,50.6631317138672,6.647539842263804,9.991771416996073,1.8942468376881638
Slovenia,SVN,1993,2715.39579547481,13.9755,22520.738313268,1991746.0,50.3572006225586,7.016707953725023,10.022191866497213,1.9482941555843027
Slovenia,SVN,1994,2827.91079004598,14.0768,23747.9865664018,1989443.0,50.1755294799805,7.075749342906533,10.075253029717583,1.9566733521125255
Slovenia,SVN,1995,3049.39407580553,14.968,24718.0238296539,1989872.0,50.2029106884133,7.522091873246119,10.115287966209978,2.017844273912151
Slovenia,SVN,1996,3180.19926535879,15.7179,25454.1256098664,1988628.0,50.2747487580715,7.903891527223794,10.144633115318884,2.06735523656898
Slovenia,SVN,1997,3310.41012138768,16.2137,26806.4627835709,1985956.0,50.3755853554947,8.164178863982889,10.196398286067993,2.0997561535737086
Slovenia,SVN,1998,3253.81791483993,16.0322,27688.0929526812,1981629.0,50.4899621472228,8.090414502411905,10.228757742456366,2.0906799661499385
Slovenia,SVN,1999,3242.49734740677,15.473,29125.8913263147,1983045.0,50.6024207997953,7.802646939429009,10.27938279387834,2.0544630273377953
Slovenia,SVN,2000,3281.07859342385,15.094,30055.5726465546,1988925.0,50.6975029797519,7.589024221627261,10.31080336857921,2.026703022092432
Slovenia,SVN,2001,3484.35932286801,16.9662,30857.1122043437,1992060.0,50.7597503536323,8.516912141200566,10.337122544232745,2.1420538504077875
Slovenia,SVN,2002,3484.57090522828,17.2769,31830.5553226686,1994530.0,50.7744556266555,8.66214095551333,10.36818196664197,2.1589619155200346
Slovenia,SVN,2003,3539.5091236842,17.1247,32827.7514419462,1995733.0,50.7553842628349,8.580656831349685,10.399029517194991,2.1495104643401404
Slovenia,SVN,2004,3638.84380821082,17.3993,34298.1277435263,1997012.0,50.7124410611224,8.712666724085784,10.442846046927388,2.164777912097038
Slovenia,SVN,2005,3763.9044579396,17.6363,35558.3777419198,2000474.0,50.648781400021,8.816060593639307,10.478931068281236,2.1765751255311434
Slovenia,SVN,2006,3735.02431343807,17.9446,37539.459301666,2006868.0,50.5672552816963,8.941594564266309,10.533147906778009,2.1907139361739763
Slovenia,SVN,2007,3757.02712910831,17.9355,39995.2052938397,2018122.0,50.4707127083144,8.887222873542829,10.596514858257365,2.1846146130446464
Slovenia,SVN,2008,3952.12209658593,18.8957,41278.6090856341,2021316.0,50.3620036820409,9.348216706343788,10.62809970495681,2.2351855985157183
Slovenia,SVN,2009,3514.07527225462,16.8896,37802.0880186755,2039669.0,50.2439782050416,8.28055924760341,10.540119618671383,2.1139105080973994
Slovenia,SVN,2010,3589.60869535534,17.1608,38056.1815241775,2048583.0,50.1194862794826,8.376912236409265,10.54681880802342,2.1254793783839827
Slovenia,SVN,2011,3580.6936485935,16.0793,38226.1255489903,2052843.0,49.9463818748723,7.83269836027402,10.551274475726485,2.058307068805882
Slovenia,SVN,2012,3428.89786152681,15.517,37033.7667541886,2057159.0,49.7619476318359,7.542926920087363,10.519585390424572,2.0206102923832723
Slovenia,SVN,2013,3334.75901290152,15.511,36678.8746642096,2059953.0,50.0466580754027,7.529783446515527,10.509956246079962,2.0188662826353827
Slovenia,SVN,2014,3236.59020668788,14.126,37655.1979898073,2061980.0,50.983470916748,6.85069690297675,10.536226284516777,1.9243503847600485
Slovenia,SVN,2015,3195.47512285174,14.2949,38527.4222549683,2063531.0,53.6612160294144,6.927397746871746,10.559125533097388,1.935484237180054
Slovenia,SVN,2016,3296.73500361863,15.0187,39667.4579830072,2065042.0,53.647274017334,7.272830286260522,10.588286432378018,1.9841455261360192
Slovenia,SVN,2017,3390.66281580197,15.3443,41692.836279788,2066388.0,55.2451133728027,7.425662557080277,10.638084601177376,2.004941913984516
Slovenia,SVN,2018,3341.09971545865,15.45,43361.094447431,2073894.0,55.1913430955675,7.449753941136818,10.677317876741267,2.008181003810704
Slovenia,SVN,2019,3267.29671944784,14.8261,44569.5878416535,2088385.0,55.4523277282715,7.099313584420497,10.704807018459062,1.9599981011229923
Slovenia,SVN,2020,3068.8193959428,13.5406,42463.5635346194,2102419.0,55.384391784668,6.440485935486694,10.656401658598972,1.8626039930905303
Slovenia,SVN,2021,3144.09351642077,13.8601,45914.0572392406,2108079.0,55.3046289429588,6.574753602687565,10.734526607096774,1.8832371024852115
Slovenia,SVN,2022,3045.94458555582,13.3893,47050.0676441642,2112076.0,55.3377817873563,6.339402559377598,10.758967582720551,1.8467845304722195
Slovenia,SVN,2023,2895.95134590199,12.6186,47977.4268117652,2120461.0,55.5378927789875,5.950875776541045,10.778485904521283,1.7835383980608805
Solomon Islands,SLB,1992,,0.1806,2644.50052422748,352205.0,14.1156307980977,0.5127695518235119,7.880237488739133,-0.6679287514577247
Solomon Islands,SLB,1993,,0.1826,2669.67595845149,362839.0,14.28070381854,0.5032535091321495,7.889712380153258,-0.6866612415463592
Solomon Islands,SLB,1994,,0.1877,2802.23251201901,373675.0,14.4475349923074,0.5023081554827056,7.938171704189077,-0.6885414920794151
Solomon Islands,SLB,1995,,0.1703,2996.27162353451,384733.0,14.620892263109,0.44264463926931147,8.005124002588472,-0.814987999538768
Solomon Islands,SLB,1996,,0.1718,2957.81917928087,396009.0,14.8055435746538,0.43382852409919975,7.992207512017843,-0.8351059287187923
Solomon Islands,SLB,1997,,0.1771,2848.31969373436,407474.0,15.006256870651,0.4346289579212416,7.9544845182455495,-0.8332625821756064
Solomon Islands,SLB,1998,,0.1822,2805.2662186594,419071.0,15.2278000948096,0.43477119628893435,7.939253722066236,-0.8329353718150538
Solomon Islands,SLB,1999,,0.1819,2717.52715749125,430500.0,15.4759628886412,0.4225319396051103,7.907477612502467,-0.861490238343709
Solomon Islands,SLB,2000,,0.2328,2276.82191920056,440469.0,15.7523593692696,0.5285275467740068,7.730535854485558,-0.6376603524681975
Solomon Islands,SLB,2001,,0.2555,2055.27436724543,449125.0,16.0619258388978,0.5688839409963818,7.628164630059968,-0.5640788357899237
Solomon Islands,SLB,2002,,0.2678,1960.42387516654,457671.0,16.4026212138182,0.585136484505245,7.580915991683197,-0.5359101521155178
Solomon Islands,SLB,2003,,0.278,2050.30870033396,466154.0,16.7733115757749,0.5963694401420989,7.6257456463243525,-0.5168949379441352
Solomon Islands,SLB,2004,122.205342901871,0.2865,2168.50586845628,474611.0,17.172863006512,0.6036522541618293,7.6817936695001565,-0.5047569849908349
Solomon Islands,SLB,2005,120.062929535481,0.2989,2287.27362263512,483080.0,17.6001415877737,0.618738097209572,7.735115829470076,-0.48007320211728227
Solomon Islands,SLB,2006,120.017738214868,0.2998,2340.65153178621,491594.0,18.0540134013038,0.6098528460477548,7.7581846019839125,-0.4945375869041485
Solomon Islands,SLB,2007,127.960076456146,0.3237,2384.31783066088,500156.0,18.5333445288467,0.6471980742008493,7.77666833752939,-0.43510288882811454
Solomon Islands,SLB,2008,,0.3284,2489.78306207696,508790.0,19.0370010521463,0.6454529373611902,7.819950861999395,-0.43780298016644487
Solomon Islands,SLB,2009,,0.3279,2514.89101043351,518141.0,19.5633740998673,0.632839323659004,7.829984745783091,-0.4575387221411725
Solomon Islands,SLB,2010,,0.3585,2682.28532344354,532968.0,20.1194058206257,0.6726482640608817,7.894424442763178,-0.39653272480039303
Solomon Islands,SLB,2011,,0.3728,2777.47851512924,552945.0,20.7284892962955,0.6742081038801327,7.929298786156861,-0.39421645626015234
Solomon Islands,SLB,2012,,0.3719,2743.45849913875,573606.0,21.3906964219987,0.6483544453858572,7.916974629407671,-0.43331774855072425
Solomon Islands,SLB,2013,,0.3931,2783.59190841229,594945.0,22.1027262484765,0.6607333450991268,7.931497426087712,-0.4144049318704647
Solomon Islands,SLB,2014,,0.3745,2716.42200217839,616908.0,22.8612778264703,0.6070597236540943,7.9070708529632725,-0.4991281012403712
Solomon Islands,SLB,2015,,0.3336,2664.72477884762,639415.0,23.6630502067213,0.5217268909862921,7.887856058789534,-0.6506110253592549
Solomon Islands,SLB,2016,,0.3236,2715.23362293936,662379.0,24.5047424399707,0.4885420582476196,7.906633277630809,-0.716329714485615
Solomon Islands,SLB,2017,,0.2919,2703.66346303885,685672.0,25.3830535769599,0.42571375234806147,7.902362970481862,-0.8539881014124662
Solomon Islands,SLB,2018,,0.3252,2686.11900111375,709101.0,26.2946826684302,0.4586088582585556,7.895852680313899,-0.7795575928736314
Solomon Islands,SLB,2019,,0.3193,2661.61667922254,728147.0,27.275106750276,0.43851035573860775,7.8866889912996525,-0.8243718511691521
Solomon Islands,SLB,2020,,0.3077,2515.14143211528,744498.0,28.0327555150022,0.4132986253824725,7.8300843163861975,-0.8835848834257702
Solomon Islands,SLB,2021,,0.3326,2449.87009821452,762591.0,28.6889396820578,0.4361446699475866,7.803790280996172,-0.8297812788640745
Solomon Islands,SLB,2022,,0.299,2330.10309195408,781066.0,29.3511689856806,0.38281015944875335,7.753667791054798,-0.9602160799207342
Solomon Islands,SLB,2023,,0.2998,2339.57493302805,800005.0,30.0088821088389,0.3747476578271386,7.757724539298809,-0.9815023919798987
"Somalia, Fed. Rep.",SOM,1992,,0.3777,803.787078571713,6495107.0,30.0394744239389,0.05815146694273089,6.689334406458809,-2.8447041734615217
"Somalia, Fed. Rep.",SOM,1993,,0.3873,812.557291159159,6681399.0,30.3703404224041,0.057966901841964534,6.700186423913912,-2.8478830892200704
"Somalia, Fed. Rep.",SOM,1994,,0.386,634.727734128934,7026797.0,30.7119175783784,0.054932567427236054,6.453196141795346,-2.9016488927374358
"Somalia, Fed. Rep.",SOM,1995,,0.3966,636.662071307674,7285007.0,31.0655148002693,0.054440579123671395,6.456239014505167,-2.9106454634216656
"Somalia, Fed. Rep.",SOM,1996,,0.4105,663.351131548354,7554474.0,31.4324409964838,0.05433866077241116,6.497304460170401,-2.9125193206241997
"Somalia, Fed. Rep.",SOM,1997,,0.4081,648.017163551169,7824525.0,31.8140050754292,0.05215652068336417,6.473917182963182,-2.9535060682787004
"Somalia, Fed. Rep.",SOM,1998,,0.418,662.674857185695,8155417.0,32.2115159455126,0.05125427675862559,6.496284458410198,-2.9709562154964972
"Somalia, Fed. Rep.",SOM,1999,,0.4359,682.979123343567,8492059.0,32.6262825151413,0.05133030752612529,6.526464292988801,-2.9694739112701614
"Somalia, Fed. Rep.",SOM,2000,,0.6253,702.850071117611,8838713.0,33.0596136927225,0.07074559384380961,6.555143598962391,-2.648665022224147
"Somalia, Fed. Rep.",SOM,2001,,0.6627,723.37973295051,9198493.0,33.5128183866634,0.0720444098832276,6.5839343027452575,-2.630472546177727
"Somalia, Fed. Rep.",SOM,2002,,0.7384,749.913550912115,9550063.0,33.9872055053711,0.07731886166614817,6.61995793443627,-2.5598173471230132
"Somalia, Fed. Rep.",SOM,2003,,0.7524,777.884552733299,9909157.0,34.4719665654476,0.07592976879869802,6.656578123364578,-2.577946460688563
"Somalia, Fed. Rep.",SOM,2004,,0.7421,803.059780580571,10280998.0,34.9620706047618,0.07218170842947348,6.688429157726902,-2.628568611033006
"Somalia, Fed. Rep.",SOM,2005,,0.7544,830.807245939909,10644228.0,35.4674928136211,0.07087409251286236,6.722397813605605,-2.646850321067518
"Somalia, Fed. Rep.",SOM,2006,,0.7794,857.993655901941,10975502.0,35.9982083823331,0.07101269718688039,6.754596705406945,-2.6448965843116135
"Somalia, Fed. Rep.",SOM,2007,,0.7896,887.36935223579,11322582.0,36.5641925012053,0.0697367437921845,6.788261301764894,-2.6630279295016974
"Somalia, Fed. Rep.",SOM,2008,,0.7631,919.132083452828,11663084.0,37.1754203605454,0.06542866363647899,6.823429837221712,-2.726794834633095
"Somalia, Fed. Rep.",SOM,2009,,0.7756,956.220325392405,11961201.0,37.8418671506609,0.06484298692079499,6.862988352389855,-2.735786517154771
"Somalia, Fed. Rep.",SOM,2010,,0.7885,995.225555512318,12261756.0,38.5735080618592,0.06430563452738743,6.902969400425637,-2.744108022846983
"Somalia, Fed. Rep.",SOM,2011,,0.7883,1054.36214979106,12348830.0,39.380318284448,0.06383600713589871,6.96069126571304,-2.7514378726603375
"Somalia, Fed. Rep.",SOM,2012,,0.7783,1114.80414892809,12461160.0,40.2722730087349,0.06245806971421601,7.016434017280173,-2.7732598319560826
"Somalia, Fed. Rep.",SOM,2013,,0.7827,1197.72166459747,12869594.0,41.2593474250273,0.06081776938728603,7.088176418290717,-2.799873273050241
"Somalia, Fed. Rep.",SOM,2014,,0.7732,1259.27432882615,13339491.0,42.3515167236328,0.05796323113078303,7.138290904531367,-2.847946415485444
"Somalia, Fed. Rep.",SOM,2015,,0.8225,1343.92517439606,13806963.0,43.8618107408479,0.059571391623197655,7.203349845720795,-2.8205798264729336
"Somalia, Fed. Rep.",SOM,2016,,0.8378,1384.15517410135,14348740.0,45.942842729174,0.05838840204784532,7.232845249908062,-2.84063800394171
"Somalia, Fed. Rep.",SOM,2017,,0.8367,1527.66029071672,14916629.0,48.3639630032265,0.05609176175126431,7.33149262217971,-2.8807663265904857
"Somalia, Fed. Rep.",SOM,2018,,0.8562,1504.97908203481,15452487.0,50.9506215336872,0.05540855656438993,7.316534278106192,-2.893021246534411
"Somalia, Fed. Rep.",SOM,2019,,0.8465,1491.29493918405,16030971.0,51.6421170703225,0.052804037883918575,7.307400108203031,-2.9411676161197753
"Somalia, Fed. Rep.",SOM,2020,,0.7896,1396.05544674978,16651191.0,52.286318011754,0.0474200313959524,7.241406000835702,-3.0487105362625915
"Somalia, Fed. Rep.",SOM,2021,,0.8172,1392.31782053371,17271431.0,52.9060649733324,0.047315129823348165,7.238725134182399,-3.05092516521617
"Somalia, Fed. Rep.",SOM,2022,,0.8329,1387.54753732191,17801897.0,53.5010115886789,0.04678714858309763,7.235293106166599,-3.0621467166940874
"Somalia, Fed. Rep.",SOM,2023,,0.8496,1401.64735228455,18358615.0,54.0714435506882,0.046278000818689206,7.245403504061039,-3.0730885751115418
South Africa,ZAF,1992,2104.60311343692,299.6397,10053.6101212292,42443509.0,52.6805094926402,7.059729675037,9.215687065027293,1.9544067611172673
South Africa,ZAF,1993,2197.40025902621,301.7907,9976.96506458374,43297156.0,52.893505042748,6.970219937771432,9.208034221312081,1.9416467791915784
South Africa,ZAF,1994,2255.95489604194,308.5614,10130.8058233004,44004139.0,53.0838026074521,7.012099475460706,9.223336142282335,1.9476371534188157
South Africa,ZAF,1995,2357.97344794861,325.1785,10318.8385984353,44541554.0,53.2962166180026,7.300564771494052,9.241726493791267,1.9879517111198435
South Africa,ZAF,1996,2395.08882561738,336.3377,10623.8603593151,45123018.0,53.5749191516739,7.453794424832133,9.270857727740065,2.008723221502101
South Africa,ZAF,1997,2418.36525437478,351.1989,10770.2779624828,45666838.0,54.0040163031993,7.690458008062656,9.284545578775866,2.039980340659811
South Africa,ZAF,1998,2434.78353341314,357.2564,10693.6882326622,46223880.0,54.6562438276427,7.728827610317437,9.277408961601585,2.0449571836086124
South Africa,ZAF,1999,2365.70130153691,340.7664,10831.6589617949,46730335.0,55.4408521794673,7.2921882541608145,9.290228510331719,1.9868036730164744
South Africa,ZAF,2000,2269.37063464901,347.2832,11183.825503143,47159719.0,56.2589954883628,7.363979416416794,9.322223861986261,1.9966004682035348
South Africa,ZAF,2001,2180.26593384169,357.3788,11387.492366782,47566800.0,57.0014339378269,7.513198281154082,9.340270871252468,2.0166612447802934
South Africa,ZAF,2002,2072.05766349373,370.7728,11697.5657261687,48019415.0,57.6723587528482,7.7213102242082705,9.367136041546445,2.0439840677978798
South Africa,ZAF,2003,2300.85052603256,393.576,11923.1211013633,48500348.0,58.3724341232066,8.11491084558816,9.386234743708615,2.093703214533827
South Africa,ZAF,2004,2478.00378605228,425.7469,12341.2102655828,48991421.0,59.0977390950102,8.690233745210207,9.420699369277637,2.162199837098544
South Africa,ZAF,2005,2374.43550245537,436.2554,12861.5633089114,49490033.0,59.8241758378997,8.815015338543015,9.461998554082303,2.1764565558985765
South Africa,ZAF,2006,2397.99082240112,440.6064,13444.2332126058,49998277.0,60.5276465215157,8.812431676395569,9.50630553566016,2.176163415075205
South Africa,ZAF,2007,2576.78503956652,459.9521,14016.2444716386,50528584.0,61.1840533154988,9.102810005520835,9.54797225534987,2.2085831576719004
South Africa,ZAF,2008,2738.08467369962,487.9246,14297.6887802632,51114599.0,61.7692983894896,9.545699458583252,9.567853179427653,2.2560907345958676
South Africa,ZAF,2009,2735.00618529644,456.9459,13910.7017093394,51728516.0,62.2592839131287,8.833539705643208,9.54041373003903,2.1785558069541633
South Africa,ZAF,2010,2518.44190314477,464.3532,14164.9958363115,52344051.0,62.6299120560569,8.871174300208443,9.55852911832257,2.1828071776611093
South Africa,ZAF,2011,2536.41417638413,443.9719,14434.2611456048,52995205.0,62.850627754452,8.377586236339685,9.577359905861847,2.1255598343799504
South Africa,ZAF,2012,2394.39798705356,461.2756,14563.7624041032,53782567.0,62.9616560303263,8.576675040445727,9.58629169524459,2.149046313969302
South Africa,ZAF,2013,2341.17923180198,475.0891,14681.096638957,54678791.0,63.0524024097034,8.688727225150242,9.594316002304607,2.162026464240833
South Africa,ZAF,2014,2438.67891656885,486.6007,14643.3384782936,55594838.0,63.1352327065742,8.75262375978144,9.591740799653367,2.169353513681756
South Africa,ZAF,2015,2257.19467617813,462.2677,14541.6748613669,56723537.0,63.2096349937231,8.149486517386954,9.584773934368854,2.0979549212663353
South Africa,ZAF,2016,2311.76901865151,460.1959,14501.2807823402,57259551.0,63.2750973439347,8.037015519035418,9.581992254324383,2.084057810177506
South Africa,ZAF,2017,2283.45815447669,469.5833,14573.5980840004,57635162.0,63.3311078299936,8.147514185871465,9.586966820246033,2.097712872859879
South Africa,ZAF,2018,2184.87777550689,473.4182,14553.5615668957,58613001.0,63.3771545246841,8.077016906197995,9.585591023875546,2.0890226095863573
South Africa,ZAF,2019,2231.91074710296,477.5446,14352.6698709871,59587885.0,63.4127255007908,8.014122333759623,9.571691257609244,2.081205277103636
South Africa,ZAF,2020,2037.46194166103,450.8617,13250.5666594456,60562381.0,63.4373088310982,7.444583461802798,9.491795597250508,2.0074867158539003
South Africa,ZAF,2021,2124.62297436572,448.5635,13681.9548144813,61502603.0,63.4503925883909,7.2934067522312835,9.523833076763326,1.9869707554115046
South Africa,ZAF,2022,1938.30644693274,429.3281,13767.4967589936,62378410.0,63.4766699210327,6.882639361920254,9.530065785726665,1.9290022065648573
South Africa,ZAF,2023,1938.50916018053,427.2669,13695.3755694076,63212384.0,63.5823705163545,6.75922774879049,9.524813505155223,1.910908645184574
Spain,ESP,1992,2430.88437246788,245.4839,32641.082719936,39157685.0,75.1991108679216,6.26911166990592,10.393326980094546,1.8356346651665072
Spain,ESP,1993,2319.50158512719,231.1055,32137.3138437727,39361262.0,75.3443453546763,5.871394570631399,10.377773059064882,1.770092181540079
Spain,ESP,1994,2435.94127282847,242.1689,32746.9287826598,39549108.0,75.4723725309182,6.123245560936545,10.396564459037293,1.8120922763685279
Spain,ESP,1995,2537.01654979213,255.0491,33501.7314182929,39724050.0,75.588297274636,6.420521069729799,10.419352400605726,1.859499277917605
Spain,ESP,1996,2489.29122824676,244.7984,34232.3786868602,39889852.0,75.6972244638181,6.136859068817803,10.440927220399926,1.8143130589617251
Spain,ESP,1997,2634.70993203434,263.9908,35312.0862854389,40057389.0,75.804258976453,6.590314710726652,10.471980572009587,1.8856011031748499
Spain,ESP,1998,2756.25615027943,272.6113,36679.0942334698,40223509.0,75.9145056905294,6.777412184501357,10.509962232321499,1.913595345390675
Spain,ESP,1999,2878.01236592727,294.7226,38141.316878689,40386875.0,76.0330694840356,7.29748464074034,10.549053406054128,1.9875297190149477
Spain,ESP,2000,2991.49306471374,310.3327,39945.8971298178,40567864.0,76.1650552349602,7.649717520251991,10.595281245790684,2.034668721699427
Spain,ESP,2001,3048.84384472463,310.5378,41224.2924057393,40850412.0,76.3156889510385,7.601827859165778,10.626782983077687,2.0283887261598954
Spain,ESP,2002,3095.99686843763,328.5903,41766.0378188791,41431558.0,76.4934217249538,7.930918262837231,10.63983879589071,2.070768825013178
Spain,ESP,2003,3145.4023925367,335.9673,42223.130174522,42187645.0,76.709335590859,7.963641962000961,10.650723458268555,2.0748864281347164
Spain,ESP,2004,3226.28942874321,352.4974,42793.3902326006,42921895.0,76.9549627547133,8.212531156883916,10.664138935826015,2.1056611776402345
Spain,ESP,2005,3239.54436471806,367.8339,43570.7652574033,43653155.0,77.2206801920294,8.426284423199194,10.682141682817775,2.131355918410716
Spain,ESP,2006,3190.72627710892,358.3338,44572.6815459931,44397319.0,77.4968648783202,8.071068435461159,10.704876428950001,2.08828586948621
Spain,ESP,2007,3168.95970956596,371.5076,45301.2843416374,45226803.0,77.7738937890987,8.21432370534791,10.721090662981743,2.105879423736172
Spain,ESP,2008,3015.00798974738,340.1206,44926.348951812,45954106.0,78.0421438998777,7.40131034210523,10.712779737952484,2.001657057791969
Spain,ESP,2009,2749.85548907362,300.4025,42852.220888454,46362946.0,78.2919921861701,6.479366086874634,10.665512752051653,1.8686226794793048
Spain,ESP,2010,2735.18257337486,287.7519,42695.5274189933,46576897.0,78.5138156234888,6.177996357292758,10.661849449444778,1.82099400487057
Spain,ESP,2011,2684.34318918947,289.521,42271.8346788238,46742697.0,78.695397956495,6.19393014485236,10.651876296423596,1.8235698036140475
Spain,ESP,2012,2677.18038552382,284.9722,41034.0481566356,46773055.0,78.8455680301618,6.092657407133231,10.622157443904339,1.8070843423973824
Spain,ESP,2013,2506.25540520067,256.3568,40594.914008768,46604197.0,78.9858086902112,5.500723464884505,10.611398067022792,1.7048796226578304
Spain,ESP,2014,2458.57177736167,255.241,41339.4111169417,46460733.0,79.1196713833488,5.493692921289038,10.629571588261095,1.70360069264339
Spain,ESP,2015,2552.40125248088,271.5397,43053.761430314,46422303.0,79.2454892743023,5.849337117118037,10.67020487956549,1.7663283415101707
Spain,ESP,2016,2563.00704379932,263.0479,44274.6676149922,46458139.0,79.3615955277997,5.662041262565426,10.698167955338658,1.7337844742939243
Spain,ESP,2017,2690.49733287835,278.3849,45446.2508575695,46571232.0,79.4663233085683,5.977615107970517,10.72428560682078,1.7880216770399657
Spain,ESP,2018,2666.26079715432,271.7891,46325.2099441141,46782011.0,79.5580057813361,5.809692533311575,10.743441583126327,1.7595276492073104
Spain,ESP,2019,2573.90442450746,254.3514,46896.4171141424,47118501.0,79.6349761108307,5.3981216422822955,10.755696557361443,1.686051049036667
Spain,ESP,2020,2303.51311623486,214.4546,41553.4477945675,47359424.0,79.6955674617799,4.528234971776683,10.634735776252967,1.510332232614705
Spain,ESP,2021,2422.46704705393,233.1927,44251.6658222621,47443821.0,79.7846242983598,4.915133205649688,10.697648295428332,1.5923188550934657
Spain,ESP,2022,2408.92811488939,238.6544,46733.4809780536,47786102.0,79.9548794567814,4.994221960184156,10.752216124211673,1.6082816362411918
Spain,ESP,2023,2293.70814634203,220.9934,47322.5937004504,48352528.0,80.128491001856,4.570462169010067,10.764743128518573,1.519614330867124
Sri Lanka,LKA,1992,343.296447715386,5.5124,4866.23941153137,16739284.0,17.1453343172557,0.3293091867011755,8.490076723023273,-1.110758192323675
Sri Lanka,LKA,1993,355.8282310162,5.3962,5114.43630396951,17025918.0,16.6924029697495,0.31694032591957744,8.539822467810225,-1.1490417691358983
Sri Lanka,LKA,1994,336.751423969568,6.2233,5322.72963127148,17275773.0,16.2630967827755,0.36023279537187713,8.579741539335615,-1.0210048027116956
Sri Lanka,LKA,1995,341.934236767293,6.2434,5523.31225393965,17564068.0,15.8652068539762,0.3554643491473615,8.616733005319082,-1.0343303184599597
Sri Lanka,LKA,1996,375.359188772233,8.8106,5624.02393650599,17905018.0,15.5065242809941,0.4920743447451435,8.634802689616933,-0.7091254666997966
Sri Lanka,LKA,1997,381.683287158944,8.7878,5871.72297557268,18248200.0,15.1948401614719,0.4815707850637323,8.677903391996985,-0.7307020490706349
Sri Lanka,LKA,1998,380.75209939329,9.0747,6032.62212630498,18596003.0,14.9379455930521,0.4879919625738929,8.7049370420195,-0.7174563434000895
Sri Lanka,LKA,1999,399.100833601744,10.0281,6176.23548455949,18944731.0,14.7436316733772,0.5293345152274793,8.728464219954322,-0.6361346930481534
Sri Lanka,LKA,2000,431.62116957475,11.4667,6428.61341890463,19293054.0,14.6196895000898,0.5943434357256243,8.76851415150542,-0.5202979520757786
Sri Lanka,LKA,2001,410.71839857146,11.3742,6230.03051864853,19600362.0,14.5739539539707,0.5803056086413098,8.737136510428975,-0.5442004027602324
Sri Lanka,LKA,2002,413.944440993586,11.8987,6409.86278893446,19805752.0,14.6107836754127,0.6007699177491468,8.765593143903153,-0.5095432501100955
Sri Lanka,LKA,2003,435.190736130853,12.8592,6741.01248849424,19951521.0,14.7256630416211,0.6445222898043713,8.815965413469174,-0.43924587255489234
Sri Lanka,LKA,2004,438.022357631525,13.2787,7059.91098068568,20087605.0,14.9130061059922,0.6610394818098027,8.86218772143976,-0.4139417104909394
Sri Lanka,LKA,2005,445.253637299827,14.4301,7452.74234124518,20216524.0,15.167273918248,0.7137775020077636,8.916337343137604,-0.33718398704459307
Sri Lanka,LKA,2006,446.303743469172,13.1944,7970.66491021045,20352411.0,15.4829275281105,0.6482966563519182,8.983523194930608,-0.43340688437747016
Sri Lanka,LKA,2007,451.932624363217,14.124,8454.2067533326,20492545.0,15.8544279853018,0.6892262527665549,9.042419437100763,-0.3721856834018361
Sri Lanka,LKA,2008,437.179899601695,13.3044,8897.82686006864,20629378.0,16.2762363395441,0.6449249221183498,9.093562352879148,-0.43862136877786084
Sri Lanka,LKA,2009,441.000672616531,12.7772,9156.31906483165,20756435.0,16.7428136405592,0.6155777714236573,9.122199528087798,-0.48519398646782863
Sri Lanka,LKA,2010,467.291270770327,13.5184,9832.18622338643,20879089.0,17.2486209380693,0.6474611990973361,9.19341659160621,-0.43469641137796755
Sri Lanka,LKA,2011,472.004070198765,15.908,10618.4926000405,21009048.0,17.7881192817964,0.7571975655441407,9.270352344989,-0.27813107472854975
Sri Lanka,LKA,2012,481.924833084376,17.8941,11447.6937738135,21169458.0,18.2617686748284,0.8452790808342849,9.345543571561038,-0.16808843297647447
Sri Lanka,LKA,2013,456.565215233171,14.837,12249.7223348096,20585000.0,18.4323136480916,0.7207675491863007,9.413258549169829,-0.3274385942532114
Sri Lanka,LKA,2014,485.842992855467,17.8805,12909.9663068885,20778000.0,18.6153877203724,0.8605496197901626,9.46575487399131,-0.15018400108814642
Sri Lanka,LKA,2015,501.472734960701,19.7111,13329.7793438947,20970000.0,18.796256612131,0.9399666189794945,9.497755859689512,-0.06191091607258567
Sri Lanka,LKA,2016,542.532333545075,23.486,13845.6146782368,21209000.0,18.9747679368162,1.107360082983639,9.535723831747513,0.10197887904968003
Sri Lanka,LKA,2017,514.191694784091,23.4107,14572.4858214565,21453000.0,19.1507693078088,1.0912553022887241,9.586890496953474,0.0873286870727906
Sri Lanka,LKA,2018,508.499276672792,21.9829,14759.8248945765,21670000.0,19.3241083384127,1.0144393170281496,9.599664234573014,0.014336062849707417
Sri Lanka,LKA,2019,523.423393496303,23.973,14637.44429132,21803000.0,19.4946326418437,1.0995275879466129,9.591338202011112,0.09488062205452436
Sri Lanka,LKA,2020,511.066363818929,22.6144,13886.6513728651,21919000.0,19.6621898312161,1.0317258999041927,9.538683324816322,0.03123303091318339
Sri Lanka,LKA,2021,527.11680981294,22.8196,14316.1352225683,22156000.0,19.8266275195269,1.0299512547391225,9.56914251739651,0.029511475625660234
Sri Lanka,LKA,2022,473.920825625094,20.7971,13249.065064602,22181000.0,19.9877933196367,0.937608764257698,9.4916822677627,-0.06442251265860377
Sri Lanka,LKA,2023,,21.5803,13024.9404319855,22037000.0,20.1455348442463,0.9792757634886782,9.474621293251072,-0.020941997373369672
St. Kitts and Nevis,KNA,1992,,0.0279,14557.184258305,40715.0,34.315544470369,0.6852511359449834,9.585839914195963,-0.3779698860917747
St. Kitts and Nevis,KNA,1993,,0.0337,15348.6887799847,41242.0,34.1362064106915,0.8171281703118181,9.638785327867351,-0.2019593172197584
St. Kitts and Nevis,KNA,1994,,0.04,15955.8375010028,41776.0,33.9452400262317,0.9574875526618154,9.67758002877958,-0.043442557842836724
St. Kitts and Nevis,KNA,1995,,0.0337,16596.2656266287,42326.0,33.7463783110243,0.7962009166942305,9.71693298678555,-0.2279037170799458
St. Kitts and Nevis,KNA,1996,,0.039,17340.2234624221,42877.0,33.543354259104,0.909578561932971,9.760784137357728,-0.09477390549883007
St. Kitts and Nevis,KNA,1997,,0.04,18288.4943671657,43428.0,33.3399008645055,0.9210647508519849,9.81402741799456,-0.08222494025566937
St. Kitts and Nevis,KNA,1998,,0.041,17963.6992379347,43998.0,33.1397511212637,0.9318605391154143,9.796108291578866,-0.07057211163540966
St. Kitts and Nevis,KNA,1999,,0.0415,18291.4229188676,44601.0,32.9466380234133,0.9304724109324903,9.814187536000581,-0.07206285306267078
St. Kitts and Nevis,KNA,2000,,0.0497,19840.5800645267,45248.0,32.764294564989,1.0983910891089108,9.89548461753479,0.0938464628284754
St. Kitts and Nevis,KNA,2001,,0.0508,20648.7889741472,45761.0,32.5960599951138,1.1101156006206159,9.935411951349726,0.1044641546048172
St. Kitts and Nevis,KNA,2002,,0.058,20813.4050029806,46020.0,32.4368354358251,1.2603215993046502,9.943352529404109,0.23136692593919952
St. Kitts and Nevis,KNA,2003,,0.0603,19927.1818314137,46176.0,32.2808981467536,1.305873180873181,9.899839999867437,0.26687192114167946
St. Kitts and Nevis,KNA,2004,1640.93706142718,0.0654,20661.3458642993,46315.0,32.1287199225823,1.4120695239123393,9.936019884032007,0.34505637575716214
St. Kitts and Nevis,KNA,2005,1701.22962292999,0.0608,22612.7126559455,46437.0,31.9804975781124,1.3093007730904236,10.026267534012918,0.2694932337122712
St. Kitts and Nevis,KNA,2006,1696.40748137173,0.0693,23258.9842253211,46569.0,31.8364279281447,1.4881144108741866,10.054446754668563,0.3975098224834415
St. Kitts and Nevis,KNA,2007,1777.07360938637,0.0765,23330.0442404195,46706.0,31.6967077874804,1.6379051941934655,10.057497261302554,0.49341810475305525
St. Kitts and Nevis,KNA,2008,,0.0804,25898.7823620981,46835.0,31.5615339709202,1.7166648873705561,10.161951233536076,0.5403833895238267
St. Kitts and Nevis,KNA,2009,,0.0905,24973.8045286303,46916.0,31.4311032932653,1.9289794526387587,10.125582735649596,0.6569910820466218
St. Kitts and Nevis,KNA,2010,,0.0987,24997.5672513428,46846.0,31.3056125693165,2.1069034709473593,10.12653378916913,0.7452193202687177
St. Kitts and Nevis,KNA,2011,,0.0778,25380.0087348215,46886.0,31.2000648379646,1.6593439406219341,10.141717085429923,0.5064223077570198
St. Kitts and Nevis,KNA,2012,,0.0798,25114.0572603244,47033.0,31.2035138804223,1.6966810537282333,10.131183018562412,0.5286740214624368
St. Kitts and Nevis,KNA,2013,,0.091,26532.1016561725,47069.0,31.2131485582887,1.9333319169729546,10.186110662093425,0.6592448962837997
St. Kitts and Nevis,KNA,2014,,0.0973,28530.3072249013,47089.0,31.2290015317909,2.0662999851345325,10.258722212635416,0.7257595610931773
St. Kitts and Nevis,KNA,2015,,0.1019,28729.566447667,47087.0,31.2513929695583,2.1640792575445453,10.265682061280529,0.7719949857962304
St. Kitts and Nevis,KNA,2016,,0.1115,29867.0265589791,47075.0,31.2806171906169,2.3685608072225173,10.30451036018813,0.8622825163569573
St. Kitts and Nevis,KNA,2017,,0.104,29948.9200065682,47050.0,31.3169642505921,2.210414452709883,10.30724854301256,0.793180033109984
St. Kitts and Nevis,KNA,2018,,0.1111,30576.2486749244,47008.0,31.3607229995076,2.363427501701838,10.32797879945733,0.8601128966541175
St. Kitts and Nevis,KNA,2019,,0.1302,31512.1943105684,46952.0,31.4121818392285,2.7730448117226105,10.35812987087216,1.0199459265184356
St. Kitts and Nevis,KNA,2020,,0.1196,26736.9283563771,46870.0,31.4716289738952,2.551738852144229,10.193800973316465,0.9367750295819166
St. Kitts and Nevis,KNA,2021,,0.1162,26896.6177065978,46763.0,31.5393525093972,2.48487051728931,10.199755821870312,0.9102205524724544
St. Kitts and Nevis,KNA,2022,,0.1301,29749.8700864823,46709.0,31.6156404983167,2.7853304502344303,10.30058004412331,1.0243665199255412
St. Kitts and Nevis,KNA,2023,,0.1305,30616.577281386,46758.0,31.7007809622822,2.790966251764404,10.329296882473438,1.0263878626732692
St. Lucia,LCA,1992,,0.0722,18166.2078109226,141617.0,29.5408675059156,0.5098257977502701,9.807318433549883,-0.6736861846518094
St. Lucia,LCA,1993,,0.0703,18004.0320073031,143726.0,29.4587481057258,0.48912514089308823,9.798351012199685,-0.7151369104003099
St. Lucia,LCA,1994,,0.0847,18020.5127590631,145890.0,29.3316316964674,0.5805744053739118,9.799265985755445,-0.5437373114257955
St. Lucia,LCA,1995,,0.0832,18048.780665013,148208.0,29.1636117100817,0.561373205225089,9.800833408294332,-0.5773693446845088
St. Lucia,LCA,1996,,0.0825,18301.1522745648,150436.0,28.9587815785097,0.5484059666569172,9.814719302670461,-0.6007394512347901
St. Lucia,LCA,1997,,0.0847,17920.034113687,152569.0,28.7212347336928,0.5551586495290656,9.793674590192678,-0.5885013510771354
St. Lucia,LCA,1998,,0.0867,18786.9976028018,154677.0,28.4550646075721,0.560522896099614,9.840920292668516,-0.5788851878847653
St. Lucia,LCA,1999,,0.0878,19039.4630213718,156702.0,28.1643646320887,0.5602991665709436,9.85426910528861,-0.5792844118813181
St. Lucia,LCA,2000,,0.0968,18818.8855989431,158616.0,27.8532282391838,0.6102789125939375,9.842616197727464,-0.4938391925537301
St. Lucia,LCA,2001,,0.1036,17993.6372662268,160237.0,27.5160334778671,0.6465423092044909,9.797773489178056,-0.43611663943979856
St. Lucia,LCA,2002,,0.0975,17911.6297765068,161641.0,26.9383251458178,0.6031885474601122,9.793205489044595,-0.505525448774813
St. Lucia,LCA,2003,,0.1135,18522.5129630157,162976.0,26.0119584764195,0.6964215590025525,9.826742188142946,-0.36180011378073673
St. Lucia,LCA,2004,730.642539226371,0.11,19715.8297745985,164239.0,24.8459172882296,0.669755660957507,9.889177133916952,-0.400842318248971
St. Lucia,LCA,2005,743.427017225748,0.1154,19491.2182260584,165450.0,23.5419158996884,0.6974916893321245,9.87771929573338,-0.360264680293622
St. Lucia,LCA,2006,714.118543678251,0.128,20551.0599501307,166639.0,22.2016686292365,0.7681275091665216,9.930667797676012,-0.26379953205493994
St. Lucia,LCA,2007,763.003850785059,0.1384,20759.3043872305,167758.0,20.9268897953144,0.8249979136613456,9.940749829359602,-0.19237442154599244
St. Lucia,LCA,2008,,0.1496,21651.233776084,168808.0,19.8192937163625,0.8862139235107341,9.982817719154909,-0.1207969088633787
St. Lucia,LCA,2009,,0.1613,20907.3343580129,169869.0,18.9805947108213,0.9495552455127186,9.94785530261341,-0.051761566628075364
St. Lucia,LCA,2010,,0.1823,20849.0551242245,170906.0,18.5125070971313,1.066668226978573,9.945063908417069,0.06453998392891348
St. Lucia,LCA,2011,,0.1412,21637.8686925992,171801.0,18.4743479557314,0.821881129911933,9.98220023885861,-0.1961595051958425
St. Lucia,LCA,2012,,0.1459,21515.89963362,172587.0,18.6193081275177,0.8453707405540394,9.97654745864996,-0.16798000162814358
St. Lucia,LCA,2013,,0.1667,21029.2888872138,173369.0,18.9258370999948,0.9615329153424199,9.953671453917414,-0.03922648121379981
St. Lucia,LCA,2014,,0.1778,21214.4773346334,174138.0,19.3915445904726,1.021029298602258,9.962439120737766,0.0208112347573472
St. Lucia,LCA,2015,,0.1824,21142.9733304366,174905.0,20.0204288176073,1.042851833852663,9.959062899034327,0.04195910825986018
St. Lucia,LCA,2016,,0.1964,21775.4737658629,175646.0,20.8164880000551,1.1181581134782461,9.988539558814114,0.11168279002689455
St. Lucia,LCA,2017,,0.1963,22422.5970388018,176342.0,21.783720356472,1.1131778022252214,10.017824525725096,0.10721880996164056
St. Lucia,LCA,2018,,0.2592,22981.9179294013,177017.0,22.9261241055144,1.4642661439296791,10.042463008729543,0.3813541913185951
St. Lucia,LCA,2019,,0.2947,22738.2471068581,177661.0,24.2476974658382,1.6587771092136148,10.031803680202263,0.5060806496889024
St. Lucia,LCA,2020,,0.2776,17142.044063192,178250.0,25.7524386560998,1.5573632538569424,9.749289441936915,0.44299416933824404
St. Lucia,LCA,2021,,0.2822,19101.1652956675,178522.0,27.4443458949551,1.5807575536908616,9.857504622418043,0.4579041964938709
St. Lucia,LCA,2022,,0.2961,22962.2818144554,178781.0,29.097678526676,1.656216264591875,10.041608227658115,0.5045356419966517
St. Lucia,LCA,2023,,0.297,23403.7440265988,179285.0,29.0976313248036,1.6565803051008172,10.060651289683676,0.5047554203638102
St. Vincent and the Grenadines,VCT,1992,,0.0342,7984.07959662088,112509.0,43.9730261698332,0.3039756819454444,8.985204787458247,-1.190807574376086
St. Vincent and the Grenadines,VCT,1993,,0.0278,8306.77527139188,112735.0,44.0568821225065,0.2465959994677784,9.024826758552932,-1.400003911141884
St. Vincent and the Grenadines,VCT,1994,,0.0509,8189.84362711098,112918.0,44.155714886646,0.4507695850085903,9.010650083515996,-0.7967989680176898
St. Vincent and the Grenadines,VCT,1995,,0.0556,8815.84871825748,113047.0,44.2664367297579,0.49183083142409795,9.08430637133819,-0.7096204601847699
St. Vincent and the Grenadines,VCT,1996,,0.0496,8923.70555514296,113119.0,44.3859599193481,0.4384762948753083,9.096466560290802,-0.824449528208575
St. Vincent and the Grenadines,VCT,1997,,0.0598,9234.69888368764,113141.0,44.5111967229227,0.5285440291317913,9.130723286112326,-0.6376291675263989
St. Vincent and the Grenadines,VCT,1998,,0.0668,9609.10378620502,113180.0,44.6390594079879,0.5902102845025623,9.170466239156083,-0.5272763911717777
St. Vincent and the Grenadines,VCT,1999,,0.0676,9853.34736551962,113366.0,44.7664602420497,0.5962987139001111,9.195566510498523,-0.5170135396554847
St. Vincent and the Grenadines,VCT,2000,,0.0419,9999.05879203685,113545.0,44.8903114926141,0.3690166894182923,9.210246246750227,-0.9969134071885403
St. Vincent and the Grenadines,VCT,2001,,0.0485,10177.8094583896,113501.0,45.0076571524878,0.4273090104932996,9.227965086045026,-0.8502478495118942
St. Vincent and the Grenadines,VCT,2002,,0.0556,10736.0878714164,113347.0,45.1214266763803,0.4905290832576072,9.281366043922416,-0.712270708650678
St. Vincent and the Grenadines,VCT,2003,,0.0601,11475.3312414531,113141.0,45.236152710942,0.5311955878063656,9.34795490086969,-0.6326249869418229
St. Vincent and the Grenadines,VCT,2004,584.924890326583,0.0643,11979.907294501,112835.0,45.3517185236482,0.5698586431515044,9.39098613328399,-0.5623669433802999
St. Vincent and the Grenadines,VCT,2005,595.820364606492,0.0663,12320.0710011077,112450.0,45.4681221654846,0.5895953757225434,9.418985000147828,-0.5283187812135078
St. Vincent and the Grenadines,VCT,2006,624.921884764404,0.0731,13233.4068930431,112014.0,45.5853616874371,0.652596996803971,9.490499736659967,-0.4267954967275126
St. Vincent and the Grenadines,VCT,2007,627.628193058432,0.0782,13732.3622591495,111531.0,45.7034351404912,0.7011503528167057,9.527510534884259,-0.35503293161241967
St. Vincent and the Grenadines,VCT,2008,,0.0815,13850.3936790063,111028.0,45.8223405756329,0.7340490687033902,9.536068935688506,-0.3091794015075193
St. Vincent and the Grenadines,VCT,2009,,0.1241,13723.7838252622,110508.0,45.9420760438477,1.1229956202265898,9.526885652270357,0.11599977568333115
St. Vincent and the Grenadines,VCT,2010,,0.097,13175.7230154228,109959.0,46.0626395961215,0.8821469820569485,9.486131249734783,-0.1253965905362309
St. Vincent and the Grenadines,VCT,2011,,0.069,13168.8964291743,109349.0,46.18402928344,0.631007142269248,9.485612996934384,-0.46043809753628556
St. Vincent and the Grenadines,VCT,2012,,0.0876,13397.9632982701,108736.0,46.3063114823836,0.8056209535020601,9.502857981720537,-0.21614192810712102
St. Vincent and the Grenadines,VCT,2013,,0.0825,13804.1837951887,108135.0,46.4319347036311,0.7629352198640588,9.532726998761875,-0.2705821531840164
St. Vincent and the Grenadines,VCT,2014,,0.0922,14040.2460690452,107535.0,46.5579930468544,0.8573952666573673,9.549683203711488,-0.15385624541039716
St. Vincent and the Grenadines,VCT,2015,,0.0951,14508.8609465459,106960.0,46.6845638727475,0.8891174270755423,9.582514841525027,-0.11752596324234306
St. Vincent and the Grenadines,VCT,2016,,0.1012,15197.7482513352,106349.0,46.8116589511271,0.9515839359091294,9.628902554500826,-0.049627381833769725
St. Vincent and the Grenadines,VCT,2017,,0.1091,15533.2212821544,105663.0,46.9392900518098,1.032527942609996,9.6507363178244,0.032010108547381594
St. Vincent and the Grenadines,VCT,2018,,0.1102,16139.0661084965,104926.0,47.0674689446123,1.050263995577836,9.688998078222767,0.04904155692746822
St. Vincent and the Grenadines,VCT,2019,,0.1165,16365.3255785124,104167.0,47.1962073993512,1.1183964211314523,9.702920081544129,0.1118958925025287
St. Vincent and the Grenadines,VCT,2020,,0.1238,15763.7054382539,103526.0,47.3255171858432,1.1958348627397948,9.665465452416761,0.1788445713629818
St. Vincent and the Grenadines,VCT,2021,,0.1174,16200.8994597845,102841.0,47.4554100739049,1.141568051652551,9.692822041888094,0.1324028012007209
St. Vincent and the Grenadines,VCT,2022,,0.1271,16835.023514541,102046.0,47.585897833353,1.2455167277502301,9.731216728359332,0.21955048618007375
St. Vincent and the Grenadines,VCT,2023,,0.1275,17858.2446468702,101323.0,47.7169922340041,1.258352003000306,9.790220565550475,0.22980293074424896
Sudan,SDN,1992,462.480044376231,4.6814,2709.7900390625,22927355.0,31.7438179745549,0.20418404129041487,7.904626434511597,-1.5887335286542308
Sudan,SDN,1993,439.22493414856,3.3442,2777.27490234375,23445592.0,31.9884478944617,0.14263662013738018,7.9292254749690265,-1.9474550007628064
Sudan,SDN,1994,496.439746631402,4.915,2736.47192382813,24043948.0,32.0486931236115,0.20441734443944065,7.914424750647594,-1.5875915688737334
Sudan,SDN,1995,485.611785120867,4.5979,2824.63208007813,24672143.0,32.1100625013715,0.18635997691809747,7.946133397958463,-1.6800751158900766
Sudan,SDN,1996,486.421910396116,4.5318,2924.29077148438,25231528.0,32.1664651904255,0.17960862298945984,7.98080725897765,-1.7169751120758299
Sudan,SDN,1997,485.578928301363,5.4796,3380.18676757813,25799821.0,32.2179601401085,0.21238907045130273,8.12568624363039,-1.5493354483239103
Sudan,SDN,1998,478.711864498464,4.9223,3441.17919921875,26458999.0,32.2646062997555,0.18603500457443609,8.14356948209878,-1.6818204263389482
Sudan,SDN,1999,517.980162387418,5.4435,3459.22998046875,27130613.0,32.3064626187016,0.20064050893357993,8.148801294286596,-1.6062404849898615
Sudan,SDN,2000,486.895648884188,6.0,3575.85205078125,27816745.0,32.3435880462815,0.2156974153517962,8.18195876261349,-1.5338787082652336
Sudan,SDN,2001,494.123605509951,6.5484,3701.548828125,28516770.0,32.3760415318304,0.2296332999845354,8.216506613238804,-1.471271590277401
Sudan,SDN,2002,517.547585761207,7.9985,3814.31323242188,29228727.0,32.4038820246832,0.27365201365081687,8.246515909799632,-1.2958980029291798
Sudan,SDN,2003,491.363979157765,8.2143,3946.92260742188,29896035.0,32.4271684741748,0.27476218836377464,8.280691467520743,-1.2918493250307643
Sudan,SDN,2004,481.357152467204,9.2338,4041.05712890625,30556637.0,32.4459598296403,0.30218639570840206,8.304261602297585,-1.1967112476670676
Sudan,SDN,2005,485.749820750348,10.8686,4152.32275390625,31262444.0,32.4603150404146,0.3476567602967957,8.331423156387713,-1.0565396069285033
Sudan,SDN,2006,508.243151523165,13.2804,4299.97412109375,31992435.0,32.4702930558327,0.415110634748496,8.366364283313253,-0.8792102045247613
Sudan,SDN,2007,477.508307525311,14.4005,4415.78515625,32764135.0,32.4759528252296,0.4395202253927961,8.392940935561919,-0.8220715438195146
Sudan,SDN,2008,472.804911242702,15.3767,4446.40966796875,33623980.0,32.4816230749746,0.4573135006623249,8.399852233322136,-0.7823861262034505
Sudan,SDN,2009,481.629873791934,15.9281,4188.0546875,34569113.0,32.5774622972843,0.4607610267581931,8.339991630047482,-0.7748757505249924
Sudan,SDN,2010,444.591378410567,16.9129,4219.8369140625,35414399.0,32.7174026591513,0.47757128392889003,8.34755176032653,-0.7390418444884026
Sudan,SDN,2011,467.4243451203,16.2393,4467.6259765625,36140806.0,32.9059760141986,0.44933419581179235,8.404612445083133,-0.7999883567173907
Sudan,SDN,2012,390.663141094355,17.5247,4145.931640625,36923178.0,33.1425561614901,0.4746259923780125,8.329882804829165,-0.7452281695648032
Sudan,SDN,2013,474.39791148882,17.6235,4130.48583984375,37785849.0,33.4264777958103,0.4664047643867946,8.326150315802458,-0.7627014287604769
Sudan,SDN,2014,475.661985814283,18.516,4207.50048828125,38823318.0,33.7624582408117,0.47692986982720026,8.344624042115163,-0.740385822325859
Sudan,SDN,2015,463.361659242171,21.5583,4159.1943359375,40024431.0,34.0914394628597,0.5386285191662062,8.333076665253206,-0.6187291494565135
Sudan,SDN,2016,448.456631655364,23.9363,4174.56103515625,41259892.0,34.1881958841213,0.5801348195482431,8.336764490477284,-0.5444947549564348
Sudan,SDN,2017,443.093596413321,23.6627,4061.01831054688,42714306.0,34.2872225663509,0.5539759910883253,8.309189036552489,-0.5906339305596393
Sudan,SDN,2018,435.149435651597,23.6471,3816.65991210938,44230596.0,34.382054222005,0.5346321808550805,8.24713095055971,-0.6261762809515837
Sudan,SDN,2019,435.397595484311,23.4708,3625.52319335938,45548175.0,34.4727685824236,0.5152961671900137,8.195753886076906,-0.6630134616922834
Sudan,SDN,2020,422.22104307002,21.6685,3401.24975585938,46789231.0,34.5594433789246,0.4631087012308452,8.131898218317778,-0.7697934765748907
Sudan,SDN,2021,426.11403674166,23.6032,3248.9755859375,48066924.0,34.6421563427994,0.4910486886991146,8.086095021309536,-0.7112119937838853
Sudan,SDN,2022,411.780538179181,21.4434,3132.0771484375,49383346.0,34.7209852053086,0.4342233108303354,8.049451689130919,-0.8341963361288823
Sudan,SDN,2023,,21.7036,2181.0791015625,50042791.0,34.7960076976764,0.4337008301555363,7.687575034027438,-0.8354003140187465
Suriname,SUR,1992,,1.2248,17455.1256454322,417589.0,66.4539597967158,2.9330274504357154,9.767388617761995,1.0760351491181437
Suriname,SUR,1993,,1.2303,16217.1660347103,419352.0,66.491660659069,2.933812167343902,9.693825591979246,1.0763026583612763
Suriname,SUR,1994,,1.2371,16648.5345258933,422375.0,66.5282351123459,2.9289138798461085,9.720077475072049,1.074631664834332
Suriname,SUR,1995,,1.2612,16368.311360582,429606.0,66.5632812810604,2.935713188363291,9.703102510528932,1.0769504180933342
Suriname,SUR,1996,,1.2451,16184.4999295065,438830.0,66.5963972897263,2.8373174122097393,9.691809268725557,1.0428590326171763
Suriname,SUR,1997,,1.2818,16754.3511427064,448067.0,66.6271812628574,2.860732881466388,9.726413273232717,1.0510778442657334
Suriname,SUR,1998,,1.3026,16789.7549005356,457406.0,66.6552313249677,2.8477982361403216,9.72852415202195,1.0465461469883175
Suriname,SUR,1999,,1.2755,16217.5173031438,466916.0,66.680145600571,2.7317547481774023,9.693847252029377,1.0049441676121333
Suriname,SUR,2000,1279.91009868174,1.4802,16220.1790603262,476643.0,66.7015222141811,3.1054688729300546,9.69401136708604,1.1331647097597926
Suriname,SUR,2001,1352.00051071083,1.5206,16556.9440609927,486560.0,66.718959290312,3.1252055244985204,9.714560873530466,1.1395000488652818
Suriname,SUR,2002,963.414526111558,1.1182,16678.0718706582,496551.0,66.7320549534773,2.2519338396257385,9.721850073946808,0.8117893313493237
Suriname,SUR,2003,1004.17207760767,1.2348,17383.5015505612,506414.0,66.7404073281911,2.43832121544823,9.763276848639848,0.8913097760506431
Suriname,SUR,2004,1086.0286292677,1.3939,18585.5170864176,513923.0,66.743604713168,2.712274017703041,9.830137905127067,0.9977874039501032
Suriname,SUR,2005,1231.36166250567,1.6888,19220.2839696605,519313.0,66.7321826490881,3.251988685051212,9.863721457111314,1.179266712297965
Suriname,SUR,2006,1174.71907397922,1.5314,20113.6707547695,524997.0,66.6967982269052,2.9169690493469487,9.90915499991199,1.0705450803894403
Suriname,SUR,2007,1117.32432132435,1.4148,20902.1391589279,531016.0,66.6433180134835,2.664326498636576,9.947606784817097,0.9799513047165991
Suriname,SUR,2008,1176.34643873161,1.4601,21515.8119551093,537245.0,66.5776961831642,2.717754469562304,9.97654338358497,0.9998059766824634
Suriname,SUR,2009,1163.89303819747,1.452,21906.4105447498,543568.0,66.5058869102882,2.671238925028699,9.99453459190911,0.9825423816543053
Suriname,SUR,2010,1351.36214118486,1.7497,22772.4754543689,549923.0,66.4338443691967,3.1817181678162214,10.033307868755562,1.1574213552249721
Suriname,SUR,2011,1676.95221892351,1.9566,23829.5332856393,556269.0,66.3675227342307,3.5173630024322766,10.078680984741084,1.2577115618228552
Suriname,SUR,2012,1411.63824385599,2.4449,24193.8412373922,562633.0,66.3132562693376,4.345461428675531,10.093853385432967,1.4691319507026146
Suriname,SUR,2013,1713.83746780444,2.2883,24624.0219854601,569020.0,66.2683575134509,4.021475519313908,10.111477748925083,1.3916488798919866
Suriname,SUR,2014,1785.94876899071,2.6212,24414.3554759734,575373.0,66.2249266178037,4.555653463057877,10.10292657745689,1.5163689810278944
Suriname,SUR,2015,1577.31172890225,2.7261,23327.5252497447,581627.0,66.1828815074718,4.68702450195744,10.057389283510108,1.544797946568774
Suriname,SUR,2016,1728.65071732658,2.9607,21950.4122148625,587757.0,66.1426466980469,5.0372858170978825,9.996541198047368,1.6168674086712076
Suriname,SUR,2017,1613.95464252908,2.4504,22070.5137570835,593713.0,66.1046467051207,4.127246666318575,10.001997777506507,1.4176105179008978
Suriname,SUR,2018,1523.99899313139,2.1512,22938.5353715545,599513.0,66.0693060442846,3.5882457928351847,10.040573542592565,1.2776634459849154
Suriname,SUR,2019,1730.83708121822,2.6613,22966.7405999124,605768.0,66.0370492311305,4.393266068858044,10.041802387482845,1.4800729297104496
Suriname,SUR,2020,1688.41378493841,2.6044,19091.3617184226,612317.0,66.00830078125,4.253352430195471,9.856991245680412,1.447707479096324
Suriname,SUR,2021,1698.95174083857,2.7191,18458.234999681,617896.0,65.9853973388672,4.40057873816953,9.823265891334085,1.481736063676885
Suriname,SUR,2022,1738.82345454805,2.8628,18742.5873760369,623164.0,65.8985443115234,4.593975261728855,9.83855361328642,1.5247457193435823
Suriname,SUR,2023,1695.16378963307,2.496,19020.8663908707,628886.0,65.7562408447266,3.968922825440541,9.853291886632428,1.3784947292784357
Sweden,SWE,1992,5369.06986784062,60.1881,39120.9249133997,8668067.0,83.6078889853357,6.943658834201443,10.574412766849827,1.9378288451317036
Sweden,SWE,1993,5333.87357287498,60.2661,38090.9458960736,8718561.0,83.7269008050895,6.912390703007067,10.547731892350807,1.9333155552235683
Sweden,SWE,1994,5659.95258523583,62.9432,39340.0016622619,8780745.0,83.8312298868944,7.168321139037746,10.579997134196784,1.9696714764321388
Sweden,SWE,1995,5701.87027966891,62.6424,40736.4273400135,8826939.0,83.9000015258789,7.096729681716391,10.614877991777695,1.9596340697257641
Sweden,SWE,1996,5824.79922638629,67.7555,41364.9857254278,8840998.0,83.9365712484942,7.663784111250789,10.630190046536052,2.0365058710717463
Sweden,SWE,1997,5683.45838854063,61.7963,42608.4136690457,8846062.0,83.96246905017,6.985741225869771,10.65980701672433,1.9438711038820522
Sweden,SWE,1998,5783.40686535687,63.0045,44392.8449919299,8850974.0,83.9840819295031,7.1183691196019785,10.700833586604041,1.962678642950821
Sweden,SWE,1999,5675.23773166234,61.6853,46221.8079937232,8857874.0,84.00779688509,6.963894496580105,10.741207000192768,1.9407388719606407
Sweden,SWE,2000,5375.75151158851,57.9841,48284.8001841043,8872109.0,84.0400009155273,6.535548650270189,10.784872094132215,1.877256299217016
Sweden,SWE,2001,5701.68206771918,58.0584,48810.644590655,8895960.0,84.0827152824223,6.526378266089326,10.795703694912719,1.8758521594225914
Sweden,SWE,2002,5826.34189342548,59.3887,49760.2161636006,8924958.0,84.1342508376823,6.654227392442631,10.814971071527431,1.8952523508089822
Sweden,SWE,2003,5676.54834518443,59.6586,50507.9330738641,8958229.0,84.1954289653543,6.659642212763259,10.829885693497586,1.8960657613019114
Sweden,SWE,2004,5872.97554411383,58.0655,52412.411275873,8993531.0,84.2670710494849,6.45636291240893,10.866898698672873,1.8650661425861543
Sweden,SWE,2005,5711.64214196537,54.5336,53661.3178643623,9029572.0,84.3499984741211,6.039444615979583,10.890447683207709,1.7983120567222137
Sweden,SWE,2006,5532.76265714386,55.0985,55855.4978279347,9080505.0,84.4553200620359,6.067779269985535,10.930523238827725,1.8029926847510835
Sweden,SWE,2007,5464.45613719356,52.8433,57230.7901610156,9148092.0,84.5906875454778,5.77642857111625,10.954847322070295,1.753785597438404
Sweden,SWE,2008,5383.76479707233,51.7125,56262.4700751994,9219637.0,84.7517366727063,5.608951849188856,10.937782985722787,1.7243638659268379
Sweden,SWE,2009,4891.39219246248,46.9207,53411.2005853182,9298515.0,84.9341031919813,5.046042298151909,10.885775751742814,1.618604232695011
Sweden,SWE,2010,5443.32366800687,52.8835,56003.2704715511,9378126.0,85.1334228515625,5.639026389707283,10.933165369289696,1.7297114246699703
Sweden,SWE,2011,5281.40096330574,48.4621,57340.5039813247,9449213.0,85.3600748880524,5.128691669877693,10.95676252874866,1.6348505915441327
Sweden,SWE,2012,5295.92806615816,45.7287,56682.0187013753,9519374.0,85.6250668883122,4.803750750837187,10.945212308932128,1.5693970191992073
Sweden,SWE,2013,5178.9349383913,43.9685,56843.1649263734,9600379.0,85.9249771259894,4.579871273832002,10.948051261983434,1.5216708915808905
Sweden,SWE,2014,4997.87990362276,42.7792,57574.0500485264,9696110.0,86.2563838747314,4.411996151033765,10.9608272251785,1.4843272290050562
Sweden,SWE,2015,4573.58907986933,42.9009,59468.3538687625,9799186.0,86.6158654081858,4.378006499723549,10.993199582290005,1.476593483732632
Sweden,SWE,2016,4858.89940544006,42.49,59977.3886010694,9923085.0,87.0,4.281934499200601,11.001722913527082,1.4544048932734277
Sweden,SWE,2017,4926.81117539334,41.8362,60288.7998168676,10057698.0,87.237373786911,4.159619825530653,11.006901624449474,1.4254236820034325
Sweden,SWE,2018,4966.26111814633,39.6483,60647.449528586,10175214.0,87.4737430925296,3.896556868484535,11.012832861197554,1.3600933089555394
Sweden,SWE,2019,4781.87568337501,39.4951,61601.6292338778,10278887.0,87.7088420242759,3.842351803264303,11.028443597773766,1.3460846278961751
Sweden,SWE,2020,4284.99805555044,38.0388,59975.3644061895,10353442.0,87.9424046895699,3.6740245417900637,11.001689163657582,1.3012876666263842
Sweden,SWE,2021,4558.74420693219,40.4785,62731.700616293,10415811.0,88.1741651958315,3.8862552325498227,11.046622190818853,1.357446028816378
Sweden,SWE,2022,4323.66572139304,37.7526,63088.4236678734,10486941.0,88.4038576504809,3.59996303974629,11.052292571601349,1.2809235786722193
Sweden,SWE,2023,4288.83333908122,36.6683,62662.7652797761,10536632.0,88.631216160938,3.480077884470104,11.045522695032195,1.2470546741307986
Switzerland,CHE,1992,3606.20840062565,47.0328,61922.8908444333,6875364.0,69.820059647118,6.840772357652628,11.03364519393792,1.9229006430451978
Switzerland,CHE,1993,3479.20943929761,44.7243,61284.2042587758,6938265.0,70.4051871933076,6.446035139908896,11.023277409417098,1.8634652348070089
Switzerland,CHE,1994,3482.93560412511,43.7923,61569.5965405613,6993795.0,70.9804424734025,6.261593312357597,11.027923465026246,1.8344346754674197
Switzerland,CHE,1995,3405.68478072749,44.5751,61453.6297020666,7040687.0,71.5294706058473,6.331072521758175,11.026038180817972,1.8454696565205757
Switzerland,CHE,1996,3459.89061670209,45.1252,61471.1689633393,7071850.0,72.0359167090865,6.380961134639451,11.026323546530703,1.8533187340730284
Switzerland,CHE,1997,3513.12639714122,43.8343,62709.9871171841,7088906.0,72.4834259015645,6.183507017867073,11.046275998102251,1.8218855891337646
Switzerland,CHE,1998,3544.34495422887,45.2969,64418.3857592838,7110001.0,72.8556433017258,6.370871115208001,11.07315436450361,1.8517362130141688
Switzerland,CHE,1999,3533.47941266544,45.5649,65177.8822005074,7143991.0,73.1362140280151,6.378073544605529,11.084875460309647,1.8528660995037505
Switzerland,CHE,2000,3466.50613217002,44.7643,67378.3901472877,7184250.0,73.302430524727,6.230893969447054,11.118079624530386,1.8295198167983076
Switzerland,CHE,2001,3658.06649907658,46.1887,68008.3441852855,7229854.0,73.3762992611964,6.388607570775288,11.127385685237298,1.854516337097241
Switzerland,CHE,2002,3537.53750331779,44.5779,67446.4044310268,7284753.0,73.4195324136588,6.119342687391048,11.119088553039736,1.8114546867349393
Switzerland,CHE,2003,3524.60535957512,45.8584,66926.167976443,7339001.0,73.4518762174754,6.248588874698341,11.111345320256335,1.8323556582078924
Switzerland,CHE,2004,3513.04226751483,46.4029,68263.4411390817,7389625.0,73.4761317507392,6.279466143410525,11.13112963342388,1.8372849678555736
Switzerland,CHE,2005,3469.41664326823,47.0336,69692.5954827493,7437115.0,73.4951000915434,6.3241727470934626,11.151849356998476,1.844379235086333
Switzerland,CHE,2006,3600.20599088199,46.607,72077.8598470308,7483934.0,73.5115823179813,6.227607031275262,11.185502200485024,1.8289921548833041
Switzerland,CHE,2007,3391.3409304186,44.6163,74234.3010991931,7551117.0,73.5283795081459,5.908569553352173,11.214981601302336,1.776403763772112
Switzerland,CHE,2008,3480.20255913467,45.9807,75355.202488789,7647675.0,73.5482927401305,6.0123763104472925,11.229968245981597,1.7938200631532932
Switzerland,CHE,2009,3460.61144395548,44.618,72709.8138293408,7743831.0,73.5741230920283,5.761747641445171,11.194231645186152,1.7512408386614222
Switzerland,CHE,2010,3323.41218501892,46.3246,74290.2619629278,7824909.0,73.6086716419323,5.920145525015052,11.215735158360227,1.778361030522002
Switzerland,CHE,2011,3181.06687778874,42.2875,74800.8886353533,7912398.0,73.65058748615,5.344460680567383,11.222585044043782,1.6760606377148826
Switzerland,CHE,2012,3175.97090168674,43.6002,74883.6158924249,7996861.0,73.7522629583622,5.452164292964452,11.223690399147246,1.6960126478198077
Switzerland,CHE,2013,3274.49948136129,44.6067,75354.1550500884,8089346.0,74.1121384785551,5.514252944552007,11.229954345866599,1.7073361846999915
Switzerland,CHE,2014,3031.17447656808,40.8955,76189.6018443969,8188649.0,74.7402679059582,4.9941693678652,11.240980273628448,1.6082711055526697
Switzerland,CHE,2015,2927.96015319396,40.2217,76566.0772542148,8282396.0,75.6044960143169,4.8562879630483735,11.245909401950039,1.5802743524620035
Switzerland,CHE,2016,2819.83095943189,40.7885,77301.2124304857,8373338.0,76.6726675773771,4.871235342464379,11.255464919193592,1.5833475686776748
Switzerland,CHE,2017,2809.47945669194,39.8183,77626.9027376941,8451840.0,77.9126273688843,4.71119898152355,11.259669330854132,1.5499424364662406
Switzerland,CHE,2018,2806.4991558403,38.5179,79261.3563641288,8514329.0,79.2922201625844,4.523891430551956,11.280505979443433,1.5093725594141703
Switzerland,CHE,2019,2857.15819180217,38.3954,79596.7029465098,8575280.0,80.7792907322229,4.477451465141663,11.284727950704655,1.4990540151712912
Switzerland,CHE,2020,2690.39023280182,35.9401,77324.8870934007,8638167.0,82.3416838515457,4.160616482640356,11.255771137395731,1.4256632562360758
Switzerland,CHE,2021,2619.80556120156,37.6301,81001.4111206118,8704546.0,84.2006477608879,4.323039937981831,11.302221854744948,1.4639588441304054
Switzerland,CHE,2022,2591.92141040481,34.4805,82777.293582076,8777088.0,84.9206266284521,3.928466935730848,11.323909070664321,1.3682492570858722
Switzerland,CHE,2023,2511.37154209497,33.6661,82295.2993346568,8888822.0,85.1854212679815,3.7874647506722487,11.318069268808655,1.3316968640389777
Syrian Arab Republic,SYR,1992,814.819645402187,35.8801,6662.24314240165,13385571.0,49.2650458476971,2.680505747569528,8.804211514995712,0.9860054884986119
Syrian Arab Republic,SYR,1993,794.604852618065,36.8716,6861.79504697602,13795686.0,49.5009544172498,2.6726905787794824,8.833724355146055,0.9830856724239366
Syrian Arab Republic,SYR,1994,805.004392109051,38.8836,7142.95380147314,14208583.0,49.7587435362079,2.7366275722216633,8.87388166746965,1.006726349269706
Syrian Arab Republic,SYR,1995,827.60077910839,40.5128,7431.354210148,14616801.0,50.0454433199127,2.771659818040897,8.913463383573466,1.0194463530323805
Syrian Arab Republic,SYR,1996,850.454402791897,43.5278,7943.44060493443,15018104.0,50.3656541639413,2.8983552118163516,8.980101785941267,1.0641434077524352
Syrian Arab Republic,SYR,1997,899.532946800197,43.335,8126.36577647131,15417542.0,50.7142395730045,2.810759328562231,9.002869088637162,1.0334546705294365
Syrian Arab Republic,SYR,1998,977.304115507345,46.0151,8456.78287525056,15820413.0,51.085856389276,2.9085903130341793,9.042724105484396,1.0676685352994113
Syrian Arab Republic,SYR,1999,948.559637124059,45.2083,7951.39014713749,16228061.0,51.4751614549293,2.785810331868977,8.981102053637082,1.0245387940268438
Syrian Arab Republic,SYR,2000,928.43318140297,45.9017,7807.92995548742,16637888.0,51.876811612138,2.758865788734724,8.962895157187862,1.0148196491569583
Syrian Arab Republic,SYR,2001,929.373810570742,46.0132,7698.3969367866,17051338.0,52.2854637030759,2.698509641882649,8.948767396139509,0.9926996361228541
Syrian Arab Republic,SYR,2002,942.482652914674,45.8279,7811.81601910972,17468332.0,52.6957745699164,2.623484600590371,8.963392740658016,0.9645034343314696
Syrian Arab Republic,SYR,2003,924.928080979621,45.9819,8177.54506854394,17889296.0,53.1024010548332,2.570358274579391,9.009147270683679,0.944045295642077
Syrian Arab Republic,SYR,2004,943.040677936742,48.0318,8528.65604597154,18336875.0,53.5,2.619410341184089,9.051187071914365,0.9629492318263044
Syrian Arab Republic,SYR,2005,1105.30501136572,58.8097,8828.94590461523,18814091.0,53.8227202374695,3.1258326538337675,9.085790909871285,1.1397006969238794
Syrian Arab Republic,SYR,2006,1101.63821463784,61.5688,8885.80539630373,19637022.0,54.059770380523,3.13534302706388,9.092210383222703,1.142738586620288
Syrian Arab Republic,SYR,2007,1084.27313710466,65.0228,8829.30906367425,20884125.0,54.2883969431774,3.1135036780329557,9.0858320418019,1.1357486766474671
Syrian Arab Republic,SYR,2008,1066.1371934826,66.6794,8903.77225264131,21636564.0,54.5858464394493,3.081792469451249,9.094230314533165,1.1255113983073215
Syrian Arab Republic,SYR,2009,977.72847382215,62.4091,9284.10162126587,21976969.0,55.0293653833552,2.8397501038473503,9.136058713183827,1.0437160566985808
Syrian Arab Republic,SYR,2010,963.588419410325,62.6918,9546.56048805399,22482421.0,55.6962002889119,2.7884808313126066,9.163936210283238,1.0254969426307676
Syrian Arab Republic,SYR,2011,904.135064400008,58.6181,9648.82426718361,22878098.0,58.4817704183521,2.5621928885871545,9.174591349312676,0.9408634889259061
Syrian Arab Republic,SYR,2012,703.569051687656,46.2477,7144.37244952745,22759763.0,65.0896662830335,2.031993918390099,8.874080255789682,0.7090175367934983
Syrian Arab Republic,SYR,2013,559.338291333188,31.195,5530.97472757035,21666917.0,73.0620491886137,1.439752596089236,8.61811934075089,0.3644712905558135
Syrian Arab Republic,SYR,2014,618.190560387965,30.9873,5301.62535257941,20273659.0,76.0,1.5284512775912824,8.57576872282449,0.42425498587817906
Syrian Arab Republic,SYR,2015,560.58265085038,28.1357,5302.07413721497,19424618.0,75.7529067188542,1.4484557688599076,8.575853369628422,0.37049800193771104
Syrian Arab Republic,SYR,2016,530.409473294403,25.8772,5022.1127178437,19193834.0,75.15400963398,1.348203803367269,8.521605984277219,0.2987731905037377
Syrian Arab Republic,SYR,2017,596.403223195594,31.0807,4977.79210063798,19224668.0,74.5395596323392,1.616709323666864,8.512741718423026,0.4803928017065016
Syrian Arab Republic,SYR,2018,556.886951170305,34.0047,4956.09296464777,19577845.0,74.0612602381775,1.736896987385486,8.508373000573057,0.5521001805985124
Syrian Arab Republic,SYR,2019,553.834989219194,33.3171,4825.40602053761,20353534.0,73.8248788261986,1.6369196622070645,8.48165015956695,0.4928162209520167
Syrian Arab Republic,SYR,2020,509.57367220202,31.7492,4633.34951847728,21049429.0,73.4125031102512,1.508316448868993,8.441035323641108,0.41099409430112055
Syrian Arab Republic,SYR,2021,492.146135843866,32.0363,4592.83860100874,21628839.0,73.0125007629395,1.4811844500761226,8.432253543496897,0.3928420718089402
Syrian Arab Republic,SYR,2022,454.532086054546,31.1656,4454.85373271464,22462173.0,72.6124992370605,1.3874703930024936,8.401749507203103,0.32748222803420496
Syrian Arab Republic,SYR,2023,,31.3571,,23594623.0,72.1673803143204,1.3289934744878102,,0.28442186962711263
Tajikistan,TJK,1992,733.41087948565,8.5568,2630.38658066186,5649400.0,30.6177365157904,1.5146387226962155,7.8748861032148225,0.4151769436564035
Tajikistan,TJK,1993,566.672491077633,5.7987,2169.96747353928,5724993.0,29.8872550433905,1.0128746008947085,7.6824674572697615,0.012792427766546788
Tajikistan,TJK,1994,427.103286964703,3.5887,1678.33851733918,5825368.0,29.1432537034689,0.6160469175509599,7.4255596052618165,-0.4844321534935583
Tajikistan,TJK,1995,374.033375007141,3.0457,1439.50277584065,5948584.0,28.4243889333252,0.5120042013359818,7.2720530383870505,-0.6694224482419567
Tajikistan,TJK,1996,354.100051986627,2.7006,1175.79407235242,6066523.0,27.769317170259,0.4451643882335895,7.0696990045814205,-0.8093116532707468
Tajikistan,TJK,1997,348.70138047649,2.9766,1181.28110133633,6139829.0,27.2166948515698,0.4848017754240387,7.0743548076349585,-0.7240151820554405
Tajikistan,TJK,1998,364.417668012421,3.2154,1236.67552895556,6176397.0,26.8051784145572,0.5205947739434496,7.120182033179036,-0.6527833249978948
Tajikistan,TJK,1999,360.528858793095,2.9958,1275.82249026045,6208370.0,26.5734242965209,0.4825421165297816,7.151346340011507,-0.7286870738678598
Tajikistan,TJK,2000,341.873767516371,2.7846,1365.23327447129,6284735.0,26.5355104669232,0.4430735743034511,7.219080590066387,-0.8140194407779819
Tajikistan,TJK,2001,330.976128229369,2.7419,1467.39882474638,6407377.0,26.5345041786379,0.42792862040114077,7.291246605370741,-0.8487988720724874
Tajikistan,TJK,2002,325.679885054417,2.7554,1594.93890470219,6531669.0,26.5336513960096,0.4218523626962726,7.3745907102233685,-0.8630998775890479
Tajikistan,TJK,2003,325.581474313824,2.8163,1736.64039749855,6658575.0,26.5331204386766,0.4229583657163883,7.45970771976445,-0.8604815309824274
Tajikistan,TJK,2004,345.261040280781,3.3521,1878.28696227255,6790547.0,26.5327772632159,0.49364211749068226,7.538115450157223,-0.7059444828619854
Tajikistan,TJK,2005,337.915937288384,3.1911,1965.30020458256,6924720.0,26.5324878262051,0.4608272969881815,7.583400288503304,-0.7747319330993696
Tajikistan,TJK,2006,341.863711848015,3.4897,2063.288508243,7057566.0,26.5321180842215,0.4944622551174158,7.632056352175034,-0.7042844602210475
Tajikistan,TJK,2007,358.427683199043,4.0503,2181.89798056536,7194477.0,26.5315339938424,0.5629735142665686,7.687950410288674,-0.5745226958805416
Tajikistan,TJK,2008,334.362637299147,3.7908,2308.09430040334,7338403.0,26.5306015116451,0.5165701583845967,7.7441774848536955,-0.660544165407782
Tajikistan,TJK,2009,284.651561490729,3.05,2349.50030269416,7490230.0,26.529186594207,0.40719710876702053,7.761957947376299,-0.8984579140484856
Tajikistan,TJK,2010,284.331249350809,3.071,2449.27358745359,7652141.0,26.5274312963978,0.40132558979245153,7.803546764658563,-0.9129822365047032
Tajikistan,TJK,2011,278.854522985683,3.0824,2572.48074895498,7824785.0,26.4792213439941,0.393927756481488,7.852625984280779,-0.9315877456805942
Tajikistan,TJK,2012,294.855655829726,3.5021,2700.09546037358,8014084.0,26.4102249145508,0.4369931735180215,7.901042407061341,-0.8278377052487851
Tajikistan,TJK,2013,288.394960596269,3.5939,2828.38542075147,8216724.0,26.4883155822754,0.4373884287703956,7.947461305124618,-0.8269336256609673
Tajikistan,TJK,2014,301.614964923042,4.7682,2943.08867917317,8425552.0,26.5633735656738,0.5659213782076237,7.987214880016397,-0.5693001181879128
Tajikistan,TJK,2015,318.698277378179,5.0917,3041.44479553257,8643840.0,26.478832244873,0.5890553272619576,8.020087943187546,-0.529235165511266
Tajikistan,TJK,2016,326.569218788739,5.7155,3169.9667820524,8865631.0,26.3718509674072,0.6446805647561916,8.0614763879686,-0.4390003333023913
Tajikistan,TJK,2017,328.781768931872,6.934,3312.71202243506,9085946.0,26.2731513977051,0.7631566377348049,8.10552247501898,-0.27029197684738593
Tajikistan,TJK,2018,347.711461590981,8.2044,3479.69235966041,9307333.0,26.2338752746582,0.8814984915657363,8.154699166464365,-0.12613198835868097
Tajikistan,TJK,2019,370.778875737531,9.0405,3649.88375518646,9529966.0,26.1300735473633,0.9486392711159725,8.202450598175261,-0.05272666736966782
Tajikistan,TJK,2020,375.367379182413,9.3881,3724.7489591466,9749310.0,26.1925442328719,0.9629501985268701,8.222754735024923,-0.03775358344664285
Tajikistan,TJK,2021,367.769041949913,9.4268,3985.91247611219,9966908.0,26.1991525151375,0.9458098740351571,8.290521542707326,-0.05571370895039542
Tajikistan,TJK,2022,375.197095148471,9.5606,4213.75618362687,10182222.0,26.1957126615618,0.9389502605619874,8.34610973403503,-0.0629927718243792
Tajikistan,TJK,2023,,9.3204,4472.3241378777,10389799.0,26.1890127571429,0.897072214775281,8.405663493844605,-0.10861891316800126
Tanzania,TZA,1992,295.74433490224,2.0467,1751.91845703125,27457588.0,19.589598742605,0.07454041483906015,7.468466727622805,-2.596413819625071
Tanzania,TZA,1993,306.563680514263,2.1486,1718.39306640625,28332692.0,19.9013730856684,0.07583465771625231,7.449144869393841,-2.579199865021602
Tanzania,TZA,1994,353.556120792701,2.1293,1679.66235351563,29442356.0,20.2073439854484,0.07232097866081097,7.426348072147888,-2.6266410306223693
Tanzania,TZA,1995,362.110177694803,2.9406,1685.85107421875,30383497.0,20.5123885728178,0.0967828028485332,7.430025803829294,-2.3352859570058127
Tanzania,TZA,1996,360.249005801437,3.5082,1730.55456542969,30945762.0,20.8213839786497,0.11336608870707401,7.456197194175913,-2.177132973794103
Tanzania,TZA,1997,356.997140483118,3.2774,1755.8037109375,31578089.0,21.1392073338172,0.10378715444116964,7.470681986020744,-2.2654130688836243
Tanzania,TZA,1998,370.341465130641,2.8508,1773.72424316406,32420458.0,21.4707357691933,0.08793213223576299,7.480836707249192,-2.4311899866442133
Tanzania,TZA,1999,383.264250674065,2.6648,1810.97155761719,33300330.0,21.8208464156511,0.0800232310010141,7.501618752413418,-2.5254382989498723
Tanzania,TZA,2000,393.715575942908,3.112,1839.93664550781,34260139.0,22.1944164040635,0.09083442422694199,7.51748641822101,-2.398716943781172
Tanzania,TZA,2001,397.137814048139,3.287,1899.74536132813,35198299.0,22.5963228653037,0.09338519455158899,7.549475135819386,-2.3710224628906973
Tanzania,TZA,2002,405.812432807315,3.7394,1982.64428710938,36121304.0,23.0306918214565,0.10352339439351359,7.5921867312436815,-2.2679576590307042
Tanzania,TZA,2003,410.864949106248,3.9553,2059.83740234375,37089555.0,23.5202087261949,0.10664188340895435,7.630382327767327,-2.2382789418933533
Tanzania,TZA,2004,414.656007754261,5.4435,2155.24145507813,38109668.0,24.0832469119457,0.1428377701952166,7.6756580403811565,-1.9460457668844793
Tanzania,TZA,2005,426.1625033481,6.1729,2253.09326171875,39182076.0,24.7061884538741,0.15754397495426226,7.720059334035682,-1.8480506536283992
Tanzania,TZA,2006,429.313725233187,6.6034,2334.1044921875,40294902.0,25.3741033202009,0.16387681002425566,7.755383581419138,-1.8086402918074433
Tanzania,TZA,2007,419.165766354696,6.2424,2423.61596679688,41435512.0,26.0720614791471,0.15065338157279196,7.793015905098679,-1.892773567107518
Tanzania,TZA,2008,414.898580843046,6.2794,2493.25927734375,42570728.0,26.7851328989335,0.14750511196331903,7.821346080259212,-1.9138924464243814
Tanzania,TZA,2009,414.932104149828,6.0772,2560.81103515625,43633982.0,27.498387547781,0.13927676827661523,7.848079297907635,-1.9712921868599282
Tanzania,TZA,2010,420.666337595531,7.3333,2654.80346679688,44758488.0,28.1968953939105,0.16384154889235758,7.884125907130824,-1.808855483486974
Tanzania,TZA,2011,432.748223094232,8.8864,2779.70776367188,46029367.0,28.865726405543,0.19305935708392427,7.930101080177747,-1.6447575877033143
Tanzania,TZA,2012,424.81151927742,10.6021,2822.4853515625,47374260.0,29.4878764597911,0.22379452470603234,7.945373106129924,-1.497026948524087
Tanzania,TZA,2013,432.006442053335,11.5936,2924.86328125,48824128.0,30.0725108782502,0.2374563658361702,7.98100301712055,-1.4377713951816142
Tanzania,TZA,2014,414.591294842767,11.257,3027.56909179688,50351512.0,30.6443077170742,0.22356826146551467,8.01551529656961,-1.498038491132479
Tanzania,TZA,2015,419.719594250318,13.2034,3111.44458007813,52020962.0,31.2061566592472,0.25380922405856315,8.04284239253075,-1.3711723805539044
Tanzania,TZA,2016,416.315699078634,14.1367,3214.24682617188,53824013.0,31.7577303242916,0.2626467112364884,8.075348340539707,-1.3369454531283376
Tanzania,TZA,2017,406.2529829944,14.1975,3318.28833007813,55652890.0,32.2987013317296,0.2551080456019445,8.107204365732636,-1.366068115319781
Tanzania,TZA,2018,402.924862138835,14.9211,3392.68872070313,57437145.0,32.8287423010834,0.2597813662221547,8.129378018961544,-1.3479149008661828
Tanzania,TZA,2019,414.545616952925,17.0037,3484.63256835938,59174891.0,33.3475258518752,0.28734653689518413,8.156117885314691,-1.2470663459709113
Tanzania,TZA,2020,405.685641474926,16.677,3449.82153320313,60972798.0,33.8547246036273,0.27351541256151635,8.146077779181049,-1.2963973056493143
Tanzania,TZA,2021,404.468789265296,18.9418,3493.0830078125,62830412.0,34.3500111758619,0.30147502454702985,8.158540008570421,-1.1990681035693815
Tanzania,TZA,2022,405.146314827946,20.9124,3546.98095703125,64711821.0,34.8234736377147,0.3231619768511846,8.173852086005686,-1.129601605137252
Tanzania,TZA,2023,,21.5734,3620.79345703125,66617606.0,35.4748019434954,0.3238393165914728,8.194448467827057,-1.1275078226530326
Thailand,THA,1992,865.704309113413,114.0252,9886.89982869121,56528834.0,20.2251472411188,2.0171157254013057,9.198965910227644,0.7016686323392336
Thailand,THA,1993,899.125553407656,129.4434,10538.8163895497,57408198.0,21.344368876117,2.2547894640413553,9.262820518782902,0.8130566045344632
Thailand,THA,1994,979.262431000536,144.4147,11215.0366594606,58260854.0,22.6578637457835,2.4787604383554007,9.32501071573725,0.9077586119798251
Thailand,THA,1995,1052.28021147702,163.548,11953.920382867,59098232.0,24.1089855182854,2.7673924323150647,9.388814569069817,1.0179055166664293
Thailand,THA,1996,1160.58015021158,183.8926,12456.3290857417,59920064.0,25.6410878617897,3.068965346899496,9.429984133022069,1.1213404842410057
Thailand,THA,1997,1166.79566594222,187.4146,11952.8491238372,60724584.0,27.1975244444636,3.0863052104235082,9.388724949346816,1.1269746506783636
Thailand,THA,1998,1079.80595351035,167.0286,10897.1533831339,61522630.0,28.7216489344742,2.7149131953559205,9.296256876599022,0.9987599806301791
Thailand,THA,1999,1138.84929761085,174.5482,11253.3874955905,62299043.0,30.1568149999886,2.80177979620008,9.328424473026987,1.0302548567466958
Thailand,THA,2000,1153.04552225626,174.8428,11622.5250278537,63007815.0,31.4626212652205,2.774938315191536,9.360700306959169,1.0206285181915284
Thailand,THA,2001,1174.20279195013,183.5255,11901.3182104659,63651141.0,32.7428054763889,2.883302594685616,9.384404446953367,1.058936371416175
Thailand,THA,2002,1286.14403684353,195.0715,12512.1831324963,64266437.0,34.0732781018222,3.0353557643159834,9.434458099226596,1.110328638174121
Thailand,THA,2003,1379.29175743715,202.9305,13287.3048987459,64868166.0,35.4270354382579,3.1283526653119806,9.494564339475305,1.140506560992818
Thailand,THA,2004,1477.38480877104,221.1427,13997.0013867292,65452047.0,36.785516284484,3.3786979954958474,9.546598398993957,1.2174904268499191
Thailand,THA,2005,1508.58026062719,229.2248,14458.2551810694,66017420.0,38.1301594392881,3.472186583480542,9.579020823222539,1.2447845348359123
Thailand,THA,2006,1525.12655757667,232.8491,15051.0606748719,66567687.0,39.4424037014582,3.4979298589719665,9.619203744429328,1.2521713246435036
Thailand,THA,2007,1569.87237319879,237.863,15742.6552891781,67102394.0,40.7036878697821,3.5447766587880607,9.6641292046419,1.265475156247087
Thailand,THA,2008,1596.82835450256,238.9694,15891.7823409885,67619830.0,41.8954507430475,3.5340136170114596,9.673557420703553,1.2624342270342408
Thailand,THA,2009,1578.76107269732,232.0176,15665.9031153449,68121080.0,42.9991311200422,3.4059589190306436,9.659241853517974,1.225526520814453
Thailand,THA,2010,1718.62118368043,246.3596,16730.3697884488,68579447.0,44.0018736622496,3.5923240967516112,9.724980897050928,1.278799373750446
Thailand,THA,2011,1704.82334080525,246.7462,16766.3477057883,69007208.0,44.8048723557374,3.575658357312471,9.727129043727139,1.2741493150829566
Thailand,THA,2012,1818.19204308684,264.8041,17869.6376607459,69436098.0,45.373565813715,3.8136373965023207,9.790858331548682,1.338583430949743
Thailand,THA,2013,1943.92303978228,275.9576,18242.4256715363,69845114.0,45.8321343847773,3.9509936228323714,9.811505241164504,1.3739670973637577
Thailand,THA,2014,1926.22582617648,272.5228,18324.6144674875,70216367.0,46.3138799467897,3.8811862766981378,9.816000487924397,1.3561408483228454
Thailand,THA,2015,1932.67390968815,281.4677,18811.9975100064,70540795.0,46.9521043776171,3.9901407405459492,9.842250110702949,1.38382650359947
Thailand,THA,2016,1985.00530928348,277.7638,19370.6087810117,70859841.0,47.8801095551247,3.919904364448122,9.871512184973328,1.3660672566803052
Thailand,THA,2017,1988.13781529099,281.081,20094.6778762603,71160187.0,49.2311973571777,3.949975567096247,9.908210276710545,1.373709393348646
Thailand,THA,2018,1951.8556356188,276.6537,20879.9027821449,71376079.0,54.5843734741211,3.876000249327229,9.946542385958193,1.3548037583544281
Thailand,THA,2019,1989.81234226863,286.4704,21277.8392684764,71522271.0,55.9266166687012,4.005331430261771,9.965421400164727,1.3876263312191783
Thailand,THA,2020,1884.35073727402,275.6334,19957.257140917,71641484.0,57.2358779907227,3.8473993643124422,9.901348122633037,1.3473974302646983
Thailand,THA,2021,1848.06336093307,268.5767,20242.7700035656,71727332.0,58.5087776184082,3.744412241626386,9.915552971920892,1.3202646598259897
Thailand,THA,2022,1867.46968312053,284.314,20762.7952598527,71735329.0,59.742374420166,3.9633748665180026,9.940917974644165,1.377095901336612
Thailand,THA,2023,1851.27231424167,275.0344,21191.4540309274,71702435.0,60.9341926574707,3.8357748938372875,9.961353267640014,1.3443714727751361
Timor-Leste,TLS,1992,,0.0793,2493.90862041689,799318.0,21.6616345464787,0.09920957616367954,7.82160648580004,-2.310520735442348
Timor-Leste,TLS,1993,,0.1037,2674.399260003,821437.0,21.9701051886988,0.12624218290629713,7.891480058409395,-2.069553130317524
Timor-Leste,TLS,1994,,0.1065,2786.67628339255,844493.0,22.2694163646854,0.1261111696603761,7.932604868382871,-2.0705914621356616
Timor-Leste,TLS,1995,,0.0968,2891.86465034636,868146.0,22.5638717902731,0.1115019823854513,7.969656780781762,-2.1937129089982967
Timor-Leste,TLS,1996,,0.1198,3038.23043686518,892282.0,22.8577751812964,0.13426248652331887,8.019030531781832,-2.0079585404335925
Timor-Leste,TLS,1997,,0.1233,3073.97043709665,917184.0,23.1554302535899,0.13443322168725141,8.030725306972482,-2.0066876962653075
Timor-Leste,TLS,1998,,0.1895,2931.48088622558,942530.0,23.461140722988,0.20105460834137906,7.9832629962484685,-1.6041787245318402
Timor-Leste,TLS,1999,,0.3038,2136.64950009543,834697.0,23.7792103053254,0.3639644086416987,7.6669942269376214,-1.010699194582893
Timor-Leste,TLS,2000,,0.3496,3783.78349040621,745088.0,24.1139427164365,0.46920632193781137,8.238479711411712,-0.7567126884278352
Timor-Leste,TLS,2001,,0.2656,4038.33583266948,812249.0,24.469641672156,0.3269933234759292,8.303587963485208,-1.1178155257981275
Timor-Leste,TLS,2002,,0.2492,3480.98860481918,879159.0,24.8506108883184,0.2834527087819154,8.155071614269506,-1.2607099817857446
Timor-Leste,TLS,2003,,0.2639,3264.94649227443,916878.0,25.2611540807581,0.2878245524486355,8.090998653298886,-1.245404177366255
Timor-Leste,TLS,2004,62.4277506420371,0.5158,3234.97572893373,929074.0,25.7040830077802,0.5551764445028061,8.081776704258859,-0.5884692977378548
Timor-Leste,TLS,2005,61.1613700568695,0.3496,3263.94469592966,948311.0,26.3097308948751,0.36865543054968253,8.090691772291452,-0.9978928637457601
Timor-Leste,TLS,2006,60.4138656989526,0.3409,3038.95253397881,976597.0,27.121697883382,0.3490692680808972,8.01926817383424,-1.0524849005969446
Timor-Leste,TLS,2007,60.7032219478967,0.3133,3256.56973696199,1004889.0,28.0011655196859,0.31177572846354173,8.088429692454536,-1.1654711686740329
Timor-Leste,TLS,2008,,0.3109,3530.88221940661,1032429.0,28.8076745459306,0.3011345090073991,8.169303039214201,-1.2001982402728775
Timor-Leste,TLS,2009,,0.3372,3792.3582606223,1058782.0,29.4007657042596,0.31847915812697986,8.240743336924355,-1.1441982437029516
Timor-Leste,TLS,2010,,0.3344,4047.24946392086,1084679.0,29.6398840020416,0.3082939745307137,8.305792784666448,-1.1767014884564562
Timor-Leste,TLS,2011,,0.3708,4189.79980348341,1110207.0,29.633352306451,0.3339917691025187,8.34040823217647,-1.096638929714723
Timor-Leste,TLS,2012,,0.6288,4297.91482204398,1134885.0,29.6136082349605,0.5540649493120449,8.365885258961399,-0.5904733620812245
Timor-Leste,TLS,2013,,0.7585,4340.27851790544,1158695.0,29.5836906253246,0.654615753067028,8.375693799667937,-0.4237068520243132
Timor-Leste,TLS,2014,,0.7441,4445.3594272103,1181903.0,29.5463092024041,0.6295778926020156,8.39961600569362,-0.4627056958975689
Timor-Leste,TLS,2015,,0.6952,4467.80011988177,1205131.0,29.5043315008419,0.5768667472664798,8.404651423262218,-0.5501439797576138
Timor-Leste,TLS,2016,,0.6609,4515.4226379882,1228312.0,29.4462907628171,0.5380554777613505,8.415254068998015,-0.6197936056211798
Timor-Leste,TLS,2017,,0.6218,4290.02726532164,1251703.0,29.3600996787092,0.49676320980296446,8.364048367454696,-0.6996418054468851
Timor-Leste,TLS,2018,,0.6666,4188.84115175127,1275959.0,29.248617510057,0.5224305796659611,8.340179399901297,-0.6492631658534209
Timor-Leste,TLS,2019,,0.7283,5103.14962872555,1300945.0,29.1148755245217,0.5598238203767262,8.537613202351823,-0.5801331512220715
Timor-Leste,TLS,2020,,0.6794,6594.88175503901,1326053.0,28.9619049897647,0.5123475456863338,8.794049135504556,-0.6687520840546393
Timor-Leste,TLS,2021,,0.7107,6825.04588630745,1350139.0,28.7927371734472,0.5263902457450678,8.82835434329905,-0.6417124292622665
Timor-Leste,TLS,2022,,0.6946,5348.49200064987,1369295.0,28.5857292288968,0.5072683388166903,8.5845699311201,-0.6787151475207809
Timor-Leste,TLS,2023,,0.6644,4331.07806144305,1384286.0,28.595471832952,0.47995862126757044,8.373571764936532,-0.7340553844886863
Togo,TGO,1992,309.393783541324,0.5331,2015.13566927499,4233617.0,29.5373401826042,0.1259206961801221,7.608441801779251,-2.072102965578946
Togo,TGO,1993,312.793696092907,0.411,1721.57369094046,4207453.0,29.9744565374785,0.09768380062712524,7.45099408810143,-2.326019540977518
Togo,TGO,1994,352.437030991428,0.7477,1972.24744911805,4222940.0,30.4147135360062,0.17705674245904512,7.586929008587647,-1.731285018918071
Togo,TGO,1995,355.14721431719,0.7374,2036.38159822696,4410832.0,30.8577053810879,0.16717934394236733,7.618929785563742,-1.788688126977905
Togo,TGO,1996,383.678171595311,1.1297,2135.45581609458,4577860.0,31.3030262756242,0.24677469385258613,7.6664353998752865,-1.3992795292722642
Togo,TGO,1997,366.369586981837,0.8495,2366.40275146203,4725030.0,31.750270422516,0.17978721828221197,7.76912625467646,-1.7159812480020495
Togo,TGO,1998,380.66653946544,1.0465,2247.34887088094,4860913.0,32.199032024664,0.21528877394020424,7.717506520872809,-1.535775017447294
Togo,TGO,1999,423.087966825069,1.3541,2238.93514971661,5000269.0,32.6489052849687,0.2708054306678301,7.713755652229587,-1.3063546839802909
Togo,TGO,2000,410.709755967091,1.2511,2160.98936671986,5140037.0,33.0994844063309,0.2434029171385342,7.678321435957927,-1.4130371135435276
Togo,TGO,2001,399.0750456746,1.1264,2122.08047449583,5277382.0,33.5503635916513,0.2134391635852777,7.660152242345425,-1.5444034349971998
Togo,TGO,2002,403.003921585395,1.199,2147.97438337226,5413274.0,34.0011370438307,0.22149257547280998,7.672280529753294,-1.5073662093688442
Togo,TGO,2003,414.930640834631,1.4374,2234.9772223053,5552167.0,34.4513989657696,0.2588899073100647,7.711986315633455,-1.351352375950647
Togo,TGO,2004,408.681044425446,1.378,2157.02751991461,5696508.0,34.9007435603688,0.24190258312636442,7.6764864047290065,-1.4192201829346855
Togo,TGO,2005,405.977841108573,1.3112,2004.25858232153,5844631.0,35.3487650305291,0.2243426488344602,7.603029486975277,-1.494580713602616
Togo,TGO,2006,394.055905016925,1.2217,2000.54176015054,6010668.0,35.795057579151,0.20325527878099406,7.601173302935969,-1.5932925590292706
Togo,TGO,2007,397.655539665075,1.2179,1920.26928670654,6188344.0,36.2392154091353,0.19680547816992722,7.560220708680215,-1.6255394585220997
Togo,TGO,2008,402.378522599678,1.5891,1941.15486668393,6368812.0,36.6808327233827,0.24951278197566518,7.571038367046434,-1.3882451347394065
Togo,TGO,2009,475.809640060012,2.7107,1989.82990346963,6551865.0,37.1195037247939,0.4137295258678254,7.595804438421885,-0.8825428378226238
Togo,TGO,2010,462.98057269746,2.525,2049.78055930203,6732590.0,37.5545882975638,0.37504140308558814,7.625488022159898,-0.980718850878031
Togo,TGO,2011,453.365161767995,2.3171,2111.47483429916,6916474.0,37.9872305648732,0.3350117415318846,7.655141955903334,-1.0935896984223754
Togo,TGO,2012,440.167543009316,2.2462,2186.30951971437,7100736.0,38.4194359598204,0.31633340543853483,7.68997025053141,-1.1509585410997711
Togo,TGO,2013,416.704251255243,1.9314,2254.98838359616,7285442.0,38.8516767884103,0.26510402526023813,7.720900100524911,-1.3276329818709414
Togo,TGO,2014,423.574336787573,1.7347,2322.40408294543,7472450.0,39.2839506458368,0.23214608327924577,7.750358170780451,-1.460388436167273
Togo,TGO,2015,400.729144636073,1.546,2388.42609861568,7663195.0,39.7162551272934,0.2017435286456889,7.77838989185132,-1.6007580484521593
Togo,TGO,2016,422.806732967677,2.1279,2427.30036226403,7858289.0,40.1485878279739,0.2707841363431658,7.794534956727569,-1.3064333203720249
Togo,TGO,2017,403.914387052726,1.6554,2462.27744935268,8057140.0,40.5809463430719,0.20545751966578712,7.808841993064708,-1.5825159833695495
Togo,TGO,2018,411.046357385599,1.9363,2517.34898693009,8258778.0,41.013328267781,0.2344535717027386,7.830961637462876,-1.4504976991725707
Togo,TGO,2019,414.030094273623,2.1053,2577.51616831372,8463068.0,41.445731197295,0.24876321447493982,7.854581488738063,-1.391253780837093
Togo,TGO,2020,424.622212633086,2.4218,2570.48315208534,8669720.0,41.8781527268075,0.27934004789082,7.851849157140425,-1.2753254296617684
Togo,TGO,2021,422.533121281505,2.534,2638.81095267963,8878379.0,42.3105904515122,0.2854124609909084,7.878083697969036,-1.2538199133967116
Togo,TGO,2022,425.402321106605,2.6044,2739.68813234711,9089738.0,42.7332327975627,0.28652090962357774,7.915599372592819,-1.249943762511142
Togo,TGO,2023,,2.5313,2842.23076240747,9304337.0,43.2496853032436,0.2720559240276873,7.952344502548442,-1.3017476307765807
Tonga,TON,1992,,0.0992,4772.33111247152,100022.0,22.4972363831331,0.9917818080022395,8.470590167330272,-0.008252147500813042
Tonga,TON,1993,,0.1003,4946.71766246431,100103.0,22.6228339673977,1.0019679729878226,8.506479537123635,0.001966039065837334
Tonga,TON,1994,,0.1397,5188.43955195501,100166.0,22.7314128227714,1.3946848231934987,8.554188266588147,0.3326684565519552
Tonga,TON,1995,,0.1152,5508.33934627723,100225.0,22.8203499530649,1.1494138189074583,8.614018467659756,0.13925208973322029
Tonga,TON,1996,,0.1309,5510.7084261902,100275.0,22.8856927807696,1.3054101221640486,8.614448464878825,0.26651726125973746
Tonga,TON,1997,,0.1414,5455.90517573817,100674.0,22.9319816024383,1.4045334445835072,8.604453819558882,0.33970517972685677
Tonga,TON,1998,,0.1479,5541.68325773841,101388.0,22.9682257410741,1.4587525150905432,8.620053570729072,0.37758162875804596
Tonga,TON,1999,,0.1476,5632.72252396599,102046.0,22.998777247039,1.4464065225486544,8.636348178666003,0.36908222015103753
Tonga,TON,2000,,0.0998,5808.26509143352,102677.0,23.0251513819988,0.9719800929127264,8.667037197927495,-0.028419955273889744
Tonga,TON,2001,,0.0947,5860.08077786935,103288.0,23.0488634076195,0.9168538455580513,8.675918667095393,-0.08680720268038494
Tonga,TON,2002,,0.1046,6085.11323193626,103874.0,23.071428585567,1.0069892369601632,8.713600613619285,0.006964925457024935
Tonga,TON,2003,,0.1255,6053.8798660639,104464.0,23.0943621775072,1.2013708071680196,8.708454645655653,0.1834632441275609
Tonga,TON,2004,542.490316071989,0.1118,5900.45741291394,105071.0,23.1191794451059,1.0640424094183933,8.682785154501232,0.062075248601058286
Tonga,TON,2005,539.410055739039,0.1212,5828.37054398018,105671.0,23.1473956500293,1.1469561185187989,8.670492745249394,0.13711157980318578
Tonga,TON,2006,536.455441258129,0.1331,5670.9141842869,106253.0,23.1801421282521,1.2526705128325788,8.64310561552198,0.22527768270103046
Tonga,TON,2007,543.447707212863,0.1142,5506.65177833752,106726.0,23.2239976577967,1.070029795926016,8.61371205471147,0.0676864947459319
Tonga,TON,2008,,0.1237,5758.56828665219,107020.0,23.2889000757567,1.1558587179966362,8.65844416144834,0.1448435465152837
Tonga,TON,2009,,0.1308,5453.87514548883,107203.0,23.3612068183251,1.2201151087189723,8.604081670860559,0.19894520570334467
Tonga,TON,2010,,0.1262,5488.75040326595,107400.0,23.4243619099178,1.175046554934823,8.610455895347288,0.16130776803234842
Tonga,TON,2011,,0.12,5847.44389420769,107570.0,23.46075468367,1.1155526633819839,8.673759903578219,0.10934994433813199
Tonga,TON,2012,,0.1182,5907.26711603507,107460.0,23.4589062635692,1.0999441652707984,8.683938586537932,0.09525941967132238
Tonga,TON,2013,,0.1194,5951.69432111238,107078.0,23.4170795020344,1.1150749920618614,8.691431217854104,0.10892166010498515
Tonga,TON,2014,,0.1318,6096.86914784745,106609.0,23.3431040935971,1.236293371103753,8.715530663950013,0.21211768613313142
Tonga,TON,2015,,0.1347,6194.63923003718,106095.0,23.2434422818439,1.2696168528205853,8.731439556699552,0.23871516426025538
Tonga,TON,2016,,0.1432,6639.13678737964,105524.0,23.1277038505921,1.3570372616655926,8.800737232118843,0.3053038393302712
Tonga,TON,2017,,0.1549,6862.66870605024,105356.0,22.9711300654966,1.470253236645279,8.833851669275209,0.38543465578062264
Tonga,TON,2018,,0.1474,6885.10271620406,105567.0,22.7017138925547,1.3962696676044597,8.837115329890114,0.33380415732137503
Tonga,TON,2019,,0.1655,6858.83871210154,105669.0,22.3288155626206,1.5662114716709725,8.833293422439572,0.44865962783282337
Tonga,TON,2020,,0.1865,6980.41011734068,105704.0,21.8766206823411,1.7643608567320064,8.850862950096348,0.5677885039719545
Tonga,TON,2021,,0.2065,6929.17669288438,105490.0,21.258003897665,1.9575315195753151,8.843496281790687,0.67168425070737
Tonga,TON,2022,,0.1614,6810.60970632543,105042.0,21.147219451842,1.5365282458445193,8.826236926167528,0.4295254856569981
Tonga,TON,2023,,0.1618,7030.41917439715,104597.0,21.147944541337,1.5468894901383405,8.85800160954165,0.4362461340932042
Trinidad and Tobago,TTO,1992,5145.25562349447,13.2797,13267.9770581707,1271674.0,55.3352631976883,10.44269207359748,9.493108670955612,2.345902410669639
Trinidad and Tobago,TTO,1993,4759.58552332193,12.9495,13088.7073855168,1280466.0,55.4750221159377,10.113115069045175,9.479505105786368,2.313833103184696
Trinidad and Tobago,TTO,1994,4796.41728202912,14.3151,13472.7464155031,1288341.0,55.5964822885821,11.111266349514608,9.50842413989855,2.4079595800105866
Trinidad and Tobago,TTO,1995,4619.7280481663,13.8172,13912.3133299045,1295169.0,55.6994390265373,10.66826028109073,9.540529578056553,2.367273004324602
Trinidad and Tobago,TTO,1996,5651.92808881757,14.8723,14838.9026529676,1300928.0,55.7836876407195,11.432070030009347,9.605007568769473,2.4364225663968853
Trinidad and Tobago,TTO,1997,5812.91499969311,14.8499,15895.2438763164,1305836.0,55.8490234420447,11.37194869799883,9.673775216185138,2.4311496825227588
Trinidad and Tobago,TTO,1998,6250.90915615712,17.9535,17129.0911444686,1310225.0,55.8952417414289,13.702608330630236,9.748533533545688,2.6175862038094726
Trinidad and Tobago,TTO,1999,7068.10233527916,18.4517,18440.5741312908,1314708.0,55.9221378497883,14.034827505423257,9.822308631728436,2.6415419194229117
Trinidad and Tobago,TTO,2000,7575.58896313876,19.1689,19637.5545410721,1319774.0,55.9291468285602,14.524380689421067,9.885199059953889,2.675828664267596
Trinidad and Tobago,TTO,2001,8336.82302254039,21.731,20366.753132212,1325567.0,55.9010190940268,16.393739433766832,9.92165910192669,2.796899520104701
Trinidad and Tobago,TTO,2002,8990.73441697741,23.4966,21876.8529070403,1332011.0,55.8298121439974,17.63994441487345,9.99318441196045,2.8701658994894093
Trinidad and Tobago,TTO,2003,10077.8124597532,27.1427,24910.823196152,1338709.0,55.7188050758235,20.275280139298385,10.123057654524805,3.009402416887448
Trinidad and Tobago,TTO,2004,10262.1290415816,28.9004,26757.9075601429,1345380.0,55.5711241312409,21.481217202574737,10.194585318365174,3.067178934821696
Trinidad and Tobago,TTO,2005,12423.5683148853,35.0199,29536.4394101096,1294494.0,55.3898955519853,27.052964324284236,10.29338001429476,3.2977965861379848
Trinidad and Tobago,TTO,2006,13820.6467519783,38.5543,33348.7507470886,1297944.0,55.1782455797922,29.704132073494698,10.414775591784256,3.3912861631850766
Trinidad and Tobago,TTO,2007,14651.4392568831,39.4233,34793.6457521105,1303188.0,54.9393004563973,30.25142957117469,10.457190055760217,3.40954344191143
Trinidad and Tobago,TTO,2008,14167.2834575522,38.6523,35825.3333456362,1308587.0,54.6761864235364,29.537432360248115,10.486410557485915,3.3856583525484276
Trinidad and Tobago,TTO,2009,14193.29907855,37.4346,34212.2683057008,1310106.0,54.3920297229449,28.573718462475554,10.440339581114115,3.352487360467834
Trinidad and Tobago,TTO,2010,15018.9097839263,41.0228,35145.1253639062,1317714.0,54.0899565963587,31.131793393710623,10.467241206651764,3.438229592614585
Trinidad and Tobago,TTO,2011,14838.9882923701,41.2563,34769.7620251376,1328019.0,53.9253615474727,31.066046494816717,10.456503380720147,3.4361154702109844
Trinidad and Tobago,TTO,2012,14480.1691062996,38.0759,36903.6898574094,1335194.0,53.9254053431618,28.51712934599766,10.516066821165094,3.3505049364127313
Trinidad and Tobago,TTO,2013,14331.4985446827,37.331,37994.0686480473,1340557.0,53.9255789963372,27.847379857775536,10.545185338316209,3.3267388814366914
Trinidad and Tobago,TTO,2014,14611.6182206133,37.2008,39248.6570516023,1345343.0,53.9259699537793,27.65153570502095,10.577672507379399,3.3196812672947575
Trinidad and Tobago,TTO,2015,14043.9759832685,36.7586,38963.9641783011,1349667.0,53.926665238022,27.235310635882776,10.57039250253669,3.3045143165309296
Trinidad and Tobago,TTO,2016,12250.992693627,33.7186,35914.9901970983,1353895.0,53.9277523084951,24.90488553395943,10.488910041561581,3.215063990407856
Trinidad and Tobago,TTO,2017,12330.86332127,32.5451,34095.9899256152,1356633.0,53.9293186833833,23.989612518639895,10.43693505886719,3.1776209249345797
Trinidad and Tobago,TTO,2018,12397.1007399961,32.6228,33710.0178540008,1359193.0,53.9314518934907,24.001595064129962,10.425550337863113,3.178120289144926
Trinidad and Tobago,TTO,2019,12540.3004394116,33.2231,33748.7060849924,1363985.0,53.9342394732739,24.35737929669315,10.4266973573433,3.192834854816757
Trinidad and Tobago,TTO,2020,10738.1172587056,29.8017,30720.8876936042,1366725.0,53.9377689584806,21.80519124183724,10.332698083120297,3.082148071806016
Trinidad and Tobago,TTO,2021,11220.6527801603,28.6842,30482.1201798631,1367558.0,53.9421278853848,20.974759388632876,10.324895567088213,3.043319780946967
Trinidad and Tobago,TTO,2022,11038.4068472239,28.4989,30784.1112580356,1365805.0,53.9474037904998,20.866009423014265,10.334753967610267,3.038121491642257
Trinidad and Tobago,TTO,2023,,26.9495,31196.603554718,1367510.0,53.9536842104572,19.706985689318543,10.348064507446143,2.980973176405682
Tunisia,TUN,1992,627.509817106988,16.211,7241.29105894738,8682512.0,59.8253634803163,1.8670863915880562,8.887554792541126,0.6243791364338873
Tunisia,TUN,1993,598.684728431468,16.8132,7253.33614579881,8857910.0,60.5537528217035,1.8981001161673579,8.889216800049692,0.640853447040726
Tunisia,TUN,1994,635.54535664556,16.923,7350.65600471494,9018448.0,61.1336959993493,1.8764869520786724,8.902544840566298,0.6294013862400523
Tunisia,TUN,1995,633.647279663274,17.2862,7406.23900930842,9161258.0,61.623411363114,1.8868806008956411,8.910078033341206,0.6349249898193854
Tunisia,TUN,1996,652.843374404444,17.8305,7821.79219107359,9294432.0,62.0784646432836,1.918406633132611,8.964668987725723,0.6514949629230683
Tunisia,TUN,1997,664.287432602087,18.3731,8136.3376111408,9421270.0,62.5006240305309,1.950172322839702,9.004095432828722,0.667917739358223
Tunisia,TUN,1998,714.89307010544,19.1808,8417.98493264685,9541667.0,62.8945821796079,2.010214776935728,9.03812575943189,0.698241570559361
Tunisia,TUN,1999,730.204372862909,20.1644,8821.98791288257,9655963.0,63.2650317452664,2.088284721057858,9.085002510553151,0.7363430213840163
Tunisia,TUN,2000,748.273831151715,21.131,9134.41506327005,9764935.0,63.6166653822584,2.163967297273356,9.119804434279187,0.7719432487043132
Tunisia,TUN,2001,781.40012180483,22.0123,9380.56317617024,9869677.0,63.9541757453358,2.230295885062905,9.146395080301373,0.8021342605550101
Tunisia,TUN,2002,783.697921952401,21.7773,9407.55676671593,9971515.0,64.2822554892505,2.1839509843790035,9.1492685566472,0.7811356145809027
Tunisia,TUN,2003,797.158334635846,21.5652,9752.02442335824,10071632.0,64.6055972687544,2.1411822830699134,9.185230175604058,0.7613581452033583
Tunisia,TUN,2004,832.55467184916,22.8155,10263.8055422408,10166163.0,64.9272741461338,2.2442587237682496,9.236378960504233,0.8083752768113031
Tunisia,TUN,2005,810.836929733225,23.4473,10529.1598956845,10255472.0,65.2340901739004,2.2863209026361733,9.261903819958992,0.8269439328767961
Tunisia,TUN,2006,845.985604662777,24.238,10983.9221903991,10346410.0,65.5209809651521,2.342648319562051,9.304187863518774,0.8512820499081096
Tunisia,TUN,2007,865.764456490386,24.9827,11613.9247511428,10441702.0,65.8000030517578,2.392588871048034,9.359960066760221,0.8723759893386973
Tunisia,TUN,2008,894.304160812003,25.4277,11990.1962371716,10542635.0,66.0676053984361,2.411892283096209,9.391844614624206,0.8804116191182086
Tunisia,TUN,2009,859.962925384995,25.3652,12229.7752536693,10650681.0,66.3362197875977,2.381556634735375,9.411628851870445,0.8677543220952119
Tunisia,TUN,2010,955.707047372167,27.731,12458.2710366551,10765980.0,66.6280059814453,2.5757989518836184,9.430140021610109,0.9461597585672804
Tunisia,TUN,2011,902.903041115908,26.2639,12068.7136257667,10886035.0,66.9191886197857,2.4126231451579936,9.398371732253418,0.8807145975533465
Tunisia,TUN,2012,930.16863461378,28.2414,12436.3958115735,11009647.0,67.2098922729492,2.5651503631315338,9.428382598556798,0.9420170980084949
Tunisia,TUN,2013,935.797099690451,28.219,12587.9950645596,11141361.0,67.4999542236328,2.532814438020633,9.440498866109197,0.9293311105471225
Tunisia,TUN,2014,939.769133002953,30.2046,12824.0028914441,11274288.0,67.7524643379101,2.6790694011009832,9.459073919760675,0.9854694958263986
Tunisia,TUN,2015,952.983955126789,30.7211,12802.7917211433,11402264.0,67.8807907104492,2.6942982551535377,9.45741852934098,0.991137782756067
Tunisia,TUN,2016,955.176493865808,29.8618,12803.8797371543,11528674.0,68.0623356528248,2.5902198292709118,9.45750350844601,0.9517427482760435
Tunisia,TUN,2017,973.953481456321,30.2963,12955.4014814241,11650498.0,68.2877807617188,2.6004296125367343,9.469268082977159,0.9556766669685913
Tunisia,TUN,2018,973.074341333009,30.1881,13163.1952230357,11765514.0,68.5485240272509,2.5658122543562483,9.485179973511636,0.9422750968588978
Tunisia,TUN,2019,950.614263724593,30.2451,13243.9024233246,11875081.0,68.8206382576031,2.5469384166726945,9.49129253102633,0.9348920169349635
Tunisia,TUN,2020,896.515593998175,28.7185,11955.5983698479,11974057.0,69.1043166438476,2.3983934601280086,9.388954930488296,0.8747991215979725
Tunisia,TUN,2021,964.474882954034,31.0178,12444.3264026887,12048622.0,69.3997523770568,2.5743856849355886,9.429020087397795,0.945610936696546
Tunisia,TUN,2022,956.041118887201,30.3588,12712.22345453,12119334.0,69.707138648303,2.5049891355416065,9.450319286297582,0.9182843974182837
Tunisia,TUN,2023,,31.2092,12650.9615158166,12200431.0,70.0266686486584,2.55804077741188,9.445488500422579,0.9392416441601162
Turkiye,TUR,1992,911.309124510702,158.9694,12451.0451201156,57990118.0,52.7929785448463,2.74131878814249,9.429559843760448,1.0084391141487496
Turkiye,TUR,1993,955.118552884009,164.5305,13174.4671161888,58999167.0,53.5827837920161,2.788691914921443,9.486035926002492,1.0255726381914188
Turkiye,TUR,1994,927.181663056975,163.6181,12343.0041851309,60033836.0,54.3347787764387,2.7254313717350995,9.420844718813052,1.0026267171410035
Turkiye,TUR,1995,997.967536333338,178.3755,13099.2575267612,61024503.0,55.0652399803539,2.9230143832551985,9.480310830236547,1.0726154068337994
Turkiye,TUR,1996,1073.12750011037,194.5272,13826.9201097072,61951134.0,55.7904438860013,3.1400103184551877,9.534372703524758,1.1442260860469882
Turkiye,TUR,1997,1109.80579406891,204.4499,14631.2958814739,62852966.0,56.5266669756207,3.252828195888162,9.590918067088992,1.1795248320442937
Turkiye,TUR,1998,1111.04759170567,206.0041,14704.3385744207,63734383.0,57.2901857314518,3.2322286700414122,9.59589787033831,1.1731718900253023
Turkiye,TUR,1999,1079.90999533335,204.5744,14066.1896257233,64591923.0,58.0972766357343,3.167182373560855,9.551529297917666,1.1528423514876718
Turkiye,TUR,2000,1166.01412005443,227.0564,14856.914625257,65425961.0,58.9706120006403,3.470432784319362,9.606220667188655,1.2442793078875305
Turkiye,TUR,2001,1060.57071953568,206.7299,13872.1287284566,66245128.0,59.8722461417316,3.1206808144441958,9.537636978710298,1.1380511877748596
Turkiye,TUR,2002,1107.27991011855,217.3779,14587.894621656,67048795.0,60.7385342729423,3.2420851112984206,9.587947328270454,1.1762166756827745
Turkiye,TUR,2003,1159.99665803769,229.6955,15255.7177960689,67831730.0,61.5845060653258,3.3862544859168415,9.632709649211218,1.2197244391610202
Turkiye,TUR,2004,1176.75430160118,235.8827,16583.8837094062,68592617.0,62.4388481173262,3.4388934307609227,9.71618664187481,1.2351497425317464
Turkiye,TUR,2005,1211.46561646669,246.0895,17902.5966004487,69329557.0,63.3302470273874,3.5495611200861994,9.792701042786028,1.2668239677000028
Turkiye,TUR,2006,1328.69230138979,274.0011,18972.0089563632,70045349.0,64.2873893939536,3.9117672181203638,9.8507199590806,1.3639892458316445
Turkiye,TUR,2007,1429.92300570179,300.3324,19909.083519675,70158112.0,65.3389618154687,4.2807936450741435,9.898931364842321,1.4541384234955752
Turkiye,TUR,2008,1385.17801532797,299.5496,19839.5845462269,71051678.0,66.513650890377,4.215939840294834,9.895434440409277,1.4388725417574695
Turkiye,TUR,2009,1364.09730379872,301.377,18612.1925231905,72039206.0,67.8401432171223,4.183513627287897,9.831572156946635,1.4311514741374536
Turkiye,TUR,2010,1445.41016354332,312.1721,19897.4464836887,73142150.0,69.3471253941487,4.26801919276368,9.898346685076623,1.4511498303281027
Turkiye,TUR,2011,1515.88033612695,332.7685,21760.4291923634,74223629.0,71.0028723528334,4.483322959053916,9.987848424689124,1.500364503411392
Turkiye,TUR,2012,1567.31606123672,344.1578,22517.7148287875,75175827.0,73.7788680234324,4.578038097272944,10.022057604138089,1.521270543311595
Turkiye,TUR,2013,1510.79118967025,333.874,24117.3121099839,76147624.0,78.5218368384696,4.384562281286676,10.090685206405215,1.4780897990141761
Turkiye,TUR,2014,1543.09095693879,355.3809,24888.8521742576,77181884.0,83.6024850744433,4.6044600310611745,10.122175278358434,1.5270254057335686
Turkiye,TUR,2015,1646.83631130339,367.843,25984.8027306177,78218479.0,87.2167107972537,4.702763396869428,10.165267135749986,1.5481502927178752
Turkiye,TUR,2016,1724.54363987712,391.2631,26489.6436816046,79277962.0,88.1020958581776,4.935332469823076,10.184509131122596,1.5964200403878503
Turkiye,TUR,2017,1828.02986770908,433.2199,28194.688309381,80312698.0,88.0320472717286,5.394164444581354,10.246888881361274,1.685317710827054
Turkiye,TUR,2018,1771.33742856964,429.3432,28780.3036458151,81407204.0,88.1655749576173,5.274019729261307,10.267446530969965,1.6627928287775882
Turkiye,TUR,2019,1774.19625722275,414.4775,28741.0535082701,82579440.0,88.6618152857124,5.019136724589075,10.266081815477191,1.6132579517022494
Turkiye,TUR,2020,1762.01062220058,423.0905,28976.7179161611,83384680.0,88.9303114965222,5.073959629034974,10.27424795605043,1.6241215047077107
Turkiye,TUR,2021,1894.62719281739,460.7071,32105.5474400506,84147318.0,89.1762048153239,5.475006345419113,10.37678411163395,1.700193434682553
Turkiye,TUR,2022,1841.55630679263,444.4077,33520.8111384208,84979913.0,89.0381164550781,5.229561720073778,10.419921752943475,1.6543274734321995
Turkiye,TUR,2023,1849.53592344542,446.4386,35069.1701714685,85325965.0,89.0218446796121,5.2321541279960915,10.465077680791783,1.6548230724358475
Turkmenistan,TKM,1992,2632.47699569568,28.6114,6128.91556148756,3944689.0,44.802815831344,7.253144671227567,8.720773106508394,1.9814351225807447
Turkmenistan,TKM,1993,2603.23450518965,27.1482,6085.5255499597,4032407.0,44.7333631747595,6.732504928197972,8.713668369803818,1.906947277704533
Turkmenistan,TKM,1994,3232.60398266795,34.2411,4929.73395133335,4116662.0,44.6942987480715,8.317685542315594,8.503040300333774,2.1183840361237363
Turkmenistan,TKM,1995,3267.47130147645,34.6597,4493.42793310683,4191203.0,44.7104145330766,8.269630461707534,8.410371148938623,2.112589823842254
Turkmenistan,TKM,1996,2805.87501319643,31.5173,4712.83357844039,4263819.0,44.8415980584705,7.391800636940733,8.45804461512701,2.0003713638648515
Turkmenistan,TKM,1997,2762.25376106527,31.5044,4105.36902304428,4336730.0,45.0827873053312,7.264551862809075,8.320050913837424,1.9830066107162543
Turkmenistan,TKM,1998,2840.55310515569,32.608,4323.30168204311,4410507.0,45.3928311026819,7.393254335612662,8.371774667576979,2.0005680082032473
Turkmenistan,TKM,1999,3302.15882175122,38.5614,4945.08541988288,4492170.0,45.735276090984,8.584136397331356,8.50614951789809,2.1499158949192303
Turkmenistan,TKM,2000,3247.66275154073,39.3402,5112.52948147352,4582677.0,46.0736689106993,8.58454567057639,8.539449566881819,2.1499635716417056
Turkmenistan,TKM,2001,2700.90899180476,40.2879,5228.80329286491,4675409.0,46.3715562022892,8.616978749880492,8.561937714980807,2.153734530185248
Turkmenistan,TKM,2002,2214.7855014736,43.2202,5138.87117760604,4769465.0,46.5924846062154,9.061854945994991,8.544588719078506,2.204073839274526
Turkmenistan,TKM,2003,3005.38744315825,48.1523,5203.8543813176,4863865.0,46.7000007629395,9.900007504320124,8.557154857172788,2.2925355151523905
Turkmenistan,TKM,2004,3714.90894763692,51.3238,5360.22429910532,4958093.0,46.7375427392139,10.351520231669717,8.5867611000373,2.33713339121216
Turkmenistan,TKM,2005,3554.4342564154,52.8983,5945.95239804804,5052257.0,46.7728683922582,10.470231423302497,8.690465997815947,2.348536128105455
Turkmenistan,TKM,2006,3604.33240214602,54.9589,6476.82805700551,5147105.0,46.8060040482349,10.677633349232238,8.775986172127677,2.3681512124620783
Turkmenistan,TKM,2007,3507.2827649472,60.7872,7060.14844993043,5244046.0,46.8369760333063,11.591660332498991,8.862221357168552,2.4502859026997514
Turkmenistan,TKM,2008,4237.18811987589,61.9382,7944.99590073106,5345029.0,46.8658106736347,11.58800073863023,8.980297563014869,2.4499701436480605
Turkmenistan,TKM,2009,3648.03950949321,54.6299,8264.86534322735,5451592.0,46.8925342953825,10.020907654131124,9.019768717711917,2.304673675798837
Turkmenistan,TKM,2010,4077.8138474231,61.6532,8842.33283585112,5564356.0,46.9171732247121,11.0800243550197,9.08730601627568,2.405143879423193
Turkmenistan,TKM,2011,4315.10295190096,66.14,9929.68934634645,5683417.0,46.9397537877858,11.637365338492671,9.203284472194007,2.454221071192965
Turkmenistan,TKM,2012,4232.43008359245,68.2977,10794.2335233663,5808546.0,46.9603023107661,11.758140505386374,9.286767337497677,2.4645458096778756
Turkmenistan,TKM,2013,3952.26848549516,65.2746,11633.2905987757,5939341.0,46.9788451198152,10.990209183140017,9.361626146057986,2.3970048021870722
Turkmenistan,TKM,2014,3758.60667175271,63.2168,12544.3983464061,6075283.0,46.9954085410955,10.405572876193586,9.437029498017589,2.342341516109271
Turkmenistan,TKM,2015,3722.78312991377,67.9108,13057.8303253557,6215770.0,47.0100189007695,10.925565135132091,9.477143257739328,2.391105468259985
Turkmenistan,TKM,2016,3589.90954802381,67.2897,13552.8477118745,6360041.0,47.0227025249994,10.580073304558885,9.514351967464618,2.3589723550033987
Turkmenistan,TKM,2017,3558.31901850361,72.1708,14107.6671199289,6507061.0,47.0334857399476,11.09115159670395,9.554473695949198,2.40614763697243
Turkmenistan,TKM,2018,3427.90624399814,74.2318,14648.135352725,6655524.0,47.0423948717765,11.153411812503418,9.592068326666993,2.41174544325285
Turkmenistan,TKM,2019,3465.56523671972,73.2506,15231.3056176565,6803944.0,47.0494562466485,10.765902835179126,9.631108168915901,2.3763839949428394
Turkmenistan,TKM,2020,3395.82680039957,76.8253,15791.1775857601,6949912.0,47.0546961907259,11.05413996608878,9.667206682414433,2.402805015361737
Turkmenistan,TKM,2021,5128.82417624964,95.4323,16434.1399060353,7092043.0,47.0581410301711,13.456249489745057,9.707116151661376,2.5994436442109854
Turkmenistan,TKM,2022,5625.64523686666,101.2613,17119.5744946142,7230193.0,47.0592103414926,14.005338446705364,9.747977795100306,2.6394385745539823
Turkmenistan,TKM,2023,,94.7287,17866.4041809169,7364438.0,47.0678875054171,12.862991038827403,9.790677366916274,2.5543542764336133
Turks and Caicos Islands,TCA,1992,,0.0051,,12970.0,76.8569515208731,0.39321511179645335,,-0.9333984585980725
Turks and Caicos Islands,TCA,1993,,0.005,,13648.0,78.0245890373966,0.36635404454865184,,-1.0041550783152229
Turks and Caicos Islands,TCA,1994,,0.0051,,14344.0,79.1346004562551,0.3555493586168433,,-1.0340911965725517
Turks and Caicos Islands,TCA,1995,,0.005,,15052.0,80.1875111801289,0.33218176986446984,,-1.1020729602970905
Turks and Caicos Islands,TCA,1996,,0.005,,15765.0,81.1838466116978,0.3171582619727244,,-1.1483543805629237
Turks and Caicos Islands,TCA,1997,,0.0051,,16482.0,82.124132153642,0.30942846741900254,,-1.1730283366109118
Turks and Caicos Islands,TCA,1998,,0.0057,,17212.0,83.0088932086415,0.3311643039739717,,-1.1051406401358486
Turks and Caicos Islands,TCA,1999,,0.0058,,17959.0,83.8386551793763,0.3229578484325408,,-1.1302334644842258
Turks and Caicos Islands,TCA,2000,,0.0177,,18730.0,84.6139434685266,0.9450080085424453,,-0.056561876876213696
Turks and Caicos Islands,TCA,2001,,0.0184,,19576.0,85.3337963668196,0.9399264405394361,,-0.06195366152543057
Turks and Caicos Islands,TCA,2002,,0.0259,,20597.0,86.0142597030394,1.2574646793222315,,0.22909753458315155
Turks and Caicos Islands,TCA,2003,,0.0277,,21727.0,86.671565520254,1.2749114005615134,,0.24287668644018878
Turks and Caicos Islands,TCA,2004,,0.028,,22856.0,87.3041883072325,1.2250612530626532,,0.20299084524673205
Turks and Caicos Islands,TCA,2005,,0.0336,,23988.0,87.908436065312,1.4007003501750876,,0.3369723616628953
Turks and Caicos Islands,TCA,2006,,0.0427,,25123.0,88.4806167958296,1.699637782112009,,0.5304151590137954
Turks and Caicos Islands,TCA,2007,,0.0525,21878.8206013071,26270.0,89.0170385001222,1.9984773505900266,9.993274352034975,0.6923855659001296
Turks and Caicos Islands,TCA,2008,,0.0588,22689.3160133769,27427.0,89.5140091795268,2.1438728260473257,10.029649432470555,0.7626139252400099
Turks and Caicos Islands,TCA,2009,,0.0653,17512.1977777876,28588.0,89.9678368353804,2.28417517839653,9.770652932982436,0.8260049869246529
Turks and Caicos Islands,TCA,2010,,0.0733,17000.2227766463,29739.0,90.3748294690201,2.464776892296311,9.740981727461095,0.9021012931737357
Turks and Caicos Islands,TCA,2011,,0.0559,17147.424764127,30846.0,90.7312950817828,1.8122284899176555,9.749603281792893,0.5945572978596309
Turks and Caicos Islands,TCA,2012,,0.058,16024.6915652254,32127.0,91.0352667584286,1.805335076415476,9.681886034503824,0.5907462124595717
Turks and Caicos Islands,TCA,2013,,0.0671,15461.873511271,33653.0,91.3168927865286,1.993878703235967,9.646132499228086,0.6900818388147335
Turks and Caicos Islands,TCA,2014,,0.076,16138.8487604249,35050.0,91.5971200472541,2.168330955777461,9.688984610929575,0.773957726805732
Turks and Caicos Islands,TCA,2015,,0.08,17201.7720345933,36605.0,91.8737937193851,2.185493785002049,9.752767682761858,0.7818417915752756
Turks and Caicos Islands,TCA,2016,,0.0881,17625.7202843515,38315.0,92.1466904484552,2.2993605637478796,9.777114494042676,0.8326310685197662
Turks and Caicos Islands,TCA,2017,,0.0883,29540.3537473151,39913.0,92.4155868799755,2.2123117781174053,10.293512531210524,0.7940380222437856
Turks and Caicos Islands,TCA,2018,,0.1897,30286.1196112151,41559.0,92.6802596594323,4.564594913255853,10.318444787898457,1.5183297725971168
Turks and Caicos Islands,TCA,2019,,0.2211,30611.2130237381,43166.0,92.9404854322845,5.122086827595793,10.329121659502466,1.6335619395266219
Turks and Caicos Islands,TCA,2020,,0.2149,19702.5368196855,44386.0,93.1960408439605,4.841616725994683,9.888502679008472,1.5772486992479275
Turks and Caicos Islands,TCA,2021,,0.215,25056.4880515569,45243.0,93.4467025398547,4.752116349490529,10.12888807703142,1.5585900660810053
Turks and Caicos Islands,TCA,2022,,0.2205,28209.6242536079,45847.0,93.6922471653237,4.809474992911205,10.247418484290458,1.5705879290775655
Turks and Caicos Islands,TCA,2023,,0.2212,31839.3705381969,46198.0,93.9324513656818,4.7880860643317895,10.368458870233908,1.5661307625408176
Tuvalu,TUV,1992,,0.0,3093.82679444063,9038.0,41.3141941367199,0.0,8.037164048454384,
Tuvalu,TUV,1993,,0.0,3189.94908833217,9126.0,41.9608854792056,0.0,8.067760235881051,
Tuvalu,TUV,1994,,0.0,3487.03357118243,9207.0,42.5373653208915,0.0,8.156806674155098,
Tuvalu,TUV,1995,,0.0,3286.4690577009,9280.0,43.0613148507687,0.0,8.09756903268925,
Tuvalu,TUV,1996,,0.0,3070.03942239319,9342.0,43.5504152578283,0.0,8.029445681669216,
Tuvalu,TUV,1997,,0.0,3356.30705964116,9400.0,44.0223477310614,0.0,8.11859655912306,
Tuvalu,TUV,1998,,0.0,3855.65481440805,9451.0,44.494793459459,0.0,8.257296132638315,
Tuvalu,TUV,1999,,0.0,3777.37177229784,9496.0,44.9854336320122,0.0,8.236783748447738,
Tuvalu,TUV,2000,,0.0,3721.89947875243,9544.0,45.5119494377121,0.0,8.221989429516812,
Tuvalu,TUV,2001,,0.0,3705.59238735794,9586.0,46.0920220655498,0.0,8.217598413574988,
Tuvalu,TUV,2002,,0.0,4042.90117614992,9623.0,46.7435481854875,0.0,8.304717826143891,
Tuvalu,TUV,2003,,0.0,3838.4036432854,9695.0,47.4986511586165,0.0,8.252811841252706,
Tuvalu,TUV,2004,,0.0,3704.92725890715,9816.0,48.4012126478499,0.0,8.217418904314012,
Tuvalu,TUV,2005,,0.0,3488.53634577403,9940.0,49.4209790930126,0.0,8.157237542064884,
Tuvalu,TUV,2006,,0.0,3532.39942573719,10056.0,50.5229861226256,0.0,8.16973264302448,
Tuvalu,TUV,2007,,0.0,3737.8786751003,10182.0,51.6722693652096,0.0,8.226273530319233,
Tuvalu,TUV,2008,,0.0,3933.37396710875,10321.0,52.8338644492855,0.0,8.277252852353154,
Tuvalu,TUV,2009,,0.0,3638.18761780626,10461.0,53.9728070033742,0.0,8.199240929437755,
Tuvalu,TUV,2010,,0.0,3506.0602338093,10614.0,55.0541326559964,0.0,8.162248245541617,
Tuvalu,TUV,2011,,0.0,3687.43927331262,10780.0,56.0428770356731,0.0,8.212687532258267,
Tuvalu,TUV,2012,,0.0,3558.15237041254,10934.0,56.8964903305448,0.0,8.176996692045348,
Tuvalu,TUV,2013,,0.0,3690.24204295331,11001.0,57.6314336806359,0.0,8.213447329179651,
Tuvalu,TUV,2014,,0.0,3695.95345179619,10984.0,58.2999596618832,0.0,8.21499383847128,
Tuvalu,TUV,2015,,0.0,4088.76579910847,10963.0,58.9148502652344,0.0,8.315998442888777,
Tuvalu,TUV,2016,,0.0,4333.24899362162,10930.0,59.4744768348285,0.0,8.374072884575762,
Tuvalu,TUV,2017,,0.0,4464.25884629937,10869.0,59.9531274910912,0.0,8.403858487662182,
Tuvalu,TUV,2018,,0.0,4575.86900510424,10751.0,60.5596409590777,0.0,8.428551906142948,
Tuvalu,TUV,2019,,0.0,5292.03025969421,10581.0,61.2406529218636,0.0,8.573957243225719,
Tuvalu,TUV,2020,,0.0,5154.45957834015,10399.0,61.9212610534937,0.0,8.547617556491945,
Tuvalu,TUV,2021,,0.0,5352.97862537897,10194.0,62.6098296425994,0.0,8.585408437368217,
Tuvalu,TUV,2022,,0.0,5498.18455447209,9992.0,63.3065768081154,0.0,8.612173235726763,
Tuvalu,TUV,2023,,0.0,5812.39924537753,9816.0,64.0117206689787,0.0,8.667748715616778,
Uganda,UGA,1992,403.318931431788,0.86,1102.72992145701,18785032.0,10.2158523630824,0.0457811304234137,7.005544131117641,-3.0838832722458895
Uganda,UGA,1993,398.840479655182,0.8666,1153.99369070318,19445161.0,10.4008727872617,0.04456635766605378,7.050983979724832,-3.110776017013197
Uganda,UGA,1994,395.501789555371,0.7817,1187.36780541734,20108801.0,10.5688660932226,0.03887352607447853,7.079494207958251,-3.2474418236843783
Uganda,UGA,1995,398.136844410786,1.0126,1288.50886674348,20665667.0,10.7273719125031,0.04899914432957814,7.161240911514983,-3.0159524436856553
Uganda,UGA,1996,401.191313976003,1.1054,1367.94573764936,21231550.0,10.8839298766407,0.05206402735551573,7.221065431934806,-2.9552810225247095
Uganda,UGA,1997,399.680271550759,1.1617,1396.63106915218,21856046.0,11.0460796171733,0.053152340546867446,7.2418182364427235,-2.934593138534085
Uganda,UGA,1998,395.932173820655,1.3574,1422.20789184705,22515806.0,11.2213607656387,0.060286538265607724,7.259965796475682,-2.8086464461819194
Uganda,UGA,1999,389.819275468027,1.3975,1487.75796178874,23257281.0,11.4173129535746,0.06008870942394341,7.305025542074238,-2.8119333182518087
Uganda,UGA,2000,386.584595406427,1.4139,1487.00498853512,24000150.0,11.6414758125187,0.05891213179917625,7.304519301219235,-2.831708236712757
Uganda,UGA,2001,386.092603822015,1.4377,1516.96423755695,24745676.0,11.9013889740088,0.05809903920183874,7.324466404619068,-2.8456061522345246
Uganda,UGA,2002,387.324648119083,1.6383,1598.5828380849,25532870.0,12.202793574555,0.0641643497186176,7.376872789543713,-2.7463075228556115
Uganda,UGA,2003,388.389226414675,1.731,1649.1482601448,26352124.0,12.5904136719317,0.0656873047500839,7.408014227641606,-2.7228496027553386
Uganda,UGA,2004,388.649807194251,1.8123,1709.36159216857,27154515.0,13.1221118400615,0.0667402824171229,7.44387524187564,-2.706946574065781
Uganda,UGA,2005,392.296679300675,2.2217,1765.03788457066,27963289.0,13.7907239496723,0.07945059681641885,7.475927433483024,-2.532619874178427
Uganda,UGA,2006,393.870894212368,2.5786,1898.97915280479,28794003.0,14.5851520274647,0.0895533698457974,7.5490717327661345,-2.4129205202979307
Uganda,UGA,2007,396.66304999539,3.1093,1999.0624896434,29653430.0,15.494298100139,0.10485464919235313,7.600433594463729,-2.2551801812500365
Uganda,UGA,2008,402.698980928732,3.4804,2110.10049271503,30539553.0,16.5070641943955,0.11396368506114023,7.65449085221515,-2.171875433431399
Uganda,UGA,2009,414.792171517828,3.8307,2188.29916246327,31451151.0,17.6123523369348,0.12179840413471672,7.6908798829262786,-2.105388026134404
Uganda,UGA,2010,421.142950548341,3.7998,2244.60595194584,32390802.0,18.7990645544572,0.11731108109024284,7.716285262251918,-2.1429260598370137
Uganda,UGA,2011,429.271141094876,4.2628,2384.4653273154,33354543.0,20.0561028736631,0.12780268043246762,7.776730196770911,-2.057267763608665
Uganda,UGA,2012,436.121048102054,4.329,2405.09455932767,34337438.0,21.372369321253,0.1260723062681613,7.7853444995747,-2.070899677353803
Uganda,UGA,2013,449.382170398049,4.4114,2420.88808087266,35337042.0,22.7367659239271,0.12483784013387425,7.791889727398883,-2.080739662803605
Uganda,UGA,2014,456.037640791645,4.8524,2470.50380909598,36395539.0,24.1938503391826,0.13332403182708738,7.812177380116625,-2.014972784272542
Uganda,UGA,2015,470.560471935976,5.5954,2520.0201028843,37531446.0,24.9777856560427,0.14908564940450203,7.83202215780869,-1.903234309968998
Uganda,UGA,2016,473.604213435105,6.0018,2554.22769062073,38799152.0,25.6953567134098,0.15468894784092188,7.845505183214237,-1.866338966483233
Uganda,UGA,2017,468.55301936099,6.2539,2543.84754394956,40177388.0,26.4139260579546,0.15565720698418722,7.841432994971494,-1.8600990806660478
Uganda,UGA,2018,468.502676315592,6.8571,2613.87976413963,41565831.0,27.1280475018884,0.16496963575683113,7.868590896240138,-1.8019938477325412
Uganda,UGA,2019,455.421313903164,7.0646,2689.41009144919,42999637.0,27.8369781799403,0.16429441020630012,7.897077151687776,-1.8060952763904647
Uganda,UGA,2020,475.325187025973,7.1198,2678.00907202293,44457152.0,28.5399752271502,0.16014970999491826,7.892828913856631,-1.8316462137627134
Uganda,UGA,2021,483.425019132137,8.1105,2684.92035939744,45910930.0,29.2362957789022,0.1766572796499657,7.895406345198568,-1.7335436965725413
Uganda,UGA,2022,482.821621536668,7.9541,2724.90609568409,47312719.0,29.9251969709665,0.16811758377276942,7.910189246204158,-1.7830916409877016
Uganda,UGA,2023,,8.1166,2791.05576885861,48656601.0,30.6059359395495,0.166813953979235,7.934175215013012,-1.790876135606688
Ukraine,UKR,1992,4196.07414505054,650.4113,18671.873046875,52323671.0,67.8603420916046,12.430536458345975,9.83477355538556,2.5201560629457878
Ukraine,UKR,1993,3716.77858553103,567.8758,16012.3720703125,52350126.0,67.9179660907452,10.847649153700223,9.681116956809296,2.3839483886488657
Ukraine,UKR,1994,3183.56375925579,470.1563,12410.525390625,52075998.0,67.9169130547952,9.028272487451897,9.426300213372208,2.200361040982295
Ukraine,UKR,1995,3168.70052622854,464.1919,10983.0087890625,51665539.0,67.8409658081403,8.984555450007015,9.304104702030445,2.195507042106326
Ukraine,UKR,1996,2927.92572780332,397.6329,9969.5009765625,51226109.0,67.7194202781316,7.762309255227642,9.207285809201961,2.049279874362213
Ukraine,UKR,1997,2825.73860259937,382.2377,9754.0498046875,50786885.0,67.6298703351538,7.526307234633508,9.185437842335238,2.0184045144357343
Ukraine,UKR,1998,2693.73243816097,364.6114,9646.0546875,50379731.0,67.5546753434196,7.237263732114807,9.174304270061322,1.979243197408025
Ukraine,UKR,1999,2702.79946004914,364.3644,9704.4453125,49976446.0,67.4811633424084,7.290722513561689,9.180339339152606,1.9866026513374135
Ukraine,UKR,2000,2700.10061007166,361.0273,10364.0625,49556660.0,67.403857296906,7.285141896164915,9.246099572153975,1.9858369173112747
Ukraine,UKR,2001,2730.9849933122,360.1685,11379.3857421875,49106855.0,67.2749805493459,7.334383356458075,9.339558729262837,1.9925733394117722
Ukraine,UKR,2002,2786.00498673634,360.5556,12092.7890625,48677281.0,67.2672733350904,7.4070612119851145,9.400364608690948,2.0024337630695195
Ukraine,UKR,2003,2914.06696251373,392.9829,13342.8798828125,48315136.0,67.419679868405,8.133743015853252,9.498738179439478,2.0960212131641094
Ukraine,UKR,2004,2957.98499344051,368.8172,15021.06640625,47979507.0,67.5970968423685,7.686973523925538,9.617208921882364,2.0395271460948394
Ukraine,UKR,2005,2964.77701596962,357.0932,15610.5732421875,47585556.0,67.8136046317755,7.504235108653559,9.655703735589057,2.0154675423236634
Ukraine,UKR,2006,2866.6234732695,356.3792,16901.5078125,47278694.0,68.0293347798948,7.537839348946483,9.735158116605882,2.0199355824589724
Ukraine,UKR,2007,2961.88351682898,367.7024,18374.013671875,47062798.0,68.2102322372037,7.813016132190016,9.818692644919249,2.055791077800651
Ukraine,UKR,2008,2875.89657843683,352.2333,18883.986328125,46819175.0,68.3752085755346,7.5232701131534245,9.846069557673381,2.018000898912039
Ukraine,UKR,2009,2453.43957426865,292.2332,16092.7958984375,46623731.0,68.5251442249547,6.267906787639968,9.6861269911082,1.8354424532345008
Ukraine,UKR,2010,2848.78160077932,315.9087,16811.794921875,46456003.0,68.637397133357,6.8001696142477,9.729835997732442,1.9169475551427033
Ukraine,UKR,2011,2732.88427034676,333.3052,17783.95703125,46307853.0,68.7234299826222,7.197595621632469,9.786052039494578,1.9737470288112156
Ukraine,UKR,2012,2650.99861590717,324.9176,17848.740234375,46210056.0,68.8241983107739,7.031318031728851,9.789688209612203,1.950374174981544
Ukraine,UKR,2013,2517.91132267143,315.2748,17889.091796875,46126770.0,68.9326288082226,6.834963731473069,9.791946409248506,1.9220511638667457
Ukraine,UKR,2014,2298.60778628289,269.3299,16978.8125,45972380.0,69.0554339301313,5.858515482557135,9.739721522201853,1.7678962408736498
Ukraine,UKR,2015,2027.641681734,226.107,15403.7099609375,45784896.0,69.1587317201337,4.938462675551343,9.64236366594278,1.597054083486182
Ukraine,UKR,2016,2007.97794185628,227.2461,15856.8125,45616832.0,69.2102241609089,4.981628272651639,9.671354497688808,1.6057567999758582
Ukraine,UKR,2017,1967.83535233788,205.5813,16310.3603515625,45436041.0,69.2633108489282,4.524630568054994,9.699555789274273,1.50953593140018
Ukraine,UKR,2018,2068.75608372619,218.3029,16978.984375,45208907.0,69.3157992777909,4.828758633779843,9.739731645061157,1.5745894229915458
Ukraine,UKR,2019,1987.62473314258,207.9097,17636.5546875,44957458.0,69.3527648708735,4.624587537845223,9.777728997984813,1.5313871859810877
Ukraine,UKR,2020,1932.92182292303,198.8972,17092.5390625,44680014.0,69.3839100516745,4.451592159304158,9.746397335144414,1.493261820794744
Ukraine,UKR,2021,2096.06217562326,194.1363,17846.408203125,44298640.0,69.4027032653896,4.382443795114252,9.789557545846655,1.477606512885435
Ukraine,UKR,2022,1479.47224953939,119.345,13787.12109375,41048766.0,69.42345912103,2.9073955597106136,9.53149018131649,1.067257683771738
Ukraine,UKR,2023,1508.27791300021,121.6952,15916.9580078125,37732836.0,69.4754455027606,3.225180317747651,9.675140361229007,1.1709888611645831
United Arab Emirates,ARE,1992,10562.8994380617,62.5224,104206.754890763,2114730.0,78.4413740139383,29.565192719637967,11.554132232407214,3.386597747757821
United Arab Emirates,ARE,1993,10572.6698308454,65.9141,100422.631522038,2222093.0,78.3519240018627,29.663069907515126,11.51714287440406,3.3899028346414557
United Arab Emirates,ARE,1994,11178.3984813089,72.5685,102456.104720073,2328188.0,78.2891342501676,31.16951895637294,11.537189739203388,3.439440660755856
United Arab Emirates,ARE,1995,11360.9014709113,77.4025,104527.92304577,2434662.0,78.2578079598212,31.791887333847573,11.557209520873407,3.4592111419508784
United Arab Emirates,ARE,1996,11250.1691193254,80.8908,103653.473060887,2597564.0,78.2689693716933,31.14102289683719,11.548808624884682,3.4385260141912517
United Arab Emirates,ARE,1997,10941.7465226956,84.3016,103392.439957977,2817410.0,78.3820753836003,29.921665643268106,11.546287123857134,3.3985828214520897
United Arab Emirates,ARE,1998,10375.285992572,86.4781,96088.4925317357,3040421.0,78.5955507596055,28.442804466881395,11.473024843061415,3.347895210020002
United Arab Emirates,ARE,1999,9839.14403490257,89.1524,92047.5945823489,3266009.0,78.9002662187301,27.297046640104178,11.430061054677733,3.3067785146576885
United Arab Emirates,ARE,2000,8956.94929901911,88.4569,95390.7013642316,3493575.0,79.287092479995,25.3198800655489,11.465736382709263,3.2315898605170834
United Arab Emirates,ARE,2001,11703.2751045514,101.2593,90750.3469329386,3723590.0,79.7469002624215,27.193998265115116,11.415867575072282,3.302996296936887
United Arab Emirates,ARE,2002,10866.2518811768,103.5184,87479.2448897115,3956826.0,80.2705602850306,26.16197932383178,11.379156842948598,3.2643071859527417
United Arab Emirates,ARE,2003,10102.2168560285,108.8196,89828.555395832,4192457.0,80.8489432668434,25.956044391152968,11.40565819256029,3.2564045070037597
United Arab Emirates,ARE,2004,9441.12715739602,115.0197,93166.1449767722,4428967.0,81.4729199268812,25.969870626717245,11.442139683359752,3.256937044018708
United Arab Emirates,ARE,2005,9535.23423153349,122.4613,92750.9148604289,4664790.0,82.2122832763517,26.252264303430593,11.437672844145336,3.2677522444958322
United Arab Emirates,ARE,2006,9239.48012400956,127.1972,94872.5391985501,5009100.0,82.5588968646829,25.393224331716276,11.460289577060369,3.234482379844241
United Arab Emirates,ARE,2007,8929.91291284475,137.1441,87180.6059048658,5624635.0,82.758608500318,24.38275550324599,11.375737175812574,3.1938761407692846
United Arab Emirates,ARE,2008,9426.22252523971,164.2519,80285.1852028705,6302664.0,82.9658963549658,26.06071020127362,11.293340389798967,3.2604288238684718
United Arab Emirates,ARE,2009,9485.64696621464,165.3369,71488.9909603622,6707058.0,83.1701992996163,24.6511808903397,11.177298744244757,3.2048248056430424
United Arab Emirates,ARE,2010,8944.43348137498,171.9529,70913.778039508,6869838.0,83.3714299144178,25.03012443670433,11.169220024240023,3.2200800769336952
United Arab Emirates,ARE,2011,8558.24529408267,177.2572,73190.3973792075,7104538.0,83.5695007795347,24.949855993450946,11.200819507999956,3.2168680503752975
United Arab Emirates,ARE,2012,8614.16881429917,185.0103,73644.0532143257,7391448.0,83.7643244751488,25.03031882250947,11.206998674765584,3.220087842977801
United Arab Emirates,ARE,2013,8858.22242582428,195.0534,74237.2214478496,7693031.0,83.9558135814626,25.354557910919635,11.215020940141283,3.2329585131225675
United Arab Emirates,ARE,2014,9633.42212114175,198.1138,74145.1093706462,8059440.0,84.1438806787019,24.581583832127293,11.213779389499406,3.2019975378686345
United Arab Emirates,ARE,2015,10146.376786057,206.8519,75238.5539913477,8505237.0,84.3284383471193,24.32053333728384,11.228419064614494,3.1913209868445076
United Arab Emirates,ARE,2016,10355.5476088804,212.4305,75671.0564378596,8935095.0,84.5093991669984,23.774845147141694,11.234151020709913,3.1686280951459604
United Arab Emirates,ARE,2017,8521.13677246594,204.4227,72529.0571050174,9223225.0,84.686675718659,22.16390687639085,11.19174254820426,3.09846514942575
United Arab Emirates,ARE,2018,8482.30317231137,187.2853,72671.0652349751,9346701.0,84.8601805824625,20.037583314155444,11.193698582027743,2.997609675838715
United Arab Emirates,ARE,2019,8816.50943614681,197.8494,72822.969940695,9445785.0,85.0298263388195,20.945786930361002,11.195786705581837,3.041937524968508
United Arab Emirates,ARE,2020,8154.35294132635,195.6742,66808.6477560191,9401038.0,85.1955255681984,20.814105846609703,11.109587808571284,3.0356309225592137
United Arab Emirates,ARE,2021,8674.22641438132,199.421,68580.1485423483,9575152.0,85.3571908511355,20.82692786495713,11.135758391986398,3.036246758315909
United Arab Emirates,ARE,2022,8335.80957162683,195.184,70075.6300053372,10074977.0,85.5147347682487,19.373145963509394,11.157330366436202,2.9638878784546527
United Arab Emirates,ARE,2023,,192.6964,70239.8552855072,10483751.0,85.6680699002526,18.38048232927318,11.159671168020816,2.91128935865467
United Kingdom,GBR,1992,3684.81144729003,578.4391,32797.7299280942,57580402.0,78.1549335902337,10.045763487375444,10.398114582467823,2.3071510020858956
United Kingdom,GBR,1993,3713.443124142,562.3975,33861.2523742725,57718614.0,78.2748023147801,9.74378040332015,10.430026641839294,2.276629174108513
United Kingdom,GBR,1994,3733.80487842151,554.8788,35448.1781034952,57865745.0,78.4474219748331,9.589072084011015,10.475827137226194,2.2606241255080834
United Kingdom,GBR,1995,3729.55293237334,548.3394,36603.7383816545,58019030.0,78.6591002712985,9.451026671766144,10.50790565574862,2.2461233781194165
United Kingdom,GBR,1996,3880.31355582242,567.624,37465.3771277415,58166950.0,78.8961449050823,9.758531262168637,10.53117250888258,2.278141903667391
United Kingdom,GBR,1997,3760.81073205794,546.7394,39192.610054674,58316954.0,79.1448635770901,9.375307907885587,10.576243488993192,2.2380794148249343
United Kingdom,GBR,1998,3787.50885825831,547.4062,40347.1799533754,58487141.0,79.391563988228,9.359428254494437,10.60527678162436,2.2363842047022673
United Kingdom,GBR,1999,3784.31837908023,544.0076,41396.9358449656,58682466.0,79.6225538394017,9.27036024696031,10.63096214366765,2.226822240414938
United Kingdom,GBR,2000,3786.40281086309,551.9584,43115.5630082237,58892514.0,79.8241408315172,9.372301545829746,10.671639301592334,2.2377586953125044
United Kingdom,GBR,2001,3785.6601241847,563.115,43976.8391685783,59119673.0,79.9838301298823,9.525001939709647,10.691418391780166,2.2539201246568012
United Kingdom,GBR,2002,3716.62337347063,547.1609,44539.4636492853,59370479.0,80.1146062677742,9.216043212317691,10.704130898738073,2.220945792779098
United Kingdom,GBR,2003,3764.06191688174,560.7371,45759.4020280715,59647577.0,80.2331593332802,9.400836181493172,10.73115255839993,2.2407986407976512
United Kingdom,GBR,2004,3697.50381825103,561.1737,46558.1299600699,59987905.0,80.3423284929998,9.354780767889794,10.748456917510875,2.235887524698894
United Kingdom,GBR,2005,3689.55051742336,559.5236,47529.9377511933,60401206.0,80.4455938127627,9.263450799310199,10.769115059933167,2.226076635751876
United Kingdom,GBR,2006,3601.05090812166,559.9305,48215.0486668938,60846820.0,80.5464353583991,9.202296849695678,10.783426464316449,2.219453110471345
United Kingdom,GBR,2007,3443.58715993443,550.4176,49243.2517368789,61322463.0,80.6483331957387,8.975790812577113,10.804527616641073,2.194531043314598
United Kingdom,GBR,2008,3370.1581117517,533.9109,48833.0712359377,61806995.0,80.7547673906116,8.638357195653986,10.796163051574583,2.1562124253452786
United Kingdom,GBR,2009,3144.00201324492,483.4698,46241.8039957358,62276270.0,80.8692180088478,7.763306954639384,10.741639516333855,2.049408397365697
United Kingdom,GBR,2010,3235.05383786127,500.7484,46917.8912974837,62766365.0,80.995165116277,7.977973553192064,10.756154359248594,2.0766844385105685
United Kingdom,GBR,2011,2973.83120573757,459.2066,46949.0207981339,63258810.0,81.1359685592627,7.2591722797188245,10.756817628149136,1.9822658112789369
United Kingdom,GBR,2012,3028.77223348044,481.3898,47328.2100308702,63711000.0,81.2905667759508,7.555834942160694,10.764861803272616,2.022320104795147
United Kingdom,GBR,2013,2962.29760006424,470.2197,47820.2821627006,64139000.0,81.4573768694887,7.33126023168431,10.77520514151144,1.992147429044838
United Kingdom,GBR,2014,2767.96188412765,430.6573,48964.2863514962,64620000.0,81.6355750750722,6.664458372021046,10.798846461383029,1.8967886858155611
United Kingdom,GBR,2015,2774.79682774608,415.8847,49652.7188154397,65088000.0,81.8243772295647,6.389575651425762,10.812808427600242,1.8546678579567393
United Kingdom,GBR,2016,2696.97999020896,391.8614,50346.8592925717,65607000.0,82.0229991698295,5.972859603395979,10.826691518695126,1.7872258082664803
United Kingdom,GBR,2017,2658.99577329303,380.7118,51586.6756125445,65966000.0,82.23065673273,5.771333717369554,10.85101869356086,1.7529032006674976
United Kingdom,GBR,2018,2632.15067210726,373.8821,52131.6948248133,66289000.0,82.4465657551295,5.640183137473789,10.86152838873977,1.729916536166086
United Kingdom,GBR,2019,2515.97344619501,359.0131,52515.684446109,66631000.0,82.6699420738913,5.3880791223304465,10.868867155316872,1.684188943356859
United Kingdom,GBR,2020,2317.4085386833,319.6964,47158.985486323,66744000.0,82.9000015258789,4.789889727915618,10.761279842255435,1.56650738984585
United Kingdom,GBR,2021,2377.26368887082,337.9148,51004.4271714238,66984000.0,82.9886431523641,5.044709184282814,10.839667715221749,1.618340007799735
United Kingdom,GBR,2022,2254.36941582721,324.9949,53139.151252206,67604000.0,83.0753982997505,4.807332406366487,10.880669247266907,1.570142337002938
United Kingdom,GBR,2023,2127.6084341819,304.7866,52592.6822066393,68492000.0,83.1601932891335,4.449959119313204,10.87033226750072,1.492894909464761
United States,USA,1992,7675.63655553518,5016.9879,44659.1514617994,256514000.0,75.8943317611462,19.55833950583594,10.706814525253938,2.973401768663437
United States,USA,1993,7708.10161116809,5135.577,45286.9355090342,259919000.0,76.2998113365493,19.75837472443338,10.720773870516965,2.983577438149156
United States,USA,1994,7755.08252133275,5217.8955,46537.3571477424,263126000.0,76.7405657773027,19.830406345249045,10.748010648560197,2.9872164337614477
United States,USA,1995,7760.89035266192,5271.4648,47220.9579604358,266278000.0,77.1977052961919,19.796846904363107,10.762593097609406,2.985522677764911
United States,USA,1996,7841.59288605808,5426.4743,48435.70010416,269394000.0,77.6523401060025,20.14326339859091,10.787992426265362,3.0028699098438403
United States,USA,1997,7825.23663798017,5699.5176,49984.2696497419,272657000.0,78.0855804195199,20.90361736540782,10.819463627905956,3.0399222236787895
United States,USA,1998,7800.439490719,5744.8765,51619.8698375216,275854000.0,78.4785364495296,20.825786466754153,10.85166195171812,3.036191952850211
United States,USA,1999,7920.05392329598,5761.8713,53474.045430104,279040000.0,78.812318408817,20.648908041857798,10.886951683021836,3.0276624386799607
United States,USA,2000,8055.14548852416,5928.7614,55038.6224959451,282162411.0,79.0740897861327,21.01187532027432,10.915790444967458,3.0450877693350242
United States,USA,2001,7824.24393877407,5877.6294,55017.3049786608,284968955.0,79.3086223667912,20.62550778557615,10.915403050702741,3.026528551824402
United States,USA,2002,7840.46095949898,5726.7267,55436.1169813778,287625193.0,79.5461039768657,19.910379338711127,10.92298659139243,2.991241170567188
United States,USA,2003,7791.30391526846,5792.9233,56498.2078314911,290107933.0,79.7773350255284,19.968165779182605,10.941964196834832,2.9941392943952723
United States,USA,2004,7878.53717143427,5879.9871,58131.6336853496,292805298.0,79.9960936968363,20.081559794727486,10.970465264297555,2.9998019708269625
United States,USA,2005,7843.3910574627,5888.1657,59604.7536374577,295516599.0,80.1961581748464,19.924991421547865,10.995490608890606,2.991974794139065
United States,USA,2006,7694.40657948116,5790.0078,60676.5655690664,298379912.0,80.3713066436159,19.404817707701447,11.01331283280113,2.965521370687667
United States,USA,2007,7756.0141894981,5872.7014,61306.596938633,301231207.0,80.5153172872016,19.49566068697524,11.023642733403687,2.970191911933413
United States,USA,2008,7484.83268900712,5689.2644,60798.4338401606,304093966.0,80.6219682896606,18.7089026291301,11.015319308414599,2.9289994869961844
United States,USA,2009,7053.35846690965,5273.1152,58714.9736915861,306771529.0,80.6850378350499,17.18906320019026,10.980450061729357,2.844273321120357
United States,USA,2010,7162.55933024159,5521.4993,59789.4129069749,309378227.0,80.6997744673366,17.847084306937994,10.99858388257561,2.8818401507344076
United States,USA,2011,7009.64607964907,5307.6289,60245.4843994565,311839461.0,80.6957554256024,17.0203888981196,11.006182900817317,2.83441197236242
United States,USA,2012,6820.46062064875,5087.711,61134.530608776,314339099.0,80.6837493386238,16.185422100481365,11.020832134602891,2.784110966771308
United States,USA,2013,6888.38143742637,5224.7089,61958.7234416953,316726282.0,80.660889281215,16.495975221911014,11.034223691376265,2.803116425206976
United States,USA,2014,6915.64165280321,5243.772,63018.8033942192,319257560.0,80.6242231779766,16.42489531023165,11.05118842741629,2.798798190544069
United States,USA,2015,6789.64733291075,5132.9841,64359.4725899466,321815121.0,80.5707989535091,15.950102294913606,11.072239406385773,2.7694652426844946
United States,USA,2016,6663.4963294418,5028.952,65017.654963867,324353340.0,80.4976645324131,15.504548218926928,11.082414126825867,2.7411334143611743
United States,USA,2017,6590.83509745633,4959.4579,66155.5555676249,326608609.0,80.4018678392891,15.184712721396759,11.099764150410033,2.7202891797409965
United States,USA,2018,6738.27272433986,5118.3744,67719.7656392064,328529577.0,80.2804567987377,15.579645664597194,11.12313337550875,2.745965297218457
United States,USA,2019,6700.93033990565,4967.9122,69112.602688656,330226227.0,80.1304793353594,15.043966208050458,11.143492376463945,2.7109769943978073
United States,USA,2020,6141.53125755889,4466.8765,67342.0709287722,331577720.0,79.997451762548,13.471582167824787,11.117540445565211,2.600582442160389
United States,USA,2021,6445.83409243358,4754.3785,71307.4017277218,332099760.0,80.0074765140272,14.316115434711545,11.174755412062385,2.661385856206808
United States,USA,2022,6511.68841394546,4815.7665,72679.2575396348,334017321.0,80.0324978239707,14.417714882516528,11.193811306987852,2.668457650680499
United States,USA,2023,6363.50015820072,4618.2675,74158.7164155605,336806231.0,80.071561119178,13.71194198601391,11.213962891777655,2.6182671309548393
Uruguay,URY,1992,858.94549973557,4.9018,15536.4872092796,3139702.0,89.780655787039,1.5612309703277572,9.650946550059963,0.44547459364213865
Uruguay,URY,1993,796.48972768896,4.6343,15865.2775154336,3156345.0,90.0885354831698,1.4682488764694608,9.671888196170238,0.3840704502027366
Uruguay,URY,1994,757.037323551894,4.3543,16932.0284550546,3172834.0,90.364725438899,1.3723693076914834,9.736962282188339,0.31653866778493034
Uruguay,URY,1995,805.45638430458,4.767,16600.0391885928,3189440.0,90.6034292163637,1.4946197451590248,9.71716033510045,0.4018718234257343
Uruguay,URY,1996,884.16196125255,5.5886,17433.6932851628,3206324.0,90.7987169022654,1.7429929102610966,9.766160008504226,0.5556036989800397
Uruguay,URY,1997,893.586695122511,5.6715,18823.9419170645,3223345.0,90.9527192912429,1.7595075922682804,9.84288484482363,0.5650339927848452
Uruguay,URY,1998,914.894632558476,5.9043,19577.7899664694,3239280.0,91.0763563098556,1.822719863673409,9.882151037725695,0.6003298161283651
Uruguay,URY,1999,994.912620386541,6.8878,19192.7175685083,3254015.0,91.1807813592588,2.1167081282661573,9.862286192759113,0.7498621122018848
Uruguay,URY,2000,948.595701266831,5.5706,18752.0578112966,3266206.0,91.2769768173566,1.705526228290561,9.839058775312292,0.533873701410064
Uruguay,URY,2001,831.884484463778,5.0175,17986.9007596433,3274251.0,91.3759250620534,1.532411534729622,9.797399036374856,0.42684266104757407
Uruguay,URY,2002,772.008348325172,4.6084,16572.7881760134,3278867.0,91.4886084712534,1.4054854923972213,9.71551736277193,0.34038278928856686
Uruguay,URY,2003,774.971327216851,4.5952,16694.4389231595,3281186.0,91.6260094228609,1.400469220580607,9.722830944335293,0.33680733802604157
Uruguay,URY,2004,884.970363414793,5.755,17519.3796251133,3283148.0,91.8009434091917,1.7528908230759015,9.771062954337953,0.5612663239516407
Uruguay,URY,2005,916.698612830821,5.5678,18811.3195971021,3285771.0,92.0812710048572,1.6945185772228193,9.842214073853649,0.527398675252332
Uruguay,URY,2006,990.488024294237,6.4885,19560.0817556405,3289506.0,92.4845482788191,1.9724846223110704,9.881246123316295,0.679293977667488
Uruguay,URY,2007,985.905732498087,6.1176,20803.893182056,3295153.0,92.9603688038713,1.8565450526879936,9.942895420389107,0.6187172618805369
Uruguay,URY,2008,1274.16949472415,7.9164,22249.3835165533,3302177.0,93.45975578621,2.397327581168423,10.010069580089336,0.8743546090969501
Uruguay,URY,2009,1254.7362886566,7.8326,23138.0820687014,3310091.0,93.9337324320314,2.3662793560660416,10.049235113505416,0.861318829620189
Uruguay,URY,2010,1226.9840852731,6.4579,24879.8350192618,3318580.0,94.3333219475319,1.9459829204057157,10.121812915772521,0.665767206955367
Uruguay,URY,2011,1327.77878788273,7.7873,26099.3215293803,3326825.0,94.6036824756941,2.3407603345532153,10.169664597930007,0.8504758058877646
Uruguay,URY,2012,1407.51757319789,8.8815,26953.2811065384,3335401.0,94.7606597546186,2.662798266235454,10.201860316849968,0.9793775496383914
Uruguay,URY,2013,1378.79092656473,7.6589,28119.4833341404,3345337.0,94.8844735142936,2.289425549653144,10.24421797214771,0.8283009344177531
Uruguay,URY,2014,1397.55777562001,6.7334,28935.0974409271,3356334.0,94.9897821210514,2.0061769776190332,10.272810581582261,0.6962309097853288
Uruguay,URY,2015,1491.04897158511,6.8951,28941.6294107011,3368017.0,95.0800002298303,2.0472283839422425,10.273036301665517,0.7164868705300481
Uruguay,URY,2016,1550.98299580242,6.8292,29332.5672615246,3379283.0,95.1585424955685,2.020902067095298,10.286453688366814,0.7035439796003174
Uruguay,URY,2017,1512.8381875657,6.4073,29762.4333171685,3388438.0,95.2288235732042,1.890930275247769,10.30100225029428,0.6370689171021774
Uruguay,URY,2018,1560.97897875852,6.871,29757.9388543783,3394534.0,95.2942581176758,2.0241364499515986,10.300851227623058,0.7051431651368552
Uruguay,URY,2019,1540.78251179675,7.1561,30010.5742615797,3397206.0,95.3479309082031,2.1064663137884483,10.309305073925426,0.7450118107536197
Uruguay,URY,2020,1531.60055590501,6.9135,27788.1854968153,3398968.0,95.3997650146484,2.033999731683264,10.232366227219284,0.71000416571056
Uruguay,URY,2021,1644.69693874435,8.5518,29431.8850087471,3396695.0,95.4497146606445,2.5176826297327253,10.289833889762406,0.9233388870638841
Uruguay,URY,2022,1626.06034935571,8.093,30804.7032775797,3390913.0,95.4977416992188,2.3866728518248626,10.335422661121147,0.8699002838478166
Uruguay,URY,2023,,8.1908,31059.2537072459,3388081.0,95.5439605712891,2.4175337012308735,10.343652068958956,0.8827478887779779
Uzbekistan,UZB,1992,2098.83132080431,119.4667,3547.3114038795,21485090.0,41.5298766018746,5.5604468028758545,8.173945244514435,1.715678465263251
Uzbekistan,UZB,1993,2130.91862562729,119.2808,3386.46207695591,21987955.0,42.0894314135234,5.4248246369432715,8.12754102029192,1.6909855739166442
Uzbekistan,UZB,1994,2062.21084114324,113.6737,3142.43287962994,22463291.0,42.7449627900584,5.060420576842458,8.052752581327766,1.6214495977983234
Uzbekistan,UZB,1995,1713.58068520437,104.912,3052.41881077596,22917589.0,43.4782464742032,4.577793938097066,8.023689608014744,1.521217209179865
Uzbekistan,UZB,1996,1744.87031595541,108.1291,3046.56376344753,23351981.0,44.2710582086815,4.630403733199338,8.021769599535999,1.5326440636916019
Uzbekistan,UZB,1997,1746.59887028463,108.0143,3150.0853013379,23758960.0,45.1051737362168,4.546255391650139,8.055184811242837,1.514303903273847
Uzbekistan,UZB,1998,1789.4682125784,123.4347,3234.35751357407,24134929.0,45.9623687995325,5.114359358587714,8.081585582442013,1.632052143971521
Uzbekistan,UZB,1999,1838.64635291925,124.2258,3326.4252682467,24476008.0,46.8244191413524,5.07541099022357,8.109653513349157,1.6244075049441657
Uzbekistan,UZB,2000,1866.70954311251,131.5221,3410.65044991898,24787054.0,47.6731005044,5.30608034339216,8.134658299864345,1.6688533975896314
Uzbekistan,UZB,2001,1863.69950730922,132.6334,3509.72863761694,25090283.0,48.4901886313987,5.286245675267991,8.163294002251,1.665108291694601
Uzbekistan,UZB,2002,1907.69659032329,136.8801,3604.69346202514,25399980.0,49.2574592650723,5.388984558255558,8.1899920147653,1.684356973527985
Uzbekistan,UZB,2003,1823.5423217092,128.9701,3711.77853054423,25711259.0,49.9566881481443,5.016094311056491,8.21926642901848,1.6126516051986182
Uzbekistan,UZB,2004,1780.21898584248,132.1457,3939.53039814876,26029350.0,50.5696510233382,5.07679600143684,8.278816806901375,1.6246803542316162
Uzbekistan,UZB,2005,1662.08972765071,125.5292,4160.95512970703,26356975.0,51.0781236333777,4.762655805531553,8.333499925388876,1.560805454989935
Uzbekistan,UZB,2006,1695.1035686445,134.4224,4413.72281227266,26699043.0,51.4638817209862,5.034727274681718,8.392473787443995,1.6163593588011602
Uzbekistan,UZB,2007,1634.47696212044,131.3948,4764.56391427529,27076008.0,51.7087010288873,4.852812866653016,8.468961293385073,1.5795585093361144
Uzbekistan,UZB,2008,1656.55650065035,137.2899,5115.64391465594,27494774.0,51.7943572998047,4.99330891026782,8.540058557980826,1.6080987982743866
Uzbekistan,UZB,2009,1488.61678124243,124.512,5439.55068123847,27939328.0,51.6105041503906,4.4565137715552785,8.601451741078229,1.4943667948015824
Uzbekistan,UZB,2010,1592.96476589268,135.8014,5760.80511957791,28385506.0,51.3321647644043,4.784181053527811,8.658832521626442,1.5653148615692867
Uzbekistan,UZB,2011,1603.22239464061,138.6782,6100.25100998284,28823196.0,51.3395500183105,4.811340144236607,8.716085198492314,1.570975661576773
Uzbekistan,UZB,2012,1387.65012211387,123.1859,6435.56467226429,29261903.0,51.3359680175781,4.209770635901568,8.769594866338029,1.4374081654266826
Uzbekistan,UZB,2013,1350.32249660587,121.417,6797.77494784494,29724065.0,51.1276969909668,4.084804686034699,8.824350624065948,1.4072739146927076
Uzbekistan,UZB,2014,1240.29664862077,113.1595,7145.10980664151,30222994.0,50.8868713378906,3.744152548222059,8.874183458565192,1.3201953025027324
Uzbekistan,UZB,2015,1165.60752398201,107.5503,7529.76364274179,30749346.0,50.6597328186035,3.497645120647444,8.926618931555192,1.252089919376457
Uzbekistan,UZB,2016,1209.61523440111,114.0078,7839.97820100236,31284568.0,50.6572189331055,3.644218453008525,8.966991332856194,1.293141926285967
Uzbekistan,UZB,2017,1253.44940769753,118.2658,8047.05375469466,31819178.0,50.6787376403809,3.716808774884128,8.993061310215117,1.3128654439018965
Uzbekistan,UZB,2018,1272.07621933957,112.7949,8348.96057873127,32373490.0,50.5814971923828,3.484174860356421,9.029892328507355,1.2482312472705341
Uzbekistan,UZB,2019,1285.18444128817,115.1171,8755.12593984949,32964701.0,50.5920104980469,3.4921323873072594,9.0773946295222,1.2505125488587463
Uzbekistan,UZB,2020,1351.37520056543,123.9451,8727.41104939223,33586372.0,50.7670402526855,3.690339045848715,9.074224046935528,1.305718336175337
Uzbekistan,UZB,2021,1465.19908492256,134.3607,9247.64382703929,34243696.0,50.9269905090332,3.9236623289729007,9.132124076658307,1.3670254852411658
Uzbekistan,UZB,2022,1381.80448771676,128.9082,9607.56167273449,34938955.0,50.9847412109375,3.689526489844931,9.17030574164655,1.3054981272831458
Uzbekistan,UZB,2023,,132.6306,10007.685502618,35652307.0,50.9964841114568,3.720112698457353,9.211108627054463,1.3137539631103972
Vanuatu,VUT,1992,,0.0532,3122.88933397766,155608.0,19.383874879138,0.34188473600329033,8.04651392084915,-1.0732816279567923
Vanuatu,VUT,1993,,0.0538,3069.80583421676,159463.0,19.676047414188,0.33738233947686924,8.029369592397654,-1.0865384532251865
Vanuatu,VUT,1994,,0.0553,3269.62833082984,163314.0,19.9607994180462,0.33861150911740573,8.092431597134793,-1.0829018195553675
Vanuatu,VUT,1995,,0.0502,3226.91509128028,167137.0,20.2407963936871,0.30035240551164616,8.079281879738112,-1.2027988086897512
Vanuatu,VUT,1996,,0.0506,3229.10220217595,170911.0,20.5187038440851,0.29606052272820355,8.079959421597101,-1.2171913768825842
Vanuatu,VUT,1997,,0.0521,3315.48137240776,174626.0,20.7971872722147,0.2983519063598777,8.10635810245737,-1.2094815953583156
Vanuatu,VUT,1998,,0.0537,3285.13835226801,178313.0,21.0789121810505,0.301155832721114,8.097164046399577,-1.2001274315208639
Vanuatu,VUT,1999,,0.0536,3228.59180513043,182048.0,21.3677585605054,0.29442784320618737,8.079801347508733,-1.2227213204914806
Vanuatu,VUT,2000,,0.084,3342.16726611558,186281.0,21.6572490599483,0.4509316570127925,8.114374757608335,-0.796439487519284
Vanuatu,VUT,2001,,0.0977,3148.33464010842,191031.0,21.9341706883464,0.511435316781046,8.05462890633626,-0.6705341594929994
Vanuatu,VUT,2002,,0.0961,2911.04134701793,195863.0,22.2011458912344,0.49064907613995495,7.976266147360976,-0.7120261192623051
Vanuatu,VUT,2003,,0.1122,2962.03107292132,200746.0,22.4641372404641,0.5589152461319279,7.9936304852930835,-0.5817574342595648
Vanuatu,VUT,2004,145.835662652945,0.0874,3005.79726389788,205711.0,22.7291073078871,0.4248678971955802,8.008298124225403,-0.8559769885034637
Vanuatu,VUT,2005,142.342000379579,0.0892,3089.43704035765,210760.0,23.0020186653551,0.42323021446194725,8.035744165707095,-0.8598390057551213
Vanuatu,VUT,2006,143.56969845732,0.0803,3270.70237527622,215923.0,23.2888338847199,0.3718918318104139,8.092760034488895,-0.9891522416953397
Vanuatu,VUT,2007,158.173502774815,0.131,3283.36553319499,221276.0,23.5955155378332,0.592020824671451,8.096624252514399,-0.5242134679069373
Vanuatu,VUT,2008,,0.1287,3381.38564426088,226896.0,23.9280261965467,0.5672202242437064,8.126040858392251,-0.5670076481169092
Vanuatu,VUT,2009,,0.1443,3396.73599458141,232731.0,24.2861753285463,0.6200291323459273,8.130570247913894,-0.4779888143921637
Vanuatu,VUT,2010,,0.1549,3359.84954476432,238248.0,24.742504119873,0.6501628555119036,8.119651473610718,-0.43053240053270747
Vanuatu,VUT,2011,,0.1797,3390.96103912602,243474.0,24.7861634049013,0.7380664875921042,8.128868652565686,-0.30372136685145085
Vanuatu,VUT,2012,,0.1477,3350.77088958974,248883.0,24.8183551383933,0.5934515414873656,8.116945714641863,-0.5217997169813272
Vanuatu,VUT,2013,,0.151,3292.23424552549,254482.0,24.8407362750263,0.5933622024347498,8.09932171525744,-0.5219502697588663
Vanuatu,VUT,2014,,0.1753,3302.29177948687,260240.0,24.8549637694775,0.673608976329542,8.102371985048261,-0.3951054902379072
Vanuatu,VUT,2015,,0.1592,3357.63888534014,266101.0,24.8626945764242,0.5982690782823064,8.118993293242568,-0.5137146625520193
Vanuatu,VUT,2016,,0.1659,3397.76730446483,272087.0,24.8654875642873,0.609731446191843,8.13087381974128,-0.49473667089872797
Vanuatu,VUT,2017,,0.1664,3465.91968561101,278507.0,24.7644441456437,0.5974715177715462,8.1507332979387,-0.5150486653142706
Vanuatu,VUT,2018,,0.2288,3482.02272525905,285259.0,24.2729727045038,0.8020781114706285,8.155368646802831,-0.22054928000962637
Vanuatu,VUT,2019,,0.219,3512.07197251664,291985.0,23.5024668917075,0.7500385293765091,8.163961447858416,-0.28763070126929063
Vanuatu,VUT,2020,,0.2515,3259.99543753198,298858.0,22.4186852094794,0.8415367833553059,8.089481074829706,-0.172525554654427
Vanuatu,VUT,2021,,0.2909,3135.83664945678,305868.0,22.2501822422475,0.9510638576117803,8.050651291292448,-0.0501740708343016
Vanuatu,VUT,2022,,0.2709,3222.83595459346,313046.0,22.2541249733107,0.8653680289797665,8.078016982162474,-0.14460039550705736
Vanuatu,VUT,2023,,0.2717,3214.70244012121,320409.0,22.2651966823901,0.8479786772531358,8.075490078771328,-0.16489978825502907
Viet Nam,VNM,1992,276.933206862751,21.7025,2726.47373748487,68260337.0,19.8252510026665,0.31793719389343184,7.9107643820016875,-1.145901419188115
Viet Nam,VNM,1993,294.74751383968,25.415,2890.42431737761,69586384.0,20.3057679487956,0.36522949662106313,7.969158592951102,-1.0072293651191282
Viet Nam,VNM,1994,289.677004526493,29.8814,3089.60933725631,70854391.0,20.8567825836322,0.421729685038151,8.035799933826697,-0.8633907269719049
Viet Nam,VNM,1995,303.783392969624,34.3721,3328.21486039558,72049940.0,21.4538464600183,0.4770593840883143,8.110191361274042,-0.7401143008985932
Viet Nam,VNM,1996,315.960539910077,38.7066,3584.02898335147,73156447.0,22.072511130796,0.5290934919242319,8.184242860934743,-0.6365901294232019
Viet Nam,VNM,1997,335.565681064978,44.644,3820.30249485434,74226889.0,22.6883281488073,0.6014532011438604,8.248084885600129,-0.5084065501788639
Viet Nam,VNM,1998,352.512759719206,49.8923,3982.95805965603,75299660.0,23.2768490668943,0.6625833370296759,8.289780053288402,-0.41160893728997067
Viet Nam,VNM,1999,358.075426214906,51.1038,4119.05367208231,76287452.0,23.8212278892522,0.6698847406779296,8.32337872471834,-0.4006496102346943
Viet Nam,VNM,2000,372.486738202477,56.5356,4349.22348751462,77154011.0,24.3672526919772,0.7327629408664185,8.377752599530842,-0.3109330388627865
Viet Nam,VNM,2001,393.081627304938,62.0917,4570.26846577385,77969361.0,24.9489362725143,0.7963602523303994,8.427327227408735,-0.2277036172159034
Viet Nam,VNM,2002,424.572449525025,73.0818,4809.62151118535,78772224.0,25.5540925665659,0.9277610341432025,8.478373672100497,-0.07498108566758359
Viet Nam,VNM,2003,441.331501223992,77.6463,5090.28990869885,79563777.0,26.1745407830283,0.9759001260083467,8.535090064444974,-0.024395027714587753
Viet Nam,VNM,2004,485.432705372372,91.9274,5421.09702829121,80338971.0,26.8021001307977,1.1442441800754455,8.598053477696583,0.13474431430354333
Viet Nam,VNM,2005,509.245126631649,100.5495,5776.36304451268,81088313.0,27.4285898187702,1.239999899862265,8.66152953256431,0.21511129886070432
Viet Nam,VNM,2006,515.075042472671,103.16,6098.24495436514,82167897.0,28.0458290558422,1.255478158337191,8.715756296365093,0.227516502679781
Viet Nam,VNM,2007,544.673183366382,114.314,6418.54381402878,83633375.0,28.6456370509099,1.3668466685698144,8.766946550711666,0.31250638507894213
Viet Nam,VNM,2008,572.099542305108,125.7916,6659.13561432065,85175788.0,29.2198330128693,1.4768469180467108,8.803744967471749,0.38990935433675916
Viet Nam,VNM,2009,615.142147070174,140.8243,6914.33863589545,86460018.0,29.7581347355675,1.6287794434648395,8.84135259757194,0.4878309266318759
Viet Nam,VNM,2010,670.10802910064,156.7839,7274.73310698016,87455152.0,30.2504027258526,1.7927348636933362,8.892162405040983,0.5837423106788528
Viet Nam,VNM,2011,663.574440140704,156.7664,7652.61895672271,88468314.0,30.6996041680996,1.772006189696347,8.942803215517136,0.5721123452334178
Viet Nam,VNM,2012,664.347312614103,156.2243,7979.86828926858,89510356.0,31.1222779403029,1.7453209548177866,8.984677185203456,0.5569384670040033
Viet Nam,VNM,2013,674.678165107275,163.1599,8324.19871250047,90573104.0,31.5334201724543,1.8014166766328334,9.02692205946555,0.5885733979203205
Viet Nam,VNM,2014,745.633531778112,178.9422,8751.88280634375,91679578.0,31.9480269945454,1.9518218113962087,9.077024134072081,0.6687631986787734
Viet Nam,VNM,2015,679.445923972947,200.8183,9248.02396069622,92823254.0,32.3810945365679,2.163448180775908,9.132165181814536,0.7717033288248509
Viet Nam,VNM,2016,738.879533385899,223.8051,9743.1882231455,94000117.0,32.8476189285136,2.380902355685366,9.184323676046649,0.8674795568718507
Viet Nam,VNM,2017,757.479979941312,229.2539,10290.5487142244,95176977.0,33.3625963003742,2.4087117202724353,9.23898115240388,0.8790920486730659
Viet Nam,VNM,2018,885.646841787765,282.0973,10936.8937859558,96237319.0,33.9410227821412,2.931267235322713,9.29989710384579,1.0754348330493966
Viet Nam,VNM,2019,987.27147244039,336.5288,11628.6139147451,97173776.0,34.6239134999511,3.463164794584086,9.361224056530803,1.2421828515199531
Viet Nam,VNM,2020,991.281232485165,348.3315,11851.3965685649,98079191.0,35.5706676299742,3.551533168743205,9.380200993506387,1.2673793887738518
Viet Nam,VNM,2021,962.199524881189,336.1703,12048.9019935536,98935098.0,36.6540656426603,3.397887168414186,9.396728813900122,1.2231538174053735
Viet Nam,VNM,2022,1023.0571362687,343.9999,12979.7639049934,99680655.0,37.5478515625,3.4510196587291686,9.471146800955013,1.2386697406308405
Viet Nam,VNM,2023,,390.7253,13545.9346616752,100352192.0,38.1298904418945,3.893540262678069,9.513841756322732,1.359318836980041
Virgin Islands (U.S.),VIR,1992,,0.0002,,105712.0,77.0355694938073,0.0018919327985469957,,-6.27015632772163
Virgin Islands (U.S.),VIR,1993,,0.0002,,106578.0,80.1141807479089,0.0018765598904089023,,-6.278315023879904
Virgin Islands (U.S.),VIR,1994,,0.0002,,107318.0,82.9639459373535,0.0018636202687340427,,-6.285234301962488
Virgin Islands (U.S.),VIR,1995,,0.0002,,107818.0,85.5373565321881,0.0018549778330148954,,-6.289882532851338
Virgin Islands (U.S.),VIR,1996,,0.0002,,108095.0,87.7869040024597,0.0018502243397011888,,-6.292448382540528
Virgin Islands (U.S.),VIR,1997,,0.0002,,108357.0,89.6650798182152,0.0018457506206336462,,-6.294869243774943
Virgin Islands (U.S.),VIR,1998,,0.0002,,108537.0,91.1243754495017,0.0018426895897251628,,-6.2965290411075
Virgin Islands (U.S.),VIR,1999,,0.0002,,108599.0,92.1172823663661,0.0018416375841398172,,-6.29710011178841
Virgin Islands (U.S.),VIR,2000,,0.0002,,108642.0,92.6234446497486,0.0018409086725207561,,-6.297495985500661
Virgin Islands (U.S.),VIR,2001,,0.0002,,108549.0,92.9312505278715,0.0018424858819519295,,-6.296639596371426
Virgin Islands (U.S.),VIR,2002,,0.0002,54299.2298699394,108509.0,93.2191674762441,0.0018431650830806662,10.902265322947406,-6.296271031283267
Virgin Islands (U.S.),VIR,2003,,0.0002,54086.1547945673,108505.0,93.4773224233974,0.0018432330307359109,10.898333513312226,-6.296234167302137
Virgin Islands (U.S.),VIR,2004,,0.0002,55883.4545510864,108466.0,93.7071483863705,0.0018438957830103442,10.93102363234565,-6.29587467225054
Virgin Islands (U.S.),VIR,2005,,0.0002,57838.0977142823,108453.0,93.9100783822029,0.0018441168063585147,10.965402967534578,-6.295754811841673
Virgin Islands (U.S.),VIR,2006,,0.0002,59911.7224453162,108369.0,94.0875454279337,0.001845546235547066,11.000627465212439,-6.294979982680402
Virgin Islands (U.S.),VIR,2007,,0.0002,62332.9445371347,108337.0,94.2409825406024,0.0018460913630615578,11.040245369776992,-6.294684651676806
Virgin Islands (U.S.),VIR,2008,,0.0002,63057.6263123638,108397.0,94.3718227372483,0.001845069512993902,11.051804290658326,-6.295238325779926
Virgin Islands (U.S.),VIR,2009,,0.0002,58895.3056899496,108404.0,94.4814990349105,0.0018449503708350245,10.983516666802194,-6.295302901127848
Virgin Islands (U.S.),VIR,2010,,0.0002,59272.2456856343,108357.0,94.5724392667003,0.0018457506206336462,10.989896443141795,-6.294869243774943
Virgin Islands (U.S.),VIR,2011,,0.0002,54443.0686942498,108290.0,94.6553578863453,0.0018468926031951242,10.9049108235502,-6.294250726074388
Virgin Islands (U.S.),VIR,2012,,0.0002,46422.4151236223,108188.0,94.7353591077883,0.001848633859577772,10.745537706127392,-6.2933083669658565
Virgin Islands (U.S.),VIR,2013,,0.0002,43563.8864931407,108041.0,94.8105958193224,0.0018511491008043244,10.681983794672504,-6.291948697146854
Virgin Islands (U.S.),VIR,2014,,0.0002,42853.8986599185,107882.0,94.8797070702488,0.001853877384549786,10.665551903782557,-6.29047594965132
Virgin Islands (U.S.),VIR,2015,,0.0002,42739.0835022993,107712.0,94.9413319098685,0.0018568033273915626,10.662869085084479,-6.288898911002441
Virgin Islands (U.S.),VIR,2016,,0.0002,43502.4336941564,107516.0,94.9941093874829,0.0018601882510510064,10.680572162503902,-6.287077586135962
Virgin Islands (U.S.),VIR,2017,,0.0002,43277.1546523522,107281.0,95.0366785523929,0.0018642630102254827,10.675380168576222,-6.284889472766018
Virgin Islands (U.S.),VIR,2018,,0.0002,44205.4071324394,107001.0,95.0676784538999,0.0018691414098933655,10.69660239389679,-6.282276092646727
Virgin Islands (U.S.),VIR,2019,,0.0002,45632.6364715693,106669.0,95.0857481413049,0.001874958985272197,10.728378451598534,-6.279168494320508
Virgin Islands (U.S.),VIR,2020,,0.0002,45055.7829303523,106290.0,95.0974024521293,0.0018816445573431179,10.715656621731613,-6.275609119979591
Virgin Islands (U.S.),VIR,2021,,0.0002,46893.5496988741,105870.0,95.1604310610968,0.0018891092849721357,10.755635411902784,-6.271649838789389
Virgin Islands (U.S.),VIR,2022,,0.0002,46479.2996685326,105413.0,95.2171514724412,0.001897299194596492,10.746762324039917,-6.267323880594096
Virgin Islands (U.S.),VIR,2023,,0.0002,,104917.0,95.2740790945924,0.0019062687648331539,,-6.262607473810102
Zambia,ZMB,1992,694.529239954776,3.1378,2268.49812195378,8176680.0,39.0972462878148,0.3837498838159253,7.726873271223482,-0.9577642828405798
Zambia,ZMB,1993,679.245461720533,2.8453,2365.62953630778,8373921.0,38.8993519782475,0.3397810894084145,7.768799454217753,-1.0794537234165018
Zambia,ZMB,1994,668.076358195867,2.3871,2110.5832556481,8576269.0,38.6659731487597,0.27833781799521445,7.654719612749678,-1.2789197303715405
Zambia,ZMB,1995,663.32497167535,2.3571,2119.95642928697,8785763.0,38.4031143188477,0.26828631730676095,7.659150815231731,-1.3157005205894856
Zambia,ZMB,1996,641.707557085146,1.9844,2197.19564925242,9004053.0,37.9842763417749,0.2203896400876361,7.694937121333799,-1.5123582078551727
Zambia,ZMB,1997,652.331608511085,2.5004,2223.45745445731,9237063.0,37.3758882162063,0.270692102024204,7.706818675275807,-1.3067732589079266
Zambia,ZMB,1998,641.720228004232,2.3443,2157.57339335667,9482408.0,36.7233466797411,0.24722623198664306,7.676739440157286,-1.3974514425777322
Zambia,ZMB,1999,629.061896478075,1.929,2198.18912998648,9740005.0,36.1720484699782,0.1980491796462117,7.69538917766146,-1.6192398970777424
Zambia,ZMB,2000,595.567896345718,1.9522,2220.5653712714,10017631.0,35.8735460960387,0.19487641339554232,7.705517114186855,-1.6353896987989789
Zambia,ZMB,2001,596.349927915799,1.9678,2268.96965564597,10325185.0,35.8846482932758,0.19058254162031962,7.727081111242188,-1.6576698889125936
Zambia,ZMB,2002,603.817790407024,2.0678,2299.33289188114,10647949.0,36.0706035730014,0.19419702329528438,7.740374312837272,-1.6388820512790288
Zambia,ZMB,2003,611.086621828071,2.2392,2383.87611741089,10983595.0,36.3858560115875,0.20386767720404841,7.776483062661772,-1.590284136753234
Zambia,ZMB,2004,611.62904243083,2.3034,2471.72073328685,11338198.0,36.8035881130253,0.20315397561411433,7.812669840224428,-1.5937910868943832
Zambia,ZMB,2005,607.942409416347,2.4735,2564.47560965912,11718819.0,37.2969823813059,0.21107075721538152,7.84950929602532,-1.5555618594677239
Zambia,ZMB,2006,604.442195262904,2.4089,2673.46151928529,12129553.0,37.8392213204204,0.19859759052951087,7.8911293609002335,-1.616474659723056
Zambia,ZMB,2007,597.399634418715,2.1887,2796.3529332184,12565085.0,38.4034874343601,0.1741890325453429,7.9360713232912055,-1.7476141755276926
Zambia,ZMB,2008,616.785241364652,2.6077,2908.14362510668,13021324.0,38.9629632271162,0.20026381341866617,7.975270227085322,-1.6081197145454922
Zambia,ZMB,2009,619.989950482658,2.8749,3065.84420108998,13490389.0,39.4908312026796,0.21310727214760078,8.028078243101486,-1.5459596149431654
Zambia,ZMB,2010,629.082900793812,3.2126,3266.50749293828,13965594.0,39.9558857709992,0.23003676034116416,8.091476648151826,-1.469516155259728
Zambia,ZMB,2011,646.079173071802,3.4572,3335.64339500657,14437796.0,40.3684491825881,0.23945483091740596,8.11242086178361,-1.429390477340002
Zambia,ZMB,2012,662.330990673445,4.3193,3474.55252844092,14913629.0,40.7698556821596,0.2896209903035673,8.153220980913499,-1.2391821407671504
Zambia,ZMB,2013,671.712530708792,4.7358,3535.22449043144,15398997.0,41.1682266235825,0.307539510527861,8.170532081386854,-1.1791517104681368
Zambia,ZMB,2014,682.741627698753,5.5061,3585.57748507131,15895315.0,41.5634741658525,0.3463976649723519,8.184674823763034,-1.0601678431585166
Zambia,ZMB,2015,686.58901801905,5.848,3576.92544834125,16399089.0,41.9555104679652,0.3566051748362363,8.182258897090815,-1.031126062059297
Zambia,ZMB,2016,683.714230135287,6.3266,3598.17166023389,16914423.0,42.3442476889162,0.3740358154694369,8.188181123276202,-0.9834037228653515
Zambia,ZMB,2017,702.724841881756,8.0384,3612.50597664593,17441320.0,42.7295979877011,0.4608825478805503,8.192156986854178,-0.7746120452783973
Zambia,ZMB,2018,726.480224274828,9.1031,3646.95966481655,17973569.0,43.1114735233156,0.5064714748640072,8.20164913092206,-0.6802872750155395
Zambia,ZMB,2019,741.616894830948,9.034,3591.56418883108,18513839.0,43.4897864547552,0.48795930438846313,8.186343093784794,-0.7175232692529419
Zambia,ZMB,2020,759.022718469978,9.531,3391.59541156095,19059395.0,43.8644489410157,0.5000683390002674,8.129055712545618,-0.6930105118989975
Zambia,ZMB,2021,769.932818962888,9.6802,3503.03491418372,19603607.0,44.2353731410926,0.49379688135963956,8.161384990085791,-0.705631017685089
Zambia,ZMB,2022,800.674873527651,10.5712,3585.12379084347,20152938.0,44.5988511178469,0.5245488275704515,8.184548282658897,-0.6452167619220932
Zambia,ZMB,2023,,11.3586,3673.4841969922,20723965.0,45.0285853521585,0.5480900976236931,8.208895863157027,-0.6013155938261797
Zimbabwe,ZWE,1992,950.926998400787,19.205,5532.03740345063,10702700.0,30.5674246988034,1.7944070187896513,8.61831145405077,0.5846746157128965
Zimbabwe,ZWE,1993,896.550056675906,17.6741,5509.0831125663,10860288.0,30.8753173320215,1.6274061976993612,8.614153484047296,0.48698745761737433
Zimbabwe,ZWE,1994,889.068847985188,16.5503,6010.74241746159,10873148.0,31.1618938952517,1.522125882954964,8.701303550259672,0.42010796492532215
Zimbabwe,ZWE,1995,896.802808791501,16.2689,5964.5893804643,10974599.0,31.429986132892,1.4824140727146384,8.693595494017433,0.3936718891405519
Zimbabwe,ZWE,1996,878.324342885053,15.7201,6474.16018296527,11158360.0,31.6769076006021,1.40881814173409,8.77557417668323,0.34275115555454516
Zimbabwe,ZWE,1997,853.413365011755,14.7595,6524.06265782805,11369827.0,31.8999718540415,1.298128810579088,8.78325256789896,0.2609238510924343
Zimbabwe,ZWE,1998,856.364413103571,14.9728,6582.34841934183,11594297.0,32.0964924488698,1.2913935187273535,8.792146863280303,0.2557218824020287
Zimbabwe,ZWE,1999,898.603754248396,16.8548,6423.70886833195,11783458.0,32.2637829407466,1.4303780774709767,8.76775093522417,0.35793879916682525
Zimbabwe,ZWE,2000,555.920693046092,14.6562,6170.33390832202,11892055.0,32.3991568853313,1.2324362778342346,8.727508233477572,0.20899292404376313
Zimbabwe,ZWE,2001,540.270613966905,14.5958,6217.41179425199,11971901.0,32.4999278382836,1.2191714582337425,8.735108988886456,0.19817149543486787
Zimbabwe,ZWE,2002,519.581800171555,13.3321,5610.19146861437,12087653.0,32.5631884166934,1.1029519129975025,8.632340127812116,0.09799014276389321
Zimbabwe,ZWE,2003,477.200797479578,10.9284,4601.6607468251,12232323.0,32.6003372313948,0.893403485176119,8.434172549239346,-0.11271696904629791
Zimbabwe,ZWE,2004,449.272021527134,10.3653,4287.59829196083,12365896.0,32.6278168233873,0.8382166565204818,8.363482016450094,-0.17647867191518557
Zimbabwe,ZWE,2005,479.190598403953,11.512,4004.66443720945,12483432.0,32.6482709722903,0.9221822973041388,8.295215070027039,-0.08101235555064576
Zimbabwe,ZWE,2006,494.383766335302,10.7255,3819.2334285389,12636445.0,32.6640794641194,0.8487751104048646,8.247805008305713,-0.1639610153864927
Zimbabwe,ZWE,2007,472.966456400849,10.5677,3631.53761566256,12804058.0,32.67762208489,0.8253399039585732,8.197411423153822,-0.19195997269985735
Zimbabwe,ZWE,2008,416.061487434695,8.3091,2954.09932377926,12959149.0,32.6912786206175,0.6411763611947051,7.990949086012615,-0.4444507254348953
Zimbabwe,ZWE,2009,417.993358333389,7.9434,3299.41379594873,13142790.0,32.7074288573175,0.6043922180906793,8.101500094083852,-0.5035319240954963
Zimbabwe,ZWE,2010,420.028576465643,10.0686,3885.39378454343,13356548.0,32.7284525810054,0.7538325022303667,8.264979617907985,-0.2825850812352339
Zimbabwe,ZWE,2011,444.80696274803,15.8494,4358.92582649309,13595424.0,32.7567295776968,1.1657893126393115,8.379980935918596,0.15339837918234334
Zimbabwe,ZWE,2012,454.708020211244,12.7437,5003.48706186748,13817887.0,32.7931752128328,0.9222611242949085,8.517890360710735,-0.08092688045296094
Zimbabwe,ZWE,2013,462.865283072286,12.7188,5031.68744400391,14013808.0,32.9019343169941,0.9075905706714407,8.523510682779424,-0.0969619154302866
Zimbabwe,ZWE,2014,460.332017093667,12.6001,5081.11240399225,14207359.0,33.1628075970801,0.8868713741941764,8.533285493764357,-0.12005531937027991
Zimbabwe,ZWE,2015,453.579542968744,12.6919,5102.71432347607,14399013.0,33.5612641766874,0.8814423599728676,8.537527897422857,-0.12619566785517541
Zimbabwe,ZWE,2016,423.185508873165,11.2687,5070.40217016051,14600294.0,34.0799460726314,0.771813225130946,8.531175416942345,-0.2590126945875613
Zimbabwe,ZWE,2017,416.196232814442,10.5878,5234.3838655748,14812482.0,34.7014953017273,0.7147890542584288,8.56300442116785,-0.33576780882693996
Zimbabwe,ZWE,2018,445.175095167118,12.2724,5415.46976371689,15034452.0,35.4085538807905,0.8162851562531178,8.597014907974616,-0.20299152887107752
Zimbabwe,ZWE,2019,412.165419523265,11.1706,4993.84383894752,15271368.0,36.1837638266364,0.731473434469001,8.515961200616633,-0.3126943756967966
Zimbabwe,ZWE,2020,373.557246170741,9.0746,4527.71988082724,15526888.0,37.0097671560802,0.5844442234657711,8.417973754194474,-0.5370939286870641
Zimbabwe,ZWE,2021,405.518563648677,10.8831,4827.0886936086,15797210.0,37.8692058859373,0.6889254494939296,8.481998809970367,-0.3726222148474072
Zimbabwe,ZWE,2022,416.586875381392,11.5572,5036.76136109489,16069056.0,38.7055207169041,0.7192208428422927,8.524518567433498,-0.329586815651924
Zimbabwe,ZWE,2023,,12.566,5218.02266462129,16340822.0,39.2919370795795,0.7689943627070902,8.559873809232908,-0.2626716401833494
