Country Name,Country Code,Series Name,Series Code,1992 [YR1992],1993 [YR1993],1994 [YR1994],1995 [YR1995],1996 [YR1996],1997 [YR1997],1998 [YR1998],1999 [YR1999],2000 [YR2000],2001 [YR2001],2002 [YR2002],2003 [YR2003],2004 [YR2004],2005 [YR2005],2006 [YR2006],2007 [YR2007],2008 [YR2008],2009 [YR2009],2010 [YR2010],2011 [YR2011],2012 [YR2012],2013 [YR2013],2014 [YR2014],2015 [YR2015],2016 [YR2016],2017 [YR2017],2018 [YR2018],2019 [YR2019],2020 [YR2020],2021 [YR2021],2022 [YR2022],2023 [YR2023],2024 [YR2024],2025 [YR2025]
Afghanistan,AFG,"GDP per capita, PPP (constant 2021 international $)",NY.GDP.PCAP.PP.KD,..,..,..,..,..,..,..,..,1617.82647494969,1454.11078195559,1774.30874287341,1815.92819979586,1776.91820712187,1908.11478234587,1929.72389709372,2155.35306784413,2191.50435559062,2565.02208584099,2848.58606111495,2757.05258747725,2985.31914452845,3046.57993117128,3017.94254424696,2967.692067153,2958.7853992308,2952.99891598909,2902.39211285546,2927.2451435353,2769.68574507111,2144.16657002819,1981.71016810561,1983.81261992909,..,..
Afghanistan,AFG,Carbon dioxide (CO2) emissions (total) excluding LULUCF (Mt CO2e),EN.GHG.CO2.MT.CE.AR5,1.8107,1.7729,1.6737,1.4526,1.4056,1.3735,1.4093,1.3633,1.0093,0.9402,0.9388,1.0172,0.9024,1.2763,1.4185,2.0642,3.9029,6.1659,7.8684,11.5231,9.8844,8.4287,7.9588,8.4272,7.6117,10.3972,11.8099,12.1046,12.1436,12.4864,11.298,11.6486,12.0684,..
Afghanistan,AFG,Energy use (kg of oil equivalent per capita),EG.USE.PCAP.KG.OE,..,..,..,..,..,..,..,..,..,..,..,..,..,..,..,..,..,..,..,..,..,..,..,..,..,..,..,..,..,..,..,..,..,..
Afghanistan,AFG,"Population, total",SP.POP.TOTL,13278974,14943172,16250794,17065836,17763266,18452091,19159996,19887785,20130327,20284307,21378117,22733049,23560654,24404567,25424094,25909852,26482622,27466101,28284089,29347708,30560034,31622704,32792523,33831764,34700612,35688935,36743039,37856121,39068979,40000412,40578842,41454761,42647492,..
Afghanistan,AFG,Urban population (% of total population),SP.URB.TOTL.IN.ZS,17.4882026076758,17.6004672404128,17.7152595327158,17.8343849378999,17.9596489092802,18.0928569001719,18.2358143638901,18.3903267537499,18.5581995230666,18.7412381251552,18.9412480133309,19.1600346409089,19.3993593959593,19.7059095753667,20.1104530189181,20.5906579215423,21.1241481349633,21.6885475109053,22.2614799010924,22.8205691572485,23.3434391310979,23.8077136743646,24.1910166387726,24.4649118421568,24.6588345720126,24.8352821238871,24.9991645191406,25.1437258839803,25.2622103446137,25.3478620272481,25.3939250580909,25.4730529631167,25.7007352636188,..
Albania,ALB,"GDP per capita, PPP (constant 2021 international $)",NY.GDP.PCAP.PP.KD,3761.15540576541,4145.91969834494,4517.79881384115,5151.39732484423,5563.79315082011,4943.00399871118,5387.56822958918,6086.00863561374,6582.01638790869,7232.99054955267,7590.49000137636,8025.28131314895,8483.29399553028,8964.31799702863,9564.02920336839,10262.9667962049,11056.3517677907,11430.6220336089,11829.0532917923,12153.1140578808,12463.5700560026,12873.4832044649,13366.5595256489,13876.81917653,14643.4892877063,15359.4611530571,16170.990493278,16761.1925261726,16457.7872245882,18212.8702466686,19388.8731331744,20481.0358398226,21641.0733223921,..
Albania,ALB,Carbon dioxide (CO2) emissions (total) excluding LULUCF (Mt CO2e),EN.GHG.CO2.MT.CE.AR5,2.3632,2.2228,2.3443,2.0702,2.0552,1.5806,1.9149,3.0869,3.2329,3.4396,4.0067,4.2116,4.4144,4.1489,4.1351,4.246,4.195,4.2836,4.567,5.0007,4.5385,4.7703,5.1022,4.8756,4.5382,5.3613,5.3341,4.984,4.5676,5.1122,4.5239,4.2226,4.2437,..
Albania,ALB,Energy use (kg of oil equivalent per capita),EG.USE.PCAP.KG.OE,418.273208912166,412.351824377392,441.348009597146,417.034611074232,447.838930515247,384.584954066613,426.818906731072,576.974269147942,581.374748988005,598.228317118281,661.11795163205,649.35788110735,716.623145884767,721.077407396492,707.890606549635,680.948166186712,712.287869024953,734.057809949862,731.053397459356,766.894617514824,699.444897699178,826.01838486232,844.590080017958,803.987448070775,840.619363568519,894.466399568989,904.739774695665,908.317252679183,855.185594249541,914.732925521475,884.57221529163,888.463855695385,..,..
Albania,ALB,"Population, total",SP.POP.TOTL,3247039,3227287,3207536,3187784,3168033,3148281,3128530,3108778,3089027,3060173,3051010,3039616,3026939,3011487,2992547,2970017,2947314,2927519,2913021,2905195,2860708,2816902,2773767,2731293,2689469,2648285,2607733,2567801,2528480,2489762,2451636,2414095,2377128,..
Albania,ALB,Urban population (% of total population),SP.URB.TOTL.IN.ZS,36.7184275131439,37.201625125729,37.728534048792,38.2956838868638,38.8996042444751,39.5368247261567,40.2038749364394,40.8972844798541,41.6135829609314,42.354513990929,43.1520419609419,44.0295089223208,44.9784925669394,45.9937666920583,47.0701050949378,48.2022815728384,49.3850699230207,50.6132439427449,51.8815774292716,53.2917382892465,53.8637553661449,54.2979678058548,54.7325813178673,55.1579291374894,55.5738734464276,55.980276426546,56.377000259892,56.7639071287255,57.1408592155544,57.5077187031778,57.8643477747383,58.2106086137857,58.5463634043555,..
Algeria,DZA,"GDP per capita, PPP (constant 2021 international $)",NY.GDP.PCAP.PP.KD,11241.4154173757,10743.7063534104,10414.0348241407,10588.4433695754,10808.8788666941,10725.9673493368,11094.8875368585,11292.0372997165,11558.220469383,11742.5946761225,12213.1263531246,12835.1814413331,13226.7650481165,13738.495644436,13920.6940553701,14114.6745192683,14206.7767147039,14104.42817214,14496.4211312996,14641.9640935685,14697.5396133853,14778.1914257233,15073.7629403565,15239.5171456469,15511.6858768094,15427.6641894713,15343.4261222434,15199.1989965639,14194.1557479619,14496.8654697299,14782.2002970247,15159.3242373415,15501.9197003966,..
Algeria,DZA,Carbon dioxide (CO2) emissions (total) excluding LULUCF (Mt CO2e),EN.GHG.CO2.MT.CE.AR5,84.7835,82.975,81.1548,83.819,81.5084,79.6229,81.4406,84.9551,87.9391,85.8235,89.6877,96.5063,96.626,101.4002,105.5039,108.9161,113.7088,116.0891,118.6168,124.8035,140.2699,145.7286,155.033,164.5785,160.7458,166.3203,174.8053,181.6864,171.9505,181.3215,189.1886,190.5786,186.3584,..
Algeria,DZA,Energy use (kg of oil equivalent per capita),EG.USE.PCAP.KG.OE,902.220501427253,883.920900907848,833.35888667661,851.702645830746,808.685420917717,813.381549041801,828.485785729723,872.199058779228,873.657787057718,863.498325342364,911.440557642084,955.848483496115,954.298409338891,979.326457769033,1032.63866815022,1077.66189233078,1070.72807038599,1147.30600554253,1151.13889665565,1174.26806450034,1258.83718458975,1273.72242693806,1358.04787814425,1414.49702064392,1371.20207705232,1380.3468180174,1442.30211193457,1463.50985736009,1373.67832094406,1451.44517709293,1499.50999958517,1503.41406578063,..,..
Algeria,DZA,"Population, total",SP.POP.TOTL,26628568,27277048,27887279,28470191,29033044,29579301,30054133,30474354,30903893,31331221,31750835,32175818,32628286,33109249,33623506,34189416,34816961,35490445,36188236,36903376,37646166,38414171,39205031,40019529,40850721,41689299,42505035,43294546,44042091,44761099,45477389,46164219,46814308,..
Algeria,DZA,Urban population (% of total population),SP.URB.TOTL.IN.ZS,53.7052303119619,54.4778516978094,55.2466217950637,56.0131170977738,56.7789140999889,57.5455892957581,58.3146995318038,59.0844647469391,59.8521239445692,60.6177172788536,61.3812658601162,62.1427907986812,62.9023132048725,63.6598541890144,64.4154348614309,65.1690763324461,65.901485871159,66.5097384559521,67.1235057867459,67.7344007507578,68.3421258553675,68.9463836079277,69.5468765157615,70.1433070861612,70.7353778263851,71.3227912436551,71.905249845153,72.4824561380175,73.0541126293395,73.6199218261573,74.1795862354514,74.732808364138,75.2792907190618,..
American Samoa,ASM,"GDP per capita, PPP (constant 2021 international $)",NY.GDP.PCAP.PP.KD,..,..,..,..,..,..,..,..,..,..,..,..,..,..,..,..,..,..,..,..,..,..,..,..,..,..,..,..,..,..,..,..,..,..
American Samoa,ASM,Carbon dioxide (CO2) emissions (total) excluding LULUCF (Mt CO2e),EN.GHG.CO2.MT.CE.AR5,0.0001,0.0001,0.0001,0.0001,0.0001,0.0001,0.0001,0.0001,0.0001,0.0001,0.0001,0.0001,0.0001,0.0001,0.0001,0.0001,0.0001,0.0001,0.0001,0.0001,0.0001,0.0001,0.0001,0.0001,0.0001,0.0001,0.0001,0.0001,0.0001,0.0001,0.0001,0.0001,0.0001,..
American Samoa,ASM,Energy use (kg of oil equivalent per capita),EG.USE.PCAP.KG.OE,..,..,..,..,..,..,..,..,..,..,..,..,..,..,..,..,..,..,..,..,..,..,..,..,..,..,..,..,..,..,..,..,..,..
American Samoa,ASM,"Population, total",SP.POP.TOTL,49038,50159,51251,52316,53353,54362,55334,56248,56855,57053,57062,56971,56818,56617,56374,56113,55828,55528,55228,54895,54489,54006,53466,52878,52245,51586,50908,50209,49761,49225,48342,47521,46765,..
American Samoa,ASM,Urban population (% of total population),SP.URB.TOTL.IN.ZS,78.8200233343089,80.5535241084936,82.3063685835789,83.9957798929559,85.5389811700152,86.8531955481476,87.855646160744,88.4635561411951,88.6075809307222,88.553433064242,88.4330093344384,88.2572251046343,88.0361455323111,87.7798357749499,87.4983609900321,87.2017863350389,86.9001769674517,86.6035980447517,86.3190673549669,86.0284991724475,85.7161174344451,85.3846465194761,85.0351448001542,84.668670649093,84.2862824389061,83.8890385422071,83.4779973316097,83.0542171797274,82.6240780620716,82.2127091544092,81.794797704649,81.3721542708222,80.9446986961818,..
Andorra,AND,"GDP per capita, PPP (constant 2021 international $)",NY.GDP.PCAP.PP.KD,45246.53307101,42605.6595832451,42716.3656354,44375.0247238159,46386.0912022485,50032.3529125128,51092.2222352218,52921.0452609846,54809.1441679423,59109.0136806378,61188.6370851474,63656.1958332184,64353.4858113531,65114.8053663021,66390.293726491,65534.1168555171,60691.6051530637,57203.9708883731,58285.0577756981,60470.4662377044,58172.1323929474,57332.1585611366,59929.2444670501,62105.1542389675,64402.8092369468,63239.6577711911,63048.5985572834,63215.899791913,55488.4902991095,59332.2029100127,63913.3835079105,64631.2963909271,65928.3071971004,..
Andorra,AND,Carbon dioxide (CO2) emissions (total) excluding LULUCF (Mt CO2e),EN.GHG.CO2.MT.CE.AR5,..,..,..,..,..,..,..,..,..,..,..,..,..,..,..,..,..,..,..,..,..,..,..,..,..,..,..,..,..,..,..,..,..,..
Andorra,AND,Energy use (kg of oil equivalent per capita),EG.USE.PCAP.KG.OE,..,..,..,..,..,..,..,..,..,..,..,..,..,..,..,..,..,..,..,..,..,..,..,..,..,..,..,..,..,..,..,..,..,..
Andorra,AND,"Population, total",SP.POP.TOTL,60200,63272,64612,63912,63984,64700,65382,65710,65685,65852,66506,69486,74325,77421,79585,81877,83495,83888,80706,77783,76834,75194,73737,72174,72181,73763,75162,76474,77380,78364,79705,80856,81938,..
Andorra,AND,Urban population (% of total population),SP.URB.TOTL.IN.ZS,94.0108012203437,93.7590394297725,93.5443620126415,93.3528558674658,93.1706078927605,92.9837049870406,92.7782340488214,92.5402819766179,92.2559356689453,91.8949711110146,91.4605308311615,90.9887515425879,90.5157699584961,89.9563631945418,89.3789218918348,89.0500030517578,88.9407363930477,88.84433315185,88.7604726056609,88.6888340319763,88.6290967082924,88.5809399121053,88.544042920911,88.5180850122057,88.5027454634853,88.4977035522461,88.5080998493791,88.5391793666245,88.5907780427517,88.6627318165299,88.7548766267286,88.8201609217082,88.8850044816278,..
Angola,AGO,"GDP per capita, PPP (constant 2021 international $)",NY.GDP.PCAP.PP.KD,7447.49422684139,5483.27751126366,5379.47533872491,5983.18421691116,6567.67778259899,6810.21622212226,6895.02600537711,6817.05713550008,6796.40633958013,6848.68325514498,7523.81291488042,7518.88948314505,8081.75707952672,8895.37660461036,9588.82238860962,10437.5899897179,11134.7047183666,10933.2712187989,11077.1301919405,11037.6388778577,11519.9933863364,11626.1877218484,11721.664415634,11392.9059344932,10805.7122533667,10414.2358842987,10000.9443772509,9648.01103767178,8960.33797242389,8862.28133314521,8950.14259255142,8788.26106439635,8901.88736611562,..
Angola,AGO,Carbon dioxide (CO2) emissions (total) excluding LULUCF (Mt CO2e),EN.GHG.CO2.MT.CE.AR5,12.119,12.1418,11.4905,12.9537,15.6788,16.4022,17.0365,18.0315,16.512,16.1923,15.9155,17.3297,17.6903,15.6389,16.3203,17.0559,19.1195,21.0889,22.7399,23.6501,24.7162,28.5343,30.8873,33.0865,31.2748,27.9951,25.8142,26.9963,20.538,25.5641,26.6839,27.336,28.1004,..
Angola,AGO,Energy use (kg of oil equivalent per capita),EG.USE.PCAP.KG.OE,487.66526325083,489.171805015051,480.041934528091,460.744687477655,455.930060729858,448.250287767476,429.96411434091,434.376831763019,428.222669261961,428.599480858479,429.424207435976,446.134132051678,433.557080102511,392.557802386847,422.909458684002,446.790005661844,472.064397001416,504.92416679274,487.281074343005,486.235365702241,531.24332255994,512.021802587495,447.160325436651,517.525209417242,462.934994006148,456.692217487614,405.179753107747,416.996507156148,397.633186643914,418.358996013843,423.122517600564,..,..,..
Angola,AGO,"Population, total",SP.POP.TOTL,12423712,12827135,13249764,13699778,14170973,14660413,15159370,15667235,16194869,16747208,17327699,17943712,18600423,19291161,20015279,20778561,21578655,22414773,23294825,24218352,25177394,26165620,27160769,28157798,29183070,30234839,31297155,32375632,33451132,34532429,35635029,36749906,37885849,..
Angola,AGO,Urban population (% of total population),SP.URB.TOTL.IN.ZS,40.5205765835195,41.7840948723822,43,44.2110025396864,45.4556005898678,46.7206500231881,47.993006712291,49.2595265298203,50.5070653484197,51.7224790407329,52.8926234794038,54.0043545370761,55.0445280863936,56,56.8939032662772,57.7564632930133,58.5851745819614,59.3775316348744,60.1310289535053,60.8431610396073,61.5114223949332,62.1333075212361,62.723115793241,63.51567832685,64.2992302517989,65.0850525086068,65.8732136723372,66.6637823180533,67.4568270208187,68.2524163556969,69.0506188977513,69.8515032220457,70.6551379036435,..
Antigua and Barbuda,ATG,"GDP per capita, PPP (constant 2021 international $)",NY.GDP.PCAP.PP.KD,21330.2731918527,22051.4373204261,23081.6639123529,21639.6020640854,22597.314506816,23350.3093865169,23996.1144041367,24462.2034022412,25547.6120273679,24014.7754593511,23958.1638142071,25136.001691807,26303.6179046605,27692.634871178,30827.3416754916,33245.2678606765,32756.3067839753,28405.6900929523,25826.6086383235,25023.9174488179,25592.9066121735,25206.8458285339,25557.5249124716,25734.1516444171,26627.71453894,27199.1952402262,28878.6067675471,29651.8641526705,23930.6714995115,25745.4958067746,27941.7851474762,28474.0444178181,29371.637778586,..
Antigua and Barbuda,ATG,Carbon dioxide (CO2) emissions (total) excluding LULUCF (Mt CO2e),EN.GHG.CO2.MT.CE.AR5,0.1658,0.1617,0.1761,0.1842,0.1827,0.1933,0.1979,0.2005,0.1357,0.1326,0.1501,0.1637,0.1664,0.1725,0.1962,0.2146,0.2311,0.2667,0.2789,0.2128,0.2268,0.2598,0.2797,0.291,0.3149,0.2772,0.2872,0.3426,0.326,0.3315,0.343,0.3441,0.3562,..
Antigua and Barbuda,ATG,Energy use (kg of oil equivalent per capita),EG.USE.PCAP.KG.OE,..,..,..,..,..,..,..,..,..,..,..,..,1714.96080996964,1720.86771928502,1774.10550344896,1786.93821599922,..,..,..,..,..,..,..,..,..,..,..,..,..,..,..,..,..,..
Antigua and Barbuda,ATG,"Population, total",SP.POP.TOTL,64404,65587,66843,68189,69612,71053,72412,73666,74912,76069,77032,77884,78719,79611,80604,81704,82912,84173,85320,86332,87260,88064,88765,89409,89969,90468,90926,91364,91846,92349,92840,93316,93772,..
Antigua and Barbuda,ATG,Urban population (% of total population),SP.URB.TOTL.IN.ZS,35.4264942344835,35.2418190034,34.9622518377762,34.6045871837806,34.1856194875816,33.7221431953478,33.2309527532477,32.7288426074498,32.2326072041227,31.7554348168059,31.2280374899146,30.6003743426951,29.905566716031,29.1737995723752,28.43525787418,27.7201265838981,27.0585906639822,26.4808350768849,26.0170447850587,25.694689859722,25.4555618588267,25.2475667667937,25.0899726107741,25,24.9239807471655,24.8500263836871,24.7781432093764,24.708337524045,24.6406156275043,24.574983819566,24.5114484000414,24.4500156687422,24.3906919254799,..
Argentina,ARG,"GDP per capita, PPP (constant 2021 international $)",NY.GDP.PCAP.PP.KD,19476.2840606477,20791.3451479504,21711.842788091,20819.4999479903,21695.5949515372,23172.1583398342,23783.1017185449,22714.5111302701,22281.3814299958,21066.4581290433,18571.7020471274,20005.1385113465,21591.449396517,23262.4075792816,24877.2493922296,26850.6645932771,27658.4853446831,25747.1976809995,28056.2570212342,29425.7593876084,28825.9666865361,29227.6601818437,28200.8152571318,28669.2061336796,27802.1057201498,28334.904184742,27367.115094108,26629.5529419501,23877.0931404855,26300.274261175,27825.0273492567,27230.3968496682,26771.9657650571,..
Argentina,ARG,Carbon dioxide (CO2) emissions (total) excluding LULUCF (Mt CO2e),EN.GHG.CO2.MT.CE.AR5,107.5265,111.2874,114.6933,116.2841,126.592,130.9503,138.0301,139.931,136.7561,131.3266,124.0151,135.1954,149.6663,153.6289,162.5613,173.0862,179.2241,164.8204,177.3162,184.8342,188.8365,193.179,190.0264,196.1938,194.1404,191.3736,189.8171,183.2687,168.1154,185.676,195.0411,189.8908,183.272,..
Argentina,ARG,Energy use (kg of oil equivalent per capita),EG.USE.PCAP.KG.OE,1407.27675440761,1432.607502841,1530.52760849222,1507.19847475089,1534.09177637667,1567.39444751302,1648.11263598533,1666.81862190168,1643.32131961789,1518.56737304195,1484.25701881625,1590.61721067918,1740.90890259945,1712.4320350003,1784.01669776279,1845.91422802344,1889.40923801554,1722.74402909882,1826.05112368849,1865.25736115683,1897.60983922809,1928.54922885127,1911.61727736839,1919.75859208058,1889.87018853289,1874.82963739464,1806.77623499039,1777.41507710553,1623.92450833523,1741.51377200597,1808.76021335553,1832.06690004241,..,..
Argentina,ARG,"Population, total",SP.POP.TOTL,33693527,34152717,34613491,35070020,35513793,35947791,36372860,36794682,37213984,37624825,38029349,38424282,38815916,39216789,39622115,40016763,40424148,40854831,41288694,41730660,42161721,42582455,43024071,43477012,43900313,44288894,44654882,44973465,45191965,45312281,45407904,45538401,45696159,..
Argentina,ARG,Urban population (% of total population),SP.URB.TOTL.IN.ZS,87.4815873775619,87.7307713525095,87.964582650281,88.1853677511823,88.3954731355194,88.5972452835983,88.793030675725,88.9851757922053,89.1760271133454,89.3682951289372,89.5616701920513,89.752468256564,89.9397208794212,90.1233737736072,90.3033726521064,90.4796632279031,90.6521912139817,90.8209023233265,90.9930051940977,91.1072286738406,91.2041217246797,91.3014507719473,91.3975345472954,91.4923019108628,91.5856817228217,91.6776028433824,91.7679941327998,91.8567844513802,91.9439026594897,92.0292776175651,92.112838186126,92.1945132257907,92.2742315972952,..
Armenia,ARM,"GDP per capita, PPP (constant 2021 international $)",NY.GDP.PCAP.PP.KD,3136.72428260526,2958.88037185647,3200.89649468569,3480.7559365251,3717.33576522762,3879.17938009678,4211.51276778797,4406.96706718618,4589.00825039977,5044.11647826468,5731.35346609213,6569.26023440631,7299.40001858866,8362.90084037119,9525.23146779778,10898.8483795634,11727.4821272949,10143.2350796867,10438.5641904169,10990.177099035,11796.2741177994,12194.0189523843,12667.3757330249,13112.7600902915,13192.9940731731,14243.8749003795,15037.0452420712,16215.3607965094,15052.9359791136,15921.705281964,17886.1783877168,19402.7510915578,20078.7848984844,..
Armenia,ARM,Carbon dioxide (CO2) emissions (total) excluding LULUCF (Mt CO2e),EN.GHG.CO2.MT.CE.AR5,10.9766,5.1153,2.8083,3.5412,2.5941,3.3384,3.4727,3.1043,3.5697,3.6334,3.1014,3.4708,3.7592,4.4627,4.4457,5.1543,5.6485,4.502,4.2991,4.9041,5.6696,5.4929,5.7607,5.6172,5.3749,5.6892,5.9516,6.4247,6.9145,7.4634,7.7742,7.4987,7.4936,..
Armenia,ARM,Energy use (kg of oil equivalent per capita),EG.USE.PCAP.KG.OE,1156.52854495764,634.938401584258,409.762251524819,497.307222678528,543.248963246472,573.598498068918,591.114376781768,578.924652970815,625.503227341883,624.555471332605,586.440648432386,622.582881402385,661.929679898088,798.544180515189,818.274997390362,918.181612522836,973.21714524559,851.338387705143,815.62798698571,896.948023835655,982.442415313472,959.801682347684,1045.97511363021,1084.52062940136,1043.09797203416,1105.96696981707,1072.33682481147,1163.09284675689,1233.30455891532,1271.52805556324,1347.59055747413,..,..,..
Armenia,ARM,"Population, total",SP.POP.TOTL,3571861,3453332,3364610,3307581,3278735,3246289,3208401,3167286,3221100,3211800,3199800,3182500,3164900,3146400,3127100,3107400,3087100,3066000,3044800,3027900,3024100,3022000,3013800,3004600,2992300,2979400,2969000,2962500,2961500,2962300,2969200,2964300,3033500,..
Armenia,ARM,Urban population (% of total population),SP.URB.TOTL.IN.ZS,67.3189719323147,67.0403082101074,66.7276623541806,66.3956964271579,66.0590724916631,65.7324526103198,65.4304988457517,65.1678732605826,64.959237917436,64.8228123790872,64.7396211980252,64.6663537455064,64.5972633621116,64.5334210637509,64.4758978663344,64.4257647857723,64.3840928379746,64.3519530388516,64.3304164043132,64.3207449145194,64.3268379506998,64.3584061131466,64.4142934233291,64.4929623431549,64.5928753345316,64.7124948593667,64.8502833795679,65.0047033570428,65.174217253699,65.3572875314441,65.5624462874485,65.6956882008852,65.8113671449901,..
Aruba,ABW,"GDP per capita, PPP (constant 2021 international $)",NY.GDP.PCAP.PP.KD,34371.1629150514,34540.335984878,35490.7214500469,35386.8602892056,34419.4315497134,35444.5787437592,35271.9070906287,35227.47657679,37524.0346018738,38729.4588237779,38098.9048329158,38086.0123762909,40000.5625183532,38828.2166342999,38566.8026759098,39462.5851547515,39881.5879733887,34986.1484622772,33951.6246182745,34837.9402869986,33972.3401082566,35621.7848546409,35746.8630679768,36660.6310808381,36832.9040242979,38116.8310992499,39278.8297271438,39652.6320700939,30347.6371851417,35104.7868035374,38979.8358245412,41964.7711908515,44558.9287594176,..
Aruba,ABW,Carbon dioxide (CO2) emissions (total) excluding LULUCF (Mt CO2e),EN.GHG.CO2.MT.CE.AR5,0.2508,0.2516,0.2858,0.3144,0.2068,0.343,0.3512,0.3559,0.2689,0.2719,0.297,0.3424,0.3494,0.3853,0.4242,0.4581,0.4545,0.4933,0.4828,0.2907,0.3754,0.4128,0.4411,0.4625,0.4854,0.4671,0.4653,0.5095,0.4887,0.5074,0.5355,0.5371,0.556,..
Aruba,ABW,Energy use (kg of oil equivalent per capita),EG.USE.PCAP.KG.OE,..,..,..,..,..,..,..,..,..,..,..,..,..,..,..,..,..,..,..,..,..,..,..,..,..,..,..,..,..,..,..,..,..,..
Aruba,ABW,"Population, total",SP.POP.TOTL,69005,73685,77595,79805,83021,86301,88451,89659,90588,91439,92074,93128,95138,97635,99405,100150,100917,101604,101838,102591,104110,105675,106807,107906,108727,108735,108908,109203,108587,107700,107310,107359,107995,..
Aruba,ABW,Urban population (% of total population),SP.URB.TOTL.IN.ZS,65.3905890889858,65.3844666218501,65.3800478100985,65.376703433065,65.3738042700838,65.3707211004889,65.3668247036146,65.3614858587949,65.3545497799987,65.3351137913914,65.2820691308217,65.1982922587168,65.0886533661558,64.9580226442175,64.811270283981,64.6532664765254,64.4888814129295,64.3229852842726,64.1612965549477,63.9992605838571,63.8252085199599,63.6382914355326,63.4392531303795,63.2288374043053,63.0077880571142,62.7768488886109,62.5367636985996,62.288276286885,62.0028837566365,61.9275339886843,61.8811657924257,61.8351492675589,61.7909396819594,..
Australia,AUS,"GDP per capita, PPP (constant 2021 international $)",NY.GDP.PCAP.PP.KD,35426.2848289008,36533.1468283451,37622.6524772939,38653.3366778657,39663.1617728168,40773.5660516518,42257.1718122395,43899.073794405,45099.0752097084,45428.2000837579,46688.3947760633,47581.2285345879,49061.2761503925,49997.0664953941,50693.7248649798,51663.2403953881,52473.3819160773,52407.9115378584,52739.2681556133,53257.0473237603,54403.8836902433,54895.0052588984,55489.068844146,55879.9958817103,56529.951824687,56881.8569859104,57647.8455068105,58048.6188420831,57260.4650530108,58327.4146842325,60029.1329190733,60684.9596204883,60303.9817116245,..
Australia,AUS,Carbon dioxide (CO2) emissions (total) excluding LULUCF (Mt CO2e),EN.GHG.CO2.MT.CE.AR5,283.1177,287.0291,292.3876,302.6941,312.678,322.3762,342.1206,348.1305,353.8956,360.4279,368.6413,368.1402,381.9789,384.1228,390.1907,400.701,404.3323,410.3013,415.3195,412.862,413.3728,405.7424,396.4423,400.6316,408.6132,411.2113,409.2476,407.9086,392.5458,384.7347,378.0651,377.4957,383.4031,..
Australia,AUS,Energy use (kg of oil equivalent per capita),EG.USE.PCAP.KG.OE,4960.57443467868,5171.29276055127,5127.43388651941,5138.24234027092,5429.944199086,5497.64639169812,5584.82787538452,5644.57987814369,5681.22885913159,5486.39455905443,5480.23464289818,5615.57675632995,5652.13037917952,5624.49561264785,5775.11675226564,5853.76413229662,5951.19291532561,5843.93312947132,5762.9435664152,5698.65597309349,5533.72233837943,5533.38146350965,5407.4382264583,5318.66679266228,5216.98867184459,5162.45894302308,5086.37378454852,5231.57466031316,5159.03638381788,5006.44306522882,4942.16372202842,4927.64894813822,..,..
Australia,AUS,"Population, total",SP.POP.TOTL,17478635,17634808,17805468,18004882,18224767,18423037,18607584,18812264,19028802,19274701,19495210,19720737,19932722,20176844,20450966,20827622,21249199,21691653,22031750,22340024,22733465,23128129,23475686,23815995,24190907,24592588,24963258,25334826,25649248,25685412,26018721,26659922,27196812,..
Australia,AUS,Urban population (% of total population),SP.URB.TOTL.IN.ZS,85.3907597470933,85.3660763370105,85.3300727660859,85.2868710503009,85.2405932056372,85.1953612480762,85.1552971935996,85.1245230581889,85.1071608578257,85.1481094164726,85.2842102783464,85.4097077818668,85.518767609412,85.6190871221958,85.7492544263523,85.8968519574969,86.0253816967666,86.1278139101818,86.2198600512143,86.3268946146423,86.4451259136625,86.5740515760243,86.7221289343356,86.8778642539361,87.0166295249235,87.12809266445,87.2267680845925,87.3019647888406,87.2713470458985,87.2353407632761,87.3343268253813,87.4866955653765,87.6021469990446,..
Austria,AUT,"GDP per capita, PPP (constant 2021 international $)",NY.GDP.PCAP.PP.KD,44734.8538849803,44601.2068091388,45497.1385930997,46639.5321839019,47608.6310978165,48575.1588721006,50216.6986894124,52004.5327523874,53534.3421055422,54032.1515612712,54565.0769851287,54919.7872512396,55980.2317146013,56890.2794433829,58460.2370782474,60470.9099906715,61157.9873105684,58810.4422020872,59730.5512005635,61272.2584397775,61376.7207131054,60863.0547666965,60845.6597729815,60951.6892510507,61572.7121353063,62535.8983176843,63778.0257051746,64609.374295614,60276.4153459141,62968.9422311892,65694.5513287254,64536.2981841434,63788.078678479,..
Austria,AUT,Carbon dioxide (CO2) emissions (total) excluding LULUCF (Mt CO2e),EN.GHG.CO2.MT.CE.AR5,60.5108,60.5672,61.0918,64.0569,67.9763,67.5301,68.0944,66.2257,66.6946,71.3722,73.2194,78.1693,79.6087,80.4137,78.2717,75.4421,75.2415,68.0602,73.7998,72.1872,69.0207,69.6088,65.9262,67.3632,67.7745,70.0851,67.2508,68.7767,62.9162,66.2034,62.6472,58.4761,58.0304,..
Austria,AUT,Energy use (kg of oil equivalent per capita),EG.USE.PCAP.KG.OE,3245.8963821747,3256.11678131379,3234.79392759607,3374.07611625172,3580.79320121771,3550.91398526082,3607.0067907444,3592.17196845349,3570.94853169443,3758.79316326234,3771.71949185232,3956.93894640762,3974.50636807099,4084.35261902051,4105.07525027388,4010.09514877294,4027.90556617748,3819.49986886808,4065.04189639106,3927.58256477323,3899.1648418957,3924.82135403554,3750.34480080041,3795.51037374619,3797.16802222945,3839.94805232106,3717.62532112148,3765.98011899602,3546.50449865153,3728.13398931398,3486.72943293763,3308.71167042411,..,..
Austria,AUT,"Population, total",SP.POP.TOTL,7840709,7905633,7936118,7948278,7959017,7968041,7976789,7992324,8011566,8042293,8081957,8121423,8171966,8227829,8268641,8295487,8321496,8343323,8363404,8391643,8429991,8479823,8546356,8642699,8736668,8797566,8840521,8879920,8916864,8955797,9041851,9131761,9177982,..
Austria,AUT,Urban population (% of total population),SP.URB.TOTL.IN.ZS,64.9499929346872,65.280505951617,65.585473658006,65.8629352596037,66.1109299621598,66.3274969714236,66.5106754931446,66.6585047330725,66.7690238969566,66.8408161285718,66.8887457136458,66.9263574955092,66.9558612872944,66.9797950654143,67.0006968062814,67.0211044863084,67.0435560819078,67.0705895694924,67.1047429254747,67.1484255415056,67.2085909812279,67.2981308784247,67.4154327591781,67.5576175537383,67.7218061923556,67.9051196052802,68.1046787227623,68.3176044750522,68.5410177924001,68.773601700253,68.998085127906,69.2265358276021,69.4658181096788,..
Azerbaijan,AZE,"GDP per capita, PPP (constant 2021 international $)",NY.GDP.PCAP.PP.KD,8050.21624195194,6097.48622316834,4830.69940287626,4211.72114349636,4223.5229711304,4425.5882352872,4822.1601856452,5133.74812032569,5656.92989378687,6168.98512059749,6701.08174444207,7329.40601818943,7937.8594791002,10054.1003389401,13371.6585214534,16587.3657240228,17963.0208126838,19242.3900077231,19925.3900662137,19358.0778100345,19523.3737161356,20398.6462250349,20709.201611232,20678.7539572375,19822.4105943941,19659.0048562768,19781.8509058437,20101.491875147,19126.096851126,20111.3756952109,21051.2442291612,21310.7386915022,22072.1491157176,..
Azerbaijan,AZE,Carbon dioxide (CO2) emissions (total) excluding LULUCF (Mt CO2e),EN.GHG.CO2.MT.CE.AR5,44.9015,39.385,34.5121,33.88,28.402,27.4204,27.377,27.3928,28.7946,27.7171,27.4864,29.7755,29.5011,31.2193,31.9395,28.9209,32.2309,27.9826,26.6362,29.4692,32.2811,33.2118,34.7247,34.5229,34.4155,34.226,34.7625,36.9819,35.4067,37.4242,39.6836,41.7458,38.8875,..
Azerbaijan,AZE,Energy use (kg of oil equivalent per capita),EG.USE.PCAP.KG.OE,2464.93313825551,2175.6175329618,1948.0597753184,1809.44915921154,1513.85470497375,1444.49013087356,1485.30877090791,1369.28240914717,1403.59874667104,1411.21434888717,1414.77602454642,1476.84102371293,1539.50003907972,1600.22780340266,1559.84917576741,1459.38898151201,1587.24837009442,1391.33099195543,1305.91209278641,1396.04478051641,1497.29486664714,1497.90257470252,1526.15877863995,1510.91856857889,1480.9342834589,1478.78418442924,1471.37027563956,1587.78477584687,1536.83056349558,1623.82932438235,1714.03725982832,1732.19739502846,..,..
Azerbaijan,AZE,"Population, total",SP.POP.TOTL,7382050,7494800,7596550,7684850,7763000,7838250,7913000,7982750,8048600,8111200,8171950,8234100,8306500,8391850,8484550,8581300,8763400,8947243,9054332,9173082,9295784,9416801,9535079,9649341,9757812,9854033,9939771,10024283,10093121,10137750,10141756,10153958,10202830,..
Azerbaijan,AZE,Urban population (% of total population),SP.URB.TOTL.IN.ZS,52.9185485839844,52.6992034912109,52.5011177062988,52.3116760253906,52.1216049194336,51.9270782470703,51.4672050476074,50.998251151426,51.1320838928223,51.1584815979004,51.2144165039062,51.7257995605469,52.2831993103027,52.5028533935547,52.6540145874023,52.8281555175781,53.063304901123,53.1358125434574,53.2848367714869,53.5085461893249,53.8076442276208,54.1821087431318,54.6319175926151,55.1570486328276,55.7574797205266,56.4331887124691,57.1841534654123,58.1308191977779,58.2934691761937,58.3659969744818,58.4382815854684,58.5075350483702,58.573795837717,..
"Bahamas, The",BHS,"GDP per capita, PPP (constant 2021 international $)",NY.GDP.PCAP.PP.KD,29412.8804985919,28955.3510589021,29346.3604837079,30128.1935557246,30907.8208035756,30839.0247952491,31836.5264901331,33657.804588874,34597.1621145274,35072.3658990461,35610.6786425646,34740.7635535381,34617.8051137459,35365.4663980219,35789.1322131898,35797.118972073,34498.0351399173,32630.263065979,32711.4592459383,32535.6625139135,33667.5547098911,32402.9163503108,32712.6356664811,32777.5849410742,32172.3365152976,33050.0350128611,33650.2164350935,33202.4902105068,26452.695760929,31064.6822166194,34342.9285316569,35221.2696932313,36244.0500123244,..
"Bahamas, The",BHS,Carbon dioxide (CO2) emissions (total) excluding LULUCF (Mt CO2e),EN.GHG.CO2.MT.CE.AR5,0.8467,0.8703,0.9648,1.1156,1.2452,1.2557,1.4427,1.2965,0.9973,0.9927,1.0869,0.8096,0.874,0.8606,1.0954,1.3138,1.3616,1.1324,1.283,0.8542,1.0171,1.0911,1.1363,1.1204,1.2455,1.3738,1.2106,1.4505,1.1733,1.4488,1.4055,1.4098,1.4592,..
"Bahamas, The",BHS,Energy use (kg of oil equivalent per capita),EG.USE.PCAP.KG.OE,..,..,..,..,..,..,..,..,..,..,..,..,1954.1941597848,2023.87945122625,2026.55184786509,2006.59998754719,..,..,..,..,..,..,..,..,..,..,..,..,..,..,..,..,..,..
"Bahamas, The",BHS,"Population, total",SP.POP.TOTL,285927,291339,296509,301461,306268,310904,315368,319614,323835,327836,331614,335618,339782,343894,348375,353334,358120,362810,367478,371729,375469,378953,382298,385346,388055,390485,392717,394675,395863,396373,397538,399440,401283,..
"Bahamas, The",BHS,Urban population (% of total population),SP.URB.TOTL.IN.ZS,80.581153601484,80.6457325200193,80.6987329843932,80.7448226594184,80.7886692099075,80.8349403006729,80.8883035965274,80.9534267622834,81.0361161567684,81.152720524793,81.3054206830642,81.4819614595541,81.6708410883427,81.8605578035102,82.0396098391364,82.1964954293015,82.3197128080855,82.3977602095684,82.4198104431593,82.4130347470308,82.3947485339925,82.3635791100868,82.3180931037043,82.2568571432361,82.1784378570728,82.0814018736052,81.9643158212241,81.8257463283204,81.6642600232849,81.4784235345083,81.3200717047725,81.3213799173676,81.3249262966481,..
Bahrain,BHR,"GDP per capita, PPP (constant 2021 international $)",NY.GDP.PCAP.PP.KD,49511.9474019627,54433.1375084971,52886.5789027329,53537.6828948177,54289.4380390309,54512.8551056888,55638.6935860684,56522.2261899823,57968.9956082135,57280.6986707494,55096.6571550779,54431.8763559658,54045.092888858,53478.2662415503,52691.9323366851,52731.7921672618,52765.3899455546,50665.7507489219,50704.8479679819,53132.3284162611,54516.8406594787,55376.4005147894,55065.8189472129,54149.9131524721,54107.0752236423,53859.7749589601,54893.0724411368,56749.9628370612,53814.2452592358,54954.6757895532,57572.997981018,57819.9051831242,58891.8304860737,..
Bahrain,BHR,Carbon dioxide (CO2) emissions (total) excluding LULUCF (Mt CO2e),EN.GHG.CO2.MT.CE.AR5,13.6153,14.7278,14.9996,15.2432,15.7943,16.2596,17.2345,17.3259,17.7715,18.4025,19.2269,19.8961,19.9206,23.3702,25.449,25.8519,27.669,27.6556,28.8353,29.0035,30.2164,32.1308,33.2899,33.4691,33.4571,33.7521,33.822,36.8474,36.8402,37.3578,38.8307,38.689,37.9692,..
Bahrain,BHR,Energy use (kg of oil equivalent per capita),EG.USE.PCAP.KG.OE,11504.983995158,11627.9853884558,12068.5698908927,11537.6005741003,11566.1634942483,12331.2457338806,12558.2438388176,12575.7861396596,12833.272118279,12648.0885082095,12214.6865774264,11894.9484733033,11271.2138903395,11975.4282360997,11582.0205666291,11533.9934710843,11593.7971674415,10432.8967547383,10317.976004905,10624.3872166304,9996.52196196405,11219.433931134,10257.0253426946,10405.6390717453,9878.66504979139,9444.4239393348,9533.85538285247,10388.189018559,10832.91852134,10666.0574068433,10701.7927575092,..,..,..
Bahrain,BHR,"Population, total",SP.POP.TOTL,516458,530225,544366,558879,573792,589115,604842,620989,637582,661316,710553,764517,823741,888822,960424,1039295,1103496,1178415,1228543,1195020,1208964,1253191,1314562,1370322,1423726,1501116,1503091,1483756,1472204,1504365,1524693,1577059,1588670,..
Bahrain,BHR,Urban population (% of total population),SP.URB.TOTL.IN.ZS,88.4377266220855,88.3963386224123,88.3272531646575,88.2394796624129,88.1420275292704,88.043906178822,87.9541250246595,87.8816934803747,87.8356209595597,87.8397146150894,88.1427867595875,88.8325339694118,89.8569005979296,91.168165501421,92.7186075361661,94.460505558445,96.3461384245376,98.3277849907243,100,100,100,100,100,100,100,100,100,100,100,100,100,100,100,..
Bangladesh,BGD,"GDP per capita, PPP (constant 2021 international $)",NY.GDP.PCAP.PP.KD,2174.38232866943,2234.8101219225,2279.09435302944,2351.70387946903,2413.54298201505,2475.59574602489,2555.06119218282,2624.06553797638,2712.93512215725,2803.55471950946,2866.43454328715,2958.91503115633,3071.83778764611,3231.61370692891,3407.4273502159,3608.91543819399,3787.9382761855,3942.13631207203,4125.46390163202,4352.42643359325,4592.04840919812,4822.72621378266,5068.63965672741,5352.71133299566,5682.53553494306,6005.70718781048,6392.59334024091,6838.32611608243,7015.19792797056,7441.06913961254,7888.16389098304,8242.39798977242,8486.78495660517,..
Bangladesh,BGD,Carbon dioxide (CO2) emissions (total) excluding LULUCF (Mt CO2e),EN.GHG.CO2.MT.CE.AR5,15.7331,16.9529,18.0011,21.7789,22.0864,23.9579,24.4802,26.1314,26.9773,32.633,34.3448,35.9887,37.9102,40.3834,43.4924,46.2192,51.3301,55.1298,60.7693,65.3074,69.872,72.0796,76.6542,85.4452,93.9921,101.0415,105.1823,109.3222,104.1229,117.7683,120.8657,118.9891,124.1907,..
Bangladesh,BGD,Energy use (kg of oil equivalent per capita),EG.USE.PCAP.KG.OE,114.342298793574,117.010113116711,121.494605858892,128.845088533536,127.58062045112,130.68749269677,132.229468311487,134.80626588897,135.945727032601,148.255373268618,147.979643675058,153.143093984627,154.242895346549,159.825599702335,168.32467252269,174.011519357534,180.396452212736,187.659357547152,195.590116597033,200.299626883527,208.040539602777,218.935059190067,224.107149946033,237.713163558492,255.923548835134,260.880286120411,257.873889464682,273.340023331257,272.076572071717,292.487219529267,297.118356342706,..,..,..
Bangladesh,BGD,"Population, total",SP.POP.TOTL,115952192,118132360,120343179,122600370,124862179,127198069,129622332,132108065,134544304,136805810,138933658,140970351,142902856,144715786,146405973,147989278,149474264,150873714,152201981,153591076,155070101,156532141,157964929,159383179,160811932,162186147,163523103,164913055,166298024,167658854,169384897,171466990,173562364,..
Bangladesh,BGD,Urban population (% of total population),SP.URB.TOTL.IN.ZS,20.6483331421589,21.002845267132,21.3383159101032,21.661231550566,21.9780786680138,22.2953437419401,22.6195132518384,22.957073677202,23.3145114975244,23.6999214768623,24.1132383547332,24.5525557512625,25.0094809886101,25.4769540701509,25.9479149992596,26.415303779311,26.87206041368,27.3111249057412,27.7254372588696,28.1100162712427,28.4787972894576,28.8407036106763,29.1944442321013,29.5395099477892,29.8753915517965,30.2015798381799,30.5175656009959,30.8228396343012,31.1168927321524,31.3992156886061,31.673734726234,32.1578465036834,32.6783196323307,..
Barbados,BRB,"GDP per capita, PPP (constant 2021 international $)",NY.GDP.PCAP.PP.KD,17660.3232739416,17748.5545234391,18064.4007339676,18398.7507400297,19112.5029984541,20010.2158345921,20752.8095915976,20815.8353874873,21779.2203006868,21234.708034436,21262.3089250843,21591.7915931807,21771.9014007178,22514.483943994,23766.6070131111,24145.753990727,24171.6517995745,22840.8841002763,22243.4579670705,22102.4817004397,21286.3318932135,20854.5676341718,20959.9650372142,20666.9651609374,20930.633669268,21035.7933581451,20727.4216338412,20737.9776890352,17728.0729247569,17682.7314537483,20716.2851304966,21318.6724772626,21837.7254102057,..
Barbados,BRB,Carbon dioxide (CO2) emissions (total) excluding LULUCF (Mt CO2e),EN.GHG.CO2.MT.CE.AR5,0.5704,0.5429,0.5292,0.5412,0.5287,0.6283,0.6907,0.7235,0.588,0.5649,0.6061,0.6372,0.6307,0.6457,0.6979,0.6716,0.7921,0.7987,0.8204,0.6789,0.6436,0.7307,0.667,0.7195,0.7728,0.6819,0.7782,0.8686,0.6726,0.6515,0.6889,0.6906,0.7128,..
Barbados,BRB,Energy use (kg of oil equivalent per capita),EG.USE.PCAP.KG.OE,..,..,..,..,..,..,..,..,..,..,..,..,1402.92856661853,1451.40041532381,1474.06315508774,1478.1339388399,..,..,..,..,..,..,..,..,..,..,..,..,..,..,..,..,..,..
Barbados,BRB,"Population, total",SP.POP.TOTL,260267,261027,261620,262039,262284,262392,262436,262517,262063,262425,264148,265776,267298,268706,270002,271288,272714,274123,275243,276139,276938,277665,278348,278990,279598,280171,280711,281207,281698,282147,282318,282336,282467,..
Barbados,BRB,Urban population (% of total population),SP.URB.TOTL.IN.ZS,63.4960325310869,63.428796531611,63.3412978875224,63.2362646258735,63.1164247737166,62.984506358104,62.843237406088,62.695345944721,62.5379397803044,62.3048911059175,61.965577912278,61.5543861265895,61.101971231796,60.6389887108416,60.1960940466703,59.803942722226,59.4931902204528,59.2944920242948,59.2366008990356,59.236693205614,59.2372151062924,59.2385370835674,59.2410313429534,59.2450700899645,59.2510255301153,59.25926986892,59.270175311893,59.2841140645486,59.3014583324011,59.3220365433819,59.3538514107686,59.4235740235775,59.5397032429174,..
Belarus,BLR,"GDP per capita, PPP (constant 2021 international $)",NY.GDP.PCAP.PP.KD,11002.6017626136,10143.9840118445,8967.73072971831,8061.19604112609,8314.85656685025,9301.32717519867,10128.1560469563,10519.7489145442,11182.4548339393,11771.0872003861,12443.9322575939,13413.9265504854,15052.1182160947,16579.8731683834,18349.8719060634,20019.6111676728,22137.9472928315,22236.8387691136,24012.6133040213,25404.7566082412,25879.1319400701,26147.6253584645,26564.4347246547,25513.2132958317,24846.8301529359,25503.9809845207,26363.4629778536,26798.8206398076,26731.4953869922,27611.1801135157,26537.5083081674,27782.4380139967,29040.9725790425,..
Belarus,BLR,Carbon dioxide (CO2) emissions (total) excluding LULUCF (Mt CO2e),EN.GHG.CO2.MT.CE.AR5,91.8419,79.2927,67.5941,60.4273,61.3587,61.8071,60.3076,58.1614,56.2599,54.9987,55.1904,55.8311,59.1875,60.0192,62.4637,61.0589,64.7655,61.6066,66.1204,62.961,64.269,64.4295,63.9709,59.1683,59.0629,60.2218,63.4486,61.2475,58.1601,58.6423,55.8945,53.8204,54.2158,..
Belarus,BLR,Energy use (kg of oil equivalent per capita),EG.USE.PCAP.KG.OE,3619.90821413806,3078.21614120512,2618.94615391899,2431.09978098082,2506.79637741155,2511.70284864681,2472.95575538019,2419.74819135878,2471.64424935802,2496.01811483439,2560.5012580496,2652.43981373496,2760.11626065827,2776.99847069087,2974.24553406449,2925.85288440163,2939.40597422615,2789.00314061154,2895.6108099575,3081.68018120351,3219.42653369693,2870.32580279278,2923.57682069269,2660.14026759548,2639.09486268036,2692.58344898873,2849.29477344053,2748.96883661007,2673.86548599188,2929.27533668037,2862.48703453706,..,..,..
Belarus,BLR,"Population, total",SP.POP.TOTL,10216470,10239050,10226955,10193831,10159569,10117433,10071963,10026738,9979610,9928549,9865548,9796749,9730146,9663915,9604924,9560953,9527985,9504583,9483836,9461643,9446836,9443211,9448515,9461076,9469379,9458989,9438785,9419758,9379952,9302585,9228071,9178298,9132629,..
Belarus,BLR,Urban population (% of total population),SP.URB.TOTL.IN.ZS,67.3208541870117,67.5179672241211,67.7585983276367,68.0162734985352,68.2737426757812,68.6145935058594,69.0234222412109,69.4807636785987,69.9172295434732,70.3147201538086,70.8804702758789,71.3092422485352,71.7658538818359,72.0310134887695,72.6113815307617,73.0913467407227,73.5531692504883,74.1909646620571,74.5501403808594,75.0597534179688,75.5281066894531,75.94970703125,76.3405227661133,76.6263885498047,76.8458709716797,77.0208206176758,77.2132720947266,77.4550771852757,77.7890385790408,78.131086803694,78.4732787892908,78.8146420666327,79.1551015210848,..
Belgium,BEL,"GDP per capita, PPP (constant 2021 international $)",NY.GDP.PCAP.PP.KD,42719.0486134245,42143.196061205,43369.2759444308,44310.6278688274,44808.524358035,46396.0021283993,47205.3098527353,48765.7668571996,50455.7338920672,50835.3969916061,51471.8532550932,51788.8439641973,53406.6918625201,54346.8934219286,55367.6227467907,56983.4612170062,56787.7366257414,55258.7071019666,56240.2030936239,56585.3025000677,56356.8251292135,56263.1752679668,57002.9092185204,57509.0245728702,57901.4976903148,58529.3302957534,59357.6896884394,60479.9769955466,57333.5424137922,60669.2137746531,62561.7810453236,63095.4017281289,63347.7858809235,..
Belgium,BEL,Carbon dioxide (CO2) emissions (total) excluding LULUCF (Mt CO2e),EN.GHG.CO2.MT.CE.AR5,117.6155,115.6992,122.0309,122.3064,127.3074,124.3425,127.3085,122.9722,124.8977,125.7555,118.493,123.3712,121.9791,119.0079,116.0773,112.9137,114.2497,107.2918,114.9031,104.4948,103.0142,104.3595,97.7801,102.4165,101.3516,99.7694,100.4585,100.3135,91.9274,96.0214,89.6767,85.7301,86.6463,..
Belgium,BEL,Energy use (kg of oil equivalent per capita),EG.USE.PCAP.KG.OE,5042.29401936772,4897.97659266192,5185.9337354394,5261.8093544142,5527.62586906518,5533.73928264128,5620.64607760812,5610.79882111599,5662.98174716427,5606.17298271092,5397.64817804299,5609.48271408916,5615.40613034968,5549.63760862596,5445.56547084695,5302.04532963844,5425.00683224834,5161.34227289199,5510.36842215322,5063.16739563614,4822.68880223172,5000.34617077523,4701.25771608477,4661.66376202285,4904.15770755315,4863.63280171736,4660.20692893781,4775.95747475268,4386.43050829817,4823.5834216252,4368.44562567427,4051.07409072709,..,..
Belgium,BEL,"Population, total",SP.POP.TOTL,10045158,10084475,10115603,10136811,10156637,10181245,10203008,10226419,10251250,10286570,10332785,10376133,10421137,10478617,10547958,10625700,10709973,10796493,10895586,11038264,11106932,11159407,11209057,11274196,11331422,11375158,11427054,11488980,11538604,11586195,11680210,11779946,11858610,..
Belgium,BEL,Urban population (% of total population),SP.URB.TOTL.IN.ZS,79.2814540177363,79.6385319631731,79.9914812124564,80.3401728004321,80.6844777619461,81.0242671318444,81.3594119449727,81.6897832361771,82.0152520403035,82.3356893921976,82.6509663267055,82.9609538786731,83.2655230829461,83.5645449743707,83.8578905877926,84.1454309580577,84.427037120012,84.7025801085014,84.9719309583717,85.2349607044689,85.4915403816388,85.7415410247275,85.9848336685807,86.2212893480444,86.4507790979645,86.6731739531869,86.8883449485575,87.0961631189222,87.2964994991269,87.4305564090635,87.489200269855,87.551492636772,87.6126557010527,..
Belize,BLZ,"GDP per capita, PPP (constant 2021 international $)",NY.GDP.PCAP.PP.KD,9967.77779283553,10366.8590598807,10146.3996755203,9967.84688088643,9782.64416029651,9862.26634546876,9894.59919785026,10460.6346102795,11363.6868781615,11567.0265720608,11828.1865744067,12589.2679378206,12807.1658774384,12714.9697390831,12912.5300233774,12973.2067214746,12415.6811300464,12033.9096816588,11913.6635959061,11641.7717375703,11843.4153404212,12064.797259406,12272.2957895446,12348.7944978311,12063.0600374093,11572.3007931461,11451.8979413877,11765.9748661176,10045.1404163746,11716.3267818656,12565.3645829576,12371.0086545348,12621.4081961897,..
Belize,BLZ,Carbon dioxide (CO2) emissions (total) excluding LULUCF (Mt CO2e),EN.GHG.CO2.MT.CE.AR5,0.1212,0.1183,0.1149,0.1298,0.108,0.1858,0.1889,0.1973,0.1397,0.1425,0.1422,0.1497,0.1372,0.1509,0.1745,0.1684,0.1628,0.1967,0.2333,0.15,0.1629,0.2057,0.2045,0.2472,0.2608,0.2847,0.2846,0.3982,0.3186,0.3361,0.3545,0.3756,0.3889,..
Belize,BLZ,Energy use (kg of oil equivalent per capita),EG.USE.PCAP.KG.OE,..,..,..,..,..,..,..,..,..,..,..,..,570.507346662348,575.5529419335,597.475319406137,601.148260722729,..,..,..,..,..,..,..,..,..,..,..,..,..,..,..,..,..,..
Belize,BLZ,"Population, total",SP.POP.TOTL,190983,194902,199097,204146,210310,217446,225173,233059,240799,248379,256009,263780,271688,279731,287878,296100,304361,312614,320245,327298,334414,341627,348923,356333,364705,373202,380226,385829,390812,395346,402733,411106,417072,..
Belize,BLZ,Urban population (% of total population),SP.URB.TOTL.IN.ZS,47.3157093961853,47.3536666895074,47.4066621669842,47.4683420814088,47.5323526855742,47.5923402322735,47.6419509742997,47.6748311644458,47.6836847507377,47.6257993221451,47.4865009861554,47.2806245981404,47.0226655922949,46.7271194028137,46.4084814638913,46.0812472097226,45.7599120745023,45.4589714924251,45.1914838193558,44.9417819131729,44.6903068035216,44.4380542363795,44.1850161758379,43.931184585988,43.6765514309211,43.4211086747287,43.164848281502,42.9077622153323,42.649842440311,42.3910809205294,42.1373251262137,41.9459437504976,41.7532107338224,..
Benin,BEN,"GDP per capita, PPP (constant 2021 international $)",NY.GDP.PCAP.PP.KD,2226.56666006625,2254.24565428893,2215.36616821938,2300.14122107459,2337.63030771279,2399.78593127356,2419.10014338548,2470.68504400549,2536.16885867097,2591.06485220288,2630.18061029627,2639.04370114641,2672.84404357157,2632.47251454328,2652.21841967159,2729.13741390352,2777.61974031765,2758.07243150648,2733.57399641151,2732.01249647957,2779.7264808532,2893.0467015352,2987.38236326153,2952.00218338705,2962.66381572265,3041.77929984989,3155.4510650627,3281.10470051465,3317.8597222557,3464.2886286745,3588.32519938147,3721.21254814808,3901.32588494392,..
Benin,BEN,Carbon dioxide (CO2) emissions (total) excluding LULUCF (Mt CO2e),EN.GHG.CO2.MT.CE.AR5,0.3808,0.3854,0.3921,0.3986,1.0761,1.3648,1.3155,1.4415,1.5461,1.8573,2.1429,2.4,2.5584,2.8015,3.8591,4.3986,4.3662,4.6845,5.0815,4.9611,4.7249,4.9707,5.4598,5.8104,7.1473,7.2445,8.251,8.1435,8.7059,6.7467,7.0594,6.8922,7.0481,..
Benin,BEN,Energy use (kg of oil equivalent per capita),EG.USE.PCAP.KG.OE,307.698007930126,301.262670850293,296.5110317345,296.679128573565,336.540298422814,339.005955567862,324.253310224769,327.943290924178,274.581436432907,283.230273372813,294.724145806201,301.499151686105,305.279536303894,296.647429948477,339.270972775752,358.123373575729,355.191568797727,361.653717680842,363.74357481978,352.901249030589,346.220822053438,366.743087755895,367.294184971858,379.492026672934,409.038821084068,412.304352119196,423.283323822533,414.543641080217,426.185478700943,376.055295296953,375.820983649337,..,..,..
Benin,BEN,"Population, total",SP.POP.TOTL,5617844,5872706,6096506,6226773,6391858,6583365,6789489,7002818,7221619,7445596,7675426,7913070,8159094,8426144,8693242,8953969,9228466,9509423,9797484,10093623,10397657,10708834,11030004,11360681,11697842,12039780,12383347,12726755,13070169,13413417,13759501,14111034,14462724,..
Benin,BEN,Urban population (% of total population),SP.URB.TOTL.IN.ZS,35.7897618395069,36.181941228694,36.5273254197057,36.8385136903681,37.126775626037,37.4033808120677,37.679598833816,37.9666992766374,38.2759517258875,38.6186257669218,39.0035069872981,39.4169696013044,39.8525699078742,40.3097749006517,40.7877794072449,41.2857782552618,41.8029662723105,42.338538285999,42.8916891239353,43.4616136137276,44.0475065829838,44.6502883669319,45.2880529235999,45.9407403257663,46.6094559006664,47.2942774880391,47.9952829275963,48.7125500590248,49.4461567219896,50.1961807561354,50.9627000010887,51.7457922964593,52.5455354818423,..
Bermuda,BMU,"GDP per capita, PPP (constant 2021 international $)",NY.GDP.PCAP.PP.KD,75766.6971046445,77503.4644231796,77470.2976928947,80427.24062121,82122.7826140328,85380.8348326117,88034.8132385883,90290.5624913126,98019.93147275,104560.839783497,102559.769384967,105642.976098631,107803.199358077,109335.385931485,115170.899920201,118691.070025545,115942.72717347,108962.816946419,105968.875104213,101989.927295974,96711.0739703323,96549.7874807583,93042.2733051033,93859.8769494621,93265.0675364638,96437.191438851,95639.2267310584,95519.9206861686,88618.0830682257,92319.6714861219,98145.1689383889,103052.348367859,109311.936941299,..
Bermuda,BMU,Carbon dioxide (CO2) emissions (total) excluding LULUCF (Mt CO2e),EN.GHG.CO2.MT.CE.AR5,0.1801,0.2011,0.1992,0.2003,0.2043,0.2097,0.2147,0.2175,0.1504,0.1487,0.1656,0.171,0.173,0.186,0.2316,0.2771,0.2789,0.2447,0.309,0.1534,0.1777,0.198,0.272,0.2307,0.3117,0.2853,0.3009,0.3025,0.2142,0.2447,0.2575,0.2583,0.2673,..
Bermuda,BMU,Energy use (kg of oil equivalent per capita),EG.USE.PCAP.KG.OE,..,..,..,..,..,..,..,..,..,..,..,..,..,..,..,..,..,..,..,..,..,..,..,..,..,..,..,..,..,..,..,..,..,..
Bermuda,BMU,"Population, total",SP.POP.TOTL,58407,58816,59194,59526,59813,60177,60639,61124,61550,61867,62142,62386,62555,62711,62834,63010,63300,63565,63725,63733,63646,63574,63529,63464,63449,63578,63831,64107,64382,64648,64749,64698,64636,..
Bermuda,BMU,Urban population (% of total population),SP.URB.TOTL.IN.ZS,100,100,100,100,100,100,100,100,100,100,100,100,100,100,100,100,100,100,100,100,100,100,100,100,100,100,100,100,100,100,100,100,100,..
Bhutan,BTN,"GDP per capita, PPP (constant 2021 international $)",NY.GDP.PCAP.PP.KD,3624.59781500136,3850.551287421,4042.49417769249,4379.87046667778,4616.91979198439,4778.70511731732,4965.87646031681,5241.36663790737,5287.57434721684,5545.6305511084,5991.25497571775,6323.5411950973,6517.99683290216,6850.80441609334,7140.85609148376,8195.07074477912,8470.03471622855,9019.11861272397,9985.28455483655,10714.686566371,11143.9445354588,11212.479426698,11744.5189124825,12400.2983237391,13320.9759036882,13482.3425280358,13854.8543977158,14555.1884045845,12979.9369485824,13458.812666743,14061.3120274588,14610.2959119536,..,..
Bhutan,BTN,Carbon dioxide (CO2) emissions (total) excluding LULUCF (Mt CO2e),EN.GHG.CO2.MT.CE.AR5,0.1859,0.1988,0.2576,0.3208,0.3579,0.3783,0.3959,0.4006,0.4054,0.4392,0.4774,0.496,0.501,0.5429,0.5686,0.5773,0.5797,0.8011,0.905,1.1062,1.0551,1.1068,1.1293,1.3096,1.4244,1.4736,1.7505,1.8063,1.4131,1.5445,1.5172,1.5607,1.5919,..
Bhutan,BTN,Energy use (kg of oil equivalent per capita),EG.USE.PCAP.KG.OE,..,..,..,..,..,..,..,..,..,..,..,..,276.691507415332,308.219954220272,314.550260212075,359.542084843091,..,..,..,..,..,..,..,..,..,..,..,..,..,..,..,..,..,..
Bhutan,BTN,"Population, total",SP.POP.TOTL,577774,554673,554497,547989,548784,558697,569435,582579,596863,610794,624409,637663,650544,661865,670799,678641,686351,693988,701632,709377,717279,725273,733139,740618,747866,754335,759759,764824,770006,775442,780914,786385,791524,..
Bhutan,BTN,Urban population (% of total population),SP.URB.TOTL.IN.ZS,21.739998525685,22.4989891092786,23.250948549363,23.9954567175851,24.7320934855918,25.4604387250299,26.1800723075463,26.8905741047879,27.5915239884015,28.282501830034,28.9630875013322,29.6328608739429,30.2914018195132,30.9379917831613,31.5664945864425,32.1738216649326,32.76371954591,33.3396804958817,33.9051967813552,34.4637606688377,35.0188644248365,35.5740003158589,36.1326606084122,36.6983375690037,37.2745234641407,37.8645544995016,38.4661892776975,39.0746823405146,39.6888839873439,40.3075199874379,40.9365143617581,41.7352457989939,42.5645249803412,..
Bolivia,BOL,"GDP per capita, PPP (constant 2021 international $)",NY.GDP.PCAP.PP.KD,6414.32866802843,6556.81640305094,6731.2848743195,6914.34189540931,7083.61313107091,7301.50935715196,7534.51656215666,7435.72544462966,7492.43381815499,7491.15257767136,7550.01554439063,7625.90515937027,7811.59684101948,8020.63568776794,8263.31896895542,8493.94848397403,8865.27246783163,9011.55629962953,9230.39808115934,9554.44502529396,9884.46163420335,10391.38337536,10790.8472899414,11144.6415727207,11448.0218032246,11755.2556195885,11920.3135079645,11930.9159145918,10285.6590750222,11202.4409836707,11487.7148799194,11616.1575595159,11329.1518061536,..
Bolivia,BOL,Carbon dioxide (CO2) emissions (total) excluding LULUCF (Mt CO2e),EN.GHG.CO2.MT.CE.AR5,7.4305,8.8889,9.5941,8.6741,8.3856,10.1676,10.1749,8.8772,8.2048,7.9363,8.4679,9.0191,9.4522,9.9372,10.7816,11.996,12.8434,13.6594,14.7927,16.0948,17.0414,18.1017,19.463,19.9523,21.3607,21.7833,21.9655,21.9997,18.5659,21.8696,23.3823,24.4241,28.4356,..
Bolivia,BOL,Energy use (kg of oil equivalent per capita),EG.USE.PCAP.KG.OE,377.234087378018,396.453818977116,430.219973488726,474.617697341087,520.943557851368,560.060715697775,557.889760775457,536.548837322983,424.497392990293,444.570211427174,520.021917040091,524.19320800163,523.192178579792,567.496536227946,568.36995826632,570.3375548833,572.261293056089,586.284286067628,625.49842839535,660.399933602591,703.763401801031,699.363675306555,757.547132518494,748.85994552389,778.965230116872,800.888183667631,803.127890554365,795.54274549867,657.745469205531,757.863166521587,798.293220052314,..,..,..
Bolivia,BOL,"Population, total",SP.POP.TOTL,7430336,7579195,7727322,7874676,8021736,8167900,8313394,8459806,8606326,8752736,8900355,9050700,9204287,9360754,9521689,9685960,9850858,10016275,10182345,10348929,10515807,10682608,10848888,11014705,11180020,11344587,11508368,11671386,11816299,11937360,12077154,12244159,12413315,..
Bolivia,BOL,Urban population (% of total population),SP.URB.TOTL.IN.ZS,57.5776686644471,58.2268316609648,58.8292590535639,59.391206278167,59.9202441998117,60.4239436835356,60.9098755943764,61.3856107973717,61.8587201575591,62.3374810379005,62.8187632085055,63.2918711090474,63.7564671612252,64.2133062205259,64.6631431424362,65.1067327824433,65.5448299960338,65.9781896386949,66.4075665659133,66.833715633176,67.2581444827699,67.6697055519889,68.037425413,68.3958051297665,68.7446327876947,69.0838016274736,69.4133879813999,69.7334986708387,70.0442635528254,70.3450412826165,70.6352598708131,70.9151414044538,71.2361453773988,..
Bosnia and Herzegovina,BIH,"GDP per capita, PPP (constant 2021 international $)",NY.GDP.PCAP.PP.KD,2150.91966830521,2281.89928050593,2657.81398743182,3090.39106761024,4569.00162207312,6020.98522398162,6899.325655059,7481.33501395434,7830.53433078343,7982.55195738094,8366.72625268201,8709.99283593466,9344.86891184204,9814.51034158831,10430.4552500579,11178.7278411828,11983.7696596485,11826.6991802051,12142.9120522116,12487.7008428301,12626.9786875839,13135.7719791089,13458.9083902112,14220.1489744552,14873.7027917131,15554.7232481788,16349.0675137661,17029.3678184559,16747.1048417525,18286.7373324233,19298.1971056448,19805.0002774731,20527.6935527158,..
Bosnia and Herzegovina,BIH,Carbon dioxide (CO2) emissions (total) excluding LULUCF (Mt CO2e),EN.GHG.CO2.MT.CE.AR5,16.2286,13.6204,3.3002,3.5148,4.3994,8.7233,11.0509,10.8922,14.2812,14.0968,14.8282,15.1887,16.0341,16.8463,18.6905,19.7252,21.6523,21.6601,22.2176,25.2681,23.3108,23.2132,20.7957,20.8309,23.5062,23.9898,24.0642,22.5975,22.5364,23.0097,22.3986,20.8288,20.4074,..
Bosnia and Herzegovina,BIH,Energy use (kg of oil equivalent per capita),EG.USE.PCAP.KG.OE,1050.6167812833,949.289118923978,385.207810762141,402.138722444913,450.357723524427,670.543668952792,818.903187407795,802.329947245603,1044.83032752066,1004.95066006105,1052.10768786264,1052.76815633322,1161.36225812454,1230.32229950965,1304.39455421949,1321.60129723785,1510.20925021027,1602.5317512912,1700.48373318065,1909.67028647304,1821.21222097011,1787.39246392599,1682.31287779308,1755.04377103361,1945.25475764264,1966.74296405564,2205.40019359849,2157.71633026544,2152.73018925591,2267.26088940872,2270.72637629896,2171.0481914264,..,..
Bosnia and Herzegovina,BIH,"Population, total",SP.POP.TOTL,4234616,3904482,3725412,3715564,3875246,4018227,4089356,4130305,4159771,4179438,4188002,4178523,4140987,4096493,4063272,4013424,3947544,3879794,3811472,3741798,3670113,3610859,3564829,3518541,3473003,3428682,3387000,3345533,3299349,3244907,3204802,3185073,3164253,..
Bosnia and Herzegovina,BIH,Urban population (% of total population),SP.URB.TOTL.IN.ZS,39.9525534247335,40.2798708993447,40.6066230101592,40.9327870219153,41.2583401993513,41.5832598072054,41.9075231102159,42.231107373121,42.5539898606589,42.8761478375679,43.1975585685863,43.5181993184523,43.8380473519042,44.1570799336802,44.4752743285185,44.7926078011574,45.1090576163352,45.4246010387901,45.7392153332604,46.0528777644843,46.3655655972,46.6954224739896,47.130783484831,47.5711645087011,48.0248845752382,48.4918401819106,48.971927825824,49.4650440037758,49.9710852122997,50.4899479477034,51.0215287060993,51.5657239834305,52.1224302754935,..
Botswana,BWA,"GDP per capita, PPP (constant 2021 international $)",NY.GDP.PCAP.PP.KD,11008.6810214184,10902.9512774946,10989.6700551057,11457.6994362472,11832.9387782379,12526.352236393,12306.250477233,13207.447346512,13185.8171514278,12949.6403104655,13479.6960719923,13857.2588264737,13984.8415112641,14361.9576327759,15275.5828811117,15850.2343496231,16040.3153236098,13489.9509168296,14545.0198074427,15236.7188843522,14957.6189142932,16369.4252971454,17052.1924105361,15994.9643042101,16905.588740873,17352.8958451454,17825.018569213,18106.0105471124,16289.3913582645,17960.6254447437,18647.3734588832,18932.4802712334,18068.5050714283,..
Botswana,BWA,Carbon dioxide (CO2) emissions (total) excluding LULUCF (Mt CO2e),EN.GHG.CO2.MT.CE.AR5,3.3976,3.3509,3.2127,3.3417,3.0122,3.2158,3.8274,4.0332,4.0996,3.9558,4.1754,4.1354,4.0534,4.3907,4.1486,4.4229,4.5094,4.1279,3.3822,4.0133,3.5247,5.5218,7.1481,7.091,6.7524,7.4408,8.2088,7.342,6.0919,6.5464,6.8377,6.7207,6.9016,..
Botswana,BWA,Energy use (kg of oil equivalent per capita),EG.USE.PCAP.KG.OE,1036.20295145007,1009.96722747675,967.997722997679,965.686795328275,919.406030956662,942.69977403279,1040.82117578293,1051.85481318954,1070.36119676312,1060.85132722236,1057.52604830958,1035.71768168865,1076.41144429025,1090.97560068282,1096.75774429819,1117.65874301485,1158.3591770162,1054.28611010741,1130.54992383335,1069.64525830171,1197.22154587787,1240.35333768798,1333.16636170484,1308.13445233238,1245.11570542658,1280.40747267283,1343.69847257232,1241.6779321074,1119.82959014247,1142.89798614093,1165.14968696121,..,..,..
Botswana,BWA,"Population, total",SP.POP.TOTL,1380033,1420115,1460023,1498836,1535914,1571691,1606899,1641997,1677382,1712254,1744763,1775736,1807146,1839877,1874516,1911201,1949970,1990673,2033111,2073535,2108617,2140682,2172044,2203273,2234776,2266747,2299141,2332083,2365894,2401441,2439892,2480244,2521139,..
Botswana,BWA,Urban population (% of total population),SP.URB.TOTL.IN.ZS,46.7985294866841,47.8662437145732,48.7932865701141,49.6118603364468,50.354167296711,51.0524097340465,51.7387899315932,52.4455101724909,53.2047727398794,54.0489894446035,55.0142988603802,56.0979233496432,57.2582489329358,58.4535554684584,59.6421228144112,60.7822308289942,61.8321593704079,62.7501882968523,63.4945974665277,64.0187810722889,64.3993247826904,64.7579735458393,65.0965122400825,65.4103584313295,65.6949296854899,65.9456435684731,66.1579176461888,66.3271694845464,66.4488166494554,66.5182767068255,66.5889787170477,67.0212655349864,67.4623537838418,..
Brazil,BRA,"GDP per capita, PPP (constant 2021 international $)",NY.GDP.PCAP.PP.KD,12271.9788476188,12669.4287208252,13202.9308013064,13550.4393737243,13641.6295997537,13896.6249901345,13737.7026434846,13602.4137069426,14005.347187072,14016.1313773564,14265.9048768518,14259.3664088286,14911.260960772,15221.0138281917,15657.4795714009,16440.5837398046,17113.3679822772,16939.4407809047,18062.158110224,18627.8104527933,18832.2195524356,19241.5059814525,19183.1727445223,18357.0690615421,17620.9272434403,17724.4799577815,17917.7492122925,18018.62091495,17327.5157248143,18075.7060048757,18554.0461828519,19079.8122132253,19652.3654991704,..
Brazil,BRA,Carbon dioxide (CO2) emissions (total) excluding LULUCF (Mt CO2e),EN.GHG.CO2.MT.CE.AR5,238.6958,249.3297,258.7499,280.029,300.6344,319.2483,328.5588,335.9148,349.4076,351.3367,351.437,346.5055,365.3106,369.2574,373.6873,393.1254,412.7913,385.5933,439.9219,463.643,497.9036,523.4755,546.4394,517.9408,482.7112,494.7579,471.0836,468.5794,447.921,506.2334,479.2664,480.235,491.4688,..
Brazil,BRA,Energy use (kg of oil equivalent per capita),EG.USE.PCAP.KG.OE,937.431462820155,945.489101780969,980.074664998028,998.777374735819,1035.82555427523,1072.29461426603,1082.21810429873,1091.29495874763,1081.36193393467,1086.99299318566,1103.40127916211,1107.9739157885,1157.16905577095,1173.71585743449,1202.05933940304,1259.91135986965,1317.23578420454,1262.10043812649,1384.36896688389,1390.00783643031,1433.15306444735,1487.45745839708,1522.42189026812,1482.02057858653,1414.8979311951,1431.95949698072,1403.40232453429,1415.83477031974,1379.24649914162,1430.3934661032,1432.72741132919,1481.22439922518,..,..
Brazil,BRA,"Population, total",SP.POP.TOTL,154275079,156794577,159265006,161735073,164202549,166661659,169159655,171641543,174018282,176301203,178503484,180622688,182675143,184688101,186653106,188552320,190367302,192079951,193701929,195284734,196876111,198478299,200085127,201675532,203218114,204703445,206107261,207455459,208660842,209550294,210306415,211140729,211998573,..
Brazil,BRA,Urban population (% of total population),SP.URB.TOTL.IN.ZS,76.0910875240585,76.6406402906957,77.1710338911115,77.7144999942454,78.3021415455398,79.0008493879259,79.789068166086,80.5466061325216,81.1484365423806,81.5960450621957,81.9943491502673,82.3540335841671,82.6816824814559,82.9838799596945,83.2672101364439,83.5382571292649,83.8036050557184,84.0698380333651,84.343846036308,84.6225758599683,84.8973874181312,85.1676585442726,85.4331367898168,85.6935697061881,85.9487048448108,86.1982897571091,86.4420719945072,86.6797991084296,86.9112186503004,87.1360781715439,87.349556243881,87.6159710235763,87.8958549533146,..
British Virgin Islands,VGB,"GDP per capita, PPP (constant 2021 international $)",NY.GDP.PCAP.PP.KD,..,..,..,..,..,..,..,..,..,..,..,..,..,..,..,..,..,..,..,..,..,..,..,..,..,..,..,..,..,..,..,..,..,..
British Virgin Islands,VGB,Carbon dioxide (CO2) emissions (total) excluding LULUCF (Mt CO2e),EN.GHG.CO2.MT.CE.AR5,0.0185,0.018,0.0184,0.0181,0.0235,0.0241,0.0247,0.0251,0.0278,0.0277,0.0309,0.0344,0.0355,0.0373,0.0448,0.0486,0.0549,0.0634,0.0705,0.0552,0.0571,0.0654,0.07,0.0717,0.0772,0.0671,0.0665,0.0874,0.0846,0.0845,0.0884,0.0887,0.0918,..
British Virgin Islands,VGB,Energy use (kg of oil equivalent per capita),EG.USE.PCAP.KG.OE,..,..,..,..,..,..,..,..,..,..,..,..,..,..,..,..,..,..,..,..,..,..,..,..,..,..,..,..,..,..,..,..,..,..
British Virgin Islands,VGB,"Population, total",SP.POP.TOTL,16593,16989,17406,17840,18287,18756,19238,19730,20241,20796,21430,22134,22881,23665,24493,25366,26288,27218,27675,28710,30345,31703,32962,34498,33878,32699,34657,36395,37135,37809,38319,38985,39471,..
British Virgin Islands,VGB,Urban population (% of total population),SP.URB.TOTL.IN.ZS,39.7457566056898,40.1694979266964,40.5629845301817,40.9207319576729,41.2372557506969,41.507071450781,41.7246945994523,41.8846407382378,41.9814254086647,42.0235454180552,42.4409178875828,42.8526082333374,43.2860433292828,43.741214134139,44.2181116035727,44.7167266908574,45.2370503473687,45.7790735229619,46.3427871662626,46.9281822248936,47.5352496456526,48.1639803746541,48.8143653574427,49.4863955390847,50.1800618642422,50.8953552772346,51.6322667220883,52.3907871425786,53.1709074822645,53.972618684518,54.795911692548,55.6407774494219,56.5072068980827,..
Brunei Darussalam,BRN,"GDP per capita, PPP (constant 2021 international $)",NY.GDP.PCAP.PP.KD,111457.220883519,107899.136339239,106239.232694338,105043.853097683,102522.125418121,106503.420270796,97171.6372551031,99083.3205282422,100323.439918528,99680.7626777537,101571.583784666,103226.914446986,101497.754798655,99795.6850854526,102248.510300567,96752.6204091885,91275.5000919182,87875.8283546044,88586.5133683924,90279.6634042123,89718.4636049982,86606.6518910199,83310.6151819533,81910.1882959493,78880.6228501768,78966.8643142346,78099.0507802561,80228.1598170527,80280.8980640677,78248.797127611,76357.829114996,76616.7014884981,79071.7333801445,..
Brunei Darussalam,BRN,Carbon dioxide (CO2) emissions (total) excluding LULUCF (Mt CO2e),EN.GHG.CO2.MT.CE.AR5,5.3615,5.411,5.494,5.8139,6.1077,6.5013,5.7432,6.0084,6.0748,5.8618,5.5581,6.4529,6.2692,6.0092,8.6155,8.1844,8.9078,8.0209,7.3795,7.8612,7.6224,7.7892,8.1068,7.3653,7.8994,7.8716,8.0303,7.6035,10.1279,9.9862,9.5371,9.7036,9.3667,..
Brunei Darussalam,BRN,Energy use (kg of oil equivalent per capita),EG.USE.PCAP.KG.OE,7783.23273590893,7299.53266292428,6603.06657909867,7718.4147112912,7585.30865702678,7652.68069432589,7448.31277617827,7427.44777738284,7306.50805505588,6624.44570244008,6344.70953602184,7227.93461469148,6509.41375687627,6180.90186134327,8644.25613377398,8703.6654696927,9379.39547102847,7906.16450304433,8261.092768512,9699.3002516897,9446.07290658886,7399.88850699904,8529.79303823974,6437.00247398227,7008.28171997556,8385.25858976533,8304.04242825767,9219.80339333238,9175.89257228992,8962.62325631033,9537.0515607056,..,..,..
Brunei Darussalam,BRN,"Population, total",SP.POP.TOTL,269839,276971,284091,291195,298276,305341,312385,319411,326424,333345,340099,346637,352911,358916,364663,370873,377793,384952,392332,399389,405557,411202,416750,422212,427564,432772,437810,442680,447404,451721,455370,458949,462721,..
Brunei Darussalam,BRN,Urban population (% of total population),SP.URB.TOTL.IN.ZS,67.1218123459373,67.7094708825572,68.272763683326,68.8131879002755,69.3322406854373,69.8314191908431,70.3122205685247,70.7761419705137,71.2246805488418,71.657883335906,72.1021556496525,72.577635652792,73.0675067339261,73.552870858133,74.0148299904911,74.4344860960786,74.7929411399737,75.0712970872547,75.2506559029998,75.312125504778,75.2714233503027,75.1756915148608,75.0572639801502,74.9484620568562,74.8816070556641,74.8476440654983,74.8172471714305,74.7923311783673,74.7748108912151,74.7667316936175,74.7772642014221,74.8199193881365,74.8983133873697,..
Bulgaria,BGR,"GDP per capita, PPP (constant 2021 international $)",NY.GDP.PCAP.PP.KD,12961.0385307712,12871.4500732157,13150.0344422672,13591.4105639206,14372.8310870084,12419.4307242505,12976.3210459232,11953.6477251515,12563.8880988668,13306.5595739168,14397.0609177208,15271.5472882444,16389.0282419117,17678.1074943214,19024.6223691232,20440.3375318665,21846.0454072872,21251.30543262,21724.3762726863,22321.1253679157,22618.9040490702,22954.4918743089,23455.5804023134,24562.750842738,25636.8508634132,26691.8686963123,27691.0089237623,29150.0422926763,28521.3251326769,30959.1118459807,32433.7937497005,33073.8179631314,34221.5294617032,..
Bulgaria,BGR,Carbon dioxide (CO2) emissions (total) excluding LULUCF (Mt CO2e),EN.GHG.CO2.MT.CE.AR5,62.0241,62.8343,60.0219,61.3676,61.6586,59.3273,56.8548,50.1198,48.1779,50.424,47.5974,53.4629,51.4635,52.4905,54.0356,57.6391,54.5628,46.5361,49.5094,54.7842,49.9165,44.452,47.315,49.8572,47.1301,49.2832,46.3135,44.6358,39.4151,45.8711,49.4431,36.9706,34.1885,..
Bulgaria,BGR,Energy use (kg of oil equivalent per capita),EG.USE.PCAP.KG.OE,2394.69457031165,2588.55746644791,2518.11325421164,2745.16022347993,2745.50259738071,2505.6718035438,2437.14753376962,2230.75876662596,2276.85216577279,2419.77111113907,2410.06924541046,2489.50818804189,2439.63673677668,2599.1917342682,2696.78264240444,2665.00511750437,2647.46208110447,2337.23945196707,2393.89142256038,2592.51617710519,2493.07808043547,2353.30761322829,2499.7069748767,2637.50353455494,2606.61053390992,2732.22244053467,2764.27513129547,2771.124202737,2664.55152991688,2918.91641380678,2968.65663426552,2604.19104505407,..,..
Bulgaria,BGR,"Population, total",SP.POP.TOTL,8540164,8472313,8443591,8406067,8362826,8312068,8256786,8210624,8170172,8009142,7837161,7775327,7716860,7658972,7601022,7545338,7492561,7444443,7395599,7348328,7305888,7160005,7073572,6984225,6894139,6803468,6710798,6616726,6550696,6507301,6465097,6446596,6441421,..
Bulgaria,BGR,Urban population (% of total population),SP.URB.TOTL.IN.ZS,67.1506882200337,67.4275283813477,67.7225112915039,67.8335418701172,67.6981964111328,67.6594467163086,67.8654022216797,68.0479965209961,68.2631454467773,69.196711983564,69.4859161376953,69.7808456420898,69.9193344116211,70.0869598388672,70.5075225830078,70.6844177246094,70.902099609375,71.3017349243164,71.5149307250977,72.6101653885532,72.7684860229492,72.9632821572019,73.0844879150391,73.1030578613281,73.1750030517578,73.3904571533203,73.600212097168,73.7162322998047,73.3239898681641,73.346765618041,73.4799164005224,73.7322671584613,73.9499356882481,..
Burkina Faso,BFA,"GDP per capita, PPP (constant 2021 international $)",NY.GDP.PCAP.PP.KD,1152.04476095096,1162.64923453351,1148.60721370395,1183.52861008084,1280.69608533889,1326.94230829963,1385.09310679095,1444.56690170414,1428.57400617096,1477.28491846525,1494.67801269583,1561.83310184915,1581.25620933294,1664.99543180023,1714.76034904509,1731.93046335077,1779.32710911571,1779.32305627973,1873.97146230828,1939.86659989406,2003.6646118745,2057.0639319853,2083.19844698304,2101.70266192027,2162.72578977814,2232.28781490944,2316.39432079045,2391.53626844484,2380.93171826574,2486.43093147762,2469.19956941259,2486.20669812871,2547.67232852209,..
Burkina Faso,BFA,Carbon dioxide (CO2) emissions (total) excluding LULUCF (Mt CO2e),EN.GHG.CO2.MT.CE.AR5,0.395,0.414,0.4512,0.4637,0.5131,0.8142,0.772,0.8081,0.8726,1.0203,1.0828,1.2062,1.0691,1.1383,1.1497,1.6344,1.9003,1.8421,1.9623,2.2171,2.5815,3.0405,2.7537,3.9361,3.9314,4.5408,5.412,5.6993,5.7011,6.4371,6.4885,6.2637,6.4757,..
Burkina Faso,BFA,Energy use (kg of oil equivalent per capita),EG.USE.PCAP.KG.OE,174.239170181508,176.296720313514,173.37906285031,173.276562601483,162.026532515962,162.131858709877,160.958600981487,120.294478166027,122.87633161526,138.808404306933,140.366660183959,145.412202886927,149.202025520624,152.454065294215,160.051947053493,167.380496993818,168.80031087063,171.44988829824,227.93902505697,235.67491386243,249.069045065321,258.229706435665,264.949904576004,279.219982120516,271.615575346763,285.313799439353,299.913437292717,302.330693379864,263.88298802906,303.171853475007,312.929085804227,..,..,..
Burkina Faso,BFA,"Population, total",SP.POP.TOTL,9629275,9871713,10123798,10386722,10655942,10934223,11240664,11574928,11925546,12295001,12680897,13082532,13500533,13932123,14373707,14816307,15258093,15710066,16176498,16661908,17172287,17695409,18229461,18777487,19334856,19894407,20438288,20961952,21478690,21995243,22509038,23025776,23548781,..
Burkina Faso,BFA,Urban population (% of total population),SP.URB.TOTL.IN.ZS,13.8437126999438,14.1660760040858,14.5131483144658,14.8945565719465,15.3191448028844,15.8141283865811,16.4430937418116,17.1834171163423,18.0003503329444,18.8591452143893,19.725053583448,20.563327262892,21.3392180754924,22.0179778440204,22.5528306908743,22.9741760828193,23.3633747838557,23.7452325601116,24.115092498158,24.4682976845657,24.8001912059054,25.106116148748,25.3814155996643,25.621432645225,25.821510372001,25.9769918665632,26.0832202154822,26.1187254401157,26.3578373628627,26.8114307743017,27.2791369742712,27.7872478365158,28.3352514896662,..
Burundi,BDI,"GDP per capita, PPP (constant 2021 international $)",NY.GDP.PCAP.PP.KD,1476.99435502804,1429.12129549201,1365.48348262885,1184.2840262089,1088.78927818283,1071.55943349349,1101.22051819781,1064.28756095402,1033.47188177042,1028.61849315822,1044.4802745003,999.615791221936,1009.58916929728,981.533210986845,998.069458519996,994.963590921008,1001.61751311947,988.19632868896,991.038897704986,994.691231245018,1002.27452805218,1014.5231007912,1022.29153627273,995.319068450023,1009.63596796379,1023.97040626757,1046.59511246023,1057.95005999167,1030.77026419371,1035.53857384938,1031.25412243175,1036.16712196238,1051.25931339275,..
Burundi,BDI,Carbon dioxide (CO2) emissions (total) excluding LULUCF (Mt CO2e),EN.GHG.CO2.MT.CE.AR5,0.2237,0.2488,0.2577,0.2539,0.2724,0.2705,0.2867,0.299,0.2925,0.2358,0.2227,0.1851,0.2191,0.184,0.2304,0.3728,0.2207,0.2224,0.3199,0.4154,0.3993,0.4522,0.4055,0.435,0.4859,0.5463,0.7765,0.7652,0.9258,0.8974,0.9301,0.9495,0.9687,..
Burundi,BDI,Energy use (kg of oil equivalent per capita),EG.USE.PCAP.KG.OE,..,..,..,..,..,..,..,..,..,..,..,..,..,..,..,..,..,..,..,..,..,..,..,..,..,..,..,..,..,..,..,..,..,..
Burundi,BDI,"Population, total",SP.POP.TOTL,5858407,5676843,5713854,6066316,6070506,6070042,6187108,6337155,6470194,6634365,6824132,7043154,7310656,7587299,7865547,8161874,8505637,8947646,9376444,9717978,10071028,10439341,10799785,11047580,11239451,11506762,11859446,12255336,12617036,12965481,13321097,13689450,14047786,..
Burundi,BDI,Urban population (% of total population),SP.URB.TOTL.IN.ZS,6.64880538600158,6.82684917355131,6.99924539529555,7.16829388435013,7.33629447383088,7.50554699685361,7.67835128653415,7.85700717598833,8.04381449833197,8.24107308668089,8.45108277415092,8.67614339385788,8.9185547789176,9.1806167624459,9.4646291775586,9.77289185737152,10.1064353383035,10.4979900434482,10.9843097335487,11.5616652230006,12.2244596804615,12.9670962745892,13.7839781740413,14.6695085474754,15.6180905635494,16.6241273909209,17.6820221982475,18.786178154187,19.9309984273971,21.1108861865354,22.3202446002597,23.5534768372276,24.8302838651025,..
Cabo Verde,CPV,"GDP per capita, PPP (constant 2021 international $)",NY.GDP.PCAP.PP.KD,1984.68062998835,2111.62140814748,2465.9939315017,2763.39733371857,3022.88825211585,3302.9740337536,3657.38118993776,4006.47964718799,4510.13573659758,4540.90731780518,4710.2410491228,4841.265398715,5268.30312485708,5565.76951208069,5941.38218091511,6767.40677380347,7169.13944155367,6994.5740991365,7072.12150207342,7325.78441834692,7397.82220702474,7440.66242650114,7491.02198228243,7560.13649202469,7881.30336227784,8234.56000312459,8531.12961646549,9111.62993173269,7207.86853962048,7685.41921393669,8850.1066918812,9228.4604533114,9848.95276350935,..
Cabo Verde,CPV,Carbon dioxide (CO2) emissions (total) excluding LULUCF (Mt CO2e),EN.GHG.CO2.MT.CE.AR5,0.0671,0.0654,0.0767,0.0767,0.0916,0.091,0.0932,0.0972,0.2802,0.3248,0.3613,0.3632,0.3895,0.6073,0.6606,0.749,0.7254,0.7081,0.7498,0.8717,0.748,0.7315,0.7741,0.7908,0.8304,0.8881,0.7961,0.8379,0.6283,0.6479,0.6801,0.6508,0.6762,..
Cabo Verde,CPV,Energy use (kg of oil equivalent per capita),EG.USE.PCAP.KG.OE,..,..,..,..,..,..,..,..,..,..,..,..,185.660345870622,204.075322346248,207.854452975987,207.581773111107,..,..,..,..,..,..,..,..,..,..,..,..,..,..,..,..,..,..
Cabo Verde,CPV,"Population, total",SP.POP.TOTL,393415,401965,410228,418104,425581,432798,439784,446519,453317,460293,467046,473383,479370,485115,490728,496190,501355,506141,509784,511447,511955,512225,512326,512394,512554,512893,513415,514104,514679,516649,519741,522331,524877,..
Cabo Verde,CPV,Urban population (% of total population),SP.URB.TOTL.IN.ZS,46.5644771731675,47.6439492545935,48.6494973094647,49.5954717142527,50.4962228454294,51.3661010794665,52.2194567928358,53.070640362009,53.9332149202283,54.7762172320995,55.5703407979481,56.3297071979641,57.0677167011018,57.7977695763157,58.5332660925599,59.287606518789,60.0741911239572,60.906420177019,61.7974262732302,62.7419929036884,63.7260454520996,64.7486207521826,65.8085112712742,66.9045094767116,68.0354078358316,69.1999988159713,70.3970748844677,71.6254285086577,72.8838521558784,74.1607930892827,75.033738060849,75.9064245753376,76.7721471004354,..
Cambodia,KHM,"GDP per capita, PPP (constant 2021 international $)",NY.GDP.PCAP.PP.KD,2769.4882552665,2714.59150059884,1650.39100001816,1672.73928514136,1643.01579058314,1595.17130656935,1602.38371208931,1775.41239802043,1922.03179092592,2032.08092022373,2126.34150468987,2309.83931482788,2491.30930003838,2781.89028895255,3041.10471220153,3308.15747246544,3501.9257021932,3587.60889588362,3711.53750580157,3921.97911563308,4159.16354123446,4419.3988680186,4702.73061823207,4968.57276699143,5283.72964943779,5632.03125629342,6050.59088262205,6448.88455952805,6128.78243783335,6225.53265474741,6458.3681488084,6695.29194763723,7008.88934551726,..
Cambodia,KHM,Carbon dioxide (CO2) emissions (total) excluding LULUCF (Mt CO2e),EN.GHG.CO2.MT.CE.AR5,0.5193,0.5255,0.5402,1.5014,1.6667,1.7796,1.9942,1.9427,2.0014,2.1876,2.2479,2.4181,2.4195,2.7013,3.0079,3.6974,4.0975,4.8779,5.1593,5.3651,5.6329,5.6951,7.0334,8.5196,10.5961,11.828,12.3125,15.7108,18.6332,18.4826,18.3849,18.9162,19.4392,..
Cambodia,KHM,Energy use (kg of oil equivalent per capita),EG.USE.PCAP.KG.OE,..,..,..,282.350097776989,269.715973671116,258.947253051872,268.346190136852,271.448297617757,273.111060087066,276.164207089023,272.095279032918,275.5985706572,279.272336910563,286.390391082312,289.726360027538,298.213771742013,296.389616055637,311.4624062289,323.255970747488,325.063800981871,334.025964498856,337.778887518004,359.949524640373,379.745573981888,412.747652430932,418.953616262105,440.94962587052,489.36782496618,516.116717657277,501.330977178892,501.644136152087,..,..,..
Cambodia,KHM,"Population, total",SP.POP.TOTL,8113083,8616381,9239162,10018497,10801270,11570982,12058173,12265731,12462336,12658484,12855241,13050968,13244731,13439202,13639028,13841770,14053479,14276810,14500726,14722584,14945085,15170208,15396772,15623251,15852803,16073372,16274522,16481304,16725474,16974305,17201724,17423880,17638801,..
Cambodia,KHM,Urban population (% of total population),SP.URB.TOTL.IN.ZS,16.4097495102946,16.7657494060925,17.1276884970302,17.4962488002108,17.8834321201168,18.1846372155166,18.3715559169572,18.5111858410878,18.6242216655572,18.7186818716995,18.803641734126,18.8881765274479,18.9813615262763,19.0922720052225,19.2299832388976,19.4035705019128,19.6574509865325,20.1979728726519,21.1232251168762,22.3824788531276,23.9411047582349,25.7644735090271,27.8179557823331,30.0669222549819,32.4767436038024,35.0127905056235,37.6404336372742,39.5830241256026,39.832658030922,40.1091858128847,40.374616187368,40.6290788072508,40.8727033252729,..
Cameroon,CMR,"GDP per capita, PPP (constant 2021 international $)",NY.GDP.PCAP.PP.KD,3974.27759501196,3556.31854424592,3522.74885285749,3526.54367510339,3577.59204137871,3641.70750463277,3714.13212604236,3780.06217282191,3822.94425358926,3884.87304812714,3951.41936232132,4054.78133246517,4222.96638689885,4199.72270969362,4241.51744722821,4302.6192630847,4300.26640352464,4286.57718166156,4286.58302947378,4307.85195558527,4382.11120797355,4473.57231896434,4588.4864949903,4698.66677843587,4767.13186148953,4797.97544185544,4851.48003949961,4882.35560028896,4763.48194388066,4793.55628200196,4843.65038202917,4875.25120768005,4916.93354019494,..
Cameroon,CMR,Carbon dioxide (CO2) emissions (total) excluding LULUCF (Mt CO2e),EN.GHG.CO2.MT.CE.AR5,4.3565,4.7598,5.1473,5.1557,5.2861,5.3218,5.5393,5.3343,5.7263,5.7003,5.6195,5.736,5.6371,5.4713,5.5767,6.7369,7.0689,7.7138,7.828,7.4295,7.5111,8.1791,8.8705,9.1854,9.7014,9.8633,10.5484,10.2711,10.388,10.3491,10.4339,10.3329,10.2929,..
Cameroon,CMR,Energy use (kg of oil equivalent per capita),EG.USE.PCAP.KG.OE,423.490408119425,425.855803438794,428.433215568987,424.113046017593,423.04888018603,426.60075345789,427.346733797867,419.366598563602,425.839473286279,419.668248263033,429.502648089236,435.147080636702,437.082365532497,428.539594062507,385.035153073309,352.800578879997,345.872865150161,363.548840943917,356.141255871575,363.1696926603,368.67461829541,375.371615915553,395.092656580176,402.983607731397,400.082970120892,392.776292653391,392.392157002433,387.419411707774,386.883842275205,385.081685358061,384.104863153688,..,..,..
Cameroon,CMR,"Population, total",SP.POP.TOTL,12006353,12353131,12704903,13058516,13414757,13775214,14144860,14525140,14912631,15309490,15725528,16160340,16610487,17074594,17550407,18049896,18574056,19113974,19668066,20232304,20809529,21402376,22059893,22763414,23454161,24128601,24806383,25506095,26210558,26915758,27632771,28372687,29123744,..
Cameroon,CMR,Urban population (% of total population),SP.URB.TOTL.IN.ZS,41.4395077111738,42.0958101970685,42.7381230483001,43.3654956418773,43.9769773548092,44.5716175641045,45.1484656467721,45.7065709798209,46.2449829402599,46.7627509050978,47.2589242513436,47.7325523560061,48.1826845960942,48.5837852394685,49.2044173412861,49.7027028593758,50.0858325268669,50.4714131335678,50.8505075371362,51.2229843034125,51.5887119982861,51.9475591877024,52.2993944376709,52.6440863142742,52.9815033836792,53.3115142121504,53.6339873660653,53.9487914119331,54.2557949164174,54.5548664463635,54.8458745688318,55.1286878511388,55.4031748609078,..
Canada,CAN,"GDP per capita, PPP (constant 2021 international $)",NY.GDP.PCAP.PP.KD,39023.182197815,39622.4790617509,40952.1359325297,41617.7233238779,41880.5520989428,43241.2407061887,44553.2827303697,46464.5457841559,48399.3055389359,48774.1675534138,49695.0066909867,50139.7862347007,51210.6796118735,52356.5578038534,53195.781842155,53761.8620298113,53711.6792064975,51552.4223837895,52558.4408142168,53681.1296700569,54034.8034751988,54712.178423981,55723.4835404159,55660.8675272614,55606.1549191947,56612.3285367448,57337.4909099991,57583.845798092,54092.8790317796,56995.1176781351,58321.0611834624,57517.4431587432,56706.8238031978,..
Canada,CAN,Carbon dioxide (CO2) emissions (total) excluding LULUCF (Mt CO2e),EN.GHG.CO2.MT.CE.AR5,447.3182,446.666,463.8858,475.9427,489.8681,505.6429,513.8479,523.4446,543.1076,534.3756,554.066,573.6827,559.7484,582.3075,574.6974,594.6475,575.4179,542.7914,562.1099,575.7827,567.184,575.2149,580.3198,574.3793,574.0983,591.893,612.5836,609.0758,548.4454,561.7344,575.8352,567.0969,577.9726,..
Canada,CAN,Energy use (kg of oil equivalent per capita),EG.USE.PCAP.KG.OE,7616.97320016327,7782.92897388185,7971.05824834315,7995.23710734235,8070.95400503596,8069.49923971315,7963.20719845056,8117.62871957032,8224.74786425172,8017.16666642228,7943.44588697183,8303.4318789013,8371.02231862308,8369.95929648006,8427.44174185883,8356.30636250042,8098.35289361915,7696.33407281264,7660.75452103288,7716.24822782698,7637.78487245197,7668.79466344868,7780.1475931021,7690.40816617685,7944.50789345873,8175.19037647623,8161.77967501099,8125.58121311618,7495.07932297849,7524.86361233157,7578.02093601237,7336.06703531427,..,..
Canada,CAN,"Population, total",SP.POP.TOTL,28371264,28684764,29000663,29302311,29610218,29905948,30155173,30401286,30685730,31020855,31359199,31642461,31938807,32242732,32571193,32888886,33247298,33630069,34005902,34339221,34713395,35080992,35434066,35704498,36110803,36545075,37072620,37618495,38028638,38239864,38935934,40083484,41288599,..
Canada,CAN,Urban population (% of total population),SP.URB.TOTL.IN.ZS,76.7352832428064,76.9965686255912,77.3171285420943,77.6356482587498,77.8924633929695,78.0903398790871,78.2693823081821,78.4439309329358,78.6292995508947,78.8414764949736,79.0990234802234,79.391380674239,79.6923063348315,79.9760615882965,80.219066099279,80.4425615136782,80.6628944916604,80.8591838893921,81.0120892252937,81.1031425434213,81.1513483248791,81.183439957458,81.211183161556,81.2465670276699,81.3023011093703,81.4018945832226,81.5500341646653,81.7363672047941,81.9509888710566,82.1779279079275,82.3500897353968,82.5250564408346,82.7002565766633,..
Cayman Islands,CYM,"GDP per capita, PPP (constant 2021 international $)",NY.GDP.PCAP.PP.KD,..,..,..,..,..,..,..,..,..,..,..,..,..,..,92213.0768210996,92343.7260001978,89380.1514801096,80631.8445943625,76294.7641308594,75094.8308085917,73982.6776694492,72988.7055776283,73051.8114153598,73315.3848584988,73941.8590538337,74599.6807673263,76124.5501254035,77476.8412822407,72183.1359045895,74160.4914000191,76818.8004032916,79675.8568481808,..,..
Cayman Islands,CYM,Carbon dioxide (CO2) emissions (total) excluding LULUCF (Mt CO2e),EN.GHG.CO2.MT.CE.AR5,0.117,0.1085,0.1275,0.1336,0.1326,0.1361,0.1394,0.1412,0.1321,0.1308,0.1432,0.1508,0.1399,0.1471,0.1645,0.2054,0.2229,0.2276,0.2472,0.1996,0.191,0.2167,0.2321,0.2509,0.2632,0.281,0.3092,0.3935,0.3319,0.3141,0.3582,0.3594,0.372,..
Cayman Islands,CYM,Energy use (kg of oil equivalent per capita),EG.USE.PCAP.KG.OE,..,..,..,..,..,..,..,..,..,..,..,..,..,..,..,..,..,..,..,..,..,..,..,..,..,..,..,..,..,..,..,..,..,..
Cayman Islands,CYM,"Population, total",SP.POP.TOTL,28621,29976,31352,32743,34143,35543,36922,38284,39674,41089,42514,43934,45352,46788,48232,49687,51151,52618,54099,55606,57136,58655,60160,61642,63100,64535,65941,67327,68684,70108,71591,73038,74457,..
Cayman Islands,CYM,Urban population (% of total population),SP.URB.TOTL.IN.ZS,100,100,100,100,100,100,100,100,100,100,100,100,100,100,100,100,100,100,100,100,100,100,100,100,100,100,100,100,100,100,100,100,100,..
Central African Republic,CAF,"GDP per capita, PPP (constant 2021 international $)",NY.GDP.PCAP.PP.KD,1294.20254725767,1257.8284033824,1278.91509145063,1334.10322981784,1247.9687525828,1278.48826062781,1302.75142830782,1313.23570902088,1245.81399563599,1272.85710758505,1290.38314917126,1191.8731520062,1236.28534712166,1219.5939445674,1251.87082171335,1284.55283590666,1283.2728263106,1402.68164770801,1479.41367757692,1517.14839091011,1577.98053252253,996.896355923912,1001.85598053496,1043.92171697157,1073.94477703739,1103.86609318724,1125.70091748228,1145.09563657752,1136.57052993758,1128.55237996459,1136.80171107045,1132.67643369804,1111.21941638883,..
Central African Republic,CAF,Carbon dioxide (CO2) emissions (total) excluding LULUCF (Mt CO2e),EN.GHG.CO2.MT.CE.AR5,0.1698,0.1847,0.1938,0.1992,0.2164,0.215,0.22,0.2293,0.2564,0.2732,0.2792,0.2644,0.2563,0.2526,0.2678,0.2682,0.2005,0.1956,0.1999,0.2175,0.2211,0.1488,0.1617,0.2334,0.2515,0.2647,0.2935,0.3024,0.3184,0.3227,0.3225,0.3325,0.3374,..
Central African Republic,CAF,Energy use (kg of oil equivalent per capita),EG.USE.PCAP.KG.OE,..,..,..,..,..,..,..,..,..,..,..,..,..,..,..,..,..,..,..,..,..,..,..,..,..,..,..,..,..,..,..,..,..,..
Central African Republic,CAF,"Population, total",SP.POP.TOTL,3058831,3157839,3257954,3348052,3435965,3531700,3628827,3729450,3833416,3919487,4006077,4103086,4192826,4288810,4377579,4462770,4558984,4529047,4492995,4565021,4610848,4642419,4623182,4629320,4713663,4793511,4878657,4944703,5026628,5112100,5098039,5152421,5330690,..
Central African Republic,CAF,Urban population (% of total population),SP.URB.TOTL.IN.ZS,37.3280641352245,37.3817062823325,37.4305567352881,37.4760164601754,37.5194864230787,37.5623675900822,37.6060609272702,37.6519674007269,37.7014879765364,37.7560236207831,37.8169752995511,37.8863171931924,37.9626889392062,38.0448510426866,38.134433681123,38.2343339436079,38.3474489192338,38.476675697093,38.6244963104203,38.8030669465007,39.0301696038517,39.3042963482777,39.6226521868738,39.9824421267351,40.3808711749566,40.8151443386334,41.2824666248606,41.7800430407332,42.3050785933463,42.8547782897949,43.2751967457285,43.6983692134165,44.1243555638904,..
Chad,TCD,"GDP per capita, PPP (constant 2021 international $)",NY.GDP.PCAP.PP.KD,1853.67667631479,1526.05432530002,1642.51653213298,1591.14154056727,1555.91392488298,1588.09860417439,1641.05715328512,1573.58531389989,1506.71577205515,1626.56683129334,1704.27295147382,1878.58578619738,2400.97004980577,2705.816508357,2596.03235458563,2613.47387385213,2601.36125803518,2474.70758351267,2717.40540184377,2741.07083398912,2886.27474563711,2864.1130140853,2820.67795067436,2822.57929900236,2622.59780843796,2496.26213644007,2552.37036388576,2604.53153663392,2513.02922729008,2435.07274651099,2449.48251052484,2433.09879153397,2412.865855392,..
Chad,TCD,Carbon dioxide (CO2) emissions (total) excluding LULUCF (Mt CO2e),EN.GHG.CO2.MT.CE.AR5,0.2468,0.1278,0.1432,0.1477,0.1537,0.1587,0.1618,0.1674,0.2404,0.2432,0.2635,0.3973,0.4555,0.4809,0.4975,0.568,0.4847,0.4976,0.5246,0.6836,1.2091,1.3153,1.4041,1.6134,1.6907,2.2104,2.4139,2.3645,2.4133,2.7311,2.865,2.9088,2.8928,..
Chad,TCD,Energy use (kg of oil equivalent per capita),EG.USE.PCAP.KG.OE,280.779651859581,295.046910640164,287.388289567008,280.123377887456,278.130542417066,259.14633089256,255.782966270599,248.050783633877,241.652052714378,242.464236204338,240.376196903121,237.538539726345,224.324118812548,228.51576486102,224.010107053053,218.838867716358,217.080678711419,224.07076139036,219.108373918314,208.551559825517,229.379599396786,227.279984715064,221.117166458392,217.019809756483,212.843968377387,204.267378434246,200.502145341686,190.365580148423,193.032680479683,195.892702847717,198.544774520873,..,..,..
Chad,TCD,"Population, total",SP.POP.TOTL,6474656,6629146,6783450,7089064,7410108,7670366,7938840,8222705,8512093,8804124,9116192,9487833,9920036,10328092,10706424,11081660,11476296,11893754,12312575,12754997,13210998,13691079,14188678,14647621,15114655,15622759,16156531,16685223,17224679,17828273,18455316,19319064,20299123,..
Chad,TCD,Urban population (% of total population),SP.URB.TOTL.IN.ZS,21.3609354143699,21.4101199820059,21.4507061631048,21.4898472014251,21.5269357382438,21.5618719838381,21.5945561484855,21.6248884424631,21.6527690760484,21.6780982595188,21.7007762031515,21.7207031172239,21.7377792120134,21.7519046977973,21.7629797848529,21.7709046834576,21.7755796038887,21.7784396568755,21.8472378191095,21.9558736797638,22.1061904148178,22.2975929852391,22.5294513486009,22.8011258828974,23.1119734707179,23.461349471105,23.8486084924975,24.2731047386633,24.7341921795416,25.2312246423075,25.7635558629694,26.3305395171046,26.9315292389497,..
Channel Islands,CHI,"GDP per capita, PPP (constant 2021 international $)",NY.GDP.PCAP.PP.KD,..,..,..,..,..,..,..,..,..,..,..,..,..,..,..,..,..,..,..,..,..,..,..,..,..,..,..,..,..,..,..,..,..,..
Channel Islands,CHI,Carbon dioxide (CO2) emissions (total) excluding LULUCF (Mt CO2e),EN.GHG.CO2.MT.CE.AR5,..,..,..,..,..,..,..,..,..,..,..,..,..,..,..,..,..,..,..,..,..,..,..,..,..,..,..,..,..,..,..,..,..,..
Channel Islands,CHI,Energy use (kg of oil equivalent per capita),EG.USE.PCAP.KG.OE,..,..,..,..,..,..,..,..,..,..,..,..,..,..,..,..,..,..,..,..,..,..,..,..,..,..,..,..,..,..,..,..,..,..
Channel Islands,CHI,"Population, total",SP.POP.TOTL,144733,144984,145163,145247,145565,146214,146906,147554,148110,148850,149881,150960,152039,153126,154214,155309,156408,157511,158621,159706,160767,161777,162726,163454,163883,164319,164949,165639,166235,166741,167215,167691,168126,..
Channel Islands,CHI,Urban population (% of total population),SP.URB.TOTL.IN.ZS,31.0913820687852,30.8421607425072,30.6019547304498,30.4335168389694,30.3922462731803,30.399341204478,30.4134224421718,30.4330686725485,30.4565425668312,30.4917013606365,30.5750453017198,30.7147995585339,30.8959988423466,31.106756489445,31.3350770753618,31.5692415250024,31.79721921014,32.0070188116634,32.1868229080383,32.326335016388,32.4414334604748,32.5432251775809,32.6275595274837,32.6907784276403,32.7426259745361,32.7853219355631,32.8125991997971,32.8235411026876,32.8247184979451,32.8148141071941,32.7920439098264,32.7554337975051,32.7056211227456,..
Chile,CHL,"GDP per capita, PPP (constant 2021 international $)",NY.GDP.PCAP.PP.KD,12735.6013333406,13377.3053213538,13846.3481640718,14908.0347974549,15744.7380005491,16683.9059031298,17156.9718740639,16896.1244715786,17525.2717273479,17870.3008332711,18240.2015602857,18902.8708740806,19961.9835794233,20918.5275760681,21968.5375355854,22878.8834428789,23509.7816931441,23013.5817893814,24116.7694715614,25366.2690249825,26670.4971338402,27291.3576525957,27505.0495524158,27811.3745158617,27958.7284996682,27892.9946862827,28492.6611456515,28218.5343879081,26248.5616432825,29089.850459728,29569.4775527937,29563.6780243659,30182.7871224714,..
Chile,CHL,Carbon dioxide (CO2) emissions (total) excluding LULUCF (Mt CO2e),EN.GHG.CO2.MT.CE.AR5,32.8748,34.9064,38.1389,41.7893,47.8929,54.358,54.8619,57.3953,53.8569,51.6629,52.1984,54.1255,58.5003,59.1432,60.3603,67.7521,71.324,68.2258,72.323,79.0753,81.3485,85.4109,78.7046,84.3798,88.8653,89.7525,89.8194,95.2476,87.5108,89.1084,90.4279,77.0074,77.8226,..
Chile,CHL,Energy use (kg of oil equivalent per capita),EG.USE.PCAP.KG.OE,1115.74449791436,1125.82760632048,1192.35792309529,1262.61937956632,1378.90684276783,1523.53564987188,1557.21131062443,1633.86338932833,1623.48012689232,1574.84475911504,1612.43130205148,1612.22953620512,1699.73240740445,1735.08874376693,1788.47442583539,1836.95620548021,1801.2828820239,1735.83895157902,1795.6817303266,1937.32339633854,2123.49178972428,2177.50491871487,1946.21181666587,1968.30286182049,2070.46958170364,2065.97571745805,2067.9764736837,2154.35451877758,1946.16760616995,2032.98120427379,2124.6984823137,2039.34969353537,..,..
Chile,CHL,"Population, total",SP.POP.TOTL,13884577,14102276,14316256,14527381,14734046,14932434,15127799,15319313,15503635,15683849,15857925,16024752,16187322,16348778,16509195,16671581,16838988,17009731,17181464,17351816,17519119,17687006,17864195,18047625,18267221,18558868,18893191,19197744,19370624,19456334,19553036,19658835,19764771,..
Chile,CHL,Urban population (% of total population),SP.URB.TOTL.IN.ZS,83.4959351320883,83.7341884954788,84.0491405833779,84.4167268897386,84.8148594016272,85.2214501061097,85.6144109902521,85.9716540411206,86.2710912457813,86.4906345913002,86.6114115090282,86.6792973033246,86.7336754490112,86.7768244484887,86.8125123390851,86.8445071581285,86.8765769429469,86.9124897308683,86.9560135592209,87.0109164653326,87.0824943735696,87.1827777654221,87.3133701497978,87.4653320342387,87.6306290578181,87.8000295757281,87.9620493753008,88.1273685623538,88.2953490438375,88.4660511664452,88.6395352768685,88.8158617217972,88.9950908479196,..
China,CHN,"GDP per capita, PPP (constant 2021 international $)",NY.GDP.PCAP.PP.KD,2030.38636999332,2286.75974444182,2556.64057218097,2808.03403089611,3055.96977919745,3305.79061082131,3533.56587021506,3774.13766362641,4066.03627019859,4372.15705579934,4744.39855079794,5192.00604608587,5684.16873050981,6298.32318474516,7057.09993331646,8013.71568302247,8743.74491232188,9518.43214737204,10476.3123630451,11405.0172845617,12217.8543175465,13080.8288162668,13968.581485524,14856.7807604461,15772.7647598696,16757.9736318662,17806.7902349725,18820.5131033646,19215.1541703465,20843.2978347377,21499.3822834427,22687.0758723942,23845.6197217259,..
China,CHN,Carbon dioxide (CO2) emissions (total) excluding LULUCF (Mt CO2e),EN.GHG.CO2.MT.CE.AR5,2669.7881,2890.1814,3046.9201,3365.775,3340.2565,3437.3194,3522.0334,3447.7709,3647.8773,3825.0579,4133.073,4773.1082,5496.262,6235.6852,6922.8741,7522.0032,7752.2237,8319.1638,9106.0051,9955.7482,10270.741,10760.43,10881.1042,10749.8966,10773.7258,10999.4188,11527.5117,11813.0582,11964.1285,12551.8645,12518.6844,13021.242,13124.728,..
China,CHN,Energy use (kg of oil equivalent per capita),EG.USE.PCAP.KG.OE,756.63514647117,792.633509359554,821.273750333988,872.82633002387,884.894160616361,876.489344673065,872.405987083978,880.738578841902,898.07500446721,921.506436459842,976.159336791292,1105.13742396493,1249.04415339994,1369.79197119649,1490.18647938836,1595.46606847798,1629.97754209383,1728.61645229501,1899.79996108685,2027.46525356855,2085.21872095825,2137.32572690907,2177.55011435267,2175.1544486832,2149.2047500244,2215.91139022057,2310.87757050979,2397.96868908473,2465.96954605987,2623.79959356116,2676.48200976111,2850.94152906511,..,..
China,CHN,"Population, total",SP.POP.TOTL,1164970000,1178440000,1191835000,1204855000,1217550000,1230075000,1241935000,1252735000,1262645000,1271850000,1280400000,1288400000,1296075000,1303720000,1311020000,1317885000,1324655000,1331260000,1337705000,1345035000,1354190000,1363240000,1371860000,1379860000,1387790000,1396215000,1402760000,1407745000,1411100000,1412360000,1412175000,1410710000,1408975000,..
China,CHN,Urban population (% of total population),SP.URB.TOTL.IN.ZS,27.4598693847656,27.9900760650635,28.5098037719727,29.0403804779053,30.4798641204834,31.9099540710449,33.3501663208008,34.7797050476074,36.4320234662299,37.6597442626953,39.0897827148438,40.5302314758301,41.7600135803223,42.9899978637695,44.3430099487305,45.8892440795898,46.9895057678223,48.3417053222656,49.2340270628041,51.8300285339355,53.1003112792969,54.4900016784668,55.7502555847168,57.3297843933105,58.8399238586426,60.2402687072754,61.5001983642578,62.7099151611328,63.5234230266258,64.721076965332,65.2176361083984,65.5301448035523,65.8946980998325,..
Colombia,COL,"GDP per capita, PPP (constant 2021 international $)",NY.GDP.PCAP.PP.KD,10196.4329707468,10533.1149561734,10927.9389491607,11279.0004579347,11303.1308859186,11483.5050125907,11343.8799115733,10679.7092686089,10813.4942250011,10823.4504878807,10925.1485602082,11183.2911819793,11607.9384935105,11999.2549591305,12636.6246577724,13318.3033138168,13591.0609028567,13586.7518430982,14037.0642668639,14852.3699513061,15279.4790008058,15912.2471293239,16480.3631474161,16821.3801400631,17003.244366485,16986.0334182842,17104.1313545678,17336.7716030551,15861.4999291295,17383.0901728295,18458.7209460704,18382.9976800475,18477.2146664536,..
Colombia,COL,Carbon dioxide (CO2) emissions (total) excluding LULUCF (Mt CO2e),EN.GHG.CO2.MT.CE.AR5,58.3317,61.6574,61.3112,63.9859,63.1794,68.3639,68.74,60.2407,63.4164,63.0335,60.5863,60.0512,60.0947,61.8883,59.0498,61.245,61.1976,65.3215,68.1511,73.1683,73.6027,83.6349,84.9188,86.2165,88.4935,80.9994,85.3965,86.0607,84.3026,92.1683,88.3446,92.7973,95.0793,..
Colombia,COL,Energy use (kg of oil equivalent per capita),EG.USE.PCAP.KG.OE,756.692177645212,773.243001936413,789.486387374589,786.060906677407,789.1677416685,753.130766301886,764.880546840087,676.067038601537,667.583045920418,656.363849955728,633.502528932254,637.730006109548,631.890053306001,652.562904286665,678.542899481449,666.0281887489,691.923098284556,714.941179061526,700.696762170174,710.261245359868,681.235570018512,881.628352144932,885.243525415168,887.262025874734,910.977529760876,859.140165402896,816.327425217962,889.78306823908,810.052298592826,872.65899160931,851.232776568033,862.634681996071,..,..
Colombia,COL,"Population, total",SP.POP.TOTL,33760571,34441473,35127410,35804662,36462745,37121149,37792165,38454863,39089934,39709262,40324680,40937429,41543171,42128977,42691084,43235374,43758808,44271541,44777319,45259614,45715810,46151584,46565429,46969940,47437512,48131078,49024465,49907985,50629997,51188173,51737944,52321152,52886363,..
Colombia,COL,Urban population (% of total population),SP.URB.TOTL.IN.ZS,70.4190206034906,70.8733475069429,71.3349044726196,71.8237121859285,72.3326212825811,72.8506360383423,73.3667607289768,73.8699996302493,74.3493570179247,74.7938371677676,75.192444355543,75.5341828570154,75.8080569479496,76.004938901378,76.1619191918164,76.3144038775849,76.4596761810047,76.5964145836792,76.7232975672119,76.839003613206,76.942211203265,77.0315988189922,77.1058449419909,77.1636280538646,77.2036266362166,77.2245191706503,77.2804816598084,77.4595528518377,77.6382533537045,77.8339570326128,78.0464633137335,78.275571579544,78.5210811866115,..
Comoros,COM,"GDP per capita, PPP (constant 2021 international $)",NY.GDP.PCAP.PP.KD,2999.12250768543,3019.88376220683,2848.61899402647,2957.40898299767,2892.08263672469,2968.07724742894,2918.13300445377,2943.92006172568,2858.85692121457,2952.44235205824,3023.52434389434,3023.18985379149,3058.38338421434,3166.36268239583,3048.69236655028,3012.54746686894,3070.36952892496,3107.45297029798,3161.37481152565,3227.21653582919,3263.16316392712,3337.59859719238,3334.57512780965,3302.38635129322,3342.76677092883,3401.85239322573,3457.58685798732,3451.42139338772,3377.74564051638,3377.88518482587,3399.27830776976,3434.40177367723,3482.53486037478,..
Comoros,COM,Carbon dioxide (CO2) emissions (total) excluding LULUCF (Mt CO2e),EN.GHG.CO2.MT.CE.AR5,0.0405,0.0395,0.0394,0.0405,0.0419,0.0417,0.0529,0.0551,0.0901,0.0971,0.1004,0.1304,0.1402,0.1357,0.1617,0.1071,0.1066,0.1327,0.1559,0.1408,0.1454,0.1746,0.1545,0.1712,0.2004,0.2607,0.2073,0.226,0.2687,0.3972,0.4298,0.4383,0.4463,..
Comoros,COM,Energy use (kg of oil equivalent per capita),EG.USE.PCAP.KG.OE,..,..,..,..,..,..,..,..,..,..,..,..,58.5496225271395,62.4286078251729,69.4498415055403,66.4584302518775,..,..,..,..,..,..,..,..,..,..,..,..,..,..,..,..,..,..
Comoros,COM,"Population, total",SP.POP.TOTL,465113,473682,482142,490586,499107,507777,516597,525886,536080,547220,558923,569798,580704,592677,604753,616927,629307,641947,654836,668056,681630,696192,711503,726682,741741,756669,771590,786578,802163,818174,834188,850387,866628,..
Comoros,COM,Urban population (% of total population),SP.URB.TOTL.IN.ZS,28.4656667857423,28.4403314078112,28.3994895148917,28.3468419976372,28.286089746701,28.2209336527364,28.1550746063967,28.0922134983353,28.0360512192055,27.9902886596605,27.9586267103537,27.9448864609618,27.9596300229124,28.016895208368,28.1143215973031,28.2493321448949,28.4193498063202,28.6217975367563,28.8540982913801,29.1136750253686,29.397950693899,29.7043482521482,30.0302906552932,30.3732008585112,30.7305018169792,31.0996559689293,31.4073645195839,31.7287584068243,32.0638072194881,32.4124444313246,32.7746035528748,33.1502180946901,33.5392215673301,..
"Congo, Dem. Rep.",COD,"GDP per capita, PPP (constant 2021 international $)",NY.GDP.PCAP.PP.KD,1842.5484850692,1538.39690696229,1410.05655375361,1362.1877957229,1322.58011961553,1228.39076846803,1176.05049796489,1088.65043725373,981.422080026496,930.8578260745,929.452807092197,953.044643237975,987.746920877671,1016.6338907666,1036.13329616563,1091.0040733455,1136.9467210438,1108.57506967795,1158.01422439658,1205.73984565432,1267.23827814087,1342.74156112016,1392.75841334673,1433.21579814709,1388.80163211633,1395.71961761712,1431.7285269693,1394.76461472893,1361.02791099008,1402.38560295221,1484.33841881449,1559.33806475859,1602.074979895,..
"Congo, Dem. Rep.",COD,Carbon dioxide (CO2) emissions (total) excluding LULUCF (Mt CO2e),EN.GHG.CO2.MT.CE.AR5,1.6293,1.5711,2.484,2.3163,2.5608,2.5678,2.5566,2.3625,1.8775,1.8252,1.9148,2.3194,2.2153,2.4833,2.5521,2.8192,2.8927,2.8105,2.9456,3.369,3.0164,3.3303,3.7162,3.5927,2.9906,3.2547,4.1619,4.4459,4.6314,4.6277,6.2475,6.1404,6.2096,..
"Congo, Dem. Rep.",COD,Energy use (kg of oil equivalent per capita),EG.USE.PCAP.KG.OE,306.67618026523,301.831840128151,288.919935754659,288.923002560147,293.054190992552,293.452619115135,292.579860554724,283.698094549272,275.387991752247,275.762066091527,276.777259129011,278.852304991619,281.570244519871,283.637336009607,285.454693557021,287.041319589996,288.80618607177,288.416335052288,289.77384157959,297.445424445388,355.439956409565,357.441615003334,359.366872219799,358.542081264932,355.065446444122,342.47376862199,339.760214710945,334.541728823177,372.066377241717,394.033246290347,390.899911233015,..,..,..
"Congo, Dem. Rep.",COD,"Population, total",SP.POP.TOTL,39228910,40656336,42626876,44433704,45296124,46029902,47297600,48912971,50507442,52132646,53750524,55343867,56997741,58775724,60615908,62477752,64390664,66412044,68563038,70849311,73254618,75789395,78403242,81035531,83956415,87083398,90047644,92947442,95989998,99148932,102396968,105789731,109276265,..
"Congo, Dem. Rep.",COD,Urban population (% of total population),SP.URB.TOTL.IN.ZS,31.1112109993961,31.5480979038271,31.9966004745173,32.4561710395319,32.9262619269359,33.4063254647945,33.8958139811728,34.3941798041357,34.9008752617485,35.4153526820763,35.937064393184,36.4654627231369,37,37.4018738621901,37.8024827128113,38.201781337298,38.5997245210844,38.9962670496049,39.391363708294,39.7849692825859,40.1770385579151,40.5675263197158,40.9563873534225,41.3435764444694,41.7290483782911,42.1127579403217,42.4946599159958,42.8747090907476,43.2528602500115,43.6290681792218,44.003287663813,44.3754734892194,44.7455804408753,..
"Congo, Rep.",COG,"GDP per capita, PPP (constant 2021 international $)",NY.GDP.PCAP.PP.KD,8636.63719209923,8302.69726834941,7617.60750274811,7701.32468533336,7812.04779971641,7599.04815388587,7711.6321257605,7312.32665071621,7570.58279297342,7567.43916817104,7729.3889014189,7577.45630456352,7577.44597274153,7876.11806658285,8192.57979719023,7375.82454100145,7587.28826163492,8138.45033818822,8583.66179834288,8492.42098392103,9079.68656400891,8798.49382506314,9159.25664414045,8977.70681641417,8001.8255194505,7372.77046737599,7029.33651566257,6939.36913397466,6350.50913409722,6263.21161292636,6205.1050414034,6172.28776650683,6181.47071635967,..
"Congo, Rep.",COG,Carbon dioxide (CO2) emissions (total) excluding LULUCF (Mt CO2e),EN.GHG.CO2.MT.CE.AR5,2.3728,2.3419,2.1441,2.7302,3.2864,3.3844,4.0266,4.169,4.5119,4.3989,2.8595,3.5666,3.6199,4.3306,4.8177,4.2647,4.4322,4.9164,5.2916,4.8514,4.4794,5.4392,5.2771,5.7506,5.5904,5.5312,6.422,7.2394,7.403,7.108,8.3582,7.8674,8.4568,..
"Congo, Rep.",COG,Energy use (kg of oil equivalent per capita),EG.USE.PCAP.KG.OE,322.349269508601,314.902577029456,263.663445126073,292.673986038613,268.251017538648,251.271604579446,246.025608029408,235.74510235322,225.662303752435,243.309874139573,239.240008598283,274.55383829075,283.381960024439,293.789280034956,369.707983010852,316.33461657179,327.786840368286,359.405355169563,375.619909098947,484.212624823738,539.866446808636,553.991199731793,535.524998656392,552.356622008088,561.321718306384,548.018753920295,552.165155128985,582.586127914209,586.736109679603,588.291763608764,627.585966198745,..,..,..
"Congo, Rep.",COG,"Population, total",SP.POP.TOTL,2519465,2595124,2673144,2749461,2826785,2887862,2952061,3032874,3151345,3272537,3350771,3445753,3565554,3696393,3837409,3980430,4113517,4281219,4462290,4609724,4740450,4857099,4975880,5097581,5222536,5351011,5483118,5616661,5752791,5892183,6035104,6182885,6332961,..
"Congo, Rep.",COG,Urban population (% of total population),SP.URB.TOTL.IN.ZS,55.2939906807182,55.6492692925447,56.0168777305696,56.4068153474735,56.8293178931295,57.2976513812709,57.8079287900723,58.345204994721,58.8947380255871,59.4417859130405,59.9716066874511,60.4694583791889,60.9205990186239,61.310286636126,61.6237792620651,61.8502563370293,62.0354815675203,62.2172294650265,62.3922871058739,62.5597508130231,62.7187169094345,62.8682817180686,63.0075415618859,63.135592763847,63.2515316469123,63.3544545340423,63.4434577481975,63.5176376123385,63.5760904494257,63.6179125824196,63.6422003342807,63.6626757615625,63.8866111699904,..
Costa Rica,CRI,"GDP per capita, PPP (constant 2021 international $)",NY.GDP.PCAP.PP.KD,11626.8361274299,12144.4487480733,12385.4545660782,12593.2255061637,12467.6212160351,12856.5832725459,13481.0594799651,13760.9236981946,14018.7425010386,14250.4627491739,14495.9925105457,14891.3398216888,15323.2892201469,15703.9624720506,16620.1356432064,17743.6227382356,18334.0135988616,17932.6147807275,18660.9198222783,19254.9142153099,19960.7933253035,20232.2670799446,20724.9217693423,21254.7840932049,21925.6000803999,22622.5534502517,23005.3121471794,23364.783127574,22211.8613921698,23852.9253020002,24831.7193480342,25979.6286150717,26973.4361580719,..
Costa Rica,CRI,Carbon dioxide (CO2) emissions (total) excluding LULUCF (Mt CO2e),EN.GHG.CO2.MT.CE.AR5,4.2433,4.2651,5.0045,4.9676,4.7451,4.6808,5.1796,5.1692,5.1314,5.5322,5.6463,6.0688,6.1802,6.3561,6.9054,7.7137,7.6303,7.3188,7.2362,7.6984,7.6394,7.9353,8.0462,7.7578,8.2325,8.396,8.4405,8.193,7.1754,8.0531,8.1977,8.0978,8.3763,..
Costa Rica,CRI,Energy use (kg of oil equivalent per capita),EG.USE.PCAP.KG.OE,699.747502406979,696.372672215343,669.457713366108,666.897511306574,654.286251523747,647.721666517138,630.181129897646,680.662081976,729.765643709357,721.224052506606,749.371708338678,788.059466397896,921.916666058511,908.919718136397,974.343838741737,1014.83038205,1006.22785721082,1002.15369604859,998.694530541271,992.84219730848,1017.65462461791,1060.1064484558,1064.11783400047,1024.45144520777,1001.15093508133,972.752740541664,950.307226341185,996.673606298647,948.979659241415,996.593947554107,1009.21522950084,1025.14935705085,..,..
Costa Rica,CRI,"Population, total",SP.POP.TOTL,3284258,3367434,3451122,3535176,3619013,3701711,3782838,3862101,3937739,4008947,4075705,4138784,4200078,4261240,4321340,4380248,4440056,4499791,4555962,4609833,4663934,4716147,4767119,4818038,4866998,4913177,4957818,4999553,5034320,5059988,5081765,5105525,5129910,..
Costa Rica,CRI,Urban population (% of total population),SP.URB.TOTL.IN.ZS,50.4777876082162,51.4878248016624,52.529254822996,53.5950954268308,54.6783643677805,55.7720794004588,56.8692582794794,57.962918759456,59.0462378975394,60.1427600448608,61.2787633575946,62.4518059303802,63.6596013546005,64.8998632216384,66.1703051228767,67.4686406496983,68.7925833934861,70.1398469456228,71.5081448974915,72.8426586679914,73.3895020668217,73.9431776192863,74.4866963181212,75.0198195767549,75.5423088085047,76.0539254265608,76.5544308439668,77.0435864735963,77.5211537281257,77.9868940200009,78.4405687613972,78.8819393641702,79.3107672397967,..
Cote d'Ivoire,CIV,"GDP per capita, PPP (constant 2021 international $)",NY.GDP.PCAP.PP.KD,4843.29349256353,4645.46750871805,4502.45953404415,4638.75732482502,4807.42428178026,5072.59703802667,5093.13169438529,4987.35708530265,4838.34023729938,4609.14469395303,4368.92808837279,4060.00038038427,4088.94517328472,4032.24588029846,4049.26032962496,3999.69095682208,4096.72346918931,4151.05360874982,4338.65248394142,4017.40782040208,4234.18055593319,4597.18635239866,4907.57450294516,5110.86240809881,5320.84646239855,5556.11366322898,5670.20005356688,5894.87874674153,5787.81533309018,6045.20480490879,6272.26395759415,6520.89886460031,6747.03796777388,..
Cote d'Ivoire,CIV,Carbon dioxide (CO2) emissions (total) excluding LULUCF (Mt CO2e),EN.GHG.CO2.MT.CE.AR5,3.0521,3.2383,3.3846,3.703,4.6321,5.639,5.4647,7.2972,6.9672,6.987,7.3874,5.8144,5.9957,6.3955,6.2787,6.2349,6.9185,6.4113,7.3149,7.0784,9.0202,9.801,10.4591,11.265,11.4035,12.33,12.3432,13.1832,13.2881,17.2006,18.4103,17.925,18.811,..
Cote d'Ivoire,CIV,Energy use (kg of oil equivalent per capita),EG.USE.PCAP.KG.OE,369.364695221915,367.602465008283,362.145601848293,346.984629535557,374.944288632764,368.164390395265,353.64180757645,408.120587715421,383.698511747895,359.274350379988,374.217410519231,345.063532585105,474.644512103845,479.367342054554,460.427068503443,484.162880249649,475.685968287363,426.33967683994,369.59298919728,412.202996239574,442.184553267778,446.309801337907,438.71877312695,383.892794978009,391.655583364613,392.585250514189,358.541401840133,364.149863069511,375.317183892023,468.414497630569,471.775424802239,..,..,..
Cote d'Ivoire,CIV,"Population, total",SP.POP.TOTL,13200310,13735951,14287201,14855565,15442312,16047170,16663948,17215935,17699004,18178913,18654771,19125542,19595000,20068458,20546802,21030558,21514439,21997940,22488065,22982000,23467078,23939775,24527395,25246342,25989405,26733372,27464173,28193009,28915449,29639736,30395002,31165654,31934230,..
Cote d'Ivoire,CIV,Urban population (% of total population),SP.URB.TOTL.IN.ZS,40.3003187081632,40.6225907203425,40.9534345569096,41.2920870145192,41.6377848898263,41.9897649794856,42.3472061187643,42.710690759617,43.0840065011913,43.4670149035012,43.859032147728,44.2593744150531,44.667357886658,45.082298743724,45.5035131674326,45.930317338965,46.3620274395029,46.7979596502274,47.2374301523201,47.6797551269623,48.1242507553354,48.5702332186208,49.0173144557368,49.4694894689553,49.929991034032,50.3977309654344,50.8718477756395,51.3514799771241,51.8357660823651,52.3183461956059,52.8492549676673,53.4075201638704,53.9733113940142,..
Croatia,HRV,"GDP per capita, PPP (constant 2021 international $)",NY.GDP.PCAP.PP.KD,17020.237492582,15570.4034135024,16301.7534515002,17522.7498076067,18849.9814058229,20110.5137958092,20575.9739779999,20489.6776798468,21302.2503684536,22826.6244928741,24137.1144281543,25473.9055156884,26528.8871708586,27641.2061841194,29035.5295382035,30508.2798073417,31113.8644665737,29024.7588699632,28702.0030009381,28769.3294749331,28259.3454882464,28397.8562080945,28456.7371595258,29466.6996894141,30821.1637498177,32348.9341876482,33729.9071211239,35122.8508251139,32493.3121954167,36930.2841941405,39864.0100879958,41320.2032633085,42829.1978370384,..
Croatia,HRV,Carbon dioxide (CO2) emissions (total) excluding LULUCF (Mt CO2e),EN.GHG.CO2.MT.CE.AR5,16.3882,16.6468,15.9744,16.5015,17.2043,18.3106,19.0275,19.9381,19.378,20.5434,21.359,22.7487,22.7281,22.8507,23.0366,24.5057,23.3221,21.6731,20.9405,20.4541,18.7872,18.3813,17.6771,18.0245,18.2746,18.7971,17.7661,17.9722,17.1915,17.5067,17.6346,18.6644,18.6796,..
Croatia,HRV,Energy use (kg of oil equivalent per capita),EG.USE.PCAP.KG.OE,1613.31787517833,1637.31593715078,1576.32857698638,1636.96263245329,1798.12487711752,1849.47934080476,1860.80285870134,1934.78219488023,1882.60707106679,2033.21443990495,2081.90027621886,2229.34173996566,2228.32579300293,2260.50892445087,2247.14619166641,2335.40182770311,2276.1355193129,2199.79195573117,2181.04401120231,2137.20950653716,2020.48417283556,1990.54136695236,1909.83580091578,2018.54259233172,2057.18869470229,2159.96952184034,2127.63878608554,2173.19836034448,2104.84530641676,2212.49721053261,2154.95483266747,2237.23369863861,..,..
Croatia,HRV,"Population, total",SP.POP.TOTL,4575818,4600463,4652024,4620030,4557097,4534920,4532135,4512597,4468302,4299642,4302174,4303399,4304600,4310145,4311159,4310217,4309705,4305181,4295427,4280622,4260368,4233922,4201598,4151725,4106867,4041407,3988775,3949390,3914206,3878981,3855641,3859686,3866200,..
Croatia,HRV,Urban population (% of total population),SP.URB.TOTL.IN.ZS,54.5675850528016,54.7798436680054,54.9772628749087,55.1568369839241,55.3155603054641,55.4504271499415,55.5584318277687,55.6365686493584,55.6818319251231,55.6913829056559,55.6745468592554,55.6386960202113,55.5890878734365,55.5307217475444,55.4685969711483,55.4077128728613,55.3530687812969,55.3096640250682,55.2824979327886,55.2773793281248,55.3042888624873,55.3659479687433,55.4591834926844,55.5812594509004,55.7294398599808,55.9009887365155,56.093170097094,56.303247958306,56.5284863367411,56.7683502560171,56.9977571733605,57.2431560672198,57.5158981711443,..
Cuba,CUB,"GDP per capita, PPP (constant 2021 international $)",NY.GDP.PCAP.PP.KD,..,..,..,..,..,..,..,..,..,..,..,..,..,..,..,..,..,..,..,..,..,..,..,..,..,..,..,..,..,..,..,..,..,..
Cuba,CUB,Carbon dioxide (CO2) emissions (total) excluding LULUCF (Mt CO2e),EN.GHG.CO2.MT.CE.AR5,23.9171,21.8742,22.5031,23.9447,25.934,28.3832,27.863,28.6425,28.9959,27.8233,26.5653,25.7977,25.3168,26.2056,26.7903,27.6113,26.6685,26.9425,28.1815,27.7479,28.8886,29.0223,26.9056,29.4411,27.3043,26.5091,26.7819,22.292,18.4817,21.7552,19.7637,20.0277,21.0042,..
Cuba,CUB,Energy use (kg of oil equivalent per capita),EG.USE.PCAP.KG.OE,1170.21590412447,972.44217120154,998.032087316578,994.182505276393,1081.97615394605,1108.01445769321,1035.20266546649,1073.37773882122,1146.62965504967,1116.77994621466,1037.52939903133,1029.43346967314,1003.51882706152,946.329944254021,943.950122138325,896.176370398525,951.380570130012,922.433325080438,1000.18410148569,969.828922638862,989.672645686508,939.539657450213,957.502047515328,977.911020303909,960.436964626777,923.435423623599,879.967792727537,865.534592725481,854.374889761112,814.636458485932,815.615862798832,..,..,..
Cuba,CUB,"Population, total",SP.POP.TOTL,10785801,10841031,10886021,10925362,10962010,10997934,11034712,11072230,11109109,11144132,11177418,11209383,11238756,11262554,11278550,11287272,11291762,11294719,11297409,11301571,11303175,11298167,11285775,11275065,11265612,11247829,11227118,11202846,11176354,11122168,11059820,11019931,10979783,..
Cuba,CUB,Urban population (% of total population),SP.URB.TOTL.IN.ZS,74.4140930175781,74.4948654174805,74.5084381103516,74.5832290649414,74.784049987793,75.0676345825195,75.3100128173828,75.3816833496094,75.635383605957,75.887565612793,75.8514891112497,75.8636638735113,75.917681659226,76.0033319545493,76.1121531072403,76.2356834650585,76.365461375763,76.4930251871133,76.6099132468685,76.707663902788,76.7776920066844,76.81640625,76.8442459106445,76.8702850341797,76.9115829467773,76.9603271484375,77.0156326293945,77.0728225708008,77.1080322265625,77.0987701416016,77.1056060791016,77.1259872296321,77.1664929228275,..
Curacao,CUW,"GDP per capita, PPP (constant 2021 international $)",NY.GDP.PCAP.PP.KD,..,..,..,..,..,..,..,..,34307.1247870579,35339.0645793445,35435.9972909346,34812.7908924081,34288.7399622733,33651.5043118952,33334.856514074,33490.2548894598,33795.1308443427,33397.3971262631,33004.554021481,32704.3556352667,32320.8769567577,31753.384552981,31128.647036239,30861.3205298178,30209.7882652792,29729.1010079753,29256.8154066419,28659.6557023251,23669.7707733018,24905.7684453244,26734.6457811916,27617.9204919042,28762.058180431,..
Curacao,CUW,Carbon dioxide (CO2) emissions (total) excluding LULUCF (Mt CO2e),EN.GHG.CO2.MT.CE.AR5,..,..,..,..,..,..,..,..,..,..,..,..,..,..,..,..,..,..,..,..,..,..,..,..,..,..,..,..,..,..,..,..,..,..
Curacao,CUW,Energy use (kg of oil equivalent per capita),EG.USE.PCAP.KG.OE,10501.7044826017,8854.40813463122,8996.97465827712,9055.60324903582,9222.04468749573,16168.0449282169,18842.8899122431,14703.0318928324,15737.4929646986,16822.3232965303,16514.1127118309,15429.1801756291,15940.4432872767,14857.2079227624,14173.7542929601,15739.9605046222,14857.6293771313,15357.3651335183,13360.0021450019,14346.8108243342,14573.1049283609,13626.2436481406,14937.500719369,15175.8915126441,12894.4531964629,10612.5565556293,9497.71301546317,5972.17142455573,5080.24893387534,5441.31998240944,5649.73104335971,..,..,..
Curacao,CUW,"Population, total",SP.POP.TOTL,143912,144299,144630,145139,146306,146956,144472,139428,133860,129047,129205,131897,134192,137658,141239,144056,145880,146833,148703,150831,152088,153822,155909,157980,159664,160175,159336,157441,155482,153948,153321,154654,155967,..
Curacao,CUW,Urban population (% of total population),SP.URB.TOTL.IN.ZS,85.0998746479707,85.6585187944984,86.3868003016417,87.2231241478651,88.1058856503431,88.9734801262502,89.7643028927608,90.4167492670495,90.8692145662905,91.060147058155,91.0970316517813,91.1278267399674,91.1534053060108,91.1746923604573,91.1926129138527,91.2080919767428,91.2220545596735,91.2354256731905,91.2491303278397,91.2639416184104,91.2791300612311,91.2938785868797,91.3082030810948,91.3220471649755,91.3353544596205,91.3480685861287,91.3601331655991,91.3714918191305,91.3820881678218,91.391865832772,91.4007684350799,91.4080929292235,91.4321812441765,..
Cyprus,CYP,"GDP per capita, PPP (constant 2021 international $)",NY.GDP.PCAP.PP.KD,28931.935546875,28439.33203125,29500.74609375,31393.376953125,31282.73828125,31656.9609375,33182.125,34452.8671875,36121.81640625,37146.99609375,38090.93359375,38617.97265625,40020.08984375,41362.265625,42595.37890625,43823.94140625,44295.8125,42253.5625,42102.45703125,41212.859375,39190.3828125,36650.72265625,36105.05078125,37258.65234375,39501.015625,41418.16015625,43510.2109375,45454.36328125,43402.5390625,47632.76953125,50623.796875,51453.7265625,52635.58203125,..
Cyprus,CYP,Carbon dioxide (CO2) emissions (total) excluding LULUCF (Mt CO2e),EN.GHG.CO2.MT.CE.AR5,5.4901,5.747,5.9913,5.861,6.2236,6.3122,6.6171,6.8778,7.1329,6.9985,7.176,7.8441,7.7891,7.906,8.0115,8.3089,8.4942,8.2874,7.9141,7.6571,7.1222,6.4407,6.8173,6.8562,7.2219,7.3632,7.214,7.2168,6.8024,6.9192,7.2231,7.2032,7.3411,..
Cyprus,CYP,Energy use (kg of oil equivalent per capita),EG.USE.PCAP.KG.OE,1945.45068816727,2049.36379971898,2292.58037960181,1974.09617155896,2153.27326247657,2065.65425367285,2170.96782770879,2142.09657234761,2264.91863707719,2202.31996036706,2193.91481710233,2345.28181012039,2162.85328059404,2161.54002386306,2209.33213219678,2293.75458684904,2399.21662682596,2311.55219411824,2192.46748939146,2093.44029665285,1936.16516091053,1646.32678982431,1659.57813297538,1677.40248205105,1761.87442919766,1794.01732213218,1773.61456364017,1758.05457120745,1638.57191138119,1666.21660995085,1682.70492545045,1672.78575414138,..,..
Cyprus,CYP,"Population, total",SP.POP.TOTL,810341,826034,844667,862695,880290,897568,914548,931234,947667,964127,981440,999590,1017875,1036151,1054418,1072714,1091026,1109371,1127816,1146493,1165397,1183895,1201801,1219502,1237112,1254275,1270737,1286671,1302247,1317309,1331370,1344976,1358282,..
Cyprus,CYP,Urban population (% of total population),SP.URB.TOTL.IN.ZS,67.6074573603626,67.802111495789,67.9900353030289,68.1691720632769,68.3349402485415,68.4827583308314,68.6080447821551,68.706218074521,68.7726966799379,68.8024068077544,68.7863589370716,68.7120973207373,68.5908141437316,68.4340674211981,68.2534151682801,68.0604154001212,67.8666261318649,67.6836053786548,67.5229111556342,67.3979892758544,67.3010289148738,67.2102333625375,67.1230558819804,67.0402477918073,66.9625604106231,66.8907450570326,66.8255530496405,66.7677357070518,66.7180443478713,66.6718365394971,66.6694829407584,66.6739477522639,66.6824259192483,..
Czechia,CZE,"GDP per capita, PPP (constant 2021 international $)",NY.GDP.PCAP.PP.KD,24584.3299626051,24573.9914877529,25279.7917961729,26869.0197149398,28021.6704584336,27884.7397585343,27801.4387801408,28213.4555005997,29427.4070011514,30399.8730764283,30919.5496618702,31949.2963145034,33452.3408000614,35535.7479961511,37786.8781740905,39629.0061324728,40328.3426630095,38175.1422773334,39097.3886218756,39708.1626280195,39347.0492956846,39317.5535692377,40158.0164275735,42066.5759800801,43069.4659744727,45177.5226053634,46301.082036029,47763.6165520254,45119.9387309139,47796.0337408466,48390.661678675,47558.4106763314,47963.8968485782,..
Czechia,CZE,Carbon dioxide (CO2) emissions (total) excluding LULUCF (Mt CO2e),EN.GHG.CO2.MT.CE.AR5,144.3788,139.8456,134.3629,133.5916,137.3993,134.0144,127.9685,119.7174,132.3167,132.2272,127.4031,130.6674,131.5325,129.0481,130.7913,132.3365,126.1208,119.7126,120.9946,118.1188,114.029,109.5328,107.2391,108.2916,109.8148,110.3808,109.3448,103.7793,94.8596,99.5152,97.6888,85.6093,77.7492,..
Czechia,CZE,Energy use (kg of oil equivalent per capita),EG.USE.PCAP.KG.OE,4268.64538718391,4130.59833806784,3986.81722728547,4042.6111862471,4173.39126046219,4210.18489983704,4077.81993207968,3809.01218474787,4021.61848184496,4141.00267465915,4201.38475973945,4387.20916861071,4486.66998957412,4431.36895897075,4519.45697588637,4485.47979116894,4360.02770432797,4077.69663054804,4308.57118358445,4144.39895277279,4109.54462324211,4110.99172821634,3984.15406100189,3982.18836315647,3927.72515918366,4089.51341285553,4081.41868670154,4002.2461173426,3764.47161158552,4056.31700066788,3895.62928915395,3509.34804885656,..,..
Czechia,CZE,"Population, total",SP.POP.TOTL,10319123,10329855,10333587,10327253,10315241,10304131,10294373,10283860,10255063,10216605,10196916,10193998,10197101,10211216,10238905,10298828,10384603,10443936,10474410,10496088,10510785,10514272,10525347,10546059,10566332,10594438,10629928,10671870,10697858,10505772,10672118,10864042,10905028,..
Czechia,CZE,Urban population (% of total population),SP.URB.TOTL.IN.ZS,75.0901441347259,74.9830160311069,74.8537367272699,74.7092872936794,74.5566488007996,74.4028023190951,74.2547289190302,74.1194096710694,74.0038256456769,73.9131752504002,73.8360067578753,73.7649150201353,73.6991647167017,73.6375545423198,73.578883191735,73.5219493596925,73.4655517409377,73.4084890302159,73.3495599222723,73.2878338394746,73.2249239592898,73.1622186934979,73.0995921041469,73.0370442874355,72.9745753395623,72.9121853567256,72.8498744351241,72.7876426709563,72.7254901604208,72.6810594374316,72.6967638379524,72.7352388396817,72.7947984592185,..
Denmark,DNK,"GDP per capita, PPP (constant 2021 international $)",NY.GDP.PCAP.PP.KD,47540.9254822308,47345.4134295964,49684.138577862,50927.5478357083,52106.5619034914,53534.6146433982,54581.4122543301,56015.3553380174,57907.5020603903,58248.553927359,58327.8281608342,58425.9658939096,59893.0929898784,61137.6803582961,63262.7404572232,63604.5626658193,62968.1612290596,59516.5093273659,60190.6346060499,60729.0557255127,60497.6919146995,61085.0312821103,61552.7997775157,62405.7161942122,63823.4502019665,65352.3988081353,66238.705427981,67131.4657009734,65744.4367251959,69715.1809680929,69475.3198650883,69379.22000847,71431.2926242287,..
Denmark,DNK,Carbon dioxide (CO2) emissions (total) excluding LULUCF (Mt CO2e),EN.GHG.CO2.MT.CE.AR5,57.3933,59.7149,63.6949,60.5926,74.0179,64.2514,60.2555,57.2769,53.1494,54.7427,54.2604,59.6907,54.1158,50.6492,58.5998,53.8693,50.6018,48.4089,48.56,43.4849,38.5966,40.3352,36.1972,34.0712,35.6784,33.5457,33.5379,30.0794,27.7879,29.5641,28.4942,26.2104,25.5708,..
Denmark,DNK,Energy use (kg of oil equivalent per capita),EG.USE.PCAP.KG.OE,3562.82145818303,3646.52089759252,3761.11016678955,3707.41092964335,4172.12941575212,3849.84990295516,3773.46075884024,3604.16901055628,3491.17168608231,3586.44822949877,3536.23974586372,3729.38314390985,3598.35312921664,3484.59359006274,3729.69717999863,3626.53224599977,3502.69455323849,3359.26672454922,3498.02225565498,3218.55317400981,3072.08722081193,3075.55142847176,2881.05250715935,2847.9879109495,2891.02688317679,2896.57067618882,2870.41628591658,2757.24986480703,2637.04300572344,2756.12264765988,2580.54319180783,2482.85667093368,..,..
Denmark,DNK,"Population, total",SP.POP.TOTL,5171370,5188628,5206180,5233373,5263074,5284991,5304219,5321799,5339616,5358783,5375931,5390574,5404523,5419432,5437272,5461438,5493621,5523095,5547683,5570572,5591572,5614932,5643475,5683483,5728010,5764980,5793636,5814422,5831404,5856733,5903037,5946952,5976992,..
Denmark,DNK,Urban population (% of total population),SP.URB.TOTL.IN.ZS,84.8829479724314,84.9196035564477,84.960190029235,85.0012191836328,85.0392028124808,85.0706527086185,85.0920806648854,85.0999984741211,85.0999984741211,85.188307882087,85.3000030517578,85.4199981689453,85.7130276911593,86.0059706832865,86.2501288149818,86.4251464366349,86.583137512207,86.7617653139929,86.8652420043945,87.1567653955846,87.2336196899414,87.5436524760432,87.6823985731907,87.7254056577329,87.6999969482422,88.0161943799509,88.1059762310689,88.2096490810669,88.2394485473632,88.2616449318149,88.3880239837703,88.552638542867,88.6960552688405,..
Djibouti,DJI,"GDP per capita, PPP (constant 2021 international $)",NY.GDP.PCAP.PP.KD,..,..,..,..,..,..,..,..,..,..,..,..,..,..,..,..,..,..,..,..,..,4469.07409933135,4705.04926772184,4961.8681860592,5226.50026106607,5421.95649149613,5590.50426604853,5809.30455041341,5791.47767679877,5960.10807396825,6180.67998594606,6510.67859061619,6871.12440453129,..
Djibouti,DJI,Carbon dioxide (CO2) emissions (total) excluding LULUCF (Mt CO2e),EN.GHG.CO2.MT.CE.AR5,1.0504,1.0325,1.0572,1.0771,1.1156,1.1176,1.1439,1.1936,0.7336,0.755,0.7829,0.8269,0.7915,0.7541,0.7235,0.7502,0.8069,0.7283,0.8116,0.6271,0.796,0.8754,0.8835,0.8163,0.7455,0.6766,0.7356,0.8336,0.7459,0.8197,0.8668,0.88,0.8947,..
Djibouti,DJI,Energy use (kg of oil equivalent per capita),EG.USE.PCAP.KG.OE,..,..,..,..,..,..,..,..,..,..,..,..,160.992780744779,165.640450589692,167.102144983897,163.51677705002,..,..,..,..,..,..,..,..,..,..,..,..,..,..,..,..,..,..
Djibouti,DJI,"Population, total",SP.POP.TOTL,626010,614245,626710,633074,648348,671817,699352,724218,747318,771313,795574,813519,826124,839167,855764,874528,892734,911527,930251,948558,966747,984824,1002717,1020313,1037653,1054841,1071882,1088709,1105188,1121248,1137096,1152944,1168722,..
Djibouti,DJI,Urban population (% of total population),SP.URB.TOTL.IN.ZS,76.0505618940741,75.9104671311523,75.691109845553,75.4038861624412,75.060192206982,74.6714241043403,74.2489779796812,73.8042499581697,73.3486361649708,72.8935327252495,72.4503357641707,72.0304414068997,71.6452457786012,71.3061450044404,71.0245352095823,70.8118125191918,70.6793730584341,70.6383251554484,70.6486554782903,70.6776532458676,70.7266311335377,70.7969331287484,70.8899032189478,71.0068853915837,71.1492236341041,71.318261933957,71.5153442785902,71.7418146554518,71.9990170519895,72.2882954556515,72.6109938538856,72.8408245988921,72.9052635052978,..
Dominica,DMA,"GDP per capita, PPP (constant 2021 international $)",NY.GDP.PCAP.PP.KD,11747.6117144571,11982.8592553573,11979.3992504496,12343.9001238545,12737.8972359049,13037.1491313755,13563.4528199459,13661.6785774172,14054.6548016043,14091.5491387572,13640.70330575,14398.0017636834,14962.2456326016,15080.5206040984,15727.7053232323,16560.5179009944,17738.0405685048,17534.0339616963,17516.7879573152,17475.0411061698,17431.1288003063,17282.6368040368,17520.8546265613,16920.9126555668,17364.0773046793,16314.2295558891,16877.1244880642,17619.4335416769,14919.5307686719,15808.9743503945,17550.8009946466,18278.2253401989,18739.3640404986,..
Dominica,DMA,Carbon dioxide (CO2) emissions (total) excluding LULUCF (Mt CO2e),EN.GHG.CO2.MT.CE.AR5,0.0216,0.0388,0.0512,0.0589,0.0646,0.0622,0.0361,0.0619,0.0542,0.0545,0.0492,0.056,0.0598,0.0589,0.0625,0.0756,0.0736,0.075,0.0773,0.0595,0.0543,0.0599,0.0669,0.0724,0.0777,0.0692,0.0715,0.0862,0.0771,0.0764,0.0812,0.0814,0.0843,..
Dominica,DMA,Energy use (kg of oil equivalent per capita),EG.USE.PCAP.KG.OE,..,..,..,..,..,..,..,..,..,..,..,..,568.107328584539,596.502458754037,610.41188268465,624.573329266344,..,..,..,..,..,..,..,..,..,..,..,..,..,..,..,..,..,..
Dominica,DMA,"Population, total",SP.POP.TOTL,69325,69433,69477,69469,69410,69299,69124,68870,68511,68288,68367,68531,68649,68734,68806,68847,68854,68864,68859,69053,69118,69715,70373,70410,69606,68496,68174,67880,67573,67202,66826,66510,66205,..
Dominica,DMA,Urban population (% of total population),SP.URB.TOTL.IN.ZS,64.6328384371474,64.7417175067339,64.8258587618353,64.8928347425124,64.9502179888262,65.0055810408374,65.0664964386069,65.1405367221955,65.2352744316641,65.3586067945228,65.5209250395792,65.7244163144059,65.9653093849432,66.2400724917823,66.5451738755145,66.877081776731,67.232264436023,67.6071900939817,67.9983269911984,68.3978165602727,68.754609337094,69.119704197722,69.4907847110252,69.8679153463528,70.2511605730541,70.6405848604787,71.0362526779762,71.4382284948964,71.846576780589,72.2613620044042,72.682648635692,73.1105011438027,73.5449839980866,..
Dominican Republic,DOM,"GDP per capita, PPP (constant 2021 international $)",NY.GDP.PCAP.PP.KD,7900.76809265865,8318.49178576126,8372.07169739279,8685.01648557062,9036.88352149896,9671.14817881707,10150.4460178993,10582.0775939337,10896.3184155964,10991.1363420488,11313.0690271273,11000.8684059352,11131.2709216332,12022.5080544053,12961.9183632133,13754.9212674095,14030.1411084465,13992.4103270189,14975.0010126958,15258.0858148503,15487.2776356321,16054.7677297656,16993.587444403,17973.1870256815,18968.9752386179,19501.8743054078,20662.848586153,21451.286441995,19545.4099552943,22053.4589869955,22986.95808105,23282.4895071054,24229.8894872915,..
Dominican Republic,DOM,Carbon dioxide (CO2) emissions (total) excluding LULUCF (Mt CO2e),EN.GHG.CO2.MT.CE.AR5,9.7438,9.6205,11.2454,11.9581,12.8696,14.6454,16.7942,18.2069,19.0138,19.1483,21.0187,18.7928,17.4255,18.79,20.5794,20.7545,20.7204,19.8411,20.9277,21.1274,21.8849,21.4839,21.701,23.8738,24.8714,23.7887,25.6286,28.4615,26.926,29.6681,32.1128,32.7889,34.2225,..
Dominican Republic,DOM,Energy use (kg of oil equivalent per capita),EG.USE.PCAP.KG.OE,602.320301428522,572.287520735944,644.909410726293,664.774016514394,681.360544376303,747.226377275424,780.871349337232,797.563330655881,856.256386147598,819.653073657806,882.200793773631,783.89236996528,749.386905892802,772.037711488806,792.6097043369,812.279711429867,772.574772036856,743.587387722268,773.404254862996,780.082749539865,791.42994660033,762.355920346053,745.786212900828,797.923170664734,842.638249219176,824.396571608205,860.8644315883,938.583494670767,842.611820450654,939.195582252068,950.470105292014,..,..,..
Dominican Republic,DOM,"Population, total",SP.POP.TOTL,7447474,7594572,7741694,7888115,8032894,8174078,8310362,8446208,8584190,8720283,8852235,8980620,9104892,9225034,9341183,9455658,9573130,9695265,9820175,9945621,10070411,10193833,10315528,10434829,10551430,10666843,10782053,10894043,11008300,11123476,11230734,11331265,11427557,..
Dominican Republic,DOM,Urban population (% of total population),SP.URB.TOTL.IN.ZS,55.6153197882278,56.0297239121388,56.5282357577084,57.1317099454393,57.8287488204273,58.6073675691044,59.4555813779028,60.3614054332546,61.3128549215919,62.2979450293469,63.2914022524877,64.426197134766,65.8914085229291,67.5759180469321,69.333853706035,71.0193434994977,72.4865154265802,73.5894974865426,74.1642773174177,74.2440389501301,74.2398679969568,74.2251359951216,74.1931533822153,74.1372305958285,74.0506780735522,73.926806252977,73.7589255716938,73.5403464672933,73.2643793773663,72.9243347395035,72.4203155643711,72.3577991823338,72.4121874752151,..
Ecuador,ECU,"GDP per capita, PPP (constant 2021 international $)",NY.GDP.PCAP.PP.KD,9291.3710483042,9284.31503431235,9494.17506194696,9525.17701832407,9509.27540633173,9739.26682428016,9876.7507512592,9242.96681019585,9183.05155276919,9405.11680690106,9697.55517665978,9802.81408202125,10290.6634264766,10660.2046228939,10933.4897470283,10952.8226853948,11474.5257023541,11403.5277978831,11665.6978598204,12449.0785549218,12961.0267423765,13689.1520460125,14064.7992246727,13881.5700738105,13586.5160772568,14179.1537503305,14083.5069982304,13870.4895118068,12440.3263747814,13507.4445638375,14186.6388544625,14343.0190134813,13935.5391125402,..
Ecuador,ECU,Carbon dioxide (CO2) emissions (total) excluding LULUCF (Mt CO2e),EN.GHG.CO2.MT.CE.AR5,18.5335,18.0812,18.9542,20.8047,23.9699,24.9859,24.5304,21.7119,22.0624,24.3171,24.2976,24.941,26.7658,28.8656,30.9772,31.6539,32.6692,35.3903,38.2529,38.3188,38.661,41.1583,43.4594,43.2759,42.0681,41.0581,42.2145,41.9254,36.5986,41.1607,44.1693,46.7901,47.9638,..
Ecuador,ECU,Energy use (kg of oil equivalent per capita),EG.USE.PCAP.KG.OE,616.129973808237,562.965692222008,591.015739147634,679.11036362393,701.923963874189,715.356853475628,721.83171905857,638.039870839767,638.756054226183,668.563680952542,709.305743944436,770.215737177298,785.591926855098,837.891418715488,811.02739152362,875.476008346416,762.824711258849,830.344069134027,867.465226710609,891.346717905666,872.14170563726,911.670139950059,983.236124319332,936.659126017204,885.602158222866,897.948107586853,869.583266013291,903.972772011095,785.425200484029,886.141180629787,904.739923624519,..,..,..
Ecuador,ECU,"Population, total",SP.POP.TOTL,10930128,11154274,11372197,11590514,11810950,12031127,12251184,12470795,12689206,12910740,13138472,13372306,13608701,13846163,14086131,14328773,14575202,14825954,15076695,15326227,15572194,15807128,16035124,16266225,16505139,16759519,17049547,17340021,17546065,17682454,17823897,17980083,18135478,..
Ecuador,ECU,Urban population (% of total population),SP.URB.TOTL.IN.ZS,56.3627931231524,56.99457981186,57.6157113551947,58.218469145091,58.7951345734834,59.3379890323065,59.8393139134949,60.2913906089831,60.6865005107058,61.0123544006659,61.2871268050958,61.5418469886978,61.7829573274038,62.0068704145716,62.2099988435587,62.3887552077227,62.5395521004212,62.6588021150118,62.7405258611644,62.7949053547691,62.8408732819135,62.8837286624122,62.9232432195799,62.959188676731,62.9913367571804,63.0194591842425,63.0433276812321,63.0627139714638,63.0773897782521,63.0871268249117,63.0901835932266,63.1307729554263,63.2376932397602,..
"Egypt, Arab Rep.",EGY,"GDP per capita, PPP (constant 2021 international $)",NY.GDP.PCAP.PP.KD,8034.56230125827,8079.05480680472,8221.04684775661,8423.57817499547,8662.33147869592,8950.65410694496,9245.47890469795,9588.85938515274,9981.62775083138,10117.3331821699,10143.5063455702,10250.3765500459,10451.8217511537,10700.6090373232,11211.8320229508,11782.0060717966,12391.5847624705,12728.0814586737,13128.9878334085,13082.4263680701,13076.8052395914,13058.0748239258,13136.365629827,13425.9119599775,13727.3201600494,14018.360593453,14488.2094340483,15026.5682438097,15309.2359881702,15579.0160861551,16360.3907750364,16691.387399222,16798.151577864,..
"Egypt, Arab Rep.",EGY,Carbon dioxide (CO2) emissions (total) excluding LULUCF (Mt CO2e),EN.GHG.CO2.MT.CE.AR5,97.451,97.7877,93.2275,99.7313,106.9239,113.7795,120.1261,129.4087,127.9157,141.2032,144.9625,147.8553,160.4178,178.387,188.8763,201.9575,202.0257,210.3425,211.7586,219.3403,232.9567,228.7539,233.1055,239.4139,250.123,261.7067,256.219,237.0298,246.184,261.6313,258.9936,275.8365,291.6386,..
"Egypt, Arab Rep.",EGY,Energy use (kg of oil equivalent per capita),EG.USE.PCAP.KG.OE,560.197168973292,567.643027729985,535.527088500906,557.752927274638,578.994921620111,589.73786141318,615.903471310701,614.403838049743,569.881356092312,634.095104088458,636.526193894253,647.53985335306,692.141360028845,778.769640304157,806.402489163819,844.384421346476,859.150259001023,862.435116243687,838.166707475228,860.053119855617,866.240866672303,825.189960336054,832.772090858109,810.817127279737,872.581407763809,897.218073562482,870.813573488394,844.783013447093,805.259456646637,857.821938469275,902.48842991302,928.39494742708,..,..
"Egypt, Arab Rep.",EGY,"Population, total",SP.POP.TOTL,61480660,62915681,64285589,65652622,67028048,68431740,69943294,71520954,73083284,74652029,76239137,77853548,79477443,81101004,82700403,84276225,85864789,87501636,89196072,91093059,93161001,95333553,97528654,99597342,101644589,103696057,105682094,107553158,109315124,110957008,112618250,114535772,116538258,..
"Egypt, Arab Rep.",EGY,Urban population (% of total population),SP.URB.TOTL.IN.ZS,43.1765905116707,42.9872125093605,42.823655436222,42.7019009364527,42.6396966117235,42.6357980293511,42.6559554142127,42.6900387539957,42.7339398932519,42.7835506765333,42.8347629483917,42.8834685533792,42.9255593360476,42.9569271409488,42.9729991680104,42.9729666344509,42.9608989120873,42.9383470624904,42.9057175520154,42.8634168470177,42.8118514138525,42.7514277188751,42.6825522284408,42.6056314089048,42.5210717266225,42.4486008687179,42.4577177449969,42.4812027332648,42.5181534630674,42.5686062621468,42.6325129008032,42.7098115041919,42.8004363938404,..
El Salvador,SLV,"GDP per capita, PPP (constant 2021 international $)",NY.GDP.PCAP.PP.KD,6275.18767116905,6553.07234073841,6795.50608897192,7057.92025248354,7062.30007824136,7234.94456228435,7381.114604175,7498.46741097206,7545.44796218991,7580.32338410159,7675.67106195114,7780.27177685599,7841.53237886842,8050.5345128919,8404.24674903143,8548.83476118605,8704.80584632591,8494.49847423621,8648.92982717672,8943.06191543327,9165.42034804478,9327.56424468351,9451.744607867,9646.15432339854,9863.76121214453,10064.7934942601,10297.203612692,10543.9383291317,9692.44931605799,10809.713399518,11085.6178074688,11424.6459176917,11669.0817135644,..
El Salvador,SLV,Carbon dioxide (CO2) emissions (total) excluding LULUCF (Mt CO2e),EN.GHG.CO2.MT.CE.AR5,3.7249,4.0457,4.6932,5.1333,4.5698,5.6022,5.8679,5.8263,5.7988,6.0363,6.0539,6.5795,6.8293,7.0326,7.3891,7.7786,7.0905,6.8985,6.7247,7.0233,6.9977,6.635,6.8145,7.2649,7.3283,6.6321,7.1022,8.1068,6.6535,7.532,8.4658,9.2365,9.5434,..
El Salvador,SLV,Energy use (kg of oil equivalent per capita),EG.USE.PCAP.KG.OE,507.302975167018,526.988357274425,552.852651235905,583.227528030499,553.000781799593,608.277557924916,621.595123864483,641.247860752317,537.110967454389,568.00569056859,582.453658736363,622.386657178414,627.60446428589,643.90315216252,686.957827636037,694.537311720365,702.300695812568,689.42246753204,697.036927315506,692.505312990967,701.457404594185,660.094150213557,649.043175650273,674.353996656659,686.997805008996,674.665441622059,694.567755248769,734.803208380046,669.910725026867,722.148396888114,768.683429492147,..,..,..
El Salvador,SLV,"Population, total",SP.POP.TOTL,5585609,5659957,5714129,5762131,5805286,5844578,5880781,5913900,5943366,5968060,5986631,5998599,6004671,6005578,6002319,6009824,6029297,6048279,6068249,6090127,6113975,6138839,6162955,6183676,6200800,6213533,6219807,6222318,6234673,6255782,6280319,6309624,6338193,..
El Salvador,SLV,Urban population (% of total population),SP.URB.TOTL.IN.ZS,50.2872835534805,50.9483930098203,51.6517549528294,52.3961349506028,53.1766916094294,53.9885835355981,54.8269693353978,55.6870076151174,56.5638569810457,57.4526760394716,58.3486233966841,59.2468576589718,60.1425374326239,61.0308213239291,61.9068679391763,62.7676878093683,63.6372503452723,64.5299047495248,65.4327927543162,66.334413642034,67.2232666950659,68.0878511957995,68.9166664266223,69.6982116699219,70.3990173339844,71.0856704711914,71.7577209472656,72.4148941040039,73.0570220947266,73.6838531494141,74.1465021298679,74.6080675149903,75.0674905102199,..
Equatorial Guinea,GNQ,"GDP per capita, PPP (constant 2021 international $)",NY.GDP.PCAP.PP.KD,1390.47918482013,1487.81202528588,1672.34547535897,1892.11653062527,3033.84031220306,7296.10009809843,8684.6573083064,10492.4649475554,11767.4708814313,18031.964975074,20242.4309684399,21709.5751241959,28225.985816122,31302.957953874,32251.7680082519,35540.4477563657,39994.6159790647,38706.6052512135,33668.8740654852,34341.9342607505,35711.4919273537,32894.3693189101,31765.8997056851,27797.7942803179,24435.0645564801,22250.4389230263,20165.4795550607,18446.5916579681,17089.153726379,16821.4486470413,16932.7706827155,15688.2384192658,15454.428493564,..
Equatorial Guinea,GNQ,Carbon dioxide (CO2) emissions (total) excluding LULUCF (Mt CO2e),EN.GHG.CO2.MT.CE.AR5,0.0741,0.0772,1.2117,1.2873,1.4079,1.9362,2.3542,2.5728,2.7446,3.6006,3.2122,3.5906,6.2799,6.3957,6.3863,7.1364,6.6067,5.4778,5.7159,5.9609,5.61,5.7233,5.7179,5.4069,5.3893,4.887,5.3152,5.1224,4.9101,5.0308,5.0888,4.7651,4.8269,..
Equatorial Guinea,GNQ,Energy use (kg of oil equivalent per capita),EG.USE.PCAP.KG.OE,261.679745781367,258.032501247882,252.114582471287,246.344951358607,255.349223595514,277.798468827221,288.860727954079,297.691966348771,342.94581014711,346.083765897848,450.928237072084,453.514851450604,1539.1056670147,1455.03413482451,1362.7589016065,1453.90111971209,1403.26066049911,1375.88349844257,1352.16483458066,1451.36432822459,1434.92228201116,1674.89731821487,1480.61701335792,1329.54186375437,1510.32394648061,1291.24482554605,1409.34005936781,1273.74315217578,1121.3790829434,1300.88396062046,1283.9351679017,..,..,..
Equatorial Guinea,GNQ,"Population, total",SP.POP.TOTL,510770,530023,550138,571264,593492,616893,641474,667214,703279,749836,797957,847862,899917,947367,990343,1036044,1084530,1135673,1189085,1241835,1293483,1346218,1399828,1453923,1508186,1562396,1616422,1670177,1716468,1758786,1803545,1847549,1892516,..
Equatorial Guinea,GNQ,Urban population (% of total population),SP.URB.TOTL.IN.ZS,37.6998947248541,38.500270629153,38.799943915078,38.8041524265093,38.8068320483764,38.808691785582,38.810342340543,38.8123944156763,38.8154587133988,38.8638365386531,39.1969150391705,39.895902485648,40.9304009672368,42.2814597171299,43.9301279685204,45.8574549546013,48.0444899085658,50.4722820636069,53.1218806529176,55.9743349096911,59.0106940671203,62.2120073583984,65.5593240167184,68.951270615355,69.253269853051,69.5516019132985,69.8396623666175,70.1175419547293,70.3853314193247,70.6431215020592,70.8910029445467,71.1290664883517,71.3574028749806,..
Eritrea,ERI,"GDP per capita, PPP (constant 2021 international $)",NY.GDP.PCAP.PP.KD,..,..,..,..,..,..,..,..,..,..,..,..,..,..,..,..,..,..,..,..,..,..,..,..,..,..,..,..,..,..,..,..,..,..
Eritrea,ERI,Carbon dioxide (CO2) emissions (total) excluding LULUCF (Mt CO2e),EN.GHG.CO2.MT.CE.AR5,0.4911,0.6836,0.7708,0.834,0.9172,0.8588,0.6394,0.6793,0.6703,0.7353,0.7256,0.7004,0.7174,0.6042,0.5434,0.5301,0.4631,0.4809,0.5168,0.6166,0.6343,0.5936,0.5956,0.5776,0.5972,0.5861,0.6551,0.6736,0.6715,0.7119,0.7499,0.7642,0.778,..
Eritrea,ERI,Energy use (kg of oil equivalent per capita),EG.USE.PCAP.KG.OE,487.810505107134,496.324286728029,496.469608395975,492.68886637698,492.09707586343,483.954445898394,310.659081046161,317.384681009183,315.395535029609,322.668541220259,299.832707809687,330.949471726041,268.667667611852,264.190146723474,245.383387133755,244.433724354807,239.25916399818,244.677921933455,248.894956494924,258.760972689353,262.063036384126,260.936166552643,265.941391175018,271.621174865657,277.263825443909,278.046653683449,282.970999568768,285.072046929144,284.944148661073,286.998662898016,289.547794683649,..,..,..
Eritrea,ERI,"Population, total",SP.POP.TOTL,1798748,1856006,1913915,2025267,2128464,2152135,2180419,2212780,2247031,2312079,2392978,2493903,2598284,2661215,2703502,2743222,2816327,2887885,2945186,2998485,3036988,3074360,3095173,3105546,3124698,3150347,3192760,3240194,3291271,3350183,3409447,3470390,3535603,..
Eritrea,ERI,Urban population (% of total population),SP.URB.TOTL.IN.ZS,21.4315344055512,23.2697147008939,25.2414361240526,27.2435242754175,29.1728047553789,30.9261031643271,32.4002451026521,33.4920561707444,34.0983619689941,34.3253211975098,34.5420799255371,34.7451286315918,34.9324645996094,35.1022033691406,35.2525177001953,35.3820953369141,35.4897117614746,35.5742034912109,35.6346549987793,35.6706275939941,35.6824264526367,35.6713333129883,35.639720916748,35.591007232666,35.5254287719727,35.4427146911621,35.3451042175293,35.2352333068848,35.116138458252,34.9871139526367,34.8469276428223,34.696403503418,34.5365524291992,..
Estonia,EST,"GDP per capita, PPP (constant 2021 international $)",NY.GDP.PCAP.PP.KD,14225.2314074483,13758.2953399439,13824.8432137401,14710.9686602535,15667.5909129247,17915.4540304763,18873.3758453389,18737.8980935019,20528.5708195573,21874.6948334875,23539.9060675759,25487.5329152987,27384.0831488798,30164.0063711861,33304.5935377333,35989.864986622,34236.950125417,29284.4047394108,30070.2990791103,32456.1208864878,33768.572369804,34484.2236457273,35723.6266134228,36356.4410152614,37470.0427676805,39533.4645582199,40853.6487755073,42218.962853871,40920.5270623015,44251.5374983455,43128.6327713627,41288.6165892158,41189.6675300734,..
Estonia,EST,Carbon dioxide (CO2) emissions (total) excluding LULUCF (Mt CO2e),EN.GHG.CO2.MT.CE.AR5,26.6047,21.8922,22.5587,20.6025,21.6259,21.1799,19.0071,17.4201,17.8215,18.2484,17.5188,19.5544,20.0456,20.0689,19.4325,23.0337,20.8808,17.4389,22.2156,22.3356,21.2301,23.6366,22.7514,21.0222,20.5878,21.9647,23.6488,15.4629,12.1329,12.9256,15.0182,11.4741,10.6485,..
Estonia,EST,Energy use (kg of oil equivalent per capita),EG.USE.PCAP.KG.OE,4195.77321216626,3639.5461674343,4108.50204498328,3917.02322755288,4153.07801709925,4070.39889054806,3790.51957857562,3543.4730567446,3377.645508595,3589.37747318315,3375.56515275032,3680.05850823958,3952.3382123667,4015.42832630309,4006.73962643142,4690.13970340714,4142.50947696917,3360.6644887123,4419.42268300424,4311.6949178562,3984.06344804238,4435.56686367547,4226.20121103955,3695.11919135189,4579.42111654538,4444.84667060588,4282.71513259126,3661.49925395092,3368.23730668515,3427.29968051085,3559.04893160478,3089.39333905852,..,..
Estonia,EST,"Population, total",SP.POP.TOTL,1533091,1494128,1462514,1436634,1415594,1399535,1386156,1390244,1396985,1388115,1379350,1370720,1362550,1354775,1346810,1340680,1337090,1334515,1331475,1327439,1322696,1317997,1314545,1315407,1315790,1317384,1321977,1326898,1329522,1330932,1348840,1370286,1372341,..
Estonia,EST,Urban population (% of total population),SP.URB.TOTL.IN.ZS,70.5333354332329,70.0366053397264,69.500313482695,68.959092258676,68.4475740642067,68.0003912958243,67.6521763500664,67.43756162347,67.385529072627,67.3926456349791,67.4090870965661,67.4341760348669,67.467351453949,67.5080523578799,67.5557177507269,67.6097866365576,67.6696980194394,67.7348909034398,67.8048042926262,67.8775556334506,67.9629593320316,68.0923458296768,68.2668382808032,68.4796609690553,68.724038178078,68.9931941915158,69.2803532930133,69.5787397662154,69.8815778947665,70.1777274135822,70.4892333736738,70.6770085523126,70.6981161541961,..
Eswatini,SWZ,"GDP per capita, PPP (constant 2021 international $)",NY.GDP.PCAP.PP.KD,5291.89629062784,5299.53230535423,5427.3500142293,5693.82195381247,5796.65255180591,5876.80341246512,5952.85422728074,6062.34805111048,6106.07478740465,6135.45299954297,6335.81351839193,6578.30152863605,6775.2217412302,7142.1921864324,7584.72030617794,7866.73073455273,7926.37961138221,7988.59750005303,8245.64153332215,8350.89190932865,8645.84478287802,8951.05749805891,9084.49405780635,9186.65344720515,9402.50834103681,9660.55161538086,9578.10061089805,10099.5863118406,9695.82498058755,9990.43491951205,9927.60567008139,10181.5040730397,10380.3966630516,..
Eswatini,SWZ,Carbon dioxide (CO2) emissions (total) excluding LULUCF (Mt CO2e),EN.GHG.CO2.MT.CE.AR5,0.9132,0.8204,1.4598,1.4178,1.1355,1.1566,1.1787,1.2654,1.0976,1.112,1.0825,1.0047,0.9945,0.9909,0.9989,1.0324,1.013,1.0493,0.8556,0.8194,0.811,0.9627,0.9829,0.9809,1.0469,1.0618,1.0621,1.1361,0.9606,0.9892,1.0765,1.0784,1.0941,..
Eswatini,SWZ,Energy use (kg of oil equivalent per capita),EG.USE.PCAP.KG.OE,1001.64710521874,905.448432502827,1008.44252718328,991.555793901495,896.12967223545,950.865935254294,952.546443383905,967.727417315292,913.698267523096,896.447007609265,895.040020351145,877.574503283173,855.867486067816,858.521707685069,900.421781084863,902.867073860652,888.920326582466,995.276783530389,835.944523913655,1001.76421858039,995.751763389746,1022.77677200785,1005.34809850195,1046.30784939115,1035.35273669945,996.714704846792,989.952755531414,1023.13885273742,991.485746872995,951.152984722388,958.916943750887,..,..,..
Eswatini,SWZ,"Population, total",SP.POP.TOTL,943416,971318,971212,970433,989841,1006635,1019653,1030782,1041414,1051064,1059441,1066700,1073159,1079022,1084436,1090705,1098091,1105153,1111650,1117833,1123863,1129990,1136299,1142813,1149507,1158195,1168929,1179874,1192729,1206593,1218917,1230506,1242822,..
Eswatini,SWZ,Urban population (% of total population),SP.URB.TOTL.IN.ZS,22.9983764952968,23.0223015331371,23.0408777757025,23.0540254640177,23.0616648391073,23.0630430265279,23.0294921563872,22.9514828473263,22.8409330761997,22.7095619136459,22.5690884303038,22.4312316968119,22.3077107838089,22.2102447619336,22.1505527018245,22.139989967508,22.1692008829856,22.2343865624794,22.3330792067471,22.4634753665393,22.6237715926065,22.8121644356992,23.026850446568,23.2660261759632,23.5278881746356,23.8052004963161,24.0579295404227,24.3459549517751,24.6652798922192,25.0156180525173,25.396682918542,25.8081878500755,26.2498461258639,..
Ethiopia,ETH,"GDP per capita, PPP (constant 2021 international $)",NY.GDP.PCAP.PP.KD,680.834766978053,743.708485795208,741.17662360052,760.264345021167,826.991658780615,826.00521803882,772.78664639708,787.679577487053,810.270749126975,851.313428423251,838.298046963913,795.772138310178,877.114494970686,952.115666295785,1024.72911938972,1109.14330261241,1193.74728332973,1262.46398002755,1381.19044652656,1492.5339647204,1576.76875736149,1696.86515591049,1821.39161774962,1957.41454187301,2084.840556194,2222.82824481382,2311.16511659606,2437.97046055952,2516.54907642544,2588.41310215884,2655.59276743729,2757.95923634026,2892.22220168264,..
Ethiopia,ETH,Carbon dioxide (CO2) emissions (total) excluding LULUCF (Mt CO2e),EN.GHG.CO2.MT.CE.AR5,1.6961,2.159,2.4964,2.8264,3.1872,3.3333,3.5419,3.4961,3.8766,4.7877,4.9217,5.2607,5.7314,5.4729,5.7957,6.3513,6.8646,6.9098,6.8811,7.9585,8.9861,10.4416,12.4047,13.5098,16.0312,15.8736,17.4696,18.4825,18.0158,19.0941,18.3349,19.0165,19.3648,..
Ethiopia,ETH,Energy use (kg of oil equivalent per capita),EG.USE.PCAP.KG.OE,360.759293316477,362.729069533154,363.832192837619,364.887007146337,365.417427056509,364.138774400544,364.193348754706,363.234894582195,363.603550531224,366.971780860921,366.758089028477,367.63116772625,367.777166433932,365.389330954915,366.046138985671,367.675946638422,368.664919304241,368.511855785931,368.354746710272,371.365873516346,371.835988806056,376.060890534794,380.177588735816,380.062892430497,383.623509864643,382.08010457893,384.725728343228,386.237241195762,380.656754967252,373.902183810576,377.921752731092,..,..,..
Ethiopia,ETH,"Population, total",SP.POP.TOTL,51853747,53708891,55611508,57537335,59467635,61404539,63363524,65374561,67411494,69487762,71635517,73832663,76077206,78367470,80703490,83103217,85543668,88007636,90538514,93149970,95798767,98438751,101115610,103867135,106718162,109666481,112664152,115737383,118917671,122138588,125384287,128691692,132059767,..
Ethiopia,ETH,Urban population (% of total population),SP.URB.TOTL.IN.ZS,13.2797353575599,13.5107604305191,13.7172676452417,13.8825578689575,14.102746963501,14.3073453903198,14.5135431289673,14.713321685791,14.9193096160889,15.1177673339844,15.333233833313,15.5438537597656,15.7585906982422,15.982967376709,16.2148475646973,16.0948330261902,16.7936706542969,17.1511001586914,17.4937839508057,17.863790512085,18.2061367034912,18.615514755249,19.0262870788574,19.451566696167,19.8763618469238,20.3084850311279,20.7838096618652,21.2486705780029,21.6260051727295,22.1067085266113,22.7367687225342,23.0586471557617,23.6222839355469,..
Faroe Islands,FRO,"GDP per capita, PPP (constant 2021 international $)",NY.GDP.PCAP.PP.KD,..,..,..,..,..,..,..,..,..,..,..,..,..,..,..,..,54263.326408917,51533.5447770645,51479.1939803423,53440.3360261046,57523.3238940741,60948.7676649487,64018.0937166287,64008.8523742079,64155.0271268999,65460.6067882316,66193.3474230922,68134.0306302109,66032.9109106183,68426.7943218898,70256.7191950519,71807.3137035442,72059.580327154,..
Faroe Islands,FRO,Carbon dioxide (CO2) emissions (total) excluding LULUCF (Mt CO2e),EN.GHG.CO2.MT.CE.AR5,0.0016,0.0016,0.0016,0.0016,0.0017,0.0017,0.0017,0.0017,0.0018,0.0018,0.0018,0.0019,0.0019,0.0019,0.002,0.002,0.002,0.002,0.002,0.002,0.002,0.002,0.002,0.002,0.002,0.002,0.0021,0.0021,0.0021,0.0021,0.0021,0.0021,0.0021,..
Faroe Islands,FRO,Energy use (kg of oil equivalent per capita),EG.USE.PCAP.KG.OE,..,..,..,..,..,..,..,..,..,..,..,..,..,..,..,..,..,..,..,..,..,..,..,..,..,..,..,..,..,..,..,..,..,..
Faroe Islands,FRO,"Population, total",SP.POP.TOTL,47287,46474,44695,43611,43581,44132,44674,45146,45754,46635,47335,48032,48384,48359,48335,48378,48547,48791,48657,48543,48291,48246,48428,48899,49464,50180,50996,51792,52565,53296,53912,54414,54681,..
Faroe Islands,FRO,Urban population (% of total population),SP.URB.TOTL.IN.ZS,34.0233879089355,34.2075805664062,33.9336471557617,34.3788681030273,34.8897514343262,35.1851005554199,35.463436126709,35.6715698242188,35.6986770629883,35.9342155456543,35.9365425109863,36.1276473999023,36.317985534668,36.3320579528809,36.4584197998047,36.2929878234863,36.4679222106934,36.8888092041016,37.2536926269531,37.2975959777832,37.3244972229004,37.7414817810059,37.9093894958496,38.1431503295898,38.3200225830078,38.3324699401855,38.4058837890625,38.3945655822754,38.6689987182617,38.8083763122559,38.9959824546757,39.1975270123645,39.4132325882965,..
Fiji,FJI,"GDP per capita, PPP (constant 2021 international $)",NY.GDP.PCAP.PP.KD,7950.06640992603,8067.80447464731,8432.29836035248,8600.09284204425,8956.35010569935,8669.25168630675,8673.87816621436,9328.6066405707,9070.99316578265,9157.80841609435,9357.75384260711,9361.46421337988,9766.52768879045,9745.58145847385,9837.08591539941,9672.29015915616,9711.96604655315,9536.81721085631,9784.30356200221,10020.6957855059,10140.6936395636,10604.1558725865,11183.3135357123,11674.0633525272,11951.9196317982,12597.3274662764,13100.0959551236,13056.3310937089,10812.0355014178,10322.4279638854,12118.3182710082,13194.8047570404,13592.4635937435,..
Fiji,FJI,Carbon dioxide (CO2) emissions (total) excluding LULUCF (Mt CO2e),EN.GHG.CO2.MT.CE.AR5,0.9929,1.0732,1.1225,1.1126,1.1642,1.2026,1.1921,1.2757,1.4433,1.5636,1.2938,1.5253,1.979,1.7308,1.8608,1.7241,1.2917,1.0635,1.6965,1.2454,1.2052,1.3731,1.5599,1.6172,1.5925,1.5406,1.6549,1.619,1.0743,1.3427,1.4343,1.4378,1.5067,..
Fiji,FJI,Energy use (kg of oil equivalent per capita),EG.USE.PCAP.KG.OE,..,..,..,..,..,..,..,..,..,..,..,..,761.694759402813,655.047320935788,627.8324058111,583.628117509735,..,..,..,..,..,..,..,..,..,..,..,..,..,..,..,..,..,..
Fiji,FJI,"Population, total",SP.POP.TOTL,785346,790369,794771,798746,803789,812139,822258,831828,840909,849596,858049,866286,874366,882379,890365,897832,903399,907239,910419,912989,914918,916352,917585,918578,919166,918759,917180,914899,914963,916711,919422,924145,928784,..
Fiji,FJI,Urban population (% of total population),SP.URB.TOTL.IN.ZS,43.0309863643019,43.9781449323873,44.8686689740928,45.6574672941176,46.295551139339,46.8061521189816,47.2625624522263,47.6792097632103,48.0649880871211,48.4287914591462,48.7795139144731,49.1260494882891,49.4772922157817,49.8421361321385,50.2294752725468,50.6494569776975,51.0979752573339,51.5628013169579,52.0415147785104,52.5335449475105,53.0383211294771,53.5552726299291,54.0838287543856,54.6234188083653,55.1734720973874,55.7408343449609,56.2328347385698,56.70989552257,57.186684691874,57.6618364761928,58.1352701465266,58.6069049738768,59.0766602292457,..
Finland,FIN,"GDP per capita, PPP (constant 2021 international $)",NY.GDP.PCAP.PP.KD,34926.3833591341,34486.7522555352,35699.7203086225,37069.62898136,38301.5126175582,40630.921767316,42733.4455712897,44505.7114770222,46968.841714507,48099.3014282794,48792.4864789775,49655.5451564067,51494.705860401,52744.048034135,54653.981203281,57313.2916474478,57494.585352886,52599.1487066911,54017.9458623339,55053.3906850323,53957.6680986279,53183.4286685126,52710.7334867778,52782.4873926277,53984.6316254715,55637.2262781223,56226.337241343,56922.4873163103,55424.8574989208,56790.3766177692,57068.3056478074,56250.8787899319,56123.1479579839,..
Finland,FIN,Carbon dioxide (CO2) emissions (total) excluding LULUCF (Mt CO2e),EN.GHG.CO2.MT.CE.AR5,54.0942,55.3688,62.0931,58.7506,64.9367,62.7435,59.5425,58.898,57.5279,63.5758,65.7268,74.0954,70.4547,58.2464,69.8556,68.0689,59.8279,57.0808,65.8469,58.2223,52.3267,53.3313,49.4416,45.9758,48.8071,46.0759,47.4392,44.1412,39.474,39.3124,37.1238,32.8867,31.1074,..
Finland,FIN,Energy use (kg of oil equivalent per capita),EG.USE.PCAP.KG.OE,5381.02847300418,5617.27677077652,5972.65301332318,5662.00742267697,6070.34663389252,6277.08095861145,6319.46583521513,6284.09468261203,6257.21912070832,6405.85272256556,6722.82613567459,7072.1791412038,7128.99567069435,6555.77647291287,7106.70978937984,6968.91134494832,6654.45363101075,6255.05051638905,6812.6019950935,6522.93869318769,6265.77228948066,6138.31405576065,6246.04153603753,5921.59681653244,6120.63301519281,6070.15750826277,6165.44402350648,6024.65366583164,5739.2544528356,5996.8929932427,5683.95102157914,5866.65173975112,..,..
Finland,FIN,"Population, total",SP.POP.TOTL,5041992,5066447,5088333,5107790,5124573,5139835,5153498,5165474,5176209,5188008,5200598,5213014,5228172,5246096,5266268,5288720,5313399,5338871,5363352,5388272,5413971,5438972,5461512,5479531,5495303,5508214,5515525,5521606,5529543,5541017,5556106,5583911,5619911,..
Finland,FIN,Urban population (% of total population),SP.URB.TOTL.IN.ZS,64.0954742431641,64.2520294189453,64.4893951416016,64.8059387207031,65.2098222301322,65.6793976054672,66.1787142075127,66.6718213970733,67.1227685349539,67.4982392821958,67.7951641569199,68.0425549126858,68.2766596767133,68.5140529517604,68.7588279849327,69.0200377316963,69.2943672196361,69.546259966947,69.7855798796947,70.0583261874252,70.3661363168712,70.6742118159277,70.9879168940753,71.3054930040604,71.6158383428171,71.9563038312956,72.3423467740343,72.7431214358314,73.0849439791673,73.3710215780329,73.6967597835949,74.0062548602828,74.2637190463636,..
France,FRA,"GDP per capita, PPP (constant 2021 international $)",NY.GDP.PCAP.PP.KD,39331.9041920718,39020.6141584284,39801.3888979817,40570.7169560557,40990.7395148125,41876.9330265158,43162.5423856938,44400.1357889191,45922.4789363701,46454.8706927365,46610.7820717214,46730.975806379,47720.4413351103,48257.4650937971,49223.247197008,50157.7837477634,50068.2969141379,48404.9657826363,49130.422942344,50085.6829779109,49935.6269081617,50066.5304324783,50326.567863089,50682.8953586333,50984.075297832,51895.5662985838,52560.9536243841,53448.5548849943,49311.333409639,52517.3354905855,53673.8137406422,54296.7230897731,54799.3482689389,..
France,FRA,Carbon dioxide (CO2) emissions (total) excluding LULUCF (Mt CO2e),EN.GHG.CO2.MT.CE.AR5,396.6334,376.973,372.6743,381.7508,396.4221,388.1392,410.1113,403.8509,400.866,404.9849,399.5764,404.4794,405.5101,407.7638,397.0172,389.8648,382.575,369.9379,377.2787,363.6897,365.0236,360.1587,326.9509,332.1533,334.7732,338.709,328.5501,322.9043,287.0868,316.7044,307.6802,284.1541,274.4505,..
France,FRA,Energy use (kg of oil equivalent per capita),EG.USE.PCAP.KG.OE,3949.27198438536,3997.18558148783,3831.06683360221,3975.88904728611,4186.80246709718,4043.67394488538,4146.55454542881,4117.93049493822,4130.17270058081,4240.43326978854,4220.32024855816,4296.5464931216,4327.20397302417,4313.6963002429,4214.29234630039,4142.17819118209,4137.71989985562,3938.38637955439,4040.43918739374,3951.00450412595,3929.20601557226,3925.86545930191,3755.83244171123,3799.19260526718,3718.17053401513,3705.41111644137,3669.37065950443,3605.53190025511,3228.48915727036,3469.83398574773,3100.1897815932,3136.12237461475,..,..
France,FRA,"Population, total",SP.POP.TOTL,58846584,59103094,59324863,59541294,59754504,59968066,60190684,60501986,60918661,61364377,61812142,62249855,62707588,63180854,63622342,64016890,64375116,64706436,65026211,65340830,65657659,65997932,66312067,66548272,66724104,66918020,67158348,67382061,67601110,67842811,68184457,68372286,68551653,..
France,FRA,Urban population (% of total population),SP.URB.TOTL.IN.ZS,74.4051122960444,74.6168782336776,74.8499283532348,75.0991069026347,75.3592581297959,75.6252262826369,75.8918556090764,76.1682703613968,76.5143983146093,76.9074413607811,77.2543866607525,77.4691216035138,77.4900500011961,77.4363315105438,77.3467240068648,77.2457976606157,77.1561901569367,77.1005391809676,77.0962844808803,77.1182717387509,77.1669464919916,77.2440721470918,77.3524296788613,77.7610919150066,78.5999114705779,78.6467804026368,78.6714432536599,78.6890784549356,78.7119131765249,78.7364603392338,78.7591921123356,78.7804323126547,78.7999750964116,..
French Polynesia,PYF,"GDP per capita, PPP (constant 2021 international $)",NY.GDP.PCAP.PP.KD,..,..,..,..,..,..,..,..,..,..,..,..,..,..,..,..,..,..,..,..,..,..,..,..,..,..,..,..,..,..,..,..,..,..
French Polynesia,PYF,Carbon dioxide (CO2) emissions (total) excluding LULUCF (Mt CO2e),EN.GHG.CO2.MT.CE.AR5,0.9069,0.9168,0.7457,0.7058,0.6976,0.7338,0.7551,0.7539,0.7097,0.8298,0.8778,0.9342,0.8833,0.9413,0.8855,0.9483,0.9699,0.9341,0.9897,0.9571,0.9246,0.9938,0.9835,1.0058,1.0079,0.8808,0.7829,0.785,0.715,0.64,0.9258,0.9282,0.9739,..
French Polynesia,PYF,Energy use (kg of oil equivalent per capita),EG.USE.PCAP.KG.OE,..,..,..,..,..,..,..,..,..,..,..,..,..,..,..,..,..,..,..,..,..,..,..,..,..,..,..,..,..,..,..,..,..,..
French Polynesia,PYF,"Population, total",SP.POP.TOTL,211559,215219,218738,222118,225489,229121,232891,236595,240337,244097,247775,251637,255654,259507,263223,266438,268379,269481,270580,271727,273084,274728,276387,277866,279178,280087,279815,279034,279209,279792,280378,281118,281807,..
French Polynesia,PYF,Urban population (% of total population),SP.URB.TOTL.IN.ZS,57.3455797495631,57.0501302730509,56.7754047689228,56.5423628393921,56.3745197204973,56.2537812085595,56.1410902357594,56.0390680212033,55.954253994428,55.8931875849702,55.8631794440685,55.9283550220738,56.2729949941787,56.8472850820701,57.5825834325129,58.4102481922721,59.2616375081129,60.0681095268001,60.7610223950988,61.2717342597741,61.5286539604592,61.6130486661995,61.6824807401268,61.7374742154907,61.7744381369651,61.7896941062846,61.7888025236875,61.7824142427508,61.7673100921,61.7399813226008,61.6913806937112,61.6967135028569,61.7191984724331,..
Gabon,GAB,"GDP per capita, PPP (constant 2021 international $)",NY.GDP.PCAP.PP.KD,23268.9974721281,23551.6812533724,23794.3149295887,24344.1857401023,24595.9719625614,25359.6596581834,25585.5077964813,22713.7144403948,21717.2240797447,21604.7804442423,20981.4798585102,20875.4549326477,20438.9307067212,20385.2899909742,19224.1268658969,19751.8762216408,18493.0921103343,17911.1458491661,18530.5760936058,19153.0878201525,19450.4027067379,19836.4554852011,20008.9899779322,20147.7116202405,19988.1755963792,19555.7078829752,19225.5982575261,19491.4067631986,18681.4840738985,18523.5798032193,18662.0497970621,18701.4227766897,18923.6616611651,..
Gabon,GAB,Carbon dioxide (CO2) emissions (total) excluding LULUCF (Mt CO2e),EN.GHG.CO2.MT.CE.AR5,4.9722,5.083,5.0462,5.671,6.333,6.0492,6.9234,6.5904,6.6039,6.741,6.4721,7.3423,6.6252,6.3917,5.7072,5.1756,5.5191,5.4491,5.9582,5.82,5.89,6.0777,6.2671,6.4413,6.559,5.7489,5.4109,5.6528,5.5287,5.3647,5.5833,5.1205,5.1985,..
Gabon,GAB,Energy use (kg of oil equivalent per capita),EG.USE.PCAP.KG.OE,1256.01226770013,1294.00384259768,1117.36470549403,1194.21566119698,1212.43813569091,1196.8182090102,1241.26399218341,1177.82369057002,1153.06155311667,1205.62017172291,1417.03968600606,1621.16641537009,1829.65618455084,2074.20458463989,2263.43017323991,2419.6346592973,2578.18479820338,2728.50138573496,2957.4674143756,2295.78142116486,1955.40804605842,2771.53824040148,2602.65376634085,2550.96047927478,2489.24179859903,2263.59335681829,2294.91220106774,2205.67182377894,2140.11585242125,2101.49682483071,2096.2456480631,..,..,..
Gabon,GAB,"Population, total",SP.POP.TOTL,1038380,1066405,1094720,1123213,1152015,1181439,1211736,1243016,1275572,1309589,1345135,1382350,1421609,1463495,1508337,1556237,1607175,1661556,1719879,1781985,1846889,1913059,1978399,2040989,2100306,2156900,2212318,2267706,2322539,2376722,2430747,2484789,2538952,..
Gabon,GAB,Urban population (% of total population),SP.URB.TOTL.IN.ZS,71.9462586445569,73.045618801257,74.024363723863,74.9893550877512,75.9421043380347,76.8793794878098,77.7979485501723,78.6945795382183,79.5660404650438,80.4090993437448,81.2205241874174,81.9970830091574,82.7355438220611,83.4326746392243,84.0852434737431,84.6900183387136,85.2437672472316,85.7432582123932,86.1852592472945,86.5665383650315,86.8838635787001,87.1482480671637,87.6236017962969,88.085308383892,88.5445883406178,89.0009733256896,89.4539949981866,89.9031850170394,90.3480750410147,90.7881967286967,91.2243355459988,91.6375962797313,91.8632094677575,..
"Gambia, The",GMB,"GDP per capita, PPP (constant 2021 international $)",NY.GDP.PCAP.PP.KD,2604.26903326754,2586.13041645703,2508.1039153389,2456.00078113606,2439.04551648512,2486.93798396527,2502.76477124298,2589.97773860396,2658.61770579464,2737.69610805906,2578.557145742,2682.47993310133,2794.19352609118,2653.64239155191,2564.68653970519,2567.15728802982,2649.61119865306,2745.32540574768,2824.21259222517,2519.83983255672,2574.93509664061,2572.44728941685,2465.10971144823,2495.95741601525,2478.46055756999,2533.18683710276,2651.43281455826,2750.82132179634,2702.31919474482,2777.79620978324,2863.18049829859,2963.59873325179,3057.68417746891,..
"Gambia, The",GMB,Carbon dioxide (CO2) emissions (total) excluding LULUCF (Mt CO2e),EN.GHG.CO2.MT.CE.AR5,0.1303,0.1365,0.1567,0.1497,0.155,0.154,0.1678,0.1751,0.2662,0.2982,0.3097,0.3156,0.3268,0.3318,0.3678,0.3873,0.391,0.4342,0.4408,0.4636,0.4444,0.4463,0.4838,0.509,0.5138,0.5236,0.4603,0.465,0.422,0.4776,0.4949,0.4738,0.4923,..
"Gambia, The",GMB,Energy use (kg of oil equivalent per capita),EG.USE.PCAP.KG.OE,..,..,..,..,..,..,..,..,..,..,..,..,66.6127185884025,64.7856046386493,66.4616460917346,75.3210773292618,..,..,..,..,..,..,..,..,..,..,..,..,..,..,..,..,..,..
"Gambia, The",GMB,"Population, total",SP.POP.TOTL,1145582,1188365,1227226,1264313,1301410,1338889,1376987,1415779,1455084,1495011,1535691,1577611,1621312,1667037,1715275,1765774,1817852,1871422,1926630,1983784,2043094,2103820,2164528,2224529,2283769,2342189,2399632,2456844,2515733,2576010,2636470,2697845,2759988,..
"Gambia, The",GMB,Urban population (% of total population),SP.URB.TOTL.IN.ZS,36.4874748416791,37.3130852637624,38.3363887885843,39.5666608739251,40.9481646518734,42.4301869523111,43.96201460512,45.4929344401818,46.9722332873784,48.3491979765917,49.5731153377033,50.6010077995371,51.5062022597801,52.3582132660613,53.1603285370566,53.9196109423854,54.6431233516671,55.3379286345209,56.0110896605662,56.6696692994225,57.3207304207091,57.970305611505,58.6141799655551,59.2458499408388,59.8652472486563,60.471712657237,61.0645869348107,61.643210849607,62.2069251698555,62.7550706637859,63.2869880996278,63.8020182456108,64.2994103409645,..
Georgia,GEO,"GDP per capita, PPP (constant 2021 international $)",NY.GDP.PCAP.PP.KD,5533.21082317728,3882.02029747648,3532.3200811072,3762.81153750309,4339.0046688347,4951.81291757472,5233.28837672816,5495.24505052866,5706.27236527837,6074.08643017282,6464.32539672648,7227.73705960701,7693.91525392067,8485.58670534953,9337.98906420101,10567.2747164758,10856.1031328003,10553.0896395853,11294.3685917112,12288.6828861156,13193.9596974054,13913.0018245661,14475.3135356035,14936.8434116647,15442.9564358054,16237.6242230275,17228.6790847503,18186.8816465807,17031.1440283426,18915.6534005263,20966.5280391134,22590.5293649146,24883.9081161639,..
Georgia,GEO,Carbon dioxide (CO2) emissions (total) excluding LULUCF (Mt CO2e),EN.GHG.CO2.MT.CE.AR5,20.9244,16.7497,10.9231,8.5229,6.9003,6.0515,5.4875,4.8888,5.2126,3.8788,3.5935,3.9559,4.3124,4.9793,5.6816,6.5959,5.681,6.4713,6.3124,7.5848,8.2738,9.1493,9.8404,10.647,11.0252,11.1709,11.137,11.9227,11.5406,12.3432,13.463,13.5563,13.4674,..
Georgia,GEO,Energy use (kg of oil equivalent per capita),EG.USE.PCAP.KG.OE,1776.99680781127,1548.52250758043,968.80714712397,799.90460076894,834.097042101285,755.882765182464,716.288859651759,669.381104463705,703.790688330461,640.36762423724,639.469430603328,684.636577306364,708.052613597414,727.945648077707,781.34402083108,865.688124609239,780.788490925027,811.604883767971,824.605083052625,943.642090063012,993.847722414941,1118.86616651538,1193.781897604,1259.15997860484,1300.49894445527,1312.78610346067,1301.87728809329,1371.17934672286,1327.38644455455,1425.96785615054,1543.58379982411,1530.06712122186,..,..
Georgia,GEO,"Population, total",SP.POP.TOTL,4873500,4911100,4836076,4657722,4491699,4349913,4243607,4157192,4077131,4014373,3978515,3951736,3927340,3902469,3880347,3860158,3848449,3814419,3786695,3756441,3728874,3717668,3719414,3725276,3727505,3728004,3726549,3720161,3722716,3708610,3712502,3715483,3699557,..
Georgia,GEO,Urban population (% of total population),SP.URB.TOTL.IN.ZS,54.6303689947684,54.331352777181,54.0177444912905,53.7014001838407,53.3941759015751,53.1079276912372,52.8545115995706,52.645783673319,52.4935999592259,52.4098165040349,52.4127676027039,52.5144705663341,52.7173199317225,53.0036280624359,53.3593916521584,53.7706073945741,54.2232719833673,54.7033821122222,55.1969344748228,55.6899257648533,56.1683526759979,56.6182119019407,57.0237612994258,57.3803800455672,57.6984032005062,57.9996827205757,58.3038181862576,58.6304091780343,58.9990552763878,59.4293560618005,60.0101622679115,60.7523077799724,61.0789605093733,..
Germany,DEU,"GDP per capita, PPP (constant 2021 international $)",NY.GDP.PCAP.PP.KD,44672.6920465936,43948.1489792699,44933.2942631644,45475.6859114918,45814.8523072639,46596.1810672853,47565.4526830045,48547.0040773031,49875.8764172059,50606.7114616457,50406.3800683443,50111.5752591319,50704.9219887398,51182.9591615718,53222.0409282226,54832.9610328446,55425.1109251245,52484.8550055388,54738.7083006711,57858.4222602355,58017.5855783147,58089.1708538296,59108.6977289315,59573.7089539686,60407.9713703755,61866.4872205276,62381.3478772241,62849.3741865912,60203.289760263,62530.7653199239,63676.087821808,63039.3719696432,62554.5547232436,..
Germany,DEU,Carbon dioxide (CO2) emissions (total) excluding LULUCF (Mt CO2e),EN.GHG.CO2.MT.CE.AR5,937.793,929.3273,915.2494,910.4733,939.3546,907.4824,906.6052,870.6639,871.3847,885.4745,869.9404,877.913,863.3895,841.7481,855.4482,826.5971,829.9111,768.1326,814.962,788.1211,800.0321,817.8158,778.7527,784.9143,789.2489,774.4767,746.6974,696.5002,642.0878,670.667,658.0886,589.6596,579.9356,..
Germany,DEU,Energy use (kg of oil equivalent per capita),EG.USE.PCAP.KG.OE,4191.07717344268,4123.06429325007,4089.20711052609,4119.89234314538,4247.28041587343,4203.57228180046,4177.53862595182,4080.1161545149,4094.27901518469,4210.00080103251,4108.61729515583,4096.47794323132,4131.61083697,4109.8805864045,4235.93876578004,4023.73935857078,4081.87998694017,3821.62500577239,4029.83085754355,3891.87175356307,3913.43920397127,3986.18505186393,3794.44720253102,3780.85027551891,3765.21799936242,3763.19404182465,3659.22924485198,3570.88159282488,3349.19931383762,3467.03057027911,3261.8564081995,2928.19658713867,..,..
Germany,DEU,"Population, total",SP.POP.TOTL,80624598,81156363,81438348,81678051,81914831,82034771,82047195,82100243,82211508,82349925,82488495,82534176,82516260,82469422,82376451,82266372,82110097,81902307,81776930,80274983,80425823,80645605,80982500,81686611,82348669,82657002,82905782,83092962,83160871,83196078,83177813,83287273,83516593,..
Germany,DEU,Urban population (% of total population),SP.URB.TOTL.IN.ZS,80.026055776091,80.0325583093694,80.0393454794137,80.0465631829882,80.0543573168571,80.0628737777848,80.0722584625357,80.0826572678738,80.0942160905637,80.1070808273695,80.1213973750556,80.1373116303862,80.1549694901257,80.1745168510383,80.1960996098884,80.2198636634402,80.2459549084581,80.2745192417062,80.305702559949,80.3405762928198,80.393447520218,80.4732318400362,80.57574023743,80.6974371632814,80.8347870684725,80.9842544038853,81.1423036204018,81.3053991689039,81.4700055002738,81.6325870653934,81.7867852780995,81.9034366692129,82.0211432579125,..
Ghana,GHA,"GDP per capita, PPP (constant 2021 international $)",NY.GDP.PCAP.PP.KD,2897.83543196858,2964.26600943658,2989.34731012131,3039.68873031674,3106.18555480388,3160.44504053249,3229.48228272631,3290.26865235748,3327.35199291767,3369.50702508212,3425.61820934278,3507.75105744843,3607.36522285021,3721.30785741996,3857.86154847605,3923.12567803728,4174.78124103364,4269.16005861557,4495.68916584106,5005.36732498187,5339.71321903045,5593.77481886917,5619.07233511591,5607.36635657413,5666.07795334591,5993.63085211077,6234.51208201488,6508.24652305901,6412.68541762469,6607.50297378321,6728.45414012286,6808.53775165029,7055.62496009323,..
Ghana,GHA,Carbon dioxide (CO2) emissions (total) excluding LULUCF (Mt CO2e),EN.GHG.CO2.MT.CE.AR5,3.4273,3.5358,3.7637,4.0443,4.3906,4.6174,6.2701,6.8427,6.0172,6.5036,7.6803,7.2083,6.7168,7.1058,8.6407,9.1225,8.6514,9.9181,11.128,11.9922,14.4756,15.3977,14.8352,15.6106,16.04,17.3725,19.0565,20.2766,22.9458,24.4916,23.7878,23.2246,24.171,..
Ghana,GHA,Energy use (kg of oil equivalent per capita),EG.USE.PCAP.KG.OE,350.413755045689,358.208685416489,363.878561541399,371.979573023255,375.516649147209,383.784688131443,395.747512800287,401.340038042534,322.127334642966,313.165728366048,303.745365125789,281.217826361178,270.192103863779,261.893368449293,275.072843065691,264.071017059123,275.17472403187,274.01988137685,296.099589771501,303.487492260089,329.325111415578,323.671149524462,321.354700935333,329.310413380585,327.900376302991,321.689981223707,350.473174277428,354.248843433875,367.161102921615,361.944978890071,359.179379052306,..,..,..
Ghana,GHA,"Population, total",SP.POP.TOTL,16184855,16589519,16993190,17399017,17810181,18238958,18688036,19149864,19637087,20167069,20729388,21296705,21868298,22449438,23040702,23642279,24249946,24862664,25474995,26095088,26734268,27386193,28041592,28696068,29356742,30008354,30637585,31258945,31887809,32518665,33149152,33787914,34427414,..
Ghana,GHA,Urban population (% of total population),SP.URB.TOTL.IN.ZS,37.3800591655132,38.233449206358,39.0969127667762,39.960521040618,40.8143452217336,41.6484565039731,42.4529260811866,43.2178251472243,43.9373786640616,44.6410507317701,45.3484692124806,46.0547973581418,46.7572004525685,47.4528437795757,48.1388926229785,48.8125122665918,49.4708679942306,50.1111250897099,50.7296926788704,51.3304086646488,51.9197918381031,52.4985794475913,53.0663398797148,53.6226415210752,54.167052758274,54.6991419779128,55.218477566593,55.7246279109161,56.2171613974837,56.6952556826536,57.250609602871,57.8074737774654,58.3654868038581,..
Gibraltar,GIB,"GDP per capita, PPP (constant 2021 international $)",NY.GDP.PCAP.PP.KD,..,..,..,..,..,..,..,..,..,..,..,..,..,..,..,..,..,..,..,..,..,..,..,..,..,..,..,..,..,..,..,..,..,..
Gibraltar,GIB,Carbon dioxide (CO2) emissions (total) excluding LULUCF (Mt CO2e),EN.GHG.CO2.MT.CE.AR5,0.241,0.2441,0.2882,0.2819,0.2882,0.2975,0.3132,0.3257,0.3412,0.35,0.3562,0.3625,0.3938,0.4063,0.425,0.4218,0.4311,0.4717,0.4748,0.4592,0.4686,0.4998,0.5373,0.5872,0.6123,0.6498,0.6897,0.7174,0.6394,0.6416,0.6357,0.6292,0.6351,..
Gibraltar,GIB,Energy use (kg of oil equivalent per capita),EG.USE.PCAP.KG.OE,3414.11539118556,3425.19309459902,3924.79251552807,3829.97949444687,3886.77445925277,4019.73262325013,4227.52917936705,4401.38166434396,4613.31422552377,4697.98487780164,4773.31348870741,4768.63933812775,5086.34044184976,5143.33995412235,5304.09958990312,5195.45146733217,5220.16464960047,5548.24845035493,5535.46461653978,5303.4954304843,5366.18399616438,5613.1402126548,5915.64502450763,6357.37503902618,6576.81314975242,6890.92556192057,7190.5950344648,7476.80384692666,6822.75357269776,6723.81850183662,6522.23499259331,..,..,..
Gibraltar,GIB,"Population, total",SP.POP.TOTL,26878,27070,27239,27377,27487,27582,27650,27692,27709,27657,27831,28274,28715,29163,29594,30006,30413,30823,31248,31660,32029,32407,32813,33193,33658,34245,34854,35494,36173,36858,37609,38471,39329,..
Gibraltar,GIB,Urban population (% of total population),SP.URB.TOTL.IN.ZS,100,100,100,100,100,100,100,100,100,100,100,100,100,100,100,100,100,100,100,100,100,100,100,100,100,100,100,100,100,100,100,100,100,..
Greece,GRC,"GDP per capita, PPP (constant 2021 international $)",NY.GDP.PCAP.PP.KD,27401.424003405,26804.8537616148,27204.3958682198,27646.1476383588,27905.1065690594,28768.2401472217,29592.525483114,30263.0543705003,31386.639783624,32675.9292327768,34081.0289759343,35970.7016808475,37811.4913664483,38146.962971083,40483.1569225337,41796.2336918303,41709.3877420312,39886.2135496664,37566.7483686263,33906.4917435676,31250.2268565956,30762.4432227813,31213.3765120298,31347.976574604,31468.6198471099,31995.4108838386,32722.3310444029,33502.7506488997,30487.1129331045,33531.15511226,35831.3441781205,36700.5134631055,37474.2798239947,..
Greece,GRC,Carbon dioxide (CO2) emissions (total) excluding LULUCF (Mt CO2e),EN.GHG.CO2.MT.CE.AR5,80.0652,79.5932,81.2126,84.2607,84.2499,85.2014,88.6552,88.9042,96.0663,98.1212,98.0879,101.8453,101.5903,103.6398,102.3866,106.0063,101.836,96.2178,89.0981,86.1447,81.555,73.8775,71.0085,69.4522,68.1612,68.3839,66.5357,61.4927,52.3606,53.7151,55.1164,51.2379,52.5087,..
Greece,GRC,Energy use (kg of oil equivalent per capita),EG.USE.PCAP.KG.OE,2129.91226887459,2090.7776810471,2138.26711244512,2147.14873218934,2206.11405582656,2284.8871389477,2392.93510906742,2393.20228327082,2512.02003858494,2583.56128087388,2603.6056227148,2672.75982215817,2717.47100440097,2758.67496021751,2748.70086926019,2737.50471822283,2749.77926334315,2654.84323438585,2487.52918925294,2413.16129816794,2408.75576544664,2133.12835852595,2128.79231677777,2148.04707916151,2109.41656684289,2148.0515638287,2089.36044213673,2058.5433840771,1839.48818892263,1924.00171997177,1957.79872050503,1874.9562305559,..,..
Greece,GRC,"Population, total",SP.POP.TOTL,10399061,10460415,10512922,10562153,10608800,10661259,10720509,10761698,10805808,10862132,10902022,10928070,10955141,10987314,11020362,11048473,11077841,11107017,11121341,11104899,11045011,10965211,10892413,10820883,10775971,10754679,10732882,10721582,10698599,10569207,10436882,10407351,10405134,..
Greece,GRC,Urban population (% of total population),SP.URB.TOTL.IN.ZS,71.7712094830401,71.8845576676716,71.986767203146,72.0831868417364,72.1791653357157,72.2800514373571,72.3911938989336,72.5179414727182,72.665642910984,72.8460703788502,73.0977109642516,73.432268024093,73.8267602923728,74.2617376694311,74.717750055608,75.1753473512439,75.615079456679,76.0174962722535,76.3631476983077,76.6352609929407,76.8679797449322,77.0951999650171,77.3130486275866,77.5194426317545,77.7122988766348,77.8895342613411,78.0490656849874,78.1888100466875,78.3066842455552,78.3884898647442,78.5502190980809,78.7746303842088,78.9967856500534,..
Greenland,GRL,"GDP per capita, PPP (constant 2021 international $)",NY.GDP.PCAP.PP.KD,36343.125721052,34578.3464998854,36428.9123982244,37584.0719088915,38090.7089953713,38581.2151944518,41500.2312703294,42072.0565017419,44991.6751496134,45405.8543742044,44793.2704252565,46649.0480779756,49742.0582266726,52189.001485462,55243.7102798786,56763.2387284359,60506.1946272328,61035.5672997071,61863.2826915137,61170.9203658321,62111.1033086807,61659.6415225985,64799.3056628017,63364.0536061164,66245.7294730698,66297.1790691281,66887.6779268926,68534.9419039133,68533.7339902964,69302.0088788237,70681.2253902158,71037.5372239623,..,..
Greenland,GRL,Carbon dioxide (CO2) emissions (total) excluding LULUCF (Mt CO2e),EN.GHG.CO2.MT.CE.AR5,0.0012,0.0012,0.0012,0.0012,0.0013,0.0013,0.0013,0.0013,0.0013,0.0014,0.0014,0.0014,0.6039,0.6108,0.6246,0.6153,0.6323,0.5504,0.6428,0.6829,0.5389,0.5374,0.4808,0.5188,0.5159,0.5031,0.5083,0.5239,0.5275,0.5484,0.5904,0.5849,0.5941,..
Greenland,GRL,Energy use (kg of oil equivalent per capita),EG.USE.PCAP.KG.OE,..,..,..,..,..,..,..,..,..,..,..,..,..,..,..,..,..,..,..,..,..,..,..,..,..,..,..,..,..,..,..,..,..,..
Greenland,GRL,"Population, total",SP.POP.TOTL,55300,55200,55500,55800,55900,56000,56100,56100,56185,56379,56595,56751,56898,56935,56775,56555,56328,56323,56534,56890,56810,56483,56295,56114,56186,56172,56023,56225,56367,56653,56661,56865,56836,..
Greenland,GRL,Urban population (% of total population),SP.URB.TOTL.IN.ZS,80.2990036010742,80.467903137207,80.7938690185547,81.0566635131836,81.0665817260742,81.072395324707,81.1202621459961,81.1649703979492,81.4517822265625,81.7906112670898,82.0752868652344,82.3485946655273,82.5634307861328,82.6899108886719,82.8471984863281,83.2039566040039,83.621826171875,83.8556137084961,84.2784881591797,84.5286026000977,84.8864593505859,85.3725891113281,85.6772384643555,86.046257019043,86.2261047363281,86.3915557861328,86.72509765625,87.0217895507812,87.2840881978115,87.5452017613678,87.8049405256832,88.0631147749908,88.3195347935238,..
Grenada,GRD,"GDP per capita, PPP (constant 2021 international $)",NY.GDP.PCAP.PP.KD,8785.75882374895,8548.03859699698,8629.08629470408,8750.81831848402,9076.71902949207,9467.7770534851,10509.109807501,11158.4897298503,11625.050939182,11333.2377092409,11677.7034172407,12726.5266219464,12593.3546257337,14211.8426569264,13594.355159621,14376.2824512778,14463.560012123,13463.580293958,13354.9085012616,13397.8500405513,13161.3955324377,13386.3189064112,14287.9538720088,15136.6966673773,15640.8274503805,16291.4894625979,16964.852001696,17036.9151689715,14647.7451384876,15290.250903138,16376.4273099594,17093.1562867447,17751.5098662481,..
Grenada,GRD,Carbon dioxide (CO2) emissions (total) excluding LULUCF (Mt CO2e),EN.GHG.CO2.MT.CE.AR5,0.0529,0.0595,0.0695,0.0625,0.0667,0.0909,0.0793,0.0803,0.0574,0.0583,0.0634,0.0696,0.0664,0.0713,0.0813,0.0905,0.0989,0.1063,0.1188,0.0919,0.0951,0.1226,0.11,0.1171,0.1276,0.128,0.1435,0.1804,0.1536,0.1608,0.1694,0.1699,0.1759,..
Grenada,GRD,Energy use (kg of oil equivalent per capita),EG.USE.PCAP.KG.OE,..,..,..,..,..,..,..,..,..,..,..,..,676.893242958938,719.922722219184,735.461025105552,732.885760301117,..,..,..,..,..,..,..,..,..,..,..,..,..,..,..,..,..,..
Grenada,GRD,"Population, total",SP.POP.TOTL,101602,102382,103138,103869,104584,105293,106009,106727,107451,107987,108404,108884,109323,109734,110135,110522,110896,111254,111586,112079,112775,113487,114132,114676,115130,115438,115691,115981,116341,116688,116913,117081,117207,..
Grenada,GRD,Urban population (% of total population),SP.URB.TOTL.IN.ZS,33.6304612487265,33.8645013126556,34.1599790749802,34.4927373890347,34.8386191081534,35.1734670856707,35.473124174921,35.7134332292386,35.8702371019579,35.9199973947796,35.9199179937357,35.9194385233611,35.9181958391436,35.9158260786725,35.9119653795374,35.9062498793276,35.8983157156326,35.8877990260417,35.8743359481443,35.8601091092326,35.8652755773132,35.8792242623778,35.9014624346562,35.9319491111708,35.9706014181883,36.0173296416579,36.0720421424532,36.1346465679904,36.2050502515788,36.2831603706908,36.3688840183487,36.462128238584,36.5628000454229,..
Guam,GUM,"GDP per capita, PPP (constant 2021 international $)",NY.GDP.PCAP.PP.KD,..,..,..,..,..,..,..,..,..,..,..,..,..,..,..,..,..,..,..,..,..,..,..,..,..,..,..,..,..,..,..,..,..,..
Guam,GUM,Carbon dioxide (CO2) emissions (total) excluding LULUCF (Mt CO2e),EN.GHG.CO2.MT.CE.AR5,0.0002,0.0002,0.0002,0.0002,0.0002,0.0002,0.0003,0.0003,0.0003,0.0003,0.0003,0.0003,0.0003,0.0003,0.0002,0.0003,0.0003,0.0003,0.0003,0.0003,0.0003,0.0003,0.0002,0.0002,0.0003,0.0003,0.0003,0.0004,0.0004,0.0003,0.0003,0.0003,0.0003,..
Guam,GUM,Energy use (kg of oil equivalent per capita),EG.USE.PCAP.KG.OE,..,..,..,..,..,..,..,..,..,..,..,..,..,..,..,..,..,..,..,..,..,..,..,..,..,..,..,..,..,..,..,..,..,..
Guam,GUM,"Population, total",SP.POP.TOTL,143393,145654,147868,150054,152169,154215,156237,158289,160065,161329,162315,163137,163810,164365,164839,165267,165693,166173,166522,166543,166331,165966,165486,164905,164233,163490,162679,161808,162158,163730,165180,166506,167777,..
Guam,GUM,Urban population (% of total population),SP.URB.TOTL.IN.ZS,91.1984367719938,91.4732873968821,91.7555535281099,92.0368700659536,92.3088719106896,92.5631939625945,92.7914711219447,92.9853382890167,93.1395316242857,93.2781071591292,93.4166219465011,93.5502870629964,93.6758326459328,93.7899888326279,93.8894857603993,93.9710535665648,94.0314223884421,94.0673223633488,94.0765173267308,94.0771054436498,94.0777276704115,94.0782751403862,94.0787476782557,94.079145108702,94.079467256407,94.0797139460527,94.079885002321,94.0799802498939,94.0804991087801,94.0884327694075,94.1068261842046,94.1349341638921,94.1726346571831,..
Guatemala,GTM,"GDP per capita, PPP (constant 2021 international $)",NY.GDP.PCAP.PP.KD,7822.25981413262,7915.4069288614,8018.27959123705,8195.34591091977,8222.06539206535,8364.16131429348,8559.98628929783,8668.42697938871,8770.4040870875,8771.15520620407,8901.53633819804,8926.15358002845,9003.85719003217,9099.72328845701,9386.00114713774,9772.8053901732,9889.57209974855,9740.70936130832,9825.0176796825,10032.088632465,10126.8283621986,10297.8395710411,10553.5642244297,10785.9584615777,10872.5939962916,11005.4593976653,11192.372055508,11466.3765822795,11097.15041153,11825.141273764,12147.9309684074,12384.948508094,12640.8875023146,..
Guatemala,GTM,Carbon dioxide (CO2) emissions (total) excluding LULUCF (Mt CO2e),EN.GHG.CO2.MT.CE.AR5,4.8583,5.388,5.8233,6.7944,6.6692,6.9722,8.702,8.6453,9.6791,10.1703,10.6383,10.6273,10.8357,11.7657,11.9282,12.6993,11.5613,12.1995,11.7791,12.1427,12.5792,13.5353,14.5357,16.9576,18.0238,17.0573,18.7397,19.663,17.6187,20.2047,18.9518,20.1279,20.3694,..
Guatemala,GTM,Energy use (kg of oil equivalent per capita),EG.USE.PCAP.KG.OE,502.681068259635,487.931596645511,500.751009723185,516.44742102637,517.245036950191,527.538464213906,559.049507337427,600.767330241403,615.959274265347,617.59711543474,691.770542221836,690.150548663056,695.803562778047,696.528906315535,686.763346928881,720.41253856336,686.736367338845,721.327289373788,714.074532356674,714.303324282615,734.084473337375,738.982674301733,756.287525577607,787.263517462421,833.55203066865,817.676720672477,833.831068721414,851.576981433866,823.751784803862,924.210448799794,887.8389253262,..,..,..
Guatemala,GTM,"Population, total",SP.POP.TOTL,9522266,9779761,10043718,10312996,10583526,10857754,11139145,11422965,11697592,11969422,12246915,12525842,12807402,13087629,13367459,13652040,13935174,14215611,14500112,14792126,15089647,15387337,15681725,15971743,16268760,16567357,16845685,17103803,17357325,17598650,17847877,18124838,18406359,..
Guatemala,GTM,Urban population (% of total population),SP.URB.TOTL.IN.ZS,34.4334171300471,34.7310073212315,35.0756010770794,35.7556305117631,36.8833711270944,38.3195642319091,39.9406715289323,41.6231547208891,43.2434755105047,44.678095600504,45.7754731938848,46.5865389722105,47.326819486636,48.0557951573834,48.7676356188334,49.4565105053665,50.1165894513633,50.7420420912045,51.3270380592706,51.8657469899423,52.3523385176,52.7809822766245,53.1458479013964,53.4411050262961,53.6609232857043,53.7994723140017,53.845962303542,54.1882267267974,54.5483167911628,54.9047071553758,55.2581228215265,55.6082319565539,55.9547027274763,..
Guinea,GIN,"GDP per capita, PPP (constant 2021 international $)",NY.GDP.PCAP.PP.KD,2076.55062690695,2115.8664959394,2134.89769355787,2171.72552153265,2205.32363416973,2272.41100463955,2311.327353403,2346.2701835771,2358.28765608495,2412.75161959628,2498.13177495102,2473.23418295471,2477.50282602363,2501.22160456279,2478.61319510726,2587.0048887648,2629.5397474637,2537.30645758746,2594.83050344245,2673.40873029955,2762.90350938513,2802.56007024474,2834.96634347846,2869.85157178732,3099.78874189372,3332.76576150531,3455.64512638662,3557.46233883145,3630.99330577677,3738.8051255133,3792.01068836277,3904.82395527998,4016.34191386072,..
Guinea,GIN,Carbon dioxide (CO2) emissions (total) excluding LULUCF (Mt CO2e),EN.GHG.CO2.MT.CE.AR5,0.8258,0.8505,0.8643,0.8809,0.9112,0.9158,0.9518,0.9959,1.4601,1.5754,1.698,1.7983,1.8304,1.7523,1.8567,1.9398,2.062,2.1879,2.5103,2.6535,2.5111,2.2699,2.3734,2.8673,3.2295,3.2701,3.7415,4.814,5.3934,5.0777,5.2208,5.0264,5.2054,..
Guinea,GIN,Energy use (kg of oil equivalent per capita),EG.USE.PCAP.KG.OE,..,..,..,..,..,..,..,..,..,..,..,..,..,..,..,..,..,..,..,..,..,..,..,..,..,..,..,..,..,..,..,..,..,..
Guinea,GIN,"Population, total",SP.POP.TOTL,6914366,7128177,7345107,7553249,7770035,7931370,8081990,8265123,8428832,8539960,8674066,8870781,9062726,9245844,9441171,9662281,9898870,10143534,10396086,10656810,10921581,11191873,11472924,11767070,12073030,12385659,12704774,13034346,13371183,13710513,14055137,14405468,14754785,..
Guinea,GIN,Urban population (% of total population),SP.URB.TOTL.IN.ZS,28.7249348395438,28.9789113203538,29.2360010751533,29.4990241182623,29.7715516995972,30.0528319349072,30.3398459469057,30.63021654503,30.9231105645224,31.2176948406254,31.5131362085814,31.8086015036327,32.1032575610216,32.3962712159907,32.6868093037822,32.9740386596386,33.2571261188022,33.5352385165154,33.8075426880206,34.0732054685603,34.3313936933767,34.5812741977122,34.8177920826682,35.0373191833496,35.3100280761719,35.5827331542969,35.8554382324219,36.1281547546387,36.4802208060551,36.8502178436256,37.2384967469106,37.6454083954705,38.0713036688655,..
Guinea-Bissau,GNB,"GDP per capita, PPP (constant 2021 international $)",NY.GDP.PCAP.PP.KD,1987.61538633299,1963.44000410032,1964.50771152778,1999.82023018049,2185.76736211592,2283.88357077251,1738.54122410447,1992.72847838268,1974.62172274651,2025.60064005453,2053.96189370909,2002.27740627342,1979.57457765814,2060.53834311757,2065.08370690452,2065.86121747677,2105.54284991215,2102.92720552345,2164.13349780236,2278.40566106623,2180.60762289148,2192.45628322206,2156.2021908175,2230.39106612596,2293.23583589196,2342.41526571427,2373.50158144916,2442.10663731324,2455.85606168546,2522.76764302521,2603.24022588591,2693.77665018683,2744.27981043716,..
Guinea-Bissau,GNB,Carbon dioxide (CO2) emissions (total) excluding LULUCF (Mt CO2e),EN.GHG.CO2.MT.CE.AR5,0.1901,0.2042,0.2035,0.2092,0.2066,0.2152,0.2202,0.2297,0.2011,0.2115,0.2233,0.2645,0.2697,0.2753,0.2891,0.3073,0.2916,0.3091,0.3138,0.3184,0.3202,0.3295,0.3412,0.3625,0.3788,0.3066,0.3526,0.3566,0.3363,0.336,0.3439,0.3293,0.3422,..
Guinea-Bissau,GNB,Energy use (kg of oil equivalent per capita),EG.USE.PCAP.KG.OE,..,..,..,..,..,..,..,..,..,..,..,..,63.7243315058282,62.9711526978072,63.5906233506182,65.4727199297581,..,..,..,..,..,..,..,..,..,..,..,..,..,..,..,..,..,..
Guinea-Bissau,GNB,"Population, total",SP.POP.TOTL,1024356,1058745,1092031,1119949,1143535,1165545,1187473,1210206,1234741,1261273,1289307,1318806,1349563,1381585,1415303,1450986,1488054,1526377,1566347,1608076,1651417,1695973,1741122,1786457,1831893,1877072,1922168,1967696,2013255,2058841,2105529,2153339,2201352,..
Guinea-Bissau,GNB,Urban population (% of total population),SP.URB.TOTL.IN.ZS,33.4002994246409,33.9519253078613,34.4608840002895,34.9311501499718,35.3666984049549,35.771503413285,36.1495398230088,36.5047822821727,36.8412054388232,37.1627839410066,37.4734924367695,37.7773055741583,38.0781980012196,38.3801443659997,38.6871193165452,39.0030975009025,39.3320535671181,39.6716434222135,40.0095596313477,40.4391136169434,40.8686027526855,41.2976379394531,41.7271995544434,42.1568145751953,42.586109161377,43.0155792236328,43.4449081420898,43.8745574951172,44.3038330078125,44.7334136962891,45.1627159118652,45.5923843383789,46.113204421822,..
Guyana,GUY,"GDP per capita, PPP (constant 2021 international $)",NY.GDP.PCAP.PP.KD,5799.21836066806,6247.86624866594,6755.3286689231,7071.21280005947,7612.30424290021,8064.56715164725,7915.22956203951,8139.97018415742,8025.29326490962,8212.04321760917,8314.0272750321,8267.42910545363,8404.2001629708,8256.52519071138,8702.33133494001,9354.08017716534,9546.70875949436,9924.52660770631,10374.3947557656,10958.8598838438,11534.9985588659,11896.9069854942,12030.0529344045,12040.08253302,12420.4724727603,12801.6408529346,12980.3576003177,13402.4219472757,19234.1301977637,22865.9270968882,37068.1993827588,49312.3603225444,70516.7215064805,..
Guyana,GUY,Carbon dioxide (CO2) emissions (total) excluding LULUCF (Mt CO2e),EN.GHG.CO2.MT.CE.AR5,1.0825,1.0888,1.4149,1.5324,1.5818,1.724,1.7494,1.7376,1.6621,1.6456,1.6237,1.6197,1.6735,1.4834,1.3346,1.607,1.6055,1.629,1.7612,1.8334,2.0026,1.9774,2.0651,2.0746,2.4564,2.4688,2.5808,2.7934,3.3298,3.3211,3.684,3.7405,3.7886,..
Guyana,GUY,Energy use (kg of oil equivalent per capita),EG.USE.PCAP.KG.OE,..,..,..,..,..,..,..,..,..,..,..,..,628.2642854707,650.533437418683,658.791039387799,660.623284856797,..,..,..,..,..,..,..,..,..,..,..,..,..,..,..,..,..,..
Guyana,GUY,"Population, total",SP.POP.TOTL,749911,752965,755822,758388,760526,762245,763586,764483,764832,764477,763652,763101,762418,760914,758966,756861,754606,752094,749256,746153,746288,750021,754229,758781,763548,768479,791556,807665,807481,815482,821637,826353,831087,..
Guyana,GUY,Urban population (% of total population),SP.URB.TOTL.IN.ZS,29.5528652056286,29.5116033535051,29.4485829712731,29.366438121652,29.2678028673613,29.1553112711205,29.0315973956489,28.899295303666,28.7610390578913,28.6194627210441,28.4796776810692,28.3083472486662,28.0668850172523,27.7758550706193,27.4604582346121,27.1458953350755,26.8573671978542,26.620074648793,26.4592185137368,26.3999996185303,26.3999996185303,26.4003891353669,26.4018152016157,26.4043918297579,26.4080892882899,26.412905546573,26.4188378517884,26.4258834773058,26.4340397353676,26.443303961947,26.4536735068183,26.4651457279878,26.477717988557,..
Haiti,HTI,"GDP per capita, PPP (constant 2021 international $)",NY.GDP.PCAP.PP.KD,3668.31318736615,3401.75901805261,2938.07008518147,3167.91307649838,3237.01967477296,3262.4591815691,3272.04956439325,3299.23533948239,3267.07646816599,3197.05701086586,3173.73848729607,3227.12087860443,3130.85551975981,3173.26081032717,3174.97622258076,3268.81890675823,3300.25849332968,3437.3806965318,3205.49829961515,3330.99820416355,3296.24782448974,3387.47180169748,3434.63597400578,3433.07529240973,3446.75276647872,3485.4923470131,3496.87870320748,3392.43263210456,3239.83543441301,3145.00681057269,3057.42840826502,2965.94622340134,2809.64535578242,..
Haiti,HTI,Carbon dioxide (CO2) emissions (total) excluding LULUCF (Mt CO2e),EN.GHG.CO2.MT.CE.AR5,1.0366,0.8775,0.4142,1.1266,1.2806,1.4957,1.5327,1.603,1.6951,1.728,1.9515,1.9374,1.7908,1.8291,1.8514,2.1838,2.1633,2.1233,2.5989,2.9444,2.7586,2.9774,3.2283,3.494,3.578,3.5867,3.5577,3.5949,3.4445,3.4083,3.3893,3.3805,3.5138,..
Haiti,HTI,Energy use (kg of oil equivalent per capita),EG.USE.PCAP.KG.OE,337.386344129717,329.492814275813,305.947859484713,337.982653296812,343.60087143121,358.203555574834,353.489788716491,355.305165378087,367.668711281342,354.939290686259,361.247287034171,356.879162298398,357.794531363988,363.221446517241,367.726653817866,369.82614447503,368.507033755957,377.427344980307,388.995522336097,402.476697495403,408.922012927348,415.229471165857,400.493565620537,400.138818358845,408.56544100745,410.595545177212,419.506914918994,409.8045053234,398.394138508433,406.126296523889,377.526060418635,..,..,..
Haiti,HTI,"Population, total",SP.POP.TOTL,7136571,7278181,7419771,7562546,7707557,7854298,8002143,8151296,8303151,8455918,8607641,8759912,8910263,9061273,9216562,9373296,9530774,9689581,9803294,9914904,10069771,10222362,10373235,10523242,10671457,10817754,10962362,11105163,11243848,11374586,11503606,11637398,11772557,..
Haiti,HTI,Urban population (% of total population),SP.URB.TOTL.IN.ZS,26.3663573562854,27.4485072438076,28.6047343131232,29.8304516400811,31.1210723005304,32.4720093703197,33.8786759252981,35.3364850413145,36.8408497942176,38.3871832598564,39.9708985140797,41.2007603284477,41.8705746346912,42.5791771857318,43.2846444920296,43.9866171992907,44.6847359532184,45.3786413995138,46.0679741838751,46.7523749519985,47.4314843495779,48.1049430223048,48.7723916158687,49.4334707759572,50.087821148256,50.735083378449,51.374898112219,52.0069059952475,52.6307476732151,53.2460637918026,53.8524949966907,54.4496819335618,55.0372652481002,..
Honduras,HND,"GDP per capita, PPP (constant 2021 international $)",NY.GDP.PCAP.PP.KD,1521.94721692982,1681.08238779882,2108.27415007174,2555.02622819382,3054.15773738434,3635.98071228428,3950.83498620229,4293.82723059843,4579.68960840984,4578.94787944773,4627.02278723456,4714.86701000971,4885.34258343422,5056.67544412551,5263.15029099578,5461.90151889031,5566.70639487722,5313.75573967791,5396.07227927744,5488.43371596332,5600.6077605497,5644.13384802045,5705.16246265484,5812.5348879105,5926.49025534228,6099.60734919414,6219.27973775059,6264.01884276715,5603.26398377777,6202.98078812037,6352.58710177732,6467.8800352783,6585.85535717861,..
Honduras,HND,Carbon dioxide (CO2) emissions (total) excluding LULUCF (Mt CO2e),EN.GHG.CO2.MT.CE.AR5,2.6744,2.8039,3.2016,3.782,4.0085,4.1178,4.7681,4.8314,5.0003,5.8868,6.2176,6.8829,7.8297,7.0955,8.1471,8.667,8.6651,8.1702,7.9832,9.491,9.9296,10.1202,9.9347,10.8188,9.7321,9.3472,9.0061,10.1525,9.222,10.3706,10.5707,11.8491,12.2928,..
Honduras,HND,Energy use (kg of oil equivalent per capita),EG.USE.PCAP.KG.OE,474.956821287762,471.843222153003,476.121360771182,492.057826073647,480.292741769501,510.173822449021,533.431598723603,470.24981885708,456.244812117242,478.946954835196,488.702609745866,517.349761686349,546.865600910087,529.297368453255,563.815954585841,589.594179013274,585.573728824361,565.847197127184,561.818507536758,607.415805872968,611.212692944522,613.620494738777,604.093043217727,659.394073401803,616.39140542774,537.592382183152,565.077916293092,583.591911432311,544.573855679284,569.966470568883,573.344445082903,593.629550840537,..,..
Honduras,HND,"Population, total",SP.POP.TOTL,5271431,5423249,5579242,5739637,5903954,6071454,6234431,6400463,6577773,6757993,6938859,7119213,7298994,7478355,7656832,7834798,8012587,8189899,8365878,8540583,8715076,8889278,9063122,9237305,9412380,9588137,9765210,9943633,10119640,10289877,10463872,10644851,10825703,..
Honduras,HND,Urban population (% of total population),SP.URB.TOTL.IN.ZS,41.452387449279,41.9238207203885,42.392319157232,42.8611266380328,43.3334870410143,43.8126442443997,44.3018421264124,44.8043245652756,45.3233354392127,45.8623033555915,46.4194190064116,46.990184604045,47.5739776096056,48.1703884178554,48.7790074235564,49.3994250214704,50.0312316063593,50.6740175729851,51.3273733161098,51.9908892304951,52.6641557109031,53.356379133253,53.8768089124249,54.3828473751434,54.8868414578857,55.3877322339915,55.8852577716247,56.3791561389766,56.8691654042685,57.3550236357547,57.8364689017254,58.3132392705102,58.7850728104829,..
"Hong Kong SAR, China",HKG,"GDP per capita, PPP (constant 2021 international $)",NY.GDP.PCAP.PP.KD,34895.7612081565,36428.527042456,37767.1935301195,37905.6509352086,37804.068427697,39402.5953789391,36776.3830289355,37339.9267574178,39848.59152924,39777.8561883562,40258.1727894569,41570.5763105053,44836.2053321129,47938.8998017111,50981.7931037524,53813.0792084943,54630.3763985044,53172.3001900618,56355.4117939379,58672.8294901182,59015.3332811946,60601.6097817011,61839.810843419,62779.7484353718,63749.4095274634,65662.8359167546,66993.9679794398,65388.3336248234,61328.5288044938,65884.9376260603,64036.6454154727,64434.5576690871,66153.9746651078,..
"Hong Kong SAR, China",HKG,Carbon dioxide (CO2) emissions (total) excluding LULUCF (Mt CO2e),EN.GHG.CO2.MT.CE.AR5,43.4927,44.4638,38.1388,38.6275,36.0962,34.41,42.5728,45.5399,41.901,41.8569,40.9513,44.5174,40.7516,43.0054,42.4322,44.4311,43.1304,45.1455,42.2277,45.1822,44.647,46.1858,47.5543,44.2455,45.0794,44.1348,44.0591,43.5082,34.0619,34.5373,32.1322,34.1194,34.6162,..
"Hong Kong SAR, China",HKG,Energy use (kg of oil equivalent per capita),EG.USE.PCAP.KG.OE,1994.28603038223,1817.02187880225,1856.80780329279,1781.19266302718,1697.25887154868,1588.71002046421,2006.21136133719,2391.77782698951,2121.26333389026,2078.72020108504,1934.25829611026,2027.39386284231,1823.00666629868,1864.70663999897,1899.44680195877,2045.97032642374,1985.30653602798,2043.27170232303,1922.62411959812,2037.95845611292,1944.99681879757,1907.46340816256,1904.11999210825,2030.16882885741,2081.70251975178,1868.11658156736,1916.57759637005,1876.91855569536,1655.13405911583,1671.63130147382,1566.39613487602,..,..,..
"Hong Kong SAR, China",HKG,"Population, total",SP.POP.TOTL,5800500,5901000,6035400,6156100,6435500,6489300,6543700,6606500,6665000,6714300,6744100,6730800,6783500,6813200,6857100,6916300,6957800,6972800,7024200,7071600,7150100,7178900,7229500,7291300,7336600,7393200,7452600,7507900,7481000,7413100,7346100,7536100,7524100,..
"Hong Kong SAR, China",HKG,Urban population (% of total population),SP.URB.TOTL.IN.ZS,99.8254998717847,99.9052758430407,99.961658640719,99.9932976351594,100,100,100,100,100,100,100,100,100,100,100,100,100,100,100,100,100,100,100,100,100,100,100,100,100,100,100,100,100,..
Hungary,HUN,"GDP per capita, PPP (constant 2021 international $)",NY.GDP.PCAP.PP.KD,18197.5305521351,18113.3369069655,18672.707236547,18977.2437047366,19029.1137284914,19635.2949600537,20438.3829550506,21128.8884639402,22117.9204303193,23069.2114730987,24229.2953575981,25255.8711300567,26568.118861864,27765.7886146197,28903.0475407078,29044.0669021254,29384.0070385818,27445.959458479,27801.833816111,28415.1173442897,28179.656464434,28891.0217544976,30264.9492302161,31485.5675425634,32378.9674983075,33828.714942571,35798.0412754022,37662.67681014,36119.5211735652,38887.1909527154,40610.9711368238,40333.2546888118,40686.9319263343,..
Hungary,HUN,Carbon dioxide (CO2) emissions (total) excluding LULUCF (Mt CO2e),EN.GHG.CO2.MT.CE.AR5,61.7189,62.7128,62.4597,62.3673,63.5949,62.3043,62.2073,62.6148,59.4623,61.0051,59.9824,62.681,60.8195,61.2153,60.6797,59.1451,57.8384,51.7014,52.3463,51.4367,47.6527,44.7966,44.8322,47.541,48.2651,51.1346,51.2595,51.5028,49.6521,50.986,47.5733,42.9776,42.6269,..
Hungary,HUN,Energy use (kg of oil equivalent per capita),EG.USE.PCAP.KG.OE,2423.38957698369,2481.57741262502,2405.83433383392,2503.25869655795,2573.19416215561,2527.50156325078,2502.42675477679,2490.94017859145,2448.35399628198,2512.91908128888,2520.39755573852,2580.49625909654,2579.6047628527,2781.00595449852,2760.46242793694,2709.84388699596,2676.90840527171,2548.81278026798,2651.34338122621,2600.71787062735,2490.18578889625,2420.16949827793,2423.51498608604,2571.15090547951,2613.09354239281,2737.45332524366,2738.8272901507,2749.24131881139,2713.17923384455,2850.7057950255,2672.86765529203,2515.37052947518,..,..
Hungary,HUN,"Population, total",SP.POP.TOTL,10369341,10357523,10343355,10328965,10311238,10290486,10266570,10237530,10210971,10187576,10158608,10129552,10107146,10087065,10071370,10055780,10038188,10022650,10000023,9971727,9920362,9872734,9833038,9797755,9759755,9726756,9706964,9694824,9670419,9630932,9605074,9592186,9562065,..
Hungary,HUN,Urban population (% of total population),SP.URB.TOTL.IN.ZS,61.6475605980383,61.9730169898483,62.2993731534369,62.6263403226773,62.9536297314429,63.2809526136067,63.6080202030422,63.9345437336226,64.2602344392211,64.646880283041,65.0400009155273,64.8452987670898,65.0225372314453,66.1261367797852,67.0155868530273,67.0041656494141,68.0976986078883,68.4592590332031,69.5305480957031,69.4779934082031,69.5772326660156,69.9277636266638,70.3071053512008,70.4847717285156,70.4733810424805,70.4542541503906,70.4711761474609,70.4565277099609,70.2917327880859,70.2059275331413,70.1585064243445,70.2923026891431,70.491825943218,..
Iceland,ISL,"GDP per capita, PPP (constant 2021 international $)",NY.GDP.PCAP.PP.KD,39842.3760942383,39957.3221402786,41042.0117943302,40867.564218067,42475.6936133275,43873.6690642163,46449.3454621245,47679.8715900493,49338.4714252632,50556.9938356842,50379.4595507316,51173.1982542632,54592.5314628804,57512.4237338213,59364.2901148281,62940.7473430955,62831.1728631816,57406.4697506817,56211.8345417402,56813.742648754,57173.0434212296,58671.930709837,59133.2701459773,60725.7271247657,63612.5551585223,64303.3782501037,65521.9313424781,64826.4324085557,59543.813498684,61610.2132740715,65380.3173049324,68118.3960312086,67310.0573573616,..
Iceland,ISL,Carbon dioxide (CO2) emissions (total) excluding LULUCF (Mt CO2e),EN.GHG.CO2.MT.CE.AR5,2.306,2.4069,2.5207,2.4404,2.7086,2.6247,2.7082,2.741,2.8524,2.9576,3.1289,3.1,3.1757,3.1274,3.2417,3.4751,3.7798,3.8274,3.7364,3.6038,3.6451,3.7106,3.4639,3.6292,3.1789,3.3299,3.2946,3.1768,3.0717,3.1637,3.2394,3.22,3.293,..
Iceland,ISL,Energy use (kg of oil equivalent per capita),EG.USE.PCAP.KG.OE,7916.88186146098,8380.54983199382,8446.30688308021,8405.2559633539,8991.3157466613,8777.09866357746,9291.86510968838,10353.9985939822,11404.9435876155,10925.4513900466,11168.371424924,11092.6178434139,10892.7840096937,10877.230192953,13184.4771597611,15188.3777309195,17341.072624835,17936.5957485126,17024.5130942471,18161.5241113303,17633.6482755645,18212.7336453087,17947.0382271585,16910.7212326475,15701.4730096728,16234.9829641811,17346.7502731224,16700.5920009676,16083.6099695089,15779.653070706,15806.7848368996,15685.697957602,..,..
Iceland,ISL,"Population, total",SP.POP.TOTL,261057,263725,266021,267468,268916,271128,274047,277381,281205,284968,287523,289521,292074,296734,303782,311566,317414,318499,318041,319014,320716,323764,327386,330815,335439,343400,352721,360563,366463,372520,382003,385663,386506,..
Iceland,ISL,Urban population (% of total population),SP.URB.TOTL.IN.ZS,91.145637512207,91.296257019043,91.4494400024414,91.6399917602539,91.8401641845703,92.0188980102539,91.6760097262822,91.8121341861987,91.9674192031642,92.0452304560359,92.1674022598912,92.3235559316863,92.4377293375354,92.377441015064,92.1949009038813,92.3614571703229,93.0646442174216,93.4441340553707,93.4588348107886,93.41106112427,93.514892578125,93.6166725158692,93.6196716315805,93.727919768566,93.7822647094726,93.7718982310092,93.8526667025487,93.9770847416131,94.1367102874722,94.2108206403841,94.1787071228028,94.1518261784801,94.1819039916522,..
India,IND,"GDP per capita, PPP (constant 2021 international $)",NY.GDP.PCAP.PP.KD,2249.69790389274,2307.60714181108,2411.46273689083,2542.42211133345,2680.27888437082,2734.52089133672,2847.96234988663,3041.48258556057,3099.5028215766,3188.81024020636,3250.69565544917,3445.92592352395,3656.12620652098,3881.9661798273,4129.77837009239,4379.69604361151,4450.39022919238,4731.36160463896,5059.2827108398,5249.54925694026,5460.43768570052,5732.24189090876,6079.84393523695,6488.14602910787,6940.62588857522,7326.60693679859,7714.33974724531,7930.0911303899,7399.53068079041,8050.01857452664,8594.39190499879,9301.75603225735,9818.04270686639,..
India,IND,Carbon dioxide (CO2) emissions (total) excluding LULUCF (Mt CO2e),EN.GHG.CO2.MT.CE.AR5,669.6564,699.7472,743.8494,796.4452,833.4883,877.681,900.5955,961.5943,996.8909,1012.998,1051.0846,1083.014,1168.0565,1217.7273,1299.6787,1415.2655,1519.7704,1621.1797,1730.0542,1845.6437,2015.2876,2072.6256,2237.6647,2278.2296,2311.9771,2441.2015,2556.7189,2551.4851,2356.959,2597.9343,2807.0805,3014.5226,3153.8291,..
India,IND,Energy use (kg of oil equivalent per capita),EG.USE.PCAP.KG.OE,336.206818642044,339.038033254784,347.806182247067,361.640673294246,367.704650910734,376.185592059812,378.300390670302,392.976731815711,394.916803104241,393.38088619861,397.344252941148,399.699897139001,415.47995649887,425.369642526643,441.785886693878,461.201738250187,481.553027437162,509.446000134302,531.86706609011,546.675890208969,572.133085479526,577.254621645988,610.165371779455,622.339883988149,627.273531026365,648.014718317903,668.303370218852,666.977347524506,632.239828540427,676.814293488143,727.902200094024,754.179577921116,..,..
India,IND,"Population, total",SP.POP.TOTL,902957070,922118387,941163767,960301044,979678458,999133762,1018665080,1038225823,1057922733,1077898575,1097600380,1116803006,1135991513,1154676322,1172878890,1190676021,1207930964,1225524753,1243481564,1261224954,1278674502,1295829511,1312277191,1328024498,1343944296,1359657400,1374659064,1389030312,1402617695,1414203896,1425423212,1438069596,1450935791,..
India,IND,Urban population (% of total population),SP.URB.TOTL.IN.ZS,25.9808576702657,26.1767814681192,26.3710188638872,26.5661772139368,26.7648638746349,26.9696862023486,27.1832515534447,27.4081672842903,27.6470407512523,27.9028652096636,28.1756878910456,28.4660287698,28.7726067228528,29.0945497159107,29.4309857146804,29.7810426848684,30.1438485921815,30.5185314023263,30.9042190810094,31.2746502853309,31.5898935604399,31.9096789235237,32.2288233408821,32.5472990022299,32.8650780972823,33.1821328157539,33.4984353473598,33.8139578818147,34.1286726088333,34.4425517181304,34.7555673994206,35.0676918424186,35.3788972368389,..
Indonesia,IDN,"GDP per capita, PPP (constant 2021 international $)",NY.GDP.PCAP.PP.KD,5357.3758979759,5609.15178814269,5931.23473426762,6312.93453561158,6695.40975787395,6897.00236563331,5897.68530859207,5855.65800744994,6056.38197842165,6190.51954040991,6381.94955179996,6599.09193597034,6843.54654972364,7140.8545640704,7434.48785352221,7802.46406905954,8165.06155116624,8435.4557468629,8848.22473702066,9274.96955181702,9708.61182531081,10121.8141535043,10504.3869411088,10893.6621142169,11319.6634287738,11772.5743296107,12262.2310300771,12757.7850854842,12388.5449268131,12757.0746440204,13334.2653947637,13889.9749067297,14470.4372020578,..
Indonesia,IDN,Carbon dioxide (CO2) emissions (total) excluding LULUCF (Mt CO2e),EN.GHG.CO2.MT.CE.AR5,182.5524,199.8507,212.7475,239.099,252.0076,275.5207,278.2434,295.25,299.0702,319.562,324.9389,353.623,360.1513,362.597,383.4194,401.7934,397.2554,411.3491,443.682,499.9362,504.2572,474.9651,505.0762,512.3973,507.0965,535.7474,596.4692,637.5692,596.2839,622.6868,722.6996,772.5618,812.2042,..
Indonesia,IDN,Energy use (kg of oil equivalent per capita),EG.USE.PCAP.KG.OE,489.759547327284,534.334769070592,524.021858215958,574.757187942779,587.218752078902,595.387791448216,567.577817932084,587.052743287001,585.786495774263,591.12494475388,606.322305750967,597.275615070065,634.752388297531,637.329758271386,643.624656628862,628.600516176574,632.507070175417,674.894542379565,669.112078931141,664.807893671477,680.546536439194,696.192807739943,704.653772045539,698.660737586188,718.57953489745,755.351304203294,826.038659966956,844.870039441295,848.436766186593,896.813534898965,953.65392850686,976.949985543796,..,..
Indonesia,IDN,"Population, total",SP.POP.TOTL,190043744,193305168,196591828,199888057,203204348,206536095,209826788,213004668,216077790,219097902,222088495,225048008,227926649,230871650,233951652,237062337,240157903,243220028,246305322,249470032,252698525,255852467,258877399,261799249,264627418,267346658,269951846,272489381,274814866,276758053,278830529,281190067,283487931,..
Indonesia,IDN,Urban population (% of total population),SP.URB.TOTL.IN.ZS,32.6914992355049,33.8555422228307,35.0672005338812,36.3023505153847,37.5368685140699,38.746630876665,39.9075139498987,40.9953940804992,41.9861540600656,42.9018895186157,43.7824069030376,44.6301761521872,45.4476736441888,46.2373757571669,47.0017588692457,47.7432993585496,48.4644736032029,49.16775798133,49.8521375148888,50.4830017089844,51.1593933105469,51.8307495117188,52.5002136230469,53.1720771789551,53.812557220459,54.4541015625,55.0956840515137,55.7382049560547,56.2785287648768,56.8761702464027,57.4934704226599,58.1179353397878,58.7509635387997,..
"Iran, Islamic Rep.",IRN,"GDP per capita, PPP (constant 2021 international $)",NY.GDP.PCAP.PP.KD,10727.4183671547,10531.9952777275,10333.4330005595,10465.0259592685,11010.0094976248,11025.7202371524,11101.507869196,11163.6950736445,11643.1218077696,11739.0090911282,12583.044990424,13519.4501926929,13807.1953114023,13935.7743087596,14320.6568534545,15237.4237850549,15091.2506521463,15055.1494647199,15729.9131707266,15947.766097961,15159.2948206531,14734.740588719,15262.8515760903,14841.9048340737,15920.3718021202,16167.9677224227,15364.8049052614,14841.0751514998,15381.5845437266,15884.4276775963,16377.9610645368,17044.8173461033,17484.1320140467,..
"Iran, Islamic Rep.",IRN,Carbon dioxide (CO2) emissions (total) excluding LULUCF (Mt CO2e),EN.GHG.CO2.MT.CE.AR5,244.5256,243.3103,277.5515,283.3694,294.1649,307.2913,307.0517,335.8562,353.9396,368.1639,384.325,405.5959,434.9742,468.9899,506.0486,538.5304,555.1596,573.2146,576.7498,585.9198,592.4779,612.6315,636.5399,629.4902,642.3063,666.3808,661.4499,712.5804,735.8709,784.2646,792.0589,816.133,828.9896,..
"Iran, Islamic Rep.",IRN,Energy use (kg of oil equivalent per capita),EG.USE.PCAP.KG.OE,1322.18270269137,1418.50250535957,1571.84307752547,1626.99051652141,1552.49661881616,1716.76606456985,1724.51408426565,1928.66261452523,1852.22331549631,1978.79412795832,2029.89444244191,2074.56132136016,2214.59322138687,2404.02751143882,2459.04565215879,2559.87450273493,2710.16359978519,2671.57890823769,2639.09104238657,2658.13529591614,2740.3010468402,2758.13748400425,2883.07105746991,2736.74412885975,2860.59701763688,3028.21640684666,2911.05556416118,3188.80398470773,3252.6054710927,3336.19069126419,3266.12248660454,..,..,..
"Iran, Islamic Rep.",IRN,"Population, total",SP.POP.TOTL,61184983,61403543,61520598,62205567,62881300,63639638,64519859,65445391,66418659,67452005,68011317,68769340,70256316,71828455,73392747,74602648,75514204,76457825,77420842,78383598,79370580,80414686,81502045,82619362,83812228,85026754,86117998,87051648,87723443,88455488,89524246,90608707,91567738,..
"Iran, Islamic Rep.",IRN,Urban population (% of total population),SP.URB.TOTL.IN.ZS,57.850040435791,58.6953926086426,59.553092956543,60.42333984375,61.0621868466265,62.1140785217285,62.9052391052246,63.7097473144531,64.4780120849609,65.2168655395508,65.9271621704102,66.6049270629883,67.2567367553711,67.8708801269531,68.3101850492144,68.806189933608,69.3790072996746,69.99007683587,70.6092626774386,71.204050944517,71.7633634041294,72.3030873515412,72.8324070385223,73.3561403575949,73.8796100096595,74.4011840820312,74.8034286499023,75.2038879394531,75.5986404418945,75.9926376342773,76.3342208862305,76.6759567260742,77.0201263427734,..
Iraq,IRQ,"GDP per capita, PPP (constant 2021 international $)",NY.GDP.PCAP.PP.KD,4916.26440292878,6105.04166284592,6044.8710481053,5969.66964095891,6419.36981876289,7545.72976101105,9871.73398030533,11237.8537439894,12702.1641950921,12529.6084051005,11144.0505255928,6849.33200800508,10210.5631004959,10078.4437646837,10568.9137652977,10853.8161022311,11511.9387643664,11470.5178061755,11816.841015026,12267.5848940673,13357.0143882353,13712.9317142992,13536.8227681431,13516.0271989204,15016.0920644592,14417.6306896487,14456.2357053224,14910.2250318887,12827.6345392323,12731.7535755129,13433.3977166987,13202.3228073875,12725.0431260393,..
Iraq,IRQ,Carbon dioxide (CO2) emissions (total) excluding LULUCF (Mt CO2e),EN.GHG.CO2.MT.CE.AR5,75.7742,100.1711,109.9546,109.1,100.6647,121.1211,94.2677,74.3027,88.811,100.6528,95.0518,82.8885,90.3219,87.2363,84.864,78.43,90.6714,96.8504,111.4935,115.9065,133.0448,144.4102,138.288,137.9041,155.0442,167.3453,180.9429,193.6481,183.8743,199.7098,222.2784,232.976,238.6704,..
Iraq,IRQ,Energy use (kg of oil equivalent per capita),EG.USE.PCAP.KG.OE,1295.43119076746,1556.86859388652,1688.17518004057,1580.67937441499,1476.75565525716,1731.61875739311,1273.25897058407,959.367887006983,1090.52205809652,1183.92315753963,1092.98165469695,939.517629598492,980.249444124443,949.253481740859,916.179043545813,909.133658720632,962.301839872785,995.7798442565,1064.17152061051,1125.37331940921,1190.03229059907,1175.83271780348,1082.71904877674,998.349545341439,1076.62803028259,1185.88106304283,1287.12364484767,1319.43951211192,1143.12626352051,1275.01138784403,1411.58869867393,..,..,..
Iraq,IRQ,"Population, total",SP.POP.TOTL,18300845,19201195,20139807,20825860,21501321,22176593,22884399,23636527,24424056,25197840,26006559,26802659,27577878,28407448,28616515,28391607,28971036,30058206,31045366,32161424,33654842,35281989,36550059,37560535,38469627,39337353,40265624,41192171,42116605,43071211,44070551,45074049,46042015,..
Iraq,IRQ,Urban population (% of total population),SP.URB.TOTL.IN.ZS,68.9665827373411,68.559023536089,68.1745234453098,67.845869106155,67.6058471597764,67.4895351063262,67.4917273345237,67.5442299364519,67.6331913847871,67.751941516652,67.8938101691696,68.0521271794625,68.2202223846538,68.391425621866,68.5590667282222,68.716475540845,68.8569818968574,68.9742328505284,69.0582953378474,69.1252233869916,69.2222213745117,69.444450378418,69.6666641235352,69.920524597168,69.9123778259643,69.8944511190753,69.8765148865842,69.8683395385742,69.8683166503906,69.8682708740234,69.8682861328125,69.868278503418,69.8861494108913,..
Ireland,IRL,"GDP per capita, PPP (constant 2021 international $)",NY.GDP.PCAP.PP.KD,30744.1914629607,31414.5961920787,33092.0640438826,36094.7616757114,38452.9454979361,42265.1652200505,45493.1692570651,49719.8847973285,53675.0054596933,55630.1013273441,57927.488372311,58709.1544464475,61558.5783140852,63689.0843530779,65087.1804631559,66590.1938973457,62320.66630649,58547.2673956109,59209.0996763251,59899.917652844,59405.0460751524,60388.9413147986,65575.8061665793,80954.6619818255,80899.0223207227,87882.7074355024,93276.0188154012,96371.2910180182,101968.554362011,116903.61243517,123219.076059494,117862.128878959,119037.731175443,..
Ireland,IRL,Carbon dioxide (CO2) emissions (total) excluding LULUCF (Mt CO2e),EN.GHG.CO2.MT.CE.AR5,32.7669,33.0013,34.2195,34.7885,36.1072,37.3632,39.784,41.2207,43.827,46.0507,44.9831,44.4685,44.9913,47.0738,47.6882,46.9449,46.2814,41.1735,40.9249,37.144,37.6022,36.3338,36.1391,37.648,39.5133,38.2632,38.0252,36.369,34.2933,36.3826,35.6861,32.8629,32.5693,..
Ireland,IRL,Energy use (kg of oil equivalent per capita),EG.USE.PCAP.KG.OE,2775.3720955257,2813.89487759353,2941.7994253214,2952.15018949796,3122.61177987901,3256.00582922267,3417.93754858216,3544.84050813586,3627.38542635217,3714.01794514649,3663.16912074715,3515.79431954715,3558.69801147061,3513.15701936975,3433.690849782,3407.88558886571,3311.73521178354,3173.7335600355,3149.89842034979,2875.40675480961,2858.91735604826,2802.60964399377,2726.60528005402,2825.9812059763,2932.30415263032,2854.85820468032,2820.44138030583,2747.90158131447,2633.97691248454,2689.36333693732,2600.15740643769,2467.73733963357,..,..
Ireland,IRL,"Population, total",SP.POP.TOTL,3558430,3576261,3590386,3608841,3637510,3674171,3712696,3754786,3805174,3866243,3931947,3996521,4070262,4159914,4273591,4398942,4489544,4535375,4560155,4580084,4599533,4623816,4657740,4701957,4762722,4827445,4898022,4976456,5039747,5110585,5212836,5311538,5395790,..
Ireland,IRL,Urban population (% of total population),SP.URB.TOTL.IN.ZS,57.2482078114213,57.4647494894716,57.6989865369237,57.9391944274763,58.1743161677665,58.4058211904851,58.6407683900153,58.8800098607384,59.1247997891425,59.3763923617156,59.6367259990731,59.9120142632573,60.1994750854288,60.4882988006461,60.7703677431593,61.0601979374234,61.3581903884996,61.6421022728798,61.8910689348512,62.0872735820277,62.2529318511038,62.4047157756118,62.535401730577,62.6392123492764,62.7229399123734,62.9035196521232,63.0844503476779,63.2737009154127,63.4713366724915,63.6774229356985,63.8920250215059,64.1152082461268,64.3470379255585,..
Isle of Man,IMN,"GDP per capita, PPP (constant 2021 international $)",NY.GDP.PCAP.PP.KD,..,..,..,..,..,..,..,..,..,..,..,..,..,..,..,..,..,..,..,..,..,..,..,..,..,..,..,..,..,..,..,..,..,..
Isle of Man,IMN,Carbon dioxide (CO2) emissions (total) excluding LULUCF (Mt CO2e),EN.GHG.CO2.MT.CE.AR5,..,..,..,..,..,..,..,..,..,..,..,..,..,..,..,..,..,..,..,..,..,..,..,..,..,..,..,..,..,..,..,..,..,..
Isle of Man,IMN,Energy use (kg of oil equivalent per capita),EG.USE.PCAP.KG.OE,..,..,..,..,..,..,..,..,..,..,..,..,..,..,..,..,..,..,..,..,..,..,..,..,..,..,..,..,..,..,..,..,..,..
Isle of Man,IMN,"Population, total",SP.POP.TOTL,70353,70772,71168,71513,72047,72909,73861,74790,75659,76476,77275,78049,78792,79516,80294,81147,82029,82939,83873,84382,84335,84141,83892,83593,83466,83609,83805,83957,84064,84106,84132,84165,84160,..
Isle of Man,IMN,Urban population (% of total population),SP.URB.TOTL.IN.ZS,51.7602299893162,51.7698301376695,51.7771247581586,51.7838845879791,51.7918815779566,51.8018367218248,51.8123361086376,51.821658247347,51.8280887588444,51.8267726358515,51.7294050812584,51.5389094585101,51.3260536002657,51.1608382095573,51.1148712415781,51.2353481079414,51.4683663096054,51.7305375428215,51.9396170300917,52.0246324097527,52.0555317322629,52.0804107092926,52.0997913403899,52.1164840474526,52.1331532169475,52.1498415744309,52.1651893864538,52.1789898247578,52.1909519786866,52.1999559660634,52.1955609162662,52.1832571730182,52.1633405796294,..
Israel,ISR,"GDP per capita, PPP (constant 2021 international $)",NY.GDP.PCAP.PP.KD,26752.4006346892,27123.1073850066,28393.0000212879,29470.81726085,30386.1981561933,30707.0065373148,31246.8564724838,31465.6129203265,33275.0631655978,32590.2286180761,31897.5848832705,31780.7796080985,32675.2080644863,33512.8909185546,34770.0262786336,36317.8525090071,36827.9249156064,36403.1626371602,37722.4099869836,39075.375376272,39299.3515506546,40148.7774492867,40872.5808449627,40967.3707596637,41963.675796165,42947.0586686984,43814.2949977965,44580.8078825716,42915.9416939728,46162.0822730247,48098.187235579,47527.151024672,47338.8424624205,..
Israel,ISR,Carbon dioxide (CO2) emissions (total) excluding LULUCF (Mt CO2e),EN.GHG.CO2.MT.CE.AR5,38.4077,42.117,45.0808,48.1938,51.2646,52.9341,53.5039,54.9448,59.2839,59.2332,62.4864,64.2504,64.0088,61.8728,65.0379,67.4164,67.7831,67.0476,71.9452,71.1392,77.5898,68.288,65.9245,67.9917,67.5521,67.8229,63.4982,65.3145,61.3925,60.972,63.6364,60.4805,57.6654,..
Israel,ISR,Energy use (kg of oil equivalent per capita),EG.USE.PCAP.KG.OE,2580.92968949329,2634.64593522424,2738.44186262608,2796.31041024382,2801.22764441017,2881.17071224801,2885.62324026661,2737.58342545966,2899.21092060716,2973.01751340231,2862.54444096904,2949.36140375621,2822.35591418715,2661.980099421,2883.01357713219,2899.35253797653,3130.72173959461,2874.86147474045,3043.56517574048,2981.37242150116,2968.58833913788,2662.60942480489,2528.01855666417,2607.84399987972,2569.21718310487,2481.51602271413,2490.06554012289,2407.97500275888,2453.62703150387,2432.5509270456,2501.42064264807,2459.62529465788,..,..
Israel,ISR,"Population, total",SP.POP.TOTL,5123000,5261000,5399000,5545000,5692000,5836000,5971000,6125000,6289000,6439000,6570000,6689700,6809000,6930100,7053700,7180100,7308800,7485600,7623600,7765800,7910500,8059500,8215700,8380100,8546000,8713300,8882800,9054000,9215100,9371400,9557500,9849000,9974400,..
Israel,ISR,Urban population (% of total population),SP.URB.TOTL.IN.ZS,90.6099902925991,90.6914856329246,90.7714284488131,90.8511786571744,90.9329267580104,91.0183078868813,91.1059081529216,91.1940273629403,91.2809653237465,91.365021842149,91.4444967249569,91.5176897789793,91.5829008110251,91.6384296279033,91.6825760364229,91.713639843393,91.7292868898136,91.7319738585748,91.7316426703946,91.7304024673781,91.7276502819515,91.7227831465406,91.7151980935716,91.7042921554705,91.6894623646632,91.6701057535759,91.6456193546346,91.6154002002652,91.5788453228939,91.5353517549466,91.4979834273327,91.5089569794505,91.536188843818,..
Italy,ITA,"GDP per capita, PPP (constant 2021 international $)",NY.GDP.PCAP.PP.KD,43614.4850883758,43216.1096444751,44136.7059141923,45410.1391731091,46008.2389303796,46869.4256086419,47701.3974191265,48493.6651210308,50353.4200415436,51332.2904432567,51369.1149098293,51126.2585544038,51495.0028841364,51585.6445807938,52304.2402949819,52747.1905476807,51806.3906176391,48774.3916833748,49301.6959141674,49473.0149235634,47795.9579360541,46833.3615309303,46825.6511245062,47311.8255262709,47987.8379581014,48849.2183534756,49133.143527174,49690.6298505274,45505.0688708956,49825.3934111848,52333.3274270604,52870.3261442897,53265.0032474189,..
Italy,ITA,Carbon dioxide (CO2) emissions (total) excluding LULUCF (Mt CO2e),EN.GHG.CO2.MT.CE.AR5,423.0511,416.2963,410.7504,434.9088,429.8468,433.2998,442.4746,449.3568,454.3191,453.6804,460.957,480.7606,492.1601,493.0711,487.5246,480.3222,464.9772,413.8068,423.6329,414.5041,394.4537,361.7143,342.9756,353.7401,349.1697,345.6817,340.3734,332.562,295.2134,330.3484,331.006,304.3081,299.2285,..
Italy,ITA,Energy use (kg of oil equivalent per capita),EG.USE.PCAP.KG.OE,2627.54011715057,2612.19400052933,2578.66204057136,2799.59479171327,2796.38058021046,2834.63680923621,2913.20022573948,2957.58654940452,3012.48356350836,3020.75373063924,3035.91851152815,3164.10814422149,3162.43494730256,3204.1351997897,3162.24131154867,3132.89653716264,3067.89962633863,2848.10100531328,2904.35856014464,2798.23628262725,2680.46208450702,2576.45615324387,2433.16257781775,2533.02354460955,2511.46353090755,2557.32535513975,2503.3498604998,2494.02659804115,2313.10006204514,2531.08698798735,2411.65172417311,2298.39093933589,..,..
Italy,ITA,"Population, total",SP.POP.TOTL,56797087,56831821,56843400,56844303,56860281,56890372,56906744,56916317,56942108,56976981,57089824,57399184,57828179,58166682,58399861,58756247,59211181,59555454,59819407,60026841,60191247,60311613,60320707,60229605,60115223,60002252,60148658,59729081,59438851,59133173,59013667,58984216,58952704,..
Italy,ITA,Urban population (% of total population),SP.URB.TOTL.IN.ZS,66.7046939025797,66.7268353013949,66.7649491303665,66.8166099473719,66.8793923102889,66.950870776995,67.0286199053679,67.1102142532851,67.1932283786243,67.27519882288,67.3538786566538,67.4299414611787,67.5072499739908,67.5897169318419,67.6812550714834,67.7857771296669,67.9071958431441,68.0494239486665,68.2163741829857,68.4015073889511,68.7608794235259,69.3073989916076,69.5807638614879,69.6100006103516,69.5969232525286,69.5180784259382,69.4800033569336,69.5050010681153,69.5187492370606,69.4812507629394,69.4839779766539,69.5381540123301,69.6047535143071,..
Jamaica,JAM,"GDP per capita, PPP (constant 2021 international $)",NY.GDP.PCAP.PP.KD,9315.8581885588,10088.232357755,10123.2339381488,10257.8065381959,10147.4641121652,9939.66172862006,9624.92935948127,9650.43726482499,9667.92474492316,9736.06291757526,9869.71291927176,10169.7500243245,10244.2066702878,10278.6834382546,10522.2367459591,10622.4442829007,10490.4686134498,9992.97699539021,9805.90172806302,9932.48380946963,9829.03510015044,9839.96506606095,9872.15913752129,9931.89875715182,10179.2536486158,10391.0378224678,10636.0929784551,10816.3720391154,9891.96932961548,10430.6909771759,11096.6377085321,11398.8120394641,11340.2638800451,..
Jamaica,JAM,Carbon dioxide (CO2) emissions (total) excluding LULUCF (Mt CO2e),EN.GHG.CO2.MT.CE.AR5,8.3025,8.4375,8.5234,8.8104,9.1895,9.4034,9.9026,10.16,10.2444,10.3087,10.2596,10.557,10.6008,10.6289,12.311,12.2359,9.8705,8.0493,7.6922,7.6033,7.014,7.4837,7.2146,7.1067,7.6254,7.3076,8.6911,8.4395,5.9229,6.4724,7.5151,7.7039,8.074,..
Jamaica,JAM,Energy use (kg of oil equivalent per capita),EG.USE.PCAP.KG.OE,1139.85406564567,1130.54025977278,1140.90644822491,1203.56731599874,1257.38194499192,1243.88202034055,1286.68442414829,1308.89611676077,1339.1099922275,1357.36284604569,1290.94473517758,1339.31816349938,1338.63104342676,1303.21146887141,1470.67499756086,1479.15825671767,1177.37176764598,943.351386149021,875.100676933436,923.899986298869,888.692854734165,930.085040039502,902.848499036495,903.435894725802,998.797053907958,919.667703413837,1031.75337490372,1075.71855431766,795.43607562422,880.70616769668,968.879419803617,..,..,..
Jamaica,JAM,"Population, total",SP.POP.TOTL,2424701,2449916,2475220,2500151,2524463,2547848,2569736,2589795,2607826,2624403,2640572,2656623,2672225,2687066,2700968,2713800,2725635,2736995,2748568,2760494,2772430,2783687,2793749,2802534,2809915,2815764,2820097,2823271,2830739,2837682,2839144,2839786,2839175,..
Jamaica,JAM,Urban population (% of total population),SP.URB.TOTL.IN.ZS,49.8793624099619,50.1051175348913,50.3347875926727,50.5669713966556,50.8002677601895,51.0332754966239,51.2645934193083,51.4928203415923,51.7165550768252,51.934190578424,52.1467222312645,52.3564891419558,52.5637655955662,52.7685237926234,52.9707359336549,53.1703742191887,53.3674108497524,53.5618180258738,53.7535679480806,53.956586109128,54.2478817703732,54.548819811983,54.8660395670395,55.1995248014924,55.549259277615,55.9152267548307,56.297410990325,56.6957957395074,57.1103647563627,57.5411017937226,57.9879906034775,58.4510149367429,58.9301585439922,..
Japan,JPN,"GDP per capita, PPP (constant 2021 international $)",NY.GDP.PCAP.PP.KD,36563.6226393696,36277.9231838837,36568.7123907341,37442.8946125519,38528.791438519,38814.2535478124,38217.1955920953,38020.0940020688,39005.9136305044,39062.2817355235,38987.9102707538,39501.806782419,40351.776374395,41075.8243580849,41613.1483821427,42182.1758636624,41645.5722078975,39279.498871012,40881.7972423185,40967.3431400832,41596.9238038796,42492.2439560498,42674.6976301321,43386.7100739513,43736.1305076612,44505.2792603684,44848.4899421798,44730.9102844958,42992.4796365328,44355.3487163354,44972.3438362201,45858.6595131439,46106.9229230044,..
Japan,JPN,Carbon dioxide (CO2) emissions (total) excluding LULUCF (Mt CO2e),EN.GHG.CO2.MT.CE.AR5,1177.3721,1169.8276,1223.3464,1233.2243,1246.029,1231.6968,1184.3904,1225.1716,1243.5768,1229.9895,1264.5009,1271.9267,1267.0449,1278.6849,1256.0383,1291.7352,1220.7653,1157.495,1217.0641,1269.8897,1308.4016,1323.4899,1273.5698,1232.5762,1228.6537,1212.9423,1163.1278,1123.813,1060.2269,1080.206,1050.5032,1002.4382,972.267,..
Japan,JPN,Energy use (kg of oil equivalent per capita),EG.USE.PCAP.KG.OE,3626.46889746532,3636.46948341282,3823.87113500931,3915.67795216885,3990.47398761077,4022.0891472937,3938.28293836089,3994.22367709485,4067.03534426909,3990.10602386433,3992.91998129661,3956.90048891144,4085.4919552124,4066.44200433533,4064.36044717698,4020.80546615948,3867.13557310575,3709.02326188514,3900.21212768124,3620.18019068219,3536.70253450885,3567.33780517627,3445.81632921551,3400.59271053608,3370.8877963853,3391.05041453219,3343.05412833973,3261.62024942915,3046.85480668859,3196.03970960845,3129.65861717499,3039.14126131753,..,..
Japan,JPN,"Population, total",SP.POP.TOTL,124425000,124829000,125178000,125472000,125757000,126057000,126400000,126631000,126843000,127149000,127445000,127718000,127761000,127773000,127854000,128001000,128063000,128047000,128070000,127833000,127629000,127445000,127276000,127141000,127076000,126972000,126811000,126633000,126261000,125681593,125124989,124516650,123975371,..
Japan,JPN,Urban population (% of total population),SP.URB.TOTL.IN.ZS,77.6108029675096,77.7480283183434,77.8843368177677,78.0190838015653,78.1374047267253,78.2318902291629,78.3266396189341,78.448341899402,78.6126803295375,79.1577482060887,80.5469860733981,82.4206778416671,84.3710541898905,85.9573620483714,87.1460898958075,88.2701404492656,89.2921563808851,90.1131158718189,90.6228586840649,90.8631654434251,91.0265277326652,91.1516595654317,91.2548945132333,91.3532644103625,91.4541254852142,91.5498419685883,91.6377318609728,91.7164207898107,91.7809926267889,91.8741049279527,91.9776532428406,92.0826903891473,92.1901718034531,..
Jordan,JOR,"GDP per capita, PPP (constant 2021 international $)",NY.GDP.PCAP.PP.KD,7737.96922068777,7675.47163756117,7680.14079173861,7829.08121456011,7731.47855807269,7775.5427123949,7826.74015705934,7920.01974595781,8086.92202690853,8339.78581448441,8638.08033080173,8800.49674649158,9326.66839127919,9839.68834968723,9977.75903329275,10161.4021194103,10641.5894255558,10938.5027244703,10953.537631697,10977.4820450868,11086.0299443995,10799.3538143329,10148.99809876,9581.68922567813,9321.9045113153,9339.81039725983,9311.53116265584,9288.52709103516,9022.63930356769,9182.496161256,9266.57538251337,9381.35436036929,9520.25064497454,..
Jordan,JOR,Carbon dioxide (CO2) emissions (total) excluding LULUCF (Mt CO2e),EN.GHG.CO2.MT.CE.AR5,11.9667,12.4336,12.988,13.8019,14.1239,14.6193,14.8364,14.8637,16.4657,16.5076,17.2075,17.6466,19.0154,20.3143,20.5438,21.3397,20.493,21.0617,20.5883,21.0139,24.5322,24.0985,25.8395,25.6334,25.2353,26.5502,25.2117,23.2902,20.948,21.7432,23.338,24.0408,24.144,..
Jordan,JOR,Energy use (kg of oil equivalent per capita),EG.USE.PCAP.KG.OE,921.019623317495,866.114519281372,885.138249298773,905.193588067655,898.412571409829,893.491630691812,902.814664165857,880.871567025474,903.243088042685,876.037093986667,900.964957727455,900.985989582586,1057.17652422962,1107.30679497061,1066.3573147471,1055.84777945071,1011.34553533121,1044.29967184826,973.413219547318,944.486189633114,1034.50305837685,966.849898090231,930.16049745624,903.433667037898,887.616759444148,917.041568368822,869.212005052558,811.583012032737,754.943831707803,725.458661893959,754.305503117865,..,..,..
Jordan,JOR,"Population, total",SP.POP.TOTL,4127693,4348020,4561406,4752096,4912516,5046285,5164284,5276444,5386945,5498894,5616066,5741828,5882061,6029587,6427371,6827227,6989866,7141753,7297043,7480424,7587127,7991809,8791710,9544729,10006367,10234226,10462306,10671891,10865228,11066356,11256263,11439213,11552876,..
Jordan,JOR,Urban population (% of total population),SP.URB.TOTL.IN.ZS,77.2093821104241,77.8575009481257,78.185706296847,78.2491281447452,78.260589791547,78.2689390880147,78.2751272220723,78.280105381644,78.2848247546539,78.2902365290261,78.2972918926847,78.3069420335538,78.3185350370311,78.412126230667,78.755612573541,79.3358270749644,80.1290966207551,81.1117480967305,82.2601083887084,83.5505043825064,84.9592629639423,86.4627110188335,88.0371754329978,89.8881391939133,90.56272794707,90.8764609714428,91.2008859099729,91.515966492507,91.8216722992319,92.117972910453,92.4048379066163,92.682236868336,92.9501393764286,..
Kazakhstan,KAZ,"GDP per capita, PPP (constant 2021 international $)",NY.GDP.PCAP.PP.KD,14045.1035780375,12795.8746425372,11334.9831283773,10600.3302270095,10857.4353898737,11298.5805497095,11364.0307809315,11815.7732115429,12935.864368308,14612.0290050498,15960.8738450013,17344.752672995,18886.5811908122,20565.5294470866,22574.3429577665,24351.3464102542,24895.6645683245,24901.3527260084,26374.8407672795,27946.1603432944,28881.2417563728,30177.4887221736,30986.4379168995,30893.7594851041,30758.3227260598,31524.4416339794,32330.2274546567,33298.2123695035,32011.5491499004,32945.8515725823,33506.2614893237,34703.2349286604,35973.9633287017,..
Kazakhstan,KAZ,Carbon dioxide (CO2) emissions (total) excluding LULUCF (Mt CO2e),EN.GHG.CO2.MT.CE.AR5,265.3152,226.1297,203.8883,180.328,158.0291,137.3099,141.5854,129.6552,132.224,130.4765,145.534,162.1546,174.5565,187.5969,210.1923,219.6055,248.432,224.4825,242.1984,262.6296,258.8083,276.1147,233.0134,202.7539,216.1249,226.4516,229.3799,218.8149,225.4957,241.9078,246.5276,255.4342,258.8037,..
Kazakhstan,KAZ,Energy use (kg of oil equivalent per capita),EG.USE.PCAP.KG.OE,4549.12129193902,3799.01798234766,3411.22039446455,3122.78221073192,2762.82237678729,2461.86076122748,2514.04329382024,2324.27262615097,2301.832950293,2217.57862083109,2538.1420196136,2737.29872977182,3204.58811216281,3186.46182049893,3763.63490829315,4065.37338873297,4253.35380920843,3819.51468551316,4105.7018942109,4532.00308919896,4270.24340373999,4645.78037421422,3698.18319229425,3050.9438545054,3389.09731833891,3404.26707460291,3814.13873379292,3753.15793323889,3388.38789091494,3540.40029844449,3506.54555005386,3650.54759330848,..,..
Kazakhstan,KAZ,"Population, total",SP.POP.TOTL,17332625,17274487,17043771,16730536,16416027,16043251,15647785,15455874,15501103,15575550,15656677,15747380,15850159,15968117,16103716,16257214,16426525,16619846,16836810,17066002,17306106,17556502,17816285,18084169,18363600,18651931,18932727,19209555,19482117,19743603,20034609,20330104,20592571,..
Kazakhstan,KAZ,Urban population (% of total population),SP.URB.TOTL.IN.ZS,57.0785089227206,56.9840568701253,56.8743815359144,56.7529543748356,56.6232468416365,56.4887303910647,56.3528764778678,56.2102542327601,56.0239607657944,55.7813717131331,55.5045911261585,55.2115277236592,54.9200902244233,54.6481873472392,54.4137278108953,54.2346203341799,54.1287736358813,54.1167144748885,54.2054127497102,54.3996086425518,54.69208192838,55.0779764821252,55.5524361787178,56.1106048930882,56.7476265001667,57.4586448748837,58.2388038921695,59.0832474269546,59.9871193541692,61.030254280267,61.444157327248,61.7560919499181,62.072531584162,..
Kenya,KEN,"GDP per capita, PPP (constant 2021 international $)",NY.GDP.PCAP.PP.KD,3946.84093437851,3844.92029783599,3833.22357838589,3890.0985511465,3941.40919481353,3853.37139280354,3871.82176322447,3848.46470612727,3756.63622296879,3778.25854755615,3681.2569427491,3674.08592758409,3743.56785736929,3844.73557120578,3970.73349887685,4116.45094720856,4002.88364073792,4012.19428382397,4211.52462957784,4307.10611556858,4387.93790075409,4443.371215682,4558.55155266374,4679.62182831938,4770.31046388086,4846.86210851932,5017.66784674664,5171.71264279257,5057.40115537429,5338.85243382781,5491.69378280246,5691.82513474417,5845.20117717825,..
Kenya,KEN,Carbon dioxide (CO2) emissions (total) excluding LULUCF (Mt CO2e),EN.GHG.CO2.MT.CE.AR5,6.2967,6.1914,6.2863,6.7215,7.4009,7.1148,7.783,7.9883,8.9072,8.2528,8.0095,7.2312,8.0523,9.026,9.9988,10.0006,10.5703,12.4742,13.4828,13.8759,12.8926,13.8937,15.7052,17.0005,18.5033,19.2464,19.1369,19.4769,19.1646,21.5155,21.9726,21.2679,21.6387,..
Kenya,KEN,Energy use (kg of oil equivalent per capita),EG.USE.PCAP.KG.OE,461.514800014424,457.162477874331,448.817790825803,457.701869210403,461.288541982308,453.644363435621,459.342548020959,456.367492363499,460.259557885245,452.428455522956,445.351766080328,435.103052843273,449.67502007767,453.624918249435,459.858505198544,456.223752941816,456.15344235827,470.588388726011,469.595821222952,472.715162690229,462.749845582612,471.435474475568,497.485664126512,530.458901047223,533.407778503543,538.606903918261,546.495296692888,543.883187157453,534.753957479746,539.778643234306,541.12804988998,544.940571966597,..,..
Kenya,KEN,"Population, total",SP.POP.TOTL,24382460,25117188,25857130,26601751,27344211,28101768,28888057,29733408,30642890,31619170,32629808,33652223,34713455,35796484,36904008,38036349,39206351,40408891,41598567,42758461,43888303,44986791,46051440,47088526,48139687,49197766,50207107,51202827,52217334,53219166,54252461,55339003,56432944,..
Kenya,KEN,Urban population (% of total population),SP.URB.TOTL.IN.ZS,18.3803510644475,18.4500145151536,18.5149411548647,18.5827604922377,18.6611020359295,18.7575952945971,18.8798697768976,19.0288523643308,19.4553832211834,20.4416297068833,21.8586568137501,23.563889811899,25.4147539714454,27.2686745625048,28.9830768551925,30.4153861196239,31.4230276259143,31.8603086707305,31.8713287706458,31.8673949025409,31.8558130142761,31.8324454433988,31.7931545274563,31.7338026039958,31.6502520105647,31.5383650847102,31.3940041639796,31.1895566421135,31.2063494632616,31.2879334021971,31.4307820066946,31.6330340816429,31.8937831721599,..
Kiribati,KIR,"GDP per capita, PPP (constant 2021 international $)",NY.GDP.PCAP.PP.KD,2495.99640204714,2455.44987557043,2468.72119002766,2498.7876151917,2455.50107360313,2439.41011578482,2502.86206993942,2364.34619150483,2481.41524257587,2357.58189014518,2341.69553872722,2258.03381830985,2199.67074158217,2183.78113886233,2264.16158033718,2286.4464773202,2172.35767589525,2137.96593927055,2119.64018013945,2150.38301837654,2242.01379114528,2382.37034452158,2381.34837325608,2615.8414365735,2761.9336523043,2822.669652935,2877.60204999231,2927.48453366722,2834.68581354366,3020.49399935695,3107.77604642687,3140.58326370439,3257.1362912531,..
Kiribati,KIR,Carbon dioxide (CO2) emissions (total) excluding LULUCF (Mt CO2e),EN.GHG.CO2.MT.CE.AR5,0.019,0.0192,0.0198,0.0179,0.0181,0.0186,0.0192,0.0192,0.0324,0.0292,0.0432,0.0447,0.0464,0.0616,0.0662,0.0616,0.0686,0.0581,0.0611,0.057,0.0558,0.0601,0.0607,0.0623,0.0678,0.0691,0.0759,0.0761,0.0737,0.0805,0.0758,0.076,0.0797,..
Kiribati,KIR,Energy use (kg of oil equivalent per capita),EG.USE.PCAP.KG.OE,..,..,..,..,..,..,..,..,..,..,..,..,83.2596138835406,81.6035089508849,99.9830028895088,107.771289728416,..,..,..,..,..,..,..,..,..,..,..,..,..,..,..,..,..,..
Kiribati,KIR,"Population, total",SP.POP.TOTL,77641,78841,80021,81234,82623,84147,85657,87126,88613,90335,92264,94175,96085,98035,100017,102068,104222,106467,108704,110647,112284,113838,115326,116815,118478,120275,122084,123921,126099,128377,130469,132530,134518,..
Kiribati,KIR,Urban population (% of total population),SP.URB.TOTL.IN.ZS,35.4883396105748,35.7162203273478,35.9876137513594,36.3333481846524,37.0518305378991,38.6030123331399,40.5328905371864,42.2976634213444,43.3274808848011,43.4777440627131,43.4985457088421,43.510668313316,43.5238025326975,43.5443274444527,43.7349826427011,44.6212141757087,45.9461325515373,47.3510238975116,48.4603839564718,49.1228169536795,49.5800786695548,49.9687043258795,50.3909308922385,50.9541970402064,51.7710553002321,52.9734697275451,54.5004023142497,56.2846727145489,58.4123714112748,59.6364645301985,60.5739126559419,61.5244676194408,62.4620431275642,..
"Korea, Dem. People's Rep.",PRK,"GDP per capita, PPP (constant 2021 international $)",NY.GDP.PCAP.PP.KD,..,..,..,..,..,..,..,..,..,..,..,..,..,..,..,..,..,..,..,..,..,..,..,..,..,..,..,..,..,..,..,..,..,..
"Korea, Dem. People's Rep.",PRK,Carbon dioxide (CO2) emissions (total) excluding LULUCF (Mt CO2e),EN.GHG.CO2.MT.CE.AR5,112.2443,104.007,95.1901,89.1009,79.058,76.672,62.8686,68.5664,73.8063,76.673,73.4431,74.9821,76.5246,79.7374,81.2485,67.9856,74.4786,71.6712,69.0426,50.8115,49.0217,37.9084,41.6105,32.6541,36.0271,73.5427,66.3965,73.4111,69.045,57.2906,59.8036,65.6588,66.2394,..
"Korea, Dem. People's Rep.",PRK,Energy use (kg of oil equivalent per capita),EG.USE.PCAP.KG.OE,1274.10438656311,1154.73272985627,1040.84302956634,969.810490164286,844.295603307261,796.809248807663,737.166689251094,783.429536707529,833.135926035272,855.308188837363,817.139377772628,831.404593215752,845.078255840803,874.547570755458,878.701770260996,742.749190277876,814.468872858035,778.335567143127,752.365886787198,563.185425780586,549.906642052429,439.807523596631,471.17031915804,372.798087935995,409.40016933224,768.533125595482,700.51333125908,763.672802269615,726.927801005035,619.354172479083,640.514278027031,..,..,..
"Korea, Dem. People's Rep.",PRK,"Population, total",SP.POP.TOTL,21750911,22073352,22393975,22669304,22895746,23110830,23311564,23497599,23665910,23815358,23943973,24090380,24254943,24396433,24524507,24646383,24764618,24878332,24987258,25097874,25211728,25329451,25451262,25575350,25698326,25817709,25931147,26037632,26136312,26232534,26328845,26418204,26498823,..
"Korea, Dem. People's Rep.",PRK,Urban population (% of total population),SP.URB.TOTL.IN.ZS,58.7491836666181,58.8749864094298,58.9804902802104,59.0713546238722,59.1528308821661,59.2266583905269,59.2945764843893,59.358324499188,59.4196417703576,59.4802676333329,59.5419414235486,59.6064024764394,59.6753901274401,59.7506437119853,59.8339025655097,59.926906023448,60.0310692203612,60.1544414620403,60.307007469148,60.4836230684404,60.6781140779735,60.8843063158034,61.0940947540873,61.3247571174501,61.5681351428803,61.8206076091402,62.0826119807623,62.3542226611578,62.6355140538495,62.926560562457,63.2274365906829,63.5382165423021,63.8589748211522,..
"Korea, Rep.",KOR,"GDP per capita, PPP (constant 2021 international $)",NY.GDP.PCAP.PP.KD,16613.4907015983,17595.9036148432,19052.2990926264,20697.8969808345,22139.7963785414,23311.0420901741,22000.3387603516,24382.2508517369,26404.1588575745,27440.6564915847,29395.2766036796,30142.4605585814,31579.5283048867,32886.0472450743,34429.6222013137,36257.3401689702,37064.1518484106,37176.1939270969,39574.0500732947,40719.2273771671,41537.6728611117,42709.9751857887,43806.9250985661,44849.106767089,46088.2430785383,47536.7898568851,48834.4471157733,49790.8679884821,49374.0926148025,51718.2518656631,53228.6035655365,54029.3434990785,55070.9386194121,..
"Korea, Rep.",KOR,Carbon dioxide (CO2) emissions (total) excluding LULUCF (Mt CO2e),EN.GHG.CO2.MT.CE.AR5,321.0922,349.6353,377.4498,407.0883,436.4966,458.8627,393.6141,430.6102,466.4031,477.111,494.4704,502.986,519.4706,515.9796,523.7009,541.0028,552.3692,556.3739,612.9372,647.6916,645.2115,642.0472,630.5865,643.7994,648.8158,665.288,680.496,654.9901,617.3408,638.7702,613.5467,590.365,588.0089,..
"Korea, Rep.",KOR,Energy use (kg of oil equivalent per capita),EG.USE.PCAP.KG.OE,2545.85498921945,2824.86789707394,2968.99819252669,3234.29761074072,3460.92201688076,3675.46830349413,3374.34870324412,3665.80037287776,3952.36285253717,3923.08094343002,4093.47640135718,4137.64649746404,4255.20021526328,4324.50929706891,4337.55103463972,4487.98132629667,4512.96932152779,4557.69756825002,4920.34159542887,5114.96282558864,5122.94213308196,5108.23633855207,5136.98533019492,5239.00345362778,5390.84042635905,5467.82224967457,5531.77957372505,5334.67385872126,5195.91011087811,5513.62830573477,5411.97477731382,5336.92485966157,..,..
"Korea, Rep.",KOR,"Population, total",SP.POP.TOTL,43747962,44194628,44641540,45092991,45524681,45953580,46286503,46616677,47008111,47370164,47644736,47892330,48082519,48184561,48438292,48683638,49054708,49307835,49554112,49936638,50199853,50428893,50746659,51014947,51217803,51361911,51585058,51764822,51836239,51769539,51672569,51712619,51751065,..
"Korea, Rep.",KOR,Urban population (% of total population),SP.URB.TOTL.IN.ZS,76.1960694185519,77.1082857281795,77.8585649228147,78.400437187912,78.7508147919442,78.9918025094803,79.1812369650495,79.3623394908518,79.579960745642,79.8787704357425,80.2766294544335,80.707793508044,81.104386778171,81.3901352283669,81.566462110512,81.712125801927,81.8350833138518,81.9245045084002,81.9685075986486,81.9615408086376,81.9087898200378,81.8269383502703,81.7315682816954,81.639489860678,81.5559241797057,81.471030429984,81.3823523035196,81.2901063535619,81.1759595622913,81.1616526507785,81.1624941626873,81.1645551720421,81.1682528469686,..
Kosovo,XKX,"GDP per capita, PPP (constant 2021 international $)",NY.GDP.PCAP.PP.KD,..,..,..,..,..,..,..,..,..,..,..,..,..,..,..,..,7098.40301909042,7481.45889832785,7877.10199850556,8359.93621479336,8431.66232694657,8828.27683251638,9150.74997293883,9824.99105955319,10434.8888259268,10856.2902074239,11188.2244627966,11774.1178510908,11137.5028560404,12362.4210181213,13022.4627441502,14240.2030320365,15716.2925564586,..
Kosovo,XKX,Carbon dioxide (CO2) emissions (total) excluding LULUCF (Mt CO2e),EN.GHG.CO2.MT.CE.AR5,..,..,..,..,..,..,..,..,..,..,..,..,..,..,..,..,..,..,..,..,..,..,..,..,..,..,..,..,..,..,..,..,..,..
Kosovo,XKX,Energy use (kg of oil equivalent per capita),EG.USE.PCAP.KG.OE,..,..,..,..,..,..,..,..,856.943688546918,1044.87065723301,1035.03652986506,1091.49742065686,1099.83250794257,1070.06721463477,1084.46350103884,1131.46798118969,1230.09754239368,1356.38701251086,1394.78002150113,1410.72541685059,1310.3856620955,1296.69455079673,1219.31522053323,..,..,..,..,..,..,..,..,..,..,..
Kosovo,XKX,"Population, total",SP.POP.TOTL,2039723,2072664,2105256,2137514,2168753,2197284,2078964,1871524,1802493,1820009,1829462,1826434,1822773,1818354,1813079,1807094,1800858,1794681,1788743,1791949,1807126,1818119,1812788,1788274,1777568,1791019,1797086,1788891,1790151,1786079,1768096,1682668,1594353,..
Kosovo,XKX,Urban population (% of total population),SP.URB.TOTL.IN.ZS,37.1143013226547,37.1905133835362,37.2551464019431,37.3096898581184,37.3556332323052,37.3944660047464,37.4276776556851,37.4567576653642,37.4831955140268,37.508480681916,37.5341026492746,37.5615508963458,37.5923149033726,37.627884150598,37.6697481182649,37.7193962866165,37.7783181358957,37.8480031463455,37.929940798209,38.0255184272137,38.2296959226488,38.6251749487938,39.1938922761744,39.917681154075,40.7783748317802,41.7578065585746,42.8378095837429,44.0002171565695,45.2268625263391,46.4995789423362,47.8001996538455,49.1105579101515,50.3214443938994,..
Kuwait,KWT,"GDP per capita, PPP (constant 2021 international $)",NY.GDP.PCAP.PP.KD,43266.9328651676,56684.1863309395,61753.8489990065,64093.5178778949,62665.2243536425,62151.9518270333,62450.0884424765,59533.9542752452,60585.3026788164,59099.6653133601,59348.6172741565,67984.3145062554,73298.0621819477,78193.9012127585,79521.3484338455,79474.7611346377,77036.5083833055,67896.2680451995,62956.2152904125,64844.5019019408,64908.262639237,62458.8089221249,60065.6544076232,57763.5174574395,56936.620842726,52285.5871175696,51623.8078622052,51380.6455354631,49372.8187938552,50651.9575337091,51379.8833194119,47777.4012284844,46137.4674254845,..
Kuwait,KWT,Carbon dioxide (CO2) emissions (total) excluding LULUCF (Mt CO2e),EN.GHG.CO2.MT.CE.AR5,26.9632,34.2774,40.734,40.3131,39.6473,41.7493,46.3276,49.8899,56.0212,58.8749,61.582,64.9188,68.9816,77.2337,79.9333,78.2246,83.613,85.3214,86.8196,91.8746,91.9634,93.8744,92.3325,95.5891,98.4,97.4646,99.0797,96.8283,92.9479,99.8995,102.6178,110.1591,115.9313,..
Kuwait,KWT,Energy use (kg of oil equivalent per capita),EG.USE.PCAP.KG.OE,5351.44439852607,7324.02224365766,8626.16387362399,8750.10113429804,8368.27401295209,8176.01715457411,9034.45959618815,9400.75063333368,9493.79658571526,9860.50598409608,9710.55321576442,10159.9001917272,10969.8036910729,12017.9810258331,10451.2180900059,9522.59021417333,10648.7276277184,10529.4946836104,11311.9365859367,10504.8801729128,10424.3416746399,9775.19621173225,8681.35167846512,9731.54449633626,9684.89135568875,9526.71485045218,9772.0088330557,8352.78024104055,8871.9407246336,8570.59391176127,9129.59798629005,..,..,..
Kuwait,KWT,"Population, total",SP.POP.TOTL,1634961,1672151,1664361,1681513,1730246,1787683,1844302,1900030,1954709,2008121,2059974,2109881,2157320,2236788,2364733,2507887,2651421,2795484,2943372,3132814,3337109,3507844,3665876,3834574,4004096,4154812,4323515,4442316,4400267,4360865,4589643,4853420,4897263,..
Kuwait,KWT,Urban population (% of total population),SP.URB.TOTL.IN.ZS,97.9889439981594,98.0014588573446,98.0197679829403,98.0496205617356,98.1478003887634,98.325317830217,98.5480279188186,98.7836741452018,99,99.2347539628831,99.5090276880805,99.7655794280652,99.94716743531,100,100,100,100,100,100,100,100,100,100,100,100,100,100,100,100,100,100,100,100,..
Kyrgyz Republic,KGZ,"GDP per capita, PPP (constant 2021 international $)",NY.GDP.PCAP.PP.KD,4701.99138098658,3973.88323931033,3176.92381882726,2974.71163891294,3138.66615671114,3399.93427126665,3419.22330736215,3491.93773268741,3638.46314292227,3795.89059344129,3760.53239965257,3982.92722017802,4211.52248307857,4156.95849230116,4240.17017797554,4558.71267894172,4894.9427801376,4969.96132720374,4876.47964886483,5092.85165751678,4993.39431683528,5418.54061993935,5513.7544695252,5600.2143342846,5715.01041179003,5861.22200040503,5951.82876758606,6087.60193826927,5537.79547319377,5736.47883415154,6139.77788825006,6575.77541290499,7048.98952111264,..
Kyrgyz Republic,KGZ,Carbon dioxide (CO2) emissions (total) excluding LULUCF (Mt CO2e),EN.GHG.CO2.MT.CE.AR5,13.9989,10.2872,6.7303,4.758,5.9157,5.8369,6.157,4.9139,4.7979,4.031,5.0384,5.6599,5.6107,5.6133,5.5903,6.7415,7.8239,7.0415,6.6057,7.9039,10.4411,9.6866,9.9416,10.3162,9.7414,9.6372,11.4718,10.2267,9.3085,10.515,10.5011,10.2304,10.745,..
Kyrgyz Republic,KGZ,Energy use (kg of oil equivalent per capita),EG.USE.PCAP.KG.OE,1102.81488453015,856.921127484997,618.884432070573,522.800473223725,595.726852092905,552.190080874864,578.932786343845,498.399308755737,473.380207144503,435.881289136656,485.300857386353,511.249605075318,497.875476414423,498.539409578874,485.424849059713,560.621207010433,593.947817714401,535.174330847579,503.615577108919,596.801790099001,731.356416357898,674.45237437711,691.53854362528,659.12770366868,624.353480068472,609.705598460026,707.081191051891,609.881986975567,562.289152674562,595.833222359916,645.014246171812,..,..,..
Kyrgyz Republic,KGZ,"Population, total",SP.POP.TOTL,4515400,4516777,4515069,4560454,4628438,4696421,4769015,4840422,4898362,4945073,4990704,5043308,5104713,5162640,5218373,5268385,5318729,5389643,5467059,5546587,5652076,5777150,5905848,6040036,6175338,6306696,6444079,6590211,6726596,6851224,6975220,7099750,7221868,..
Kyrgyz Republic,KGZ,Urban population (% of total population),SP.URB.TOTL.IN.ZS,37.367181569335,36.9792757432412,36.5739709364138,36.1812142869325,35.830952932877,35.5531340123269,35.377704663362,35.3281527012343,35.3216067847574,35.3160273737858,35.3118703235333,35.3086519815317,35.3058886953128,35.3030968124082,35.2997926803498,35.2954926466692,35.2897130588983,35.2815523593591,35.267768240398,35.2466507961984,35.218916221918,35.1850529225105,35.1455493029297,35.1008937681291,35.0515747230627,34.9980805726839,34.9408997219466,34.8805205758044,34.8174315392111,34.7521210171204,34.7003053497743,34.706439175362,34.7219977865937,..
Lao PDR,LAO,"GDP per capita, PPP (constant 2021 international $)",NY.GDP.PCAP.PP.KD,2088.02004083238,2152.2765966407,2267.78215521397,2368.05475182536,2473.77285753148,2589.20762864101,2642.56618699585,2786.52039703471,2899.01961879748,3015.63258480614,3143.22327579556,3282.9853971272,3441.16999706515,3630.55878769378,3881.53736632657,4112.25301659759,4367.162880257,4625.07173324518,4946.10563678173,5266.87866924206,5608.96956337059,5974.47368943414,6341.2122967032,6703.74124348885,7063.25545347926,7432.4596330485,7775.08574451883,8075.27502377003,7995.59502527818,8080.43553249923,8183.03286472653,8372.15591874407,8600.32454665553,..
Lao PDR,LAO,Carbon dioxide (CO2) emissions (total) excluding LULUCF (Mt CO2e),EN.GHG.CO2.MT.CE.AR5,0.3448,0.3628,0.4002,0.393,0.4606,0.5088,0.5458,0.5286,0.9345,1.0291,1.1544,1.2,1.258,1.3026,1.7086,1.806,2.1095,2.6407,2.9614,3.1262,3.3357,3.9444,4.3873,8.9275,15.871,19.2442,19.8623,19.3701,19.4378,23.8166,24.0315,25.7437,26.0627,..
Lao PDR,LAO,Energy use (kg of oil equivalent per capita),EG.USE.PCAP.KG.OE,..,..,..,..,..,..,..,..,296.828433223862,305.203788340763,308.964836465676,314.0195746722,319.062906873054,324.856817488689,349.385020841441,377.457251010717,406.727596705488,420.269670847966,425.369477265063,424.226591651912,430.517609314187,446.093067662227,458.192519798491,602.339548780014,754.130255846522,811.84123029479,805.88201068311,782.690308446395,701.728790627854,727.414717441626,815.086540442856,..,..,..
Lao PDR,LAO,"Population, total",SP.POP.TOTL,4559646,4685060,4809220,4929409,5045678,5152011,5248266,5340784,5431212,5521482,5610889,5697945,5781626,5869523,5963200,6056236,6148969,6241642,6334194,6426590,6518978,6611385,6703172,6801645,6908802,7018147,7128045,7237636,7346533,7453194,7559007,7664993,7769819,..
Lao PDR,LAO,Urban population (% of total population),SP.URB.TOTL.IN.ZS,15.9255067602307,16.3205402025163,16.7622074371706,17.2790469212159,17.9638238907301,18.8482710950308,19.8765944516706,21.0036006639099,22.1840964350091,23.3728884682287,24.5247834668291,25.5945881340707,26.5371091732139,27.3224977292697,28.0378756242097,28.7343050001346,29.4034348148069,30.0420311503825,30.6468600890172,31.2146877128668,31.7422801040872,32.2264033448341,32.6638235172635,33.1240204432199,33.8267455533474,34.5115346444216,35.2050070032013,35.9072880879451,36.6185033569111,37.338778268357,38.0682382805397,38.8070088517156,39.5552154401406,..
Latvia,LVA,"GDP per capita, PPP (constant 2021 international $)",NY.GDP.PCAP.PP.KD,10582.2070186664,10255.1413776101,10656.6087654394,10707.5149969006,11077.8618422597,12215.0151940189,13138.4012524255,13619.098799485,14554.2131724037,15695.906718153,17096.5594440255,18717.6675525538,20574.118201251,23213.3539355881,26431.8140222767,29423.7371235063,28726.9722869522,24520.6791475489,24119.7307848939,25308.7322074626,27496.5454583635,28375.1842887263,29243.7412502629,30599.6133134147,31668.5148442662,33036.3915943437,34729.7062763057,35208.1934590859,34225.8976044058,36912.0130602161,37718.7097958367,37277.7217221317,37611.6699359404,..
Latvia,LVA,Carbon dioxide (CO2) emissions (total) excluding LULUCF (Mt CO2e),EN.GHG.CO2.MT.CE.AR5,14.3054,12.0511,10.4872,9.2355,9.2507,8.8147,8.4177,7.8664,7.2309,7.6692,7.665,7.9151,7.9578,8.03,8.54,8.9143,8.4787,7.7519,8.8799,8.2334,8.0274,7.7794,7.5739,7.648,7.4806,7.4321,8.1079,7.9078,7.2771,7.5304,6.9268,6.9004,6.8072,..
Latvia,LVA,Energy use (kg of oil equivalent per capita),EG.USE.PCAP.KG.OE,2342.0864619507,2058.79946708512,1894.08737149381,1849.74049017187,1840.13310707981,1821.52503250191,1796.35474595888,1664.12048369325,1618.63984186997,1759.37012358937,1763.47087642626,1890.17674853578,1961.33307330101,2022.79776925294,2114.39349147162,2179.77647892811,2106.6010583897,2056.15424051112,2149.36312781374,2066.71476050433,2171.07870823934,2156.58828450936,2177.02968269444,2155.8522069549,2172.43884661611,2265.21693915892,2403.49981780927,2343.51581884881,2251.38250119088,2375.51850702838,2256.11904538867,2240.33649708375,..,..
Latvia,LVA,"Population, total",SP.POP.TOTL,2614338,2563290,2520742,2485056,2457222,2432851,2410019,2390482,2367550,2337170,2310173,2287955,2263122,2238799,2218357,2200325,2177322,2141669,2097555,2059709,2034319,2012647,1993782,1977527,1959537,1942248,1927174,1913822,1900449,1884490,1879383,1883710,1866124,..
Latvia,LVA,Urban population (% of total population),SP.URB.TOTL.IN.ZS,70.2244455514955,69.9014272338369,69.5502478409138,69.1924440610299,68.8495525824891,68.5431100935952,68.2946532826521,68.1257188379637,68.0520561441955,68.0163660524785,67.9813450702046,67.9493840506358,67.9206702831277,67.8953910570353,67.873733661714,67.8558853865191,67.8420335208058,67.8323653539295,67.8270681752453,67.8266897008267,67.8331638942219,67.847334482933,67.8686035364944,67.8965395668259,67.9307110858472,67.9706866054779,68.0160346376376,68.066323694246,68.1211222872228,68.1808791463693,68.2570218109034,68.3586316343061,68.4839492628509,..
Lebanon,LBN,"GDP per capita, PPP (constant 2021 international $)",NY.GDP.PCAP.PP.KD,8924.15264553271,9695.31549182752,10294.812771264,10762.4426963776,11757.2824887935,11668.4006854372,11885.3072278409,11617.2497708538,11571.7326041085,11817.9305012844,12053.8341563826,12272.3440677497,12882.0757995163,13024.6648924956,13003.680803908,13941.5614244767,14955.1413563252,16264.3506182706,17390.7584012958,17353.1960845294,17323.3013764282,16396.4969302163,15205.873265402,14980.020515614,15572.3611739774,16128.5838196051,16290.0516478592,15659.5661040012,12507.4366368078,11599.7755083765,11474.7505845558,11330.2687387422,..,..
Lebanon,LBN,Carbon dioxide (CO2) emissions (total) excluding LULUCF (Mt CO2e),EN.GHG.CO2.MT.CE.AR5,7.9604,11.4037,12.5275,14.5233,15.0813,16.5618,16.4456,16.9466,15.3085,16.5184,16.4658,16.4707,16.6903,16.5758,16.1341,14.9481,18.3122,21.5597,20.6592,20.9822,23.4369,23.1046,24.9694,26.9054,27.8657,29.2967,27.4937,27.0043,21.8207,16.715,10.435,10.8188,11.0041,..
Lebanon,LBN,Energy use (kg of oil equivalent per capita),EG.USE.PCAP.KG.OE,653.94720298252,921.551480821083,991.740634978759,1115.10083292304,1155.74538409296,1277.85654793545,1237.77380191676,1272.57004724448,1136.87014459546,1199.71023584992,1175.25346522376,1157.2988164132,1149.06001925911,1079.47193036728,985.785471251008,823.875004803328,1061.37912293521,1336.59416990092,1272.70442631431,1257.01533623898,1383.47674048903,1238.32383382097,1192.55300583176,1284.15018153506,1356.17702319106,1475.80821027467,1431.81356091147,1486.47574871806,1249.32146308929,972.806350423412,617.482998993413,..,..,..
Lebanon,LBN,"Population, total",SP.POP.TOTL,3747371,3820647,3889799,3960735,4034781,4108405,4181281,4255277,4329340,4401918,4463504,4525508,4599279,4671102,4751136,4844118,4925354,4992287,5041288,5096020,5235742,5743436,6346990,6472469,6323060,6160128,5984119,5794594,5702398,5718122,5744489,5773493,5805962,..
Lebanon,LBN,Urban population (% of total population),SP.URB.TOTL.IN.ZS,84.1654331075521,84.5233504104997,84.8461996073652,85.1331347636015,85.3833099446618,85.5958792159991,85.7699966430664,85.9041501933228,86,86.1451238111303,86.2942846645228,86.4475351790771,86.6049279736931,86.7665156672703,86.9323508787087,87.1024862269079,87.2769743307677,87.4558678091878,87.6392192810679,87.8270813653079,88.0195066808075,88.2165478464663,88.4182574811842,88.6246882038608,88.835892633396,89.0519233886895,89.272833088641,89.4986743521503,89.729499798117,89.965362045441,90.206313713022,90.4524074197598,90.703695784554,..
Lesotho,LSO,"GDP per capita, PPP (constant 2021 international $)",NY.GDP.PCAP.PP.KD,1571.8270420314,1602.59633239095,1675.5977232422,1709.69433512939,1786.182290166,1837.69657049966,1856.69078488714,1860.70052178612,1932.15793223415,2004.03350215955,2024.78727304864,2127.37302160132,2178.66474674332,2275.01614419256,2381.02024562073,2470.31462127885,2589.16635854686,2538.19341751854,2651.37804898226,2749.31958166573,2894.22705048142,2914.37515966739,2930.61724036206,2986.95866729879,3057.26091568162,2924.68096193272,2846.41828124649,2773.28639887236,2517.11044486593,2544.78249551214,2577.54544127769,2595.82951058542,2640.28544552536,..
Lesotho,LSO,Carbon dioxide (CO2) emissions (total) excluding LULUCF (Mt CO2e),EN.GHG.CO2.MT.CE.AR5,0.1157,0.1117,0.1218,0.1251,0.1295,0.1287,0.1265,0.1319,0.3508,0.3651,0.3854,0.392,0.407,0.4079,0.4144,0.5358,0.4365,0.5122,0.5223,0.5442,0.5764,0.5811,0.5991,0.5966,0.6575,0.7193,0.7577,0.7834,0.7032,0.7644,0.9811,0.9915,1.0006,..
Lesotho,LSO,Energy use (kg of oil equivalent per capita),EG.USE.PCAP.KG.OE,..,..,..,..,..,..,..,..,..,..,..,..,14.2050571017929,16.8964238974827,9.76832112893001,9.72728780689593,..,..,..,..,..,..,..,..,..,..,..,..,..,..,..,..,..,..
Lesotho,LSO,"Population, total",SP.POP.TOTL,1873274,1901793,1927707,1951437,1972418,1988130,1998049,2003234,2003913,2000853,1994679,1985059,1971129,1953076,1945063,1953268,1966541,1980883,1996251,2014009,2034354,2056504,2080089,2104611,2130422,2157110,2183603,2209405,2235727,2261542,2286110,2311472,2337423,..
Lesotho,LSO,Urban population (% of total population),SP.URB.TOTL.IN.ZS,14.2909128296309,15.0395726644187,15.7760595640817,16.4690150432199,17.0902459734706,17.6629117791702,18.2204915806807,18.7718543941527,19.3273988558381,19.8975236019886,20.4926272688562,21.1231084926925,21.7993659097494,22.5317981562788,23.3329886243114,24.2187949905661,25.1966303659683,26.2591028264855,27.4004815007995,28.6150355175921,29.8970340055453,31.2407460933407,32.6404409096604,34.0903875831861,35.5077950709441,36.5283648068846,37.569092747415,38.6040920446259,39.6329305425532,40.6551760851997,41.6703965165322,42.6781596804785,43.6780334209246,..
Liberia,LBR,"GDP per capita, PPP (constant 2021 international $)",NY.GDP.PCAP.PP.KD,1115.03770816852,718.683238814764,563.640361196647,534.809715165406,582.677982536092,1111.93760251371,1308.40568305294,1507.31470254594,1868.17975587618,1867.11910921753,1887.64601570733,1308.15090140274,1326.53565502695,1335.61728880785,1364.60347323709,1422.10019670004,1463.12408187297,1492.99817384053,1538.85083488512,1601.03374045996,1668.97289588776,1774.5205777394,1750.1438489328,1714.09047960464,1653.31050211233,1661.30290782171,1647.97443793846,1575.76665001238,1497.37692436272,1539.20892304674,1578.99837069175,1616.92373356695,1646.05861366601,..
Liberia,LBR,Carbon dioxide (CO2) emissions (total) excluding LULUCF (Mt CO2e),EN.GHG.CO2.MT.CE.AR5,0.2315,0.2479,0.2473,0.2543,0.2759,0.271,0.2891,0.3038,0.3992,0.4602,0.4656,0.5042,0.5452,0.6812,0.717,0.6693,0.5606,0.5226,0.7943,0.8855,0.9771,0.9074,1.1822,1.233,1.3852,1.2306,0.6419,1.0095,0.8348,0.8408,0.8686,0.8395,0.8671,..
Liberia,LBR,Energy use (kg of oil equivalent per capita),EG.USE.PCAP.KG.OE,..,..,..,..,..,..,..,..,..,..,..,..,..,..,..,..,..,..,..,..,..,..,..,..,..,..,..,..,..,..,..,..,..,..
Liberia,LBR,"Population, total",SP.POP.TOTL,2072461,2155126,2149928,2169162,2232289,2412989,2670124,2821684,2928117,3015338,3094782,3119532,3156892,3301015,3490787,3669050,3821003,3943028,4058890,4221178,4373043,4470239,4564293,4659431,4755608,4848925,4944726,5043721,5149463,5259323,5373294,5493031,5612817,..
Liberia,LBR,Urban population (% of total population),SP.URB.TOTL.IN.ZS,56.436256072998,52.7073282470703,48.256672454834,44.5277446289062,42.9640007019043,43.0233158123711,43.189424629289,43.4445723809339,43.7710042955819,44.1509656015089,44.566701526991,45.0004573003041,45.4344781497244,45.8510093035277,46.2322959899902,46.6104850769043,47.1080497871025,47.6245255922562,48.1407517057907,48.6583302770849,49.1773247639526,49.6977986242077,50.2198153156642,50.7434382961363,51.2687310234384,51.7957569553849,52.3245795497906,52.85526226447,53.3878685572381,53.9224618859098,54.4591057083,54.997863482224,55.5387986654968,..
Libya,LBY,"GDP per capita, PPP (constant 2021 international $)",NY.GDP.PCAP.PP.KD,19538.138704794,18434.641128465,18444.5133617859,17723.2679211029,17809.1519222171,18451.6998451345,17532.9261043755,17402.5683820479,17747.0188855832,17115.9888564264,16629.4364346005,18422.7336032405,18851.2039109963,20649.4624580172,21545.2986384419,22422.0117594762,21915.1976208274,20518.9642412838,21115.5259846154,10741.9206751908,20601.0026641,16557.500941665,12499.0829968523,12195.3486990421,11831.8257669559,15428.1164411854,16385.164476127,14337.1962987582,9978.66400110743,12641.5097714075,11450.0598552928,12476.5974944083,12583.8338726816,..
Libya,LBY,Carbon dioxide (CO2) emissions (total) excluding LULUCF (Mt CO2e),EN.GHG.CO2.MT.CE.AR5,34.2655,36.4922,42.4785,48.1431,50.6214,46.875,46.4165,47.7538,49.2846,48.7489,49.8968,53.7897,53.2302,57.7261,57.4771,53.7459,57.1434,60.2666,63.6702,44.2373,62.8561,62.6092,61.8002,54.4819,51.1525,55.3948,57.2685,57.4746,45.7025,58.3609,58.1734,63.2042,63.9534,..
Libya,LBY,Energy use (kg of oil equivalent per capita),EG.USE.PCAP.KG.OE,2429.43954834655,2472.15011589683,2739.83662502434,2850.593104619,2937.61134533368,2932.65189453748,2967.3421329784,2854.88343059713,2976.83650740397,3074.78058753118,3089.63282765671,3033.31081378459,3051.03345536709,3114.98564274947,2733.38300724871,2363.56247489929,2578.95942858435,2784.55454632999,3131.50608317262,2631.72794552167,3101.47681342856,2747.59073791604,3550.5742819662,3230.9775723301,3118.86767779323,3485.70959421231,3055.56390358683,3413.9338523206,1687.13966145733,2368.63038927902,2539.19813836223,..,..,..
Libya,LBY,"Population, total",SP.POP.TOTL,4640352,4733045,4822037,4906843,4987393,5064639,5140704,5218038,5305021,5403639,5508410,5619398,5736693,5858798,5980211,6104380,6235430,6366686,6497839,6343203,6179328,6304628,6427252,6531819,6632126,6738770,6849055,6951033,7045399,7135175,7223805,7305659,7381023,..
Libya,LBY,Urban population (% of total population),SP.URB.TOTL.IN.ZS,82.1610848088,82.9072053992275,83.6179805389214,84.2900258432567,84.9199569276086,85.5043894073521,86.0399388978625,86.5232210145148,86.9508513726842,87.3194455877457,87.6256192750746,87.8659880500458,88.0371675280346,88.135773324416,88.1599560242948,88.1560287475586,88.1474456787109,88.1345825195312,88.1177139282227,88.0970458984375,88.0727920532227,88.0451431274414,88.0142059326172,87.8159103393555,87.8160056703177,87.8166729870528,87.818484275334,87.8220115209342,87.8278267096263,87.8365018271835,87.8486088593786,87.8647197919848,87.8854066107749,..
Liechtenstein,LIE,"GDP per capita, PPP (constant 2021 international $)",NY.GDP.PCAP.PP.KD,..,..,..,..,..,..,..,..,..,..,..,..,..,..,..,..,..,..,..,..,..,..,..,..,..,..,..,..,..,..,..,..,..,..
Liechtenstein,LIE,Carbon dioxide (CO2) emissions (total) excluding LULUCF (Mt CO2e),EN.GHG.CO2.MT.CE.AR5,..,..,..,..,..,..,..,..,..,..,..,..,..,..,..,..,..,..,..,..,..,..,..,..,..,..,..,..,..,..,..,..,..,..
Liechtenstein,LIE,Energy use (kg of oil equivalent per capita),EG.USE.PCAP.KG.OE,..,..,..,..,..,..,..,..,..,..,..,..,..,..,..,..,..,..,..,..,..,..,..,..,..,..,..,..,..,..,..,..,..,..
Liechtenstein,LIE,"Population, total",SP.POP.TOTL,29627,30089,30470,30776,31033,31232,31668,32221,32645,33194,33694,34079,34447,34753,35037,35262,35473,35742,36022,36312,36657,36984,37248,37494,37716,37962,38246,38563,38901,39182,39493,39846,40450,..
Liechtenstein,LIE,Urban population (% of total population),SP.URB.TOTL.IN.ZS,16.7281990656039,16.6500852753784,16.560019266569,16.4400005340576,16.2145929601375,15.8749720970618,15.5030549446521,15.1807585027303,14.9899997711182,14.8957603808328,14.8086674998164,14.7291064332791,14.6574624864307,14.594120964481,14.5394671726401,14.4938864161177,14.4577640001239,14.4314852298684,14.4154354105611,14.4099998474121,14.4124545370445,14.4201755971624,14.4336985145967,14.4535587761782,14.4802918687379,14.5144332791067,14.5565184941154,14.6070830005951,14.6666622853765,14.6989159370696,14.6923070071538,14.6783761234077,14.657584904886,..
Lithuania,LTU,"GDP per capita, PPP (constant 2021 international $)",NY.GDP.PCAP.PP.KD,15280.3886006381,12861.6949141098,11686.4386596094,12164.2037159996,12873.2007572979,14045.0045144544,15202.9118027933,15143.1937102939,15771.4269595328,16933.0225490496,18216.5452581272,20302.9848798403,21867.2861464791,23944.7019948719,26129.3392566938,29370.7739737176,30445.7809464936,26217.5449293891,26887.4913057701,29240.7487851392,30920.330402208,32474.6413533554,33975.0843756963,35251.2986931775,36618.1468417838,38774.4892011822,41019.7901632878,43062.3228425315,43091.7973723526,45873.5273239486,46651.2145810247,46159.7081733083,47165.3665643051,..
Lithuania,LTU,Carbon dioxide (CO2) emissions (total) excluding LULUCF (Mt CO2e),EN.GHG.CO2.MT.CE.AR5,20.8884,16.2182,15.7344,15.117,15.5975,15.0668,15.9248,13.3317,11.6567,12.3913,12.4707,12.4924,13.0659,13.9579,14.1941,15.5684,15.8313,13.2105,14.041,14.3203,14.4911,13.3644,13.2117,13.6606,13.5202,13.9642,14.0184,14.2965,14.2541,14.3318,13.1703,12.9794,12.97,..
Lithuania,LTU,Energy use (kg of oil equivalent per capita),EG.USE.PCAP.KG.OE,2978.47794398708,2472.2142849924,2220.47403471325,2401.16634284387,2610.08628191169,2493.7495603031,2637.51048470464,2262.27498039981,2040.58088590544,2388.28142241839,2578.77097536015,2714.29508589632,2784.89403569789,2668.04972447817,2669.90395839998,2927.72851407517,2978.8832571652,2771.81869908328,2276.51776090125,2412.97760145453,2468.16458396119,2352.91337348691,2376.27537817697,2420.60555053468,2504.98383829705,2653.39984329273,2711.1618678975,2707.60764686504,2674.06840356432,2774.31979458134,2453.93993260259,2437.04601158794,..,..
Lithuania,LTU,"Population, total",SP.POP.TOTL,3700114,3682613,3657144,3629102,3601613,3575137,3549331,3524238,3499536,3470818,3443067,3415213,3377075,3322528,3269909,3231294,3198231,3162916,3097282,3028115,2989139,2961250,2937253,2911109,2877325,2842639,2819200,2811089,2810369,2808380,2831639,2871585,2888278,..
Lithuania,LTU,Urban population (% of total population),SP.URB.TOTL.IN.ZS,67.5609840319184,67.4973020339323,67.4249679323659,67.3469740189134,67.2663125852689,67.1859759231267,67.1089563241809,67.0382460801258,66.9768374826555,66.9286097501613,66.8887100219727,66.7596664428711,66.6022567749023,66.5784912109375,66.6381530761719,66.7184982299805,66.7527770996094,66.7816619873047,66.7712860107422,66.7518340055756,66.8536758422852,67.0092086791992,67.1514937628023,67.2282485961914,67.1894226074219,67.1012954711914,67.1464742010457,67.245735168457,67.4254608154297,68.1912117004395,68.2866452426813,68.575454583199,68.8285833315315,..
Luxembourg,LUX,"GDP per capita, PPP (constant 2021 international $)",NY.GDP.PCAP.PP.KD,87729.3985979581,90195.6629009997,92375.3588075139,92391.3398625545,92416.5186640698,96211.7308040367,101364.675334086,108180.402740212,114141.585295622,116258.426812926,118757.530526236,120396.257843179,123720.261499488,124866.858810412,130284.96750238,138677.965491876,135812.22230327,129002.240187517,131432.059616316,129885.369760706,128895.405145048,129945.453783621,130247.661687069,130097.2561798,133661.649729132,132169.834045368,131733.8846493,132724.752743888,129865.629988164,136772.443753292,132570.826463419,130048.92038753,128475.279802738,..
Luxembourg,LUX,Carbon dioxide (CO2) emissions (total) excluding LULUCF (Mt CO2e),EN.GHG.CO2.MT.CE.AR5,12.1728,12.3953,11.4722,9.0785,9.1479,8.5485,7.8063,8.1662,8.8008,9.3343,10.0323,10.4543,11.8803,12.1143,11.9422,11.3417,11.2126,10.6099,11.2134,11.0901,10.8679,10.3236,9.8199,9.3094,9.0415,9.1884,9.5448,9.6917,7.9929,8.3806,7.2657,6.9416,7.1474,..
Luxembourg,LUX,Energy use (kg of oil equivalent per capita),EG.USE.PCAP.KG.OE,9262.23284271142,9267.14267111048,8823.41230283802,7705.6113924511,7711.39686819289,7410.05941588504,7067.1278332709,7267.21827016126,7682.15555208276,7986.41389470608,8205.47469644344,8553.03437986234,9381.20382071321,9429.92465262134,9172.05598332149,8779.506079749,8625.43333557115,7958.76292955031,8335.83500727028,8062.97911929005,7723.78432331196,7320.72167920662,6878.68145180459,6548.75962101678,6342.68337961913,6313.35371226953,6414.36478270833,6376.86696643123,5435.81570647944,5631.08725670864,4862.94740833352,4592.3797932503,..,..
Luxembourg,LUX,"Population, total",SP.POP.TOTL,392175,397475,402925,408625,414225,419450,424700,430475,436300,441525,446175,451630,458095,465158,472637,479993,488650,497783,506953,518347,530946,543360,556319,569604,582014,596336,607950,620001,630419,640064,653103,666430,677012,..
Luxembourg,LUX,Urban population (% of total population),SP.URB.TOTL.IN.ZS,81.2001998208798,81.4647504350596,81.799437867949,82.1888653313266,82.6176360369709,83.0703531966602,83.5316200221732,83.9860397252884,84.4182155177842,84.8173254067976,85.203425653095,85.5906295073034,85.9799097226846,86.3735649102561,86.7738936810355,87.1831946460401,87.6037664162874,88.0379076027949,88.48791681658,88.9562814837254,89.4405768017292,89.9413746679705,90.4577807676859,90.9893679353068,91.5357090052649,92.0963768119916,92.6709441899184,93.2589839734767,93.8600689970981,94.5861743396533,94.7605400940185,94.8015300320787,94.8438702866393,..
"Macao SAR, China",MAC,"GDP per capita, PPP (constant 2021 international $)",NY.GDP.PCAP.PP.KD,58652.7899194928,59589.975909516,60120.6582440409,60205.7086394147,59115.2336138336,58639.5250296819,55296.5007644986,53348.0126915655,55994.760697993,57173.8590987063,61625.9560068114,67994.777526459,84004.4558061302,87185.5254441553,93828.3198758417,102879.639164559,102474.668562926,104911.140336462,130758.2806979,155385.324208541,164239.261923457,174569.523171267,162813.439348589,123194.067291275,120530.052858314,133322.632677744,139541.157248769,133453.896026037,59662.4855864551,73374.4486829589,59921.441691873,104815.20003062,111693.502831434,..
"Macao SAR, China",MAC,Carbon dioxide (CO2) emissions (total) excluding LULUCF (Mt CO2e),EN.GHG.CO2.MT.CE.AR5,1.0895,1.2105,1.324,1.2013,1.3914,1.4782,1.6292,1.7188,1.4592,1.5597,1.7113,1.7562,2.0348,2.0474,2.0343,1.9277,1.5974,1.6937,1.7202,1.6889,1.743,1.8152,2.0891,2.759,2.6259,2.8865,2.1256,2.2473,2.2329,2.0473,1.6785,1.6805,1.7349,..
"Macao SAR, China",MAC,Energy use (kg of oil equivalent per capita),EG.USE.PCAP.KG.OE,..,..,..,..,..,..,..,..,..,..,..,..,..,..,..,..,..,..,..,..,..,..,..,..,..,..,..,..,..,..,..,..,..,..
"Macao SAR, China",MAC,"Population, total",SP.POP.TOTL,370900,384000,396800,409300,415100,417300,422300,427400,430600,433900,438400,443600,454700,473500,498900,520900,540700,535000,537000,549600,567900,591900,621700,642900,652500,648400,658900,672000,685400,682500,677300,678800,687000,..
"Macao SAR, China",MAC,Urban population (% of total population),SP.URB.TOTL.IN.ZS,99.770161668007,99.8314167744386,99.8785393830042,99.9100036621094,99.9325876536988,99.9534353925978,99.9715700365331,99.9860147432315,99.9957926704194,99.9998984128371,100,100,100,100,100,100,100,100,100,100,100,100,100,100,100,100,100,100,100,100,100,100,100,..
Madagascar,MDG,"GDP per capita, PPP (constant 2021 international $)",NY.GDP.PCAP.PP.KD,1757.29459775259,1740.29513594203,1686.34190833351,1661.27062467061,1643.32579628891,1649.44809006306,1658.88849253066,1681.35933226493,1701.44320253582,1748.50350929178,1486.43429741771,1584.74925232364,1620.11953793293,1648.17631554009,1686.86335460016,1731.61751794976,1794.40235887329,1673.15551466723,1635.24511473059,1614.55137773785,1617.79082882481,1610.6023078966,1620.357889066,1627.5806134224,1648.91226979296,1669.72764267278,1678.78623269491,1707.83153830039,1545.72714379204,1577.43246056529,1602.71368352337,1629.46097248642,1657.04970622969,..
Madagascar,MDG,Carbon dioxide (CO2) emissions (total) excluding LULUCF (Mt CO2e),EN.GHG.CO2.MT.CE.AR5,0.9831,1.0192,1.2553,1.4147,1.359,1.4911,1.6645,1.7076,1.6942,1.7104,1.1663,1.5496,1.6759,1.7881,1.7144,1.8034,1.87,1.7759,1.9684,2.2944,2.8507,3.0496,3.1337,3.4183,3.2513,3.5528,3.2753,4.0111,3.1281,4.103,4.384,4.5942,4.6827,..
Madagascar,MDG,Energy use (kg of oil equivalent per capita),EG.USE.PCAP.KG.OE,227.136339437519,229.104724472778,209.554758065342,243.796187348118,247.046073613656,249.288041851042,251.87634649636,256.016791211411,255.709986506438,254.167832334244,235.904702374408,247.053924908213,250.245993304321,250.780807193194,250.834742473721,254.441517219544,259.197265939314,253.627612930936,255.486793083651,259.293314846996,265.242059456403,268.494073877684,271.281685784756,275.43076854299,293.322517988217,299.453710205685,292.820905838727,313.77500218938,301.748644745329,308.953475191696,308.672539601401,..,..,..
Madagascar,MDG,"Population, total",SP.POP.TOTL,12800870,13197345,13613850,14051275,14510711,14990814,15489364,16000506,16516338,17032939,17549913,18071854,18606608,19159707,19730909,20318583,20923840,21547280,22183340,22822300,23462438,24109290,24764348,25426702,26099952,26788375,27494926,28219554,28953556,29691083,30437261,31195932,31964956,..
Madagascar,MDG,Urban population (% of total population),SP.URB.TOTL.IN.ZS,22.5358190363254,22.8521676960516,23.1671756252866,23.4800566044183,23.7907085718749,24.0990589894502,24.405035318938,24.7085650221322,25.0095755608264,25.3079943968146,25.6037489918904,25.8967668078478,26.1869753064804,26.4743019495822,26.7586741989468,27.0400195163682,27.31826536364,27.5933392025561,27.8651684949103,28.1336807024963,28.3988032871081,28.6604637105393,28.9185894345838,29.1731079210354,29.4239466316878,29.671033028335,29.9181125346909,30.3046972370204,30.7019474167548,31.1137123216036,31.5397813465886,31.9799438860946,32.4339893339844,..
Malawi,MWI,"GDP per capita, PPP (constant 2021 international $)",NY.GDP.PCAP.PP.KD,994.036504790471,1074.58485213269,975.849640143399,1140.75609365079,1200.32058232422,1221.09404555353,1241.52433181826,1249.77523298871,1239.39174838676,1149.58039601898,1140.84274642418,1176.12385998737,1208.2196975075,1214.7426419188,1237.27386519947,1318.33196397214,1378.42886690465,1449.72601522136,1504.37514113215,1533.22889572405,1518.14803849238,1555.50607410511,1597.56484331405,1597.69145324855,1593.59549264808,1613.0593571462,1638.91665761076,1687.28944917892,1656.43985192533,1687.59358179651,1659.95933825168,1649.29873234551,1634.24660266597,..
Malawi,MWI,Carbon dioxide (CO2) emissions (total) excluding LULUCF (Mt CO2e),EN.GHG.CO2.MT.CE.AR5,1.9313,1.9582,2.0402,2.0879,2.2305,2.5128,2.6671,2.7436,3.0984,3.1666,3.1305,3.1575,3.1468,3.5683,3.7866,4.0794,4.2838,4.1579,4.4851,5.7394,5.683,5.0231,4.9718,4.909,4.9059,5.408,5.4582,5.6074,5.2063,6.1189,5.6023,4.7047,4.7949,..
Malawi,MWI,Energy use (kg of oil equivalent per capita),EG.USE.PCAP.KG.OE,..,..,..,..,..,..,..,..,..,..,..,..,..,..,..,..,..,..,..,..,..,..,..,..,..,..,..,..,..,..,..,..,..,..
Malawi,MWI,"Population, total",SP.POP.TOTL,10135079,10284024,10164894,10150117,10352228,10562035,10792876,11047804,11315942,11593058,11880440,12181574,12500737,12840031,13198701,13576343,13976417,14395788,14826463,15265022,15709577,16161816,16621538,17085587,17557739,18039715,18528081,19025752,19533888,20047258,20568728,21104482,21655286,..
Malawi,MWI,Urban population (% of total population),SP.URB.TOTL.IN.ZS,12.4490553160965,12.8652119156892,13.2653578035145,13.6354392091488,13.9614023621682,14.2291934921491,14.4227423983849,14.5596934738978,14.6770603287659,14.780400724713,14.8722487440558,14.9551384691108,15.0316039821946,15.1041793656241,15.1753987017157,15.2477960727861,15.3238029928378,15.4015312766848,15.4776969380518,15.5523153908723,15.6253133040464,15.6966173464742,15.766154187056,15.8338504946918,15.899632938282,15.9634281867266,16.0221486554255,16.1383746619001,16.2961471756409,16.4881925800694,16.7146031979436,16.9748746665356,17.268503531213,..
Malaysia,MYS,"GDP per capita, PPP (constant 2021 international $)",NY.GDP.PCAP.PP.KD,13567.8936121181,14533.790397007,15474.0144648307,16568.5160590209,17771.7118795056,18604.514527465,16817.1719190401,17428.6256563043,18532.9096706227,18186.4411330146,18708.8694877279,19329.0062757538,20168.5062099425,20767.5857243346,21444.4857715028,22305.118263117,22898.0027575442,22106.6417311801,23307.9698543785,24115.8181203958,25006.3587781537,25736.3525554142,26818.4317281659,27699.6278860387,28425.3707609412,29551.5457597197,30459.9655338061,31300.5086554849,29200.452632127,29822.8491831618,32129.2217820113,32857.6676600774,34116.2317848885,..
Malaysia,MYS,Carbon dioxide (CO2) emissions (total) excluding LULUCF (Mt CO2e),EN.GHG.CO2.MT.CE.AR5,79.2867,79.5011,87.5666,90.9385,103.4299,113.2477,110.6521,119.6769,130.7612,138.4076,146.5505,156.5469,169.5908,181.1171,187.727,204.8805,216.128,197.9123,215.5014,218.2727,219.7969,237.1554,251.3897,252.8595,247.4841,237.8324,254.2848,255.1651,253.08,257.9155,276.9845,282.3786,295.9542,..
Malaysia,MYS,Energy use (kg of oil equivalent per capita),EG.USE.PCAP.KG.OE,1542.60165312621,1628.85647518995,1579.98307589289,1669.4307615698,1804.8415103812,2053.29504995782,1902.76224719258,1883.08205967087,2102.39212549567,2135.7884053911,2154.46190610282,2254.16675979207,2371.20028657265,2515.14872740447,2472.12683283587,2584.76582554848,2678.81949826316,2483.79273364834,2529.59168934211,2591.22470848139,2587.43170352026,2869.7691156446,2879.92352228516,2706.92696275778,2759.17228283076,2617.76462271235,2839.45244829846,2878.2988852867,2722.6031659631,2793.49953523,2867.09651939173,..,..,..
Malaysia,MYS,"Population, total",SP.POP.TOTL,18834572,19322664,19820446,20330599,20850087,21375218,21906713,22435531,22967816,23526538,24102477,24679602,25256772,25836071,26417909,26998389,27570059,28124778,28655776,29162039,29662831,30174265,30696137,31232798,31789685,32355644,32910967,33440596,33889558,34282399,34695493,35126298,35557673,..
Malaysia,MYS,Urban population (% of total population),SP.URB.TOTL.IN.ZS,51.8628569177227,53.2286734175775,54.5855388512742,55.9232917327627,57.2317705759929,58.5008138949148,59.7202602034782,60.8799480156331,61.9694564490726,63.0180877676224,64.056368465184,65.0750932867555,66.0647889111941,67.0159820173565,67.9191992840997,68.7649673902807,69.5438130147565,70.2462628363839,70.8625314831025,71.4245166681964,71.9680127926087,72.4882717118078,72.9802206910773,73.4387869957006,73.8588978909614,74.2354806421432,74.5634625145296,74.8377707734042,75.0511895575672,75.5088628191907,75.9741357073003,76.4434752105739,76.9170296648992,..
Maldives,MDV,"GDP per capita, PPP (constant 2021 international $)",NY.GDP.PCAP.PP.KD,9120.9918309279,9378.52243653043,9866.07502836993,10894.1730236585,11495.0988639063,12210.9687208916,12884.7223193763,13449.2026730153,13738.2809408875,12977.9990665612,13689.8065561949,15316.1192814998,15958.6557759464,13942.8753891662,16829.9768208157,17439.9504862625,18344.4866455436,16230.0089361263,16730.0144200167,17581.7676697752,17390.1474995422,17986.8907361645,18765.3592118344,18829.4481529112,19345.1792343541,20036.7165354949,21072.5805249694,21855.501224579,14242.9750701162,19052.6224904311,21357.8112511153,22333.0477138175,23034.4098404839,..
Maldives,MDV,Carbon dioxide (CO2) emissions (total) excluding LULUCF (Mt CO2e),EN.GHG.CO2.MT.CE.AR5,0.1076,0.1269,0.2725,0.335,0.3404,0.3032,0.3433,0.3428,0.6278,0.5547,0.6721,0.5775,0.7389,0.6848,0.8365,0.878,0.9559,0.9842,1.0537,1.1443,1.4422,1.6213,2.1931,1.5884,1.7341,1.6081,1.3863,1.5153,1.208,1.6808,1.7895,1.7942,1.8824,..
Maldives,MDV,Energy use (kg of oil equivalent per capita),EG.USE.PCAP.KG.OE,..,..,..,..,..,..,..,..,..,..,..,..,829.42673341893,734.264707322088,917.632889492147,921.47719883259,..,..,..,..,..,..,..,..,..,..,..,..,..,..,..,..,..,..
Maldives,MDV,"Population, total",SP.POP.TOTL,238543,244884,250822,256649,262347,267707,272723,277412,282019,286767,291616,296491,301413,306429,313851,324479,336170,348275,360792,373674,386818,400070,413617,428154,443308,458287,473099,487731,502118,516154,524106,525994,527799,..
Maldives,MDV,Urban population (% of total population),SP.URB.TOTL.IN.ZS,25.7170257695718,25.624629080355,25.555709993512,25.5476431837694,25.7015358485339,26.0259604516629,26.4739351451229,27.0010708398356,27.6038586493758,28.5499181889238,29.8881681908815,31.3913356462169,32.8541942827704,34.0715178283824,34.8678636610379,35.4340781469745,35.9335121678807,36.3718272129661,36.7646137762553,37.1274623517731,37.475963433544,37.8257075155926,38.1938859868107,38.5771510715291,38.9560872317815,39.32787719143,39.6923354428279,40.0492764783282,40.3985147902839,40.7398648710483,41.0641769690663,41.5096832933973,41.9982152717385,..
Mali,MLI,"GDP per capita, PPP (constant 2021 international $)",NY.GDP.PCAP.PP.KD,1942.72857142808,1985.38064863365,2051.75478430683,2022.4037826787,2105.2753013378,2142.78769298746,2228.20055528486,2269.08741153512,2187.71894209604,2458.46155672294,2455.61935704114,2611.8368553004,2565.97744562534,2546.33281406377,2555.07476259654,2515.94692367878,2523.1996127255,2575.54549773621,2632.26468220172,2623.34627008963,2520.52931087437,2528.53006767058,2609.16733048758,2686.56065074588,2759.11051294151,2816.194239022,2862.40728989634,2916.17167790759,2796.41038444894,2796.22793795433,2813.81095962843,2860.42819002278,2916.18529537154,..
Mali,MLI,Carbon dioxide (CO2) emissions (total) excluding LULUCF (Mt CO2e),EN.GHG.CO2.MT.CE.AR5,0.3638,0.3545,0.3542,0.3639,0.3964,0.3939,0.4092,0.4262,0.796,0.8333,0.8731,0.8969,0.9141,0.9448,1.1347,1.3521,1.5615,2.0073,1.9869,2.1656,2.2712,2.7412,2.9109,3.5312,4.5795,5.1611,5.782,6.1138,6.8432,7.3008,7.4928,7.177,7.4121,..
Mali,MLI,Energy use (kg of oil equivalent per capita),EG.USE.PCAP.KG.OE,..,..,..,..,..,..,..,..,..,..,..,..,..,..,..,..,..,..,..,..,..,..,..,..,..,..,..,..,..,..,..,..,..,..
Mali,MLI,"Population, total",SP.POP.TOTL,9553540,9754786,9967031,10185365,10407278,10646495,10919573,11227415,11559290,11912158,12288050,12684955,13102409,13538647,13990139,14457775,14940782,15435539,15945198,16469049,16957033,17459615,18020267,18593022,19191289,19813011,20442030,21068405,21713836,22388630,23072640,23769127,24478595,..
Mali,MLI,Urban population (% of total population),SP.URB.TOTL.IN.ZS,17.0190041280359,17.2128830576835,17.412833441504,17.6234008749003,17.8491309532752,18.0945692720314,18.3643952818488,18.6591231019948,18.977631037325,19.3181950112665,19.6792980362731,20.0594231247985,20.4570532892964,20.8706715422205,21.2987608960246,21.7398043631622,22.1922849560871,22.6557955217884,23.1359461824894,23.6379674039304,24.1606168848588,24.7033626854883,25.2656728660325,25.847015486705,26.4468586077195,27.0646702892896,27.6999185916288,28.3520715749509,29.0205972994693,29.7049638253978,30.4015705681899,31.0031889023235,31.6075621182225,..
Malta,MLT,"GDP per capita, PPP (constant 2021 international $)",NY.GDP.PCAP.PP.KD,19513.1848222048,20184.9137245386,21127.0635086524,22310.9631982103,23002.2111964815,24028.8942855753,25096.8746137924,26126.0896690455,31066.9228903221,30600.9719457901,31206.2716762932,32146.6801842336,32061.5717383591,32775.7490182242,33419.4710514467,34980.4009462349,36286.3762693845,35511.3563931618,37527.338314073,37739.4436925333,38935.700353788,40919.7945400628,43161.5419815161,46170.1721772127,46965.601581458,51626.3473049783,53417.0154946227,53391.4373856091,50387.8220368582,56852.3218512267,56841.958125813,60418.3949311068,62700.4942180461,..
Malta,MLT,Carbon dioxide (CO2) emissions (total) excluding LULUCF (Mt CO2e),EN.GHG.CO2.MT.CE.AR5,2.176,2.8133,2.5155,2.3859,2.3312,2.4771,2.384,2.4177,2.135,2.4949,2.3242,2.6135,2.6069,2.6349,2.6594,2.7234,2.7327,2.5185,2.5947,2.5818,2.7244,2.3827,2.3694,1.6722,1.3655,1.5582,1.5674,1.673,1.6204,1.6274,1.7963,1.7877,1.8083,..
Malta,MLT,Energy use (kg of oil equivalent per capita),EG.USE.PCAP.KG.OE,1807.04451982783,2288.9602124363,2056.33433361958,1879.02897380994,1836.61841201857,2047.39672720575,1792.79947947045,1943.41376343467,1731.67515154798,2001.30094235953,1851.86412884869,2071.44952722888,2066.57163915642,2101.87985022264,2095.17873042085,2131.22296210827,2153.74903793408,1953.4340878955,2022.68894914335,2002.2597001723,2102.78419805068,1822.11290174526,1793.37877402513,1448.8722651887,1311.66732595294,1451.209231349,1407.69637134225,1440.48279152041,1336.72896034906,1363.05571036865,1456.24524810948,1397.99606213865,..,..
Malta,MLT,"Population, total",SP.POP.TOTL,367618,371308,374797,377419,379905,382791,385287,387578,390087,393028,395969,398582,401268,403834,405308,406724,409379,412477,414508,416268,420028,424810,433481,444220,454505,467106,483903,503912,515490,518150,531113,552747,568847,..
Malta,MLT,Urban population (% of total population),SP.URB.TOTL.IN.ZS,91.8075628458526,92.1649070648702,92.4710310230744,92.6973466192341,92.8533049062716,92.979031868811,93.089771322402,93.1885360442413,93.278338811526,93.3621924014528,93.4431095912187,93.5241031580205,93.6081858790552,93.6985189936163,93.7986874969541,93.9118231189546,94.0294765354989,94.1423744490362,94.2412435620154,94.3155916422812,94.3626256493653,94.3906567856206,94.412512773898,94.4387696268011,94.4800033569336,94.5691806330314,94.7242373261706,94.9332032524644,95.1841082280263,95.5145343617045,95.6003155132879,95.6272277147965,95.6546264490509,..
Marshall Islands,MHL,"GDP per capita, PPP (constant 2021 international $)",NY.GDP.PCAP.PP.KD,4029.34125092657,4207.40977456892,4396.91464876183,4703.43305447938,4174.81392158106,3867.34286781701,3805.88691498835,3718.81112086275,3772.2158024995,4000.73051185181,4121.83964555336,4040.65511934983,4012.3445001608,4075.1586476742,4075.57643179743,4222.41292273556,3903.30558742877,4047.22680617884,4269.35843273854,4259.11601606604,4244.04434413749,4469.85358401607,4491.99193864536,4670.10918243675,4896.52195460777,5199.3444796298,5635.30750426868,6405.07564930525,6417.18441217728,6767.95785510528,6936.86510911803,6801.61469241924,7209.26654997536,..
Marshall Islands,MHL,Carbon dioxide (CO2) emissions (total) excluding LULUCF (Mt CO2e),EN.GHG.CO2.MT.CE.AR5,0.0001,0.0001,0.0001,0.0001,0.0001,0.0001,0.0001,0.0001,0.0001,0.0001,0.0001,0.0001,0.0001,0.0001,0.0001,0.0001,0.0001,0.0001,0.0001,0.0001,0.0001,0.0001,0.0001,0.0001,0.0001,0.0001,0.0001,0.0001,0.0001,0.0001,0.0001,0.0001,0.0001,..
Marshall Islands,MHL,Energy use (kg of oil equivalent per capita),EG.USE.PCAP.KG.OE,..,..,..,..,..,..,..,..,..,..,..,..,559.942847212836,558.70226948715,577.011847976612,614.970692802921,..,..,..,..,..,..,..,..,..,..,..,..,..,..,..,..,..,..
Marshall Islands,MHL,"Population, total",SP.POP.TOTL,46388,47093,47712,48266,48775,49259,49717,50202,50706,51123,51425,51639,51791,51906,51992,52035,52030,52019,52044,51907,51419,50681,49796,48800,47709,46529,45285,44007,42706,41367,40077,38827,37548,..
Marshall Islands,MHL,Urban population (% of total population),SP.URB.TOTL.IN.ZS,67.3038936005312,67.3876551299815,67.4633558335976,67.5397939409419,67.6257676815771,67.7300752850655,67.8615149809697,68.0299788487724,68.2755984422337,68.6170787509313,69.0380806209326,69.5231265029735,70.0567388477898,70.6234401061174,71.2077527286922,71.7941991662501,72.3673018695269,72.9115832892586,73.4115658761809,73.8553711172585,74.2705132518924,74.6790601806083,75.0790555372177,75.4702568207363,75.8524215301796,76.2253071645634,76.5886712229035,76.9422712042154,77.285864607515,77.6163157431143,77.9855966195187,78.3593928884282,78.7325660244112,..
Mauritania,MRT,"GDP per capita, PPP (constant 2021 international $)",NY.GDP.PCAP.PP.KD,5350.1180367309,5439.82228766957,5097.20839032237,5446.26956105444,5650.3411811269,5302.3666333722,5310.15819138341,5359.98881996232,5008.60806690014,4847.41086088566,4806.89853417166,5023.65213424467,5139.22552002451,5445.82951227718,6284.70209025296,6002.77832165174,5813.35608368305,5639.78745018612,5605.76388754436,5653.21719956693,5716.25195328296,5769.72870835599,5837.8520312229,5969.54239339806,5866.28144759405,6050.62180273825,6153.63790295218,6162.21044512087,5963.23549793488,5836.56580821897,6053.26178155509,6276.47521079359,6482.69016724334,..
Mauritania,MRT,Carbon dioxide (CO2) emissions (total) excluding LULUCF (Mt CO2e),EN.GHG.CO2.MT.CE.AR5,2.2897,2.267,2.3567,2.4527,2.4292,2.3872,2.44,2.5178,1.0582,1.1705,1.2997,1.363,1.4867,1.5383,1.6904,1.8808,2.1028,2.0973,2.1069,2.265,2.5265,2.3153,2.6827,2.757,2.6247,3.809,4.4355,4.4862,4.6354,4.4111,5.0263,4.8274,5.0116,..
Mauritania,MRT,Energy use (kg of oil equivalent per capita),EG.USE.PCAP.KG.OE,..,..,..,..,..,..,..,..,..,..,..,..,..,..,..,..,..,..,..,..,..,..,..,..,..,..,..,..,..,..,..,..,..,..
Mauritania,MRT,"Population, total",SP.POP.TOTL,2088135,2174328,2249454,2312017,2358188,2411306,2474651,2541698,2613441,2678760,2738655,2802046,2868664,2939059,3013660,3093059,3183269,3284448,3390965,3502811,3619034,3734318,3848514,3965959,4086657,4210600,4337685,4467708,4600131,4734874,4875637,5022441,5169395,..
Mauritania,MRT,Urban population (% of total population),SP.URB.TOTL.IN.ZS,39.1911119053361,39.0179807705844,38.8350235663137,38.6515898670056,38.4770292471417,38.3206912812037,38.1919255436732,38.1000816090317,38.0555858542174,38.1070763150421,38.3900378438208,38.8866922319919,39.5685575664461,40.407151934074,41.3739934217664,42.4406001164139,43.5784901049073,44.7591814741371,45.9541923109942,47.1350407023691,48.2732447351525,49.3553973225913,50.4694791226856,51.6680350049622,52.9185627319946,54.1970448502004,55.1305077000081,56.0596215779146,56.9836701058893,57.901535141641,58.8120996197226,59.7142464747058,60.6068586411829,..
Mauritius,MUS,"GDP per capita, PPP (constant 2021 international $)",NY.GDP.PCAP.PP.KD,9838.10232774766,10216.2423835678,10490.888540896,10847.0307453987,11336.6041686972,11832.2877924531,12419.4673726952,12582.7521544356,13481.7540541745,13823.4171391048,13949.4742923184,14669.5001844577,15209.0164267817,15387.9807842254,16061.6030030396,16904.2745171796,17750.5936228988,18290.4070077862,19045.6542832867,19790.5300586052,20425.707017688,21061.0293432869,21827.4802326052,22603.0885218714,23460.0011516323,24361.8758542058,25324.1785958124,26047.9753573284,22258.3868106268,23010.2013826905,25085.9891959451,26635.0124048697,28011.1579806299,..
Mauritius,MUS,Carbon dioxide (CO2) emissions (total) excluding LULUCF (Mt CO2e),EN.GHG.CO2.MT.CE.AR5,1.3431,1.4807,1.525,1.5621,1.6364,1.6434,1.8025,2.2091,2.4433,2.5836,2.6372,2.7615,2.7849,2.9793,3.3223,3.4143,3.4879,3.4382,3.6757,3.6565,3.7437,3.8572,3.9905,3.9907,4.0649,4.2071,4.1718,4.2052,3.745,3.9879,4.0499,4.3225,4.4055,..
Mauritius,MUS,Energy use (kg of oil equivalent per capita),EG.USE.PCAP.KG.OE,657.814523295738,678.879065998315,657.657570271165,697.031158951035,702.259962588413,712.616427509061,750.486166902522,775.920393683984,851.243682124642,886.792161463512,873.221713167187,909.089564102277,919.838083699622,945.754720316685,1006.02062916824,1007.59469875165,1026.70709293057,999.514481044517,1050.75767175161,1053.55801429009,1066.25424955695,1085.5501957804,1104.47535515255,1136.14919149846,1135.89802652029,1156.15517897714,1142.14424076921,1163.15179238921,1025.83744169656,1072.42945671071,1095.73879704883,1166.63966960327,..,..
Mauritius,MUS,"Population, total",SP.POP.TOTL,1084441,1097374,1112846,1122457,1133996,1148284,1160421,1175267,1186873,1196287,1204621,1213370,1221003,1228254,1233996,1239630,1244121,1247429,1250400,1252404,1255882,1258927,1261208,1262879,1263747,1264887,1265577,1265985,1266014,1266334,1262523,1248647,1245779,..
Mauritius,MUS,Urban population (% of total population),SP.URB.TOTL.IN.ZS,43.7659935577684,43.615496644887,43.4244745957928,43.2042800229269,42.9662655387302,42.7217837556441,42.4821872861094,42.2588287425674,42.063123063288,41.8827214180181,41.6986829938864,41.5127065251754,41.3265540022042,41.1419874152917,40.9607687547567,40.7846600109183,40.6154231740954,40.4548202346069,40.3046131827718,40.1665923228716,40.0369511615085,39.9108848558771,39.7887571971735,39.6709610617726,39.5578893260494,39.4499348663789,39.3474905591359,39.2509492806955,39.1607039074325,39.077147315722,39.0000125885784,39.0039901092226,39.0162147027917,..
Mexico,MEX,"GDP per capita, PPP (constant 2021 international $)",NY.GDP.PCAP.PP.KD,17796.4059642863,17970.5871849494,18422.819927556,17028.1215003697,17775.8727869147,18737.6426443231,19573.0654539328,19793.2852841045,20470.4937646148,20078.2183908739,19744.7933653416,19701.4633876569,20127.2242847772,20277.2552818503,20965.8256074046,21102.2688314629,20992.5602618229,19385.5437230088,20058.3854859755,20457.6001664624,20898.9357195292,20805.3480411912,21069.7661649129,21408.9283201493,21578.2633554092,21777.5225111982,21997.7730167472,21704.1859494071,19728.4817823158,20782.5877417545,21391.8573692427,21917.24858366,22039.6287019016,..
Mexico,MEX,Carbon dioxide (CO2) emissions (total) excluding LULUCF (Mt CO2e),EN.GHG.CO2.MT.CE.AR5,311.2014,320.3524,346.1731,326.2583,341.9142,360.7276,384.0072,373.0984,396.7431,394.7859,400.9452,420.7099,430.4581,447.327,463.9485,470.8833,472.3027,461.5756,476.9429,486.535,506.2322,494.0171,480.9122,490.4272,496.4682,500.6875,478.1534,493.673,439.0381,452.7201,452.9546,475.5955,475.9921,..
Mexico,MEX,Energy use (kg of oil equivalent per capita),EG.USE.PCAP.KG.OE,1532.05083523555,1529.66917943226,1536.71971480805,1461.03050354057,1467.31082127073,1518.26280329371,1536.12241939376,1555.69407717508,1541.32297457171,1563.12708165755,1556.55451556538,1644.23440955963,1651.99432971724,1718.63669370638,1723.71763802356,1693.77880726541,1678.23287321257,1616.79369985205,1581.82622504404,1632.53833582198,1652.16322037583,1633.00512016612,1582.66666115179,1539.13826670827,1525.3837445098,1478.43896510686,1493.47882156246,1469.65350320528,1366.42722558757,1417.70559078908,1525.73516114419,1559.78994657193,..,..
Mexico,MEX,"Population, total",SP.POP.TOTL,86044809,87653807,89259205,90862455,92452702,94021207,95575245,97115707,98625552,100099099,101548624,102978515,104394131,105811504,107253666,108774360,110374288,111999721,113623895,115243504,116818208,118343573,119784261,121072306,122251351,123400057,124573711,125762982,126799054,127648148,128613117,129739759,130861007,..
Mexico,MEX,Urban population (% of total population),SP.URB.TOTL.IN.ZS,72.2406081339013,72.6055064486481,72.9565584912625,73.2962313883119,73.6269922663634,73.9513082519844,74.2716464717421,74.5904740522037,74.9203113970256,75.2907557567987,75.6840752828994,76.046170340551,76.3274397419019,76.4748624380269,76.4982455683657,76.5047326234761,76.5090428271033,76.5143930040295,76.5244441414713,76.5667802279537,76.6585199140734,76.7955768077952,76.9741367091766,77.1903854182753,77.4405087351486,77.7206924598541,78.0271223924494,78.355984332992,78.677960602824,78.9324007418057,79.199683215791,79.4734935748046,79.7538805976118,..
"Micronesia, Fed. Sts.",FSM,"GDP per capita, PPP (constant 2021 international $)",NY.GDP.PCAP.PP.KD,3347.64556913981,3543.74966824326,3459.88583986166,3663.78236228922,3526.09250594956,3296.33568727784,3380.53310212796,3409.41700394847,3555.49951989363,3609.87256369558,3623.19636273235,3692.41720136136,3586.11247849917,3685.99439466343,3701.35082122551,3665.65753455567,3601.90031821178,3674.48835418326,3764.95289087757,3901.67577698307,3828.74704775533,3680.10650035034,3575.85071357893,3723.39901795888,3746.13008308173,3813.44207942995,3798.59203794112,3940.26446989917,3852.20025570019,3946.41608109166,3814.99076486823,3814.72009332148,3824.1523439548,..
"Micronesia, Fed. Sts.",FSM,Carbon dioxide (CO2) emissions (total) excluding LULUCF (Mt CO2e),EN.GHG.CO2.MT.CE.AR5,0.0002,0.0002,0.0002,0.0002,0.0002,0.0002,0.0002,0.0002,0.0002,0.0002,0.0002,0.0002,0.0002,0.0002,0.0002,0.0002,0.0002,0.0002,0.0002,0.0002,0.0002,0.0002,0.0002,0.0002,0.0002,0.0002,0.0002,0.0002,0.0002,0.0002,0.0002,0.0002,0.0002,..
"Micronesia, Fed. Sts.",FSM,Energy use (kg of oil equivalent per capita),EG.USE.PCAP.KG.OE,..,..,..,..,..,..,..,..,..,..,..,..,..,..,..,..,..,..,..,..,..,..,..,..,..,..,..,..,..,..,..,..,..,..
"Micronesia, Fed. Sts.",FSM,"Population, total",SP.POP.TOTL,104806,107066,109075,110230,110710,111071,111377,111680,112044,112365,112448,112285,111925,111412,110729,109880,108936,107957,107540,107698,107890,108121,108396,108716,109075,109481,109909,110282,110916,111624,112114,112630,113160,..
"Micronesia, Fed. Sts.",FSM,Urban population (% of total population),SP.URB.TOTL.IN.ZS,25.8110870472152,25.6947718399376,25.5767394695015,25.2888274538158,24.6466898360747,23.8305797418484,23.0414720747208,22.4803417382757,22.3299999237061,22.3299999237061,22.3299999237061,22.3299999237061,22.3299999237061,22.3299999237061,22.3275140420008,22.3208324539882,22.3111192453232,22.2995385016606,22.2903529875138,22.2914664135472,22.2942568788425,22.2986323961146,22.3046193122479,22.3122336099411,22.3214896137555,22.332401189542,22.3449820355433,22.359245777081,22.3752060036598,22.3928762855411,22.4122701819053,22.4334012451903,22.4562830235421,..
Moldova,MDA,"GDP per capita, PPP (constant 2021 international $)",NY.GDP.PCAP.PP.KD,9461.42772606577,9363.59309935118,6490.35310271769,6428.83979448752,6063.14051693664,6185.83952473232,5783.48593751483,5597.46512850295,5727.07922525352,6090.03474356112,6580.27841436838,7034.35784911687,7573.6178454751,8161.47344724765,8577.02858037286,8854.83397616724,9563.69814290939,9001.23432081622,9649.9509930271,10217.3087761255,10158.3854676883,11080.0634585341,11641.1208436577,11691.0797484184,12377.366678394,13118.8219369605,13895.5043655692,14621.2401362286,13559.2600217483,15682.0703284653,15358.0153548867,15990.4793311152,16376.6113704265,..
Moldova,MDA,Carbon dioxide (CO2) emissions (total) excluding LULUCF (Mt CO2e),EN.GHG.CO2.MT.CE.AR5,20.4078,17.3631,14.0831,12.2615,10.562,9.6327,8.7879,7.4496,6.8956,7.1817,7.3093,7.8708,7.8917,8.3311,8.112,8.0256,7.9275,7.808,8.5049,8.5348,8.3528,7.4941,8.0409,8.2992,8.4234,8.3058,8.8624,9.1101,8.8484,9.6527,8.2882,8.2074,8.2081,..
Moldova,MDA,Energy use (kg of oil equivalent per capita),EG.USE.PCAP.KG.OE,2296.83352783866,2048.93757145493,1715.88533850766,1597.87840142214,1376.04348286205,1318.39683316907,1217.56418384255,1063.33955654761,985.928952009192,1046.10154095215,1063.47434041597,1157.57082496873,1166.2119108417,1219.63334396967,1197.85781024639,1173.38914723484,1168.16512504218,1111.42197315364,1302.53378603286,1322.40704209495,1316.76859981901,1184.75017871064,1277.13936379874,1307.99462011084,1356.31269266323,1397.59909786185,1495.57314367291,1500.03948472062,1461.47443268889,1611.52792339614,1422.63575303914,1296.80089045941,..,..
Moldova,MDA,"Population, total",SP.POP.TOTL,2980965,2975966,2966745,2953200,2947293,2936413,2935227,2930622,2924668,2918135,2911385,2903198,2896023,2888985,2880967,2874299,2868833,2865213,2862354,2860699,2860324,2859558,2857815,2835978,2803186,2755189,2707203,2664224,2635130,2595809,2528654,2457783,2402306,..
Moldova,MDA,Urban population (% of total population),SP.URB.TOTL.IN.ZS,46.3824577331543,46.0907783508301,45.865348815918,45.7191925048828,45.0867500305176,44.9134635925293,40.7304458618164,40.5269088745117,40.4185981750488,39.6744270324707,39.620719909668,39.5945358276367,39.4460945129395,39.3704032897949,39.2182388305664,39.4315032958984,39.3710708618164,39.3255348205566,39.2804946899414,39.3469161987305,39.3614196777344,39.4275512695312,39.6298484802246,39.6954040527344,39.7373237609863,39.9736557006836,40.3258094787598,40.772289276123,41.3368530273438,41.8115425109863,42.4048843383789,43.0011825561523,43.516471862793,..
Monaco,MCO,"GDP per capita, PPP (constant 2021 international $)",NY.GDP.PCAP.PP.KD,..,..,..,..,..,..,..,..,..,..,..,..,..,..,..,..,..,..,..,..,..,..,..,..,..,..,..,..,..,..,..,..,..,..
Monaco,MCO,Carbon dioxide (CO2) emissions (total) excluding LULUCF (Mt CO2e),EN.GHG.CO2.MT.CE.AR5,..,..,..,..,..,..,..,..,..,..,..,..,..,..,..,..,..,..,..,..,..,..,..,..,..,..,..,..,..,..,..,..,..,..
Monaco,MCO,Energy use (kg of oil equivalent per capita),EG.USE.PCAP.KG.OE,..,..,..,..,..,..,..,..,..,..,..,..,..,..,..,..,..,..,..,..,..,..,..,..,..,..,..,..,..,..,..,..,..,..
Monaco,MCO,"Population, total",SP.POP.TOTL,30887,31136,31375,31609,31837,32063,32267,32410,32455,32447,32422,32374,32307,32210,32057,31837,31836,32364,33163,33946,34711,35447,36128,36757,37276,37678,38154,38109,38050,38527,38931,38956,38631,..
Monaco,MCO,Urban population (% of total population),SP.URB.TOTL.IN.ZS,100,100,100,100,100,100,100,100,100,100,100,100,100,100,100,100,100,100,100,100,100,100,100,100,100,100,100,100,100,100,100,100,100,..
Mongolia,MNG,"GDP per capita, PPP (constant 2021 international $)",NY.GDP.PCAP.PP.KD,5324.48759689987,5162.0998701038,5213.84632608076,5457.68501570005,5494.32133981897,5628.10663484223,5735.84383645771,5829.16641455929,5818.24307842901,5917.07088396343,6117.9824222592,6463.78966651762,7070.667158451,7499.84803935428,8043.99678108557,8750.13407442299,9379.85489687765,9095.9769892529,9507.118823625,10960.0959283864,12078.9185320062,13210.0945665668,13943.4277148653,13974.5967260365,13898.1456953585,14401.5375067562,15230.2408828847,15790.6961126441,14801.3420829185,14792.2509086422,15310.4349469163,16222.8638898529,16842.6505873797,..
Mongolia,MNG,Carbon dioxide (CO2) emissions (total) excluding LULUCF (Mt CO2e),EN.GHG.CO2.MT.CE.AR5,12.9573,11.9373,10.4063,10.3439,8.7428,8.5693,8.5963,8.6539,9.0405,9.0123,9.658,9.3625,9.577,11.1291,12.7174,13.2104,13.206,13.9287,14.9057,16.236,17.6595,19.1791,19.5303,18.0259,19.1168,21.0753,22.9567,25.3355,22.5155,24.8887,24.9553,27.1526,27.6578,..
Mongolia,MNG,Energy use (kg of oil equivalent per capita),EG.USE.PCAP.KG.OE,1525.68781310458,1426.38147731695,1216.20337762808,1191.54307131019,985.242877989141,949.77655727969,944.310257540598,932.373513788459,979.255585329484,971.406679479206,1025.68016205691,988.432178015211,1007.3108964645,1151.95461061015,1301.09928192751,1341.95620033788,1326.19423088287,1354.68916905218,1411.62669168414,1521.09353741373,1558.69025216769,1750.80216193822,1763.80524679078,1516.3411002122,1588.34126525003,1603.82155065689,1772.47014509365,2018.31091722035,1771.64405621298,1923.6542624985,1890.63113929262,..,..,..
Mongolia,MNG,"Population, total",SP.POP.TOTL,2167790,2165130,2189395,2224945,2259507,2291750,2323809,2356813,2388299,2417751,2449027,2480374,2508412,2536407,2567168,2601850,2643201,2691115,2738622,2786317,2839705,2899011,2963113,3026864,3088856,3148917,3208189,3267673,3327204,3383741,3433748,3481145,3524788,..
Mongolia,MNG,Urban population (% of total population),SP.URB.TOTL.IN.ZS,56.9476949363892,56.8981528530866,56.8450076429443,56.7918138357155,56.7421259611535,56.6994985490115,56.6674861290427,56.6496432310004,56.7305447074496,57.2155913875612,58.1310120482033,59.3546986563236,60.7829994587671,62.3122627023789,63.8388366340039,65.2590695004873,66.4693095486742,67.3659050254095,67.8298018313254,67.9196058798676,67.9522782537785,67.9776750055915,67.9941357229626,67.9999999906095,67.9776754820979,67.9260583223672,67.8683444833372,67.8277299551557,68.0894771770775,69.2153244018555,69.783805847168,70.4464492797852,70.9566040039062,..
Montenegro,MNE,"GDP per capita, PPP (constant 2021 international $)",NY.GDP.PCAP.PP.KD,..,..,..,..,..,14638.7970938907,15403.0521357994,13993.4155102209,14452.2762793739,14552.555913276,14770.3164485924,15076.7139308442,15716.1406519937,16348.9675325821,17727.4395602504,18966.5316118445,20239.0055766337,18985.0166440648,19476.2433855105,20110.5703706069,19576.4932347548,20201.3754091056,20641.850118964,21131.9286652777,21834.1824200766,22513.8741282681,23562.2739681383,24585.2179072849,20904.6866227364,23690.0773513056,25583.4216629604,27243.51720726,28105.7093264336,..
Montenegro,MNE,Carbon dioxide (CO2) emissions (total) excluding LULUCF (Mt CO2e),EN.GHG.CO2.MT.CE.AR5,..,..,..,..,..,..,..,..,..,..,..,..,..,..,..,..,..,..,..,..,..,..,..,..,..,..,..,..,..,..,..,..,..,..
Montenegro,MNE,Energy use (kg of oil equivalent per capita),EG.USE.PCAP.KG.OE,..,..,..,..,..,..,..,..,..,..,..,..,..,1662.81204949987,1841.6794367328,1828.43393355741,1965.21593409043,1555.00501749061,1820.45249352265,1811.21612476135,1701.46827930736,1574.55136957284,1532.34279533634,1599.59389155142,1552.23307233486,1625.4960826549,1679.55976366983,1737.5931990158,1625.86284952725,1730.51151191493,1674.12860283285,1722.21524778677,..,..
Montenegro,MNE,"Population, total",SP.POP.TOTL,608516,610170,611389,611712,611003,609520,607662,606001,604950,607389,609828,612267,613353,614261,615025,615875,616969,618294,619428,620345,621418,622587,623744,624651,625353,625982,626438,626753,626590,625053,623591,623529,623525,..
Montenegro,MNE,Urban population (% of total population),SP.URB.TOTL.IN.ZS,49.7231487452489,50.6126642944792,51.6631765173545,52.8343773069715,54.0859585564272,55.3776121588181,56.6690300072411,57.919903994793,59.0899260145706,60.1387879596705,61.0261817231895,61.6986616237464,62.210498320663,62.6763680644251,63.111308588912,63.5035790981749,63.8414387962647,64.1131468872325,64.3069625751293,64.4210914835811,64.5244008658951,64.6252987959653,64.7232143772459,64.8181652937171,64.9101692293409,64.9992438680584,65.0854068937869,65.1686759904159,65.2490688418027,65.3266031317675,65.4012965440866,65.4731667624849,65.5422314706266,..
Morocco,MAR,"GDP per capita, PPP (constant 2021 international $)",NY.GDP.PCAP.PP.KD,4483.24951171875,4379.76416015625,4771.0927734375,4444.228515625,4916.47998046875,4766.1103515625,5033.92333984375,5043.6650390625,5100.11572265625,5417.57861328125,5544.07177734375,5810.05322265625,5996.39013671875,6103.42236328125,6488.673828125,6620.59033203125,6901.95068359375,7063.72705078125,7210.63671875,7503.79296875,7628.64404296875,7839.0322265625,7951.79833984375,8198.80859375,8141.9404296875,8450.0087890625,8611.75,8768.17578125,8054.56298828125,8623.265625,8690.4482421875,8915.3515625,9162.7470703125,..
Morocco,MAR,Carbon dioxide (CO2) emissions (total) excluding LULUCF (Mt CO2e),EN.GHG.CO2.MT.CE.AR5,25.2238,25.979,28.1277,29.273,28.9241,30.4657,31.2086,32.8547,33.5686,36.9966,38.277,38.1053,42.829,44.6593,45.3821,46.0199,49.4716,48.9551,52.0418,56.2785,58.5497,58.4924,59.4626,61.1459,61.011,63.8616,65.197,71.8694,67.5867,73.1296,72.3256,70.0459,70.0409,..
Morocco,MAR,Energy use (kg of oil equivalent per capita),EG.USE.PCAP.KG.OE,336.362709887227,343.585585268207,362.49138747337,353.725757494428,366.087252585757,371.741177925287,373.269132562206,391.11777764283,387.674326412744,405.385733553728,406.634838346005,399.736368353388,463.894860712269,484.797908832576,486.582730066603,495.471813588118,507.932323340328,504.85859762712,526.098528303577,559.353279063147,559.656539214197,554.322076671451,555.591040302721,563.603106638362,558.062023900473,577.582098917111,577.178572918036,614.502733565635,575.699296767116,616.051393306028,602.994477750907,600.64391286941,..,..
Morocco,MAR,"Population, total",SP.POP.TOTL,25212468,25614586,26000822,26399429,26808107,27213337,27621648,28027179,28423435,28814643,29198142,29571415,29953018,30358144,30771178,31186468,31606767,32030778,32467016,32912588,33355241,33787571,34204780,34607588,35023457,35446392,35839760,36210898,36584208,36954442,37329064,37712505,38081173,..
Morocco,MAR,Urban population (% of total population),SP.URB.TOTL.IN.ZS,49.8101539611816,50.4392204284668,51.2177079462615,51.7589098974736,52.2102813479572,52.6042202331149,52.9553071144083,53.2781225532994,53.58724711125,53.8972613497219,54.222745830177,54.5782811140771,54.9787569660869,55.4397798676399,55.9627589629824,56.5303841299064,57.1254169272616,57.7306189138977,58.3287516486646,58.902576690412,59.4348555979895,59.9083499302469,60.3030486171654,60.6417124737154,60.9657656537179,61.2761057031842,61.5695822753314,61.8430450233765,62.0933436005366,62.3173276600289,62.5118468550703,62.673750838878,62.7998124018197,..
Mozambique,MOZ,"GDP per capita, PPP (constant 2021 international $)",NY.GDP.PCAP.PP.KD,510.82282292831,549.048759770955,546.209688164263,525.418671837499,562.857456341656,612.371551265915,660.650177820748,722.305561379979,711.976393527396,785.790173616246,842.645266172761,883.239121472194,934.133964844421,970.38995609863,1041.80471709595,1095.12568701598,1141.94256161019,1178.70909947834,1224.23020471309,1275.52959822581,1338.51594866104,1385.83254864214,1449.92926632722,1512.5997455554,1537.90853271216,1532.0073576114,1538.83512127022,1528.88988354373,1466.12476474476,1457.23540930922,1476.66560298097,1512.27640791481,1500.31427446351,..
Mozambique,MOZ,Carbon dioxide (CO2) emissions (total) excluding LULUCF (Mt CO2e),EN.GHG.CO2.MT.CE.AR5,1.1614,1.3511,1.1452,1.2575,1.2134,1.3414,1.2964,1.29,1.571,1.8966,1.9873,2.5256,2.7803,2.6658,2.8271,3.244,3.1494,3.403,3.6056,4.2489,4.7019,5.1174,5.7908,6.4582,8.3319,8.3122,8.0554,8.6293,7.9534,9.1439,10.8972,10.719,10.1127,..
Mozambique,MOZ,Energy use (kg of oil equivalent per capita),EG.USE.PCAP.KG.OE,429.60033297268,424.528289065617,402.283081900844,388.824017354917,384.511585412105,386.520708983801,383.191402996293,383.704803126522,396.028040920619,407.145568802881,409.455047101302,421.130474837557,426.378945530351,424.491278226506,428.692521920125,338.466191317799,338.661664169014,358.879859852038,317.88123068391,370.87053828392,364.828669567004,380.582419725311,383.322635419103,385.146567058837,380.805586001126,371.739125451598,366.241452353018,359.75326082609,342.945651556548,353.107426981973,358.637694361749,..,..,..
Mozambique,MOZ,"Population, total",SP.POP.TOTL,13613316,14051192,15033853,15960530,16492480,16949982,17340464,17734506,18129653,18537729,18958338,19392475,19840313,20304569,20787087,21287635,21819036,22391745,22999235,23649039,24337846,25051611,25788475,26547572,27337105,28166393,29018644,29884380,30783688,31707800,32656246,33635160,34631766,..
Mozambique,MOZ,Urban population (% of total population),SP.URB.TOTL.IN.ZS,25.2341691598851,26.1405953505588,26.9444395784199,27.6270913060259,28.1699399959342,28.5523811697494,28.8204506770301,29.0471155729086,29.2423697311441,29.4137097764239,29.5686323334348,29.7146340268639,29.8592114813982,30.0098613217248,30.1740801725307,30.3598131347122,30.5625357695184,30.7715592059159,30.9861779822921,31.2062230032794,31.4315251735105,31.6619153976179,31.8972245802342,32.1372836259918,32.3819234395234,32.6274411492675,32.9902559073541,33.4177241517032,33.9044006416285,34.4499259401554,35.0536638047945,35.7149783148407,36.4332337447237,..
Myanmar,MMR,"GDP per capita, PPP (constant 2021 international $)",NY.GDP.PCAP.PP.KD,821.327755047125,859.345526733596,911.468427954616,962.209421824521,1011.15993423274,1054.76742791265,1102.79096369399,1209.01642809997,1359.93038778036,1498.31163236525,1661.73588517132,1874.17128269389,2110.23728495831,2377.90258162976,2669.32700379999,2968.3033151236,3254.738978881,3578.17424704515,3893.79030665874,4078.61220919965,4340.99945069174,4666.95376141392,5006.50667149767,5313.88615901476,5580.98977273232,5877.87465558175,6201.26341429803,6562.98898478625,5926.83450206681,5178.44718217164,5350.47666899931,5364.13797034429,5276.29433987853,..
Myanmar,MMR,Carbon dioxide (CO2) emissions (total) excluding LULUCF (Mt CO2e),EN.GHG.CO2.MT.CE.AR5,4.5496,5.0874,6.1001,7.4001,7.7815,7.7466,8.4254,9.2448,10.042,8.7748,8.8446,10.9584,10.6311,11.2422,10.4556,10.9238,8.3603,7.7887,8.6324,9.1725,12.5577,14.2206,17.7423,19.7406,22.9806,33.7539,33.5187,34.3911,34.7186,31.8377,31.031,31.241,31.3628,..
Myanmar,MMR,Energy use (kg of oil equivalent per capita),EG.USE.PCAP.KG.OE,264.448318123966,258.836824497865,271.528610628702,277.216010328342,274.207933639514,276.421864771514,280.397802593636,278.009100440927,283.525751035703,274.124811979368,280.52424238022,301.406139026565,314.736266036282,312.774547278866,314.353500872765,323.443459380433,309.294197701747,290.572484432835,278.483453812986,279.998295569373,303.854962936024,317.028588736041,345.059457398655,353.406826920047,376.137198590416,429.211582722245,429.032316766838,426.034236342975,420.352655494399,404.314368791505,399.521185214539,..,..,..
Myanmar,MMR,"Population, total",SP.POP.TOTL,40950342,41502429,42055143,42605338,43154860,43708798,44257793,44787724,45290841,45771139,46232653,46667192,47068772,47438365,47785135,48125043,48390793,48660459,49024382,49419820,49837446,50262658,50681634,51089056,51495696,51894938,52272247,52640713,53016522,53387102,53756787,54133798,54500091,..
Myanmar,MMR,Urban population (% of total population),SP.URB.TOTL.IN.ZS,26.1312038407788,26.3005466531825,26.4728184884086,26.6474237802388,26.823766962455,27.001252468839,27.1792847331724,27.3572681892371,27.5346072708149,27.7107064116875,27.8849700456368,28.0568026064444,28.2256085278922,28.390792243762,28.5517581878355,28.7079107938945,28.8586544957208,29.0033937270962,29.1415329218024,29.2724765136213,29.3956289363345,29.5103946237239,29.6164342116462,29.7166821191682,29.8129165582094,29.9051727703437,29.993574050729,30.0782436945232,30.1593049968842,30.2368812529698,30.311095757938,30.3820718069466,30.4499084074136,..
Namibia,NAM,"GDP per capita, PPP (constant 2021 international $)",NY.GDP.PCAP.PP.KD,7911.01025804281,7541.56081791845,7437.33529036109,7506.10484034086,7538.92462342201,7656.32512542986,7709.89004370134,7773.94354148714,7858.38789521253,7786.54169496761,8017.28134128559,8237.36597245597,9130.82442337694,9245.1365329555,9773.29833199798,10162.2400708746,10286.5124067605,10166.2899453939,10614.6201576671,10965.2729759535,11266.6089486464,11593.5753768689,11982.6963648348,12166.5658392058,11846.7880832757,11408.7253099967,11214.38604306,10813.3044681944,9652.24827219463,9709.09930646771,9953.09752403491,10137.6726120025,10281.3356402988,..
Namibia,NAM,Carbon dioxide (CO2) emissions (total) excluding LULUCF (Mt CO2e),EN.GHG.CO2.MT.CE.AR5,1.2393,1.4319,1.6524,1.7902,1.9616,2.029,2.0938,1.9927,1.9154,2.4506,2.1315,2.2752,2.3976,2.5696,2.5301,2.5986,2.9642,3.0555,2.6845,2.8464,2.9916,3.1042,3.206,3.5661,3.8987,3.7537,3.8098,3.8576,3.5444,3.7053,3.5799,3.6138,3.6498,..
Namibia,NAM,Energy use (kg of oil equivalent per capita),EG.USE.PCAP.KG.OE,496.93843253318,517.587543710864,539.201321342783,572.602837992365,598.281690492133,594.631924232453,601.710065796387,582.509974261707,576.480242315529,664.185360192128,601.673737595586,618.781304935462,659.442648516721,702.419346432109,693.015801871712,697.014469361577,758.358730645424,775.797259491324,653.126574566651,657.483471069973,667.49179496424,671.777544627526,691.051616995773,716.980313790667,759.461668268778,714.96952269735,733.192598513029,718.386643363248,678.332492787498,680.918008419653,692.461356441068,..,..,..
Namibia,NAM,"Population, total",SP.POP.TOTL,1461322,1508697,1556304,1602170,1646103,1689264,1732745,1776368,1818647,1857048,1889970,1917464,1942082,1966582,1991888,2018600,2047056,2077394,2109811,2146325,2194654,2252508,2312139,2374300,2439213,2506853,2577327,2650494,2728762,2810548,2889662,2963095,3030131,..
Namibia,NAM,Urban population (% of total population),SP.URB.TOTL.IN.ZS,27.3243006833291,27.6807987893929,28.1343648393447,28.6711186131719,29.2771798908614,29.9386684524006,30.6417040777766,31.3724065469765,32.1168956399877,32.8575058425719,33.6459301456028,34.5460063719633,35.5356476670033,36.5870014553064,37.6722151614564,38.763436210037,39.8328120256318,40.8524900328246,41.7946176561991,42.6276075621535,43.3804079185694,44.1106769079132,44.8214248210559,45.5103554445325,46.1751725648784,46.8135799686288,47.4232814423189,48.0019807724839,48.547381745659,49.0571881483796,49.5291037671807,49.9545837830821,50.4088030252155,..
Nauru,NRU,"GDP per capita, PPP (constant 2021 international $)",NY.GDP.PCAP.PP.KD,19620.383633736,16326.1379484655,15640.7583760055,14361.7946919817,12636.1815903094,11488.9913261969,10133.6780606971,9478.30050692905,8844.94679373008,8277.86825221942,7487.93107727707,7526.41594992197,7200.94828845528,7208.83070771819,7829.71497360134,6109.60106113352,7339.57869508137,6926.97979734746,6908.3570297951,7881.13125592445,9639.56633771324,9798.48256139004,11112.9673369473,11270.4681981308,11529.8856976118,10631.9143863208,10401.2803984916,11183.095616258,11304.5723318731,12112.2358384228,12363.6457029853,12372.5209531064,12468.7614524615,..
Nauru,NRU,Carbon dioxide (CO2) emissions (total) excluding LULUCF (Mt CO2e),EN.GHG.CO2.MT.CE.AR5,0,0,0,0,0,0,0,0,0,0,0,0,0,0,0,0,0,0,0,0,0,0,0,0,0,0,0,0,0,0,0,0,0,..
Nauru,NRU,Energy use (kg of oil equivalent per capita),EG.USE.PCAP.KG.OE,..,..,..,..,..,..,..,..,..,..,..,..,..,..,..,..,..,..,..,..,..,..,..,..,..,..,..,..,..,..,..,..,..,..
Nauru,NRU,"Population, total",SP.POP.TOTL,10021,10102,10137,10165,10183,10197,10198,10187,10168,10130,10082,10059,10060,10049,10034,10020,10009,10016,10043,10098,10267,10517,10742,10954,11150,11324,11477,11587,11643,11709,11801,11875,11947,..
Nauru,NRU,Urban population (% of total population),SP.URB.TOTL.IN.ZS,100,100,100,100,100,100,100,100,100,100,100,100,100,100,100,100,100,100,100,100,100,100,100,100,100,100,100,100,100,100,100,100,100,..
Nepal,NPL,"GDP per capita, PPP (constant 2021 international $)",NY.GDP.PCAP.PP.KD,1896.97166297747,1916.94352666156,2023.11519682155,2043.60517160069,2105.50832713857,2166.3126334505,2188.2220157023,2242.65011822095,2340.81563141298,2413.8142127556,2380.24424587571,2439.49479601556,2521.54105171428,2580.23106308364,2641.34799494749,2708.7143922589,2852.60983167965,2961.83900365912,3085.31407004502,3176.65040602417,3316.50073452021,3426.5579593796,3621.73168937112,3745.26182249477,3743.7445783578,4071.70431755798,4371.38571771897,4607.52454717112,4412.5420439395,4546.22970006289,4763.38751073946,4861.23030387639,5046.81592972946,..
Nepal,NPL,Carbon dioxide (CO2) emissions (total) excluding LULUCF (Mt CO2e),EN.GHG.CO2.MT.CE.AR5,1.411,1.5581,1.8967,2.0616,2.1884,2.4175,2.5646,3.3362,3.4194,3.6551,2.9843,3.3881,2.9269,3.2758,2.7125,2.7919,3.0854,4.064,4.785,5.3607,6.2251,6.2963,7.3524,7.3221,10.764,13.1998,14.9259,13.4612,16.4562,17.383,15.0454,15.432,15.8919,..
Nepal,NPL,Energy use (kg of oil equivalent per capita),EG.USE.PCAP.KG.OE,297.109513542261,296.740681146242,299.664319618212,301.762333325266,302.272858547191,305.626953656836,307.463059161428,318.3985070166,330.352852506274,335.751960804757,334.357159841879,338.999985252938,339.548117309365,347.14074815228,343.770753341625,347.516715150324,356.984304444032,365.025112738645,373.442181313024,384.882490354394,368.950606819553,413.994708557044,431.030290984188,426.325523071049,458.265548485248,484.157515782647,504.622833977068,482.761158642892,524.601266425712,524.354689003349,519.950604103483,..,..,..
Nepal,NPL,"Population, total",SP.POP.TOTL,20609707,21180159,21717479,22245439,22741862,23219463,23680357,24125199,24546509,24946748,25328981,25688758,26016656,26309458,26565425,26788492,26990037,27173035,27341952,27464494,27534915,27589996,27672370,27823629,27955462,28011258,28079689,28414064,28966574,29475010,29715436,29694614,29651054,..
Nepal,NPL,Urban population (% of total population),SP.URB.TOTL.IN.ZS,21.1696090774496,22.0386921067433,23.0157968547751,24.1000758705435,25.2906817030471,26.5867669012845,27.9874840142543,29.4919855909549,31.0994241803849,32.808952331543,35.0358944291182,38.045308394296,41.6109470808194,45.5065633424317,49.5059100328759,53.3827400058951,56.9108061152324,59.8638612146309,62.0156581578338,63.139949798584,63.6558406194333,64.1314570156048,64.5640847098488,64.9510094249155,65.2895168835553,65.5768928085184,65.8104229225551,65.9873929484157,66.1050886088505,66.144235274522,66.2992968721053,66.5432933453944,66.772343163029,..
Netherlands,NLD,"GDP per capita, PPP (constant 2021 international $)",NY.GDP.PCAP.PP.KD,44245.5254850329,44490.7561855682,45532.8045253849,46720.2879220144,48095.966024712,49881.8758323461,51879.3803259073,54134.3622865113,56016.8727218416,56887.4332731111,56664.4134372303,56452.8674805644,57391.3645202468,58422.0135197444,60391.544265121,62601.6205718183,63678.4032834996,61029.7298855714,61518.5540088717,62318.1416226231,61480.8126014961,61281.288807752,62045.8563802085,63081.3941350677,64267.736357935,65666.0036593237,66758.2640145753,67847.8542926795,64862.1922496366,68573.5648786446,71324.0360349277,70198.9297909022,70498.8840396071,..
Netherlands,NLD,Carbon dioxide (CO2) emissions (total) excluding LULUCF (Mt CO2e),EN.GHG.CO2.MT.CE.AR5,169.0362,172.2988,173.364,177.6173,187.8531,180.1104,180.8581,176.1509,176.8545,181.4569,181.8328,184.2851,186.7527,182.1833,177.6801,178.8628,179.9447,174.7536,186.1211,174.0725,171.6019,169.3558,161.7631,169.3542,170.7937,168.176,163.095,157.9744,142.1604,145.8948,133.114,122.9178,118.7909,..
Netherlands,NLD,Energy use (kg of oil equivalent per capita),EG.USE.PCAP.KG.OE,4549.24415711085,4616.71602028756,4607.58662804011,4732.28641364731,4949.7817593583,4788.82912974708,4794.51173163397,4685.19177004479,4695.37009641521,4783.23806405221,4804.57738217673,4959.46581521204,4985.68017725458,4893.73296113648,4840.784340365,4812.3646510682,4755.09420293282,4665.86427744867,4978.86938849852,4611.91453819796,4599.20591866701,4488.60406405713,4215.35262065709,4298.59287050144,4352.44653138733,4365.20385335267,4251.16716726453,4129.40909477343,3975.37813564997,4057.79129205731,3570.12031994399,3418.13670132261,..,..
Netherlands,NLD,"Population, total",SP.POP.TOTL,15184166,15290368,15382838,15459006,15530498,15610650,15707209,15812088,15925513,16046180,16148929,16225302,16281779,16319868,16346101,16381696,16445593,16530388,16615394,16693074,16754962,16804432,16865008,16939923,17030314,17131296,17231624,17344874,17441500,17533044,17700982,17877117,17993485,..
Netherlands,NLD,Urban population (% of total population),SP.URB.TOTL.IN.ZS,69.3087428522066,69.7586743487312,70.4100572065956,70.6936274148982,72.423330585432,75.5542374231759,76.75231877333,77.06074312186,78.4826828427081,80.1840578652121,80.8085275226169,81.3011308878582,82.250953139759,83.5048949725161,84.6532280358545,85.4089231499726,85.6149582464487,86.2223179632671,87.3502790247129,88.0059204972573,88.5342462391333,89.1749992370605,89.8364787097165,90.2787737214621,90.5803239452777,91.1219700676602,92.6062472401044,93.8898028856479,94.2532277765935,94.6294783220315,94.9856177734136,95.3221682092129,95.6396517079336,..
New Caledonia,NCL,"GDP per capita, PPP (constant 2021 international $)",NY.GDP.PCAP.PP.KD,..,..,..,..,..,..,..,..,..,..,..,..,..,..,..,..,..,..,..,..,..,..,..,..,..,..,..,..,..,..,..,..,..,..
New Caledonia,NCL,Carbon dioxide (CO2) emissions (total) excluding LULUCF (Mt CO2e),EN.GHG.CO2.MT.CE.AR5,1.7311,1.7801,1.8628,1.7041,1.9094,1.767,1.7495,1.6637,2.1568,2.204,2.4531,2.7176,2.4343,2.7003,2.7227,2.7917,2.6974,2.7123,3.5178,3.545,3.5674,3.9255,4.7896,4.5637,4.8748,4.3928,6.0252,5.7837,5.6478,4.6621,4.6157,4.8646,4.9983,..
New Caledonia,NCL,Energy use (kg of oil equivalent per capita),EG.USE.PCAP.KG.OE,..,..,..,..,..,..,..,..,..,..,..,..,..,..,..,..,..,..,..,..,..,..,..,..,..,..,..,..,..,..,..,..,..,..
New Caledonia,NCL,"Population, total",SP.POP.TOTL,186072,190857,195614,200379,205034,209560,214047,218527,223098,227707,232236,236678,240852,244381,247547,250725,253825,257250,261582,266543,271633,276822,281224,283168,283423,283546,283541,283606,284176,285214,287123,289870,292639,..
New Caledonia,NCL,Urban population (% of total population),SP.URB.TOTL.IN.ZS,59.8400221071013,59.9626647131005,60.0984210798572,60.255212474193,60.4419641547703,60.6702043149765,60.9437958565548,61.2583802069977,61.6103287085477,61.9960127034469,62.4118035339378,62.8540725422625,63.3117500793361,63.918391040144,64.7508025811084,65.6204802173329,66.3257509774158,66.6631859586932,66.703836218007,66.726209122213,66.7417059914448,66.7584127864925,66.7846387072769,66.8278045547803,66.8902054658406,66.9683393293094,67.0588809757675,67.1574673707832,67.2747261065933,67.4130776539646,67.5720305021282,67.751522311337,67.9514695585577,..
New Zealand,NZL,"GDP per capita, PPP (constant 2021 international $)",NY.GDP.PCAP.PP.KD,28938.0980223644,30438.6278566661,31574.3568979925,32584.6549851439,33231.4477971415,33480.1450529262,33469.2534254937,35084.291368526,35879.7911310766,36885.644684201,37959.0650638123,38976.9126257578,39971.7705007585,40848.2981387428,41475.1217441795,42346.0894838728,41561.1820713151,41132.3368456501,41270.9285099133,41814.8851834052,42570.3332823343,43338.4373782961,44255.5046637459,44963.8339159182,45626.6818435018,46193.2884771696,46947.937247914,47362.3199332352,46266.3954728951,48248.7176729892,49964.1765523158,49508.2697230172,49316.3999433708,..
New Zealand,NZL,Carbon dioxide (CO2) emissions (total) excluding LULUCF (Mt CO2e),EN.GHG.CO2.MT.CE.AR5,27.2952,27.316,27.8936,28.8135,29.8041,31.339,30.4499,32.0316,32.9982,34.9081,35.0031,35.9222,35.5217,36.1921,36.304,35.0899,36.1884,33.4165,33.4445,32.7107,34.7866,34.5807,35.2908,35.3887,34.7426,36.2664,35.6335,37.2453,34.6699,34.7093,32.1246,31.776,31.8146,..
New Zealand,NZL,Energy use (kg of oil equivalent per capita),EG.USE.PCAP.KG.OE,3845.05576712532,4008.71565940675,4093.40299715978,4091.52500895612,4173.39684739807,4305.04363779536,4204.70201485772,4330.2348149308,4467.21138613373,4399.14687852578,4326.22295420317,4180.76991429149,4224.87567596318,4074.1485914825,4034.75821834113,4057.16268229104,4100.75606551399,4073.03697683547,4147.30616096111,4108.26383266428,4280.5653723436,4298.71533674262,4476.80712476497,4422.74264118048,4265.93839527509,4200.71262692085,4109.2206852685,4170.80496267642,3862.58510163497,3907.64776650523,3764.50781429311,3660.60273680658,..,..
New Zealand,NZL,"Population, total",SP.POP.TOTL,3531700,3572200,3620000,3673400,3732000,3781300,3815000,3835100,3857700,3880500,3948500,4027200,4087500,4133900,4184600,4223800,4259800,4302600,4350700,4384000,4408100,4442100,4516500,4609400,4714100,4813600,4900600,4970300,5072400,5084600,5081700,5200000,5287500,..
New Zealand,NZL,Urban population (% of total population),SP.URB.TOTL.IN.ZS,85.0806768441581,85.1983223757834,85.3021313465976,85.392759490696,85.4708430476733,85.5395698424773,85.6005599181034,85.6555096232176,85.7059660456056,85.7545174444303,85.8061578183401,85.857962055807,85.9017708294597,85.9299325780946,85.9356841665703,85.9291840664852,85.9144723093505,85.8918345477824,85.8614043258228,85.8233151875134,85.777700676896,85.7080129786455,85.5076659530411,85.1518763760531,84.691365594,84.1701025874108,83.8017846685577,83.804965871667,83.8138977095908,83.8299382585905,83.8547305017812,83.8898991461229,83.9370658833132,..
Nicaragua,NIC,"GDP per capita, PPP (constant 2021 international $)",NY.GDP.PCAP.PP.KD,4037.27548904798,3934.09275716749,3979.98533697261,4130.28612675871,4311.49316853482,4408.32889987936,4502.59836619887,4750.94886822618,4878.24776981667,4958.32771126837,4935.48539005128,5000.6117655634,5204.38202801757,5356.95850970538,5500.40577576797,5697.21109549591,5809.09964464617,5538.3658931707,5701.12790180564,5976.25284495841,6275.7876907774,6494.14961103199,6712.21749816316,6939.03286207731,7158.75799760378,7391.19683946294,7049.02753442352,6756.59375829081,6523.3698502278,7119.16923360042,7277.82264804562,7496.5292687685,7661.60202722818,..
Nicaragua,NIC,Carbon dioxide (CO2) emissions (total) excluding LULUCF (Mt CO2e),EN.GHG.CO2.MT.CE.AR5,2.2934,2.2505,2.5596,2.7192,2.8846,3.0885,3.5917,3.623,3.7702,3.9936,4.1327,4.5272,4.6436,4.4103,4.6665,4.8378,4.6481,4.5454,4.6711,4.8816,4.8471,4.6389,4.9091,5.4971,5.7223,5.6825,5.1803,5.3239,4.7462,5.1925,5.2612,5.5369,5.7393,..
Nicaragua,NIC,Energy use (kg of oil equivalent per capita),EG.USE.PCAP.KG.OE,506.068511846404,487.378987586227,464.727493798549,486.269281723357,486.096993195939,500.344638139612,495.703826305849,495.263536205559,500.37663075991,498.485902704745,492.648077421619,505.003838995301,526.479860068169,527.958879566356,538.914055514578,540.292720975214,533.812640193905,523.407935260916,529.008203293034,531.362815684315,566.819598589113,576.474133611862,586.817955989046,611.876331871945,626.823007449197,632.373947264069,616.516996174416,616.151129278106,584.481071467124,600.815200012964,608.245546712747,..,..,..
Nicaragua,NIC,"Population, total",SP.POP.TOTL,4357026,4453732,4549316,4642931,4729974,4809573,4883655,4954018,5022633,5087825,5149909,5210963,5272912,5342105,5418855,5497243,5576593,5656601,5737450,5819051,5901287,5983845,6066492,6149417,6232666,6316231,6400080,6483657,6565267,6644741,6730654,6823613,6916140,..
Nicaragua,NIC,Urban population (% of total population),SP.URB.TOTL.IN.ZS,53.8816325285926,54.0713283349293,54.2592490118693,54.4454415882899,54.6219424540121,54.7838878574412,54.9348900789023,55.0779505708784,55.2160707858522,55.3522521763064,55.4894961947237,55.6308042935869,55.7791779253789,55.9375480421093,56.1058547675536,56.2816618351146,56.4638124507513,56.651098305894,56.842311091973,57.0362425004184,57.2316842226606,57.4274279501299,57.6222653742564,57.8149881864705,58.0043880782023,58.1892567408822,58.3683858659405,58.5405671448072,58.7045922689128,58.8592529296875,58.9954376220703,59.1250953674316,59.2628402709961,..
Niger,NER,"GDP per capita, PPP (constant 2021 international $)",NY.GDP.PCAP.PP.KD,1347.33229741984,1309.6112110994,1291.68161029002,1280.3354211914,1239.47664115174,1217.31253567922,1294.16191156539,1247.64712892756,1190.56674543223,1233.06511808278,1248.82313660601,1231.2780915085,1192.0823507557,1233.87551052205,1260.12046671298,1252.74827252938,1300.55418500177,1277.69230957636,1336.56410237447,1318.10130997844,1403.18971067857,1423.26169034701,1462.82122998491,1471.66135329224,1500.00858681288,1520.0015371232,1574.33838262666,1612.63734693259,1615.69272448944,1585.59922021188,1717.51891457684,1689.56425367067,1803.4369300532,..
Niger,NER,Carbon dioxide (CO2) emissions (total) excluding LULUCF (Mt CO2e),EN.GHG.CO2.MT.CE.AR5,0.5613,0.682,0.5713,0.5519,0.6385,0.642,0.6941,0.6805,0.7016,0.7061,0.7335,0.7968,0.8327,0.7988,0.8016,0.8705,0.9102,1.134,1.4418,1.4738,2.0551,2.0371,2.202,2.1698,2.1674,1.9739,2.0278,2.3731,2.4096,2.8588,3.2178,3.1629,3.2142,..
Niger,NER,Energy use (kg of oil equivalent per capita),EG.USE.PCAP.KG.OE,171.473462777452,173.389712172088,172.389752504488,171.001300797386,172.827585219505,207.387585398467,206.083107496534,203.371362869938,127.847880422107,127.088373451422,127.275972111665,128.262478581972,129.29994058651,126.031296295518,124.905224384617,125.874974531129,127.065414057313,129.776980682561,134.74599121352,112.879803532778,128.362752529408,154.81219945793,151.6969478462,148.786532469365,147.452096053348,143.831599652126,146.101584927786,148.122869205689,147.817388244639,151.688015717016,162.045865914287,..,..,..
Niger,NER,"Population, total",SP.POP.TOTL,8817633,9100789,9398258,9714529,10044852,10383969,10741413,11117411,11509630,11920647,12349144,12796984,13265836,13756192,14268581,14803610,15361915,15943675,16548835,17176283,17836769,18519898,19215909,19939498,20685753,21435446,22188069,22947757,23717613,24502140,25311973,26159867,27032412,..
Niger,NER,Urban population (% of total population),SP.URB.TOTL.IN.ZS,15.5867443084717,15.656964302063,15.7277612686157,15.7991333007812,15.8138437271118,15.8930797576904,15.9723119735718,16.0515403747559,16.1307678222656,16.2687225341797,16.2687206268311,16.2687225341797,16.2687225341797,16.2687225341797,16.2675724894628,16.2641887037781,16.2586706998252,16.2511180003032,16.2416301279116,16.2303066053496,16.2141284004355,16.2162595696064,16.2450424611665,16.3035606587493,16.3898280543236,16.5036987906896,16.6449011799221,16.813146499685,17.0081420003794,17.2295936666686,17.477207007512,17.7506873295237,18.0497398450803,..
Nigeria,NGA,"GDP per capita, PPP (constant 2021 international $)",NY.GDP.PCAP.PP.KD,5403.15311816844,5154.75757918925,4929.26827930529,4797.51152154868,4869.82113341489,4884.04743279879,4880.87997128038,4781.67311002018,4889.00321939426,5039.54869772676,5654.89706065018,5905.31482803165,6275.29894529583,6496.93228200091,6702.94533358778,6949.42650737506,7215.76946222422,7581.40572117009,7962.6395731076,8153.53178680367,8265.9055121162,8581.207822956,8884.77428661657,8892.05798706748,8534.69281513898,8396.78452274331,8362.62330891339,8361.78664857198,7664.21099591193,7588.47885596359,7752.26206532009,7843.83461990405,7994.21563861459,..
Nigeria,NGA,Carbon dioxide (CO2) emissions (total) excluding LULUCF (Mt CO2e),EN.GHG.CO2.MT.CE.AR5,89.106,86.6517,80.8977,88.8531,103.6329,100.8221,91.3518,89.9873,100.1949,106.3441,96.2193,107.6154,103.9479,102.9696,92.7246,84.3848,91.5847,80.9174,94.4036,104.0217,102.2558,114.6095,122.7261,118.4539,123.4796,116.0398,121.4082,126.1061,118.9178,130.9005,129.0417,125.8687,131.9101,..
Nigeria,NGA,Energy use (kg of oil equivalent per capita),EG.USE.PCAP.KG.OE,307.485764867443,299.654135712329,263.018632092398,256.918214458953,268.073151306783,278.489226833014,269.365010804453,272.180192781744,273.941085543675,282.894307915676,283.671578478059,296.749514531422,286.279211558707,305.401935366383,287.950796331134,281.716032327541,287.096394760191,260.354679698436,334.66956339927,376.069864552589,356.728094431268,350.973548654032,348.505844052068,319.580854421005,330.71892495147,316.089005663683,299.750041448841,330.325537947057,323.130893205101,334.28545037693,333.060729584941,..,..,..
Nigeria,NGA,"Population, total",SP.POP.TOTL,102372770,105122069,107935714,110819428,113754779,116754792,119846254,123047320,126382494,129862595,133471989,137202644,141057045,145017253,149077334,153267261,157595014,162049464,166642886,171379598,176200625,181049443,185896915,190671878,195443700,200254579,204938755,209485641,213996181,218529286,223150896,227882945,232679478,..
Nigeria,NGA,Urban population (% of total population),SP.URB.TOTL.IN.ZS,36.7456434131176,37.5335756091442,38.3306573470114,39.1364103583649,39.9503563748504,40.7720171281134,41.6009143497997,42.4365697715547,43.2785051250243,44.1262421418539,44.9793025536893,45.8372080921761,46.6994804889599,47.5656414756863,48.424271994461,49.2357987173198,50.0505212312351,50.86453484762,51.6778188255446,52.490352424079,53.302114902293,54.1130855192568,54.9232435340404,55.7325682057138,56.541038793347,57.3486345560101,58.1553347527729,58.9611186427056,59.7659654848781,60.5698545383604,61.3727650622225,62.1746763155343,62.9755675573659,..
North Macedonia,MKD,"GDP per capita, PPP (constant 2021 international $)",NY.GDP.PCAP.PP.KD,11486.7759347648,10764.7468770222,10650.7833466603,10501.1323953237,10551.5662666256,10787.5753615656,11092.8746195031,11519.0045020862,11988.2945978824,11571.8592198944,11830.3116732903,12077.8990922494,12683.4335090407,13354.5165282625,14118.2883359902,15118.3063672461,16038.1078627458,16084.2946742803,16731.1595676008,17201.3074960957,17190.0669173829,17758.3012027338,18452.282749234,19215.1537229479,19825.8546858981,20121.1344599839,20806.0084013242,21766.974473423,20971.5290718387,22144.2842571431,22822.3280431288,23455.319400522,24203.2859505244,..
North Macedonia,MKD,Carbon dioxide (CO2) emissions (total) excluding LULUCF (Mt CO2e),EN.GHG.CO2.MT.CE.AR5,8.805,9.0417,8.7714,8.717,10.274,9.2518,10.1677,9.3667,9.0375,9.2214,8.6901,9.4421,9.2012,9.6631,9.6474,10.3612,10.1423,9.1214,9.1751,10.2439,9.6203,8.7967,8.3515,7.9328,7.6209,7.9803,7.5427,8.6778,7.5804,7.634,8.2042,8.0203,7.2973,..
North Macedonia,MKD,Energy use (kg of oil equivalent per capita),EG.USE.PCAP.KG.OE,1328.90825402291,1380.86060621795,1241.00821478486,1251.21569847779,1468.03580163728,1345.47119614928,1439.11481014991,1343.5290379525,1316.52551296742,1266.25009844181,1251.05324515581,1379.16538502756,1362.18449664398,1453.50436062578,1486.59574899626,1550.39471481413,1540.69779663479,1437.83185635895,1475.24277459969,1619.7624762799,1549.52343072076,1441.72181001724,1404.88281081687,1387.97962391811,1408.22019004476,1438.49195928251,1370.12165061411,1503.51336885666,1388.54646388838,1455.08840227388,1476.13542564094,1450.14177456794,..,..
North Macedonia,MKD,"Population, total",SP.POP.TOTL,2032523,2006854,1992666,1998534,2012553,1996869,2007523,2017142,2026350,2034882,2020157,2022725,2016186,2005330,1994287,1982933,1971493,1958782,1946298,1937398,1929821,1922716,1917557,1912430,1906313,1898657,1889051,1876262,1856124,1837114,1831712,1827816,1824359,..
North Macedonia,MKD,Urban population (% of total population),SP.URB.TOTL.IN.ZS,58.5568077404273,59.3634005625664,59.7558735093252,59.7277853696842,59.6584367661814,59.5653457641602,59.3418252359274,58.9458313681452,58.4918382392587,58.0943199277127,57.8726144171205,57.8501791693323,57.8527941292946,57.8614206464767,57.8796574341199,57.9111032054655,57.9593566737547,58.0280165522288,58.1206815541291,58.2409503926967,58.3924217811729,58.578694432799,58.8033670608162,59.0700383784659,59.3823070989891,59.7437719356273,60.1580316016216,60.6286848102132,61.1593302746435,61.6841975628139,61.9530566607267,62.2518322545779,62.5645376928533,..
Northern Mariana Islands,MNP,"GDP per capita, PPP (constant 2021 international $)",NY.GDP.PCAP.PP.KD,..,..,..,..,..,..,..,..,..,..,..,..,..,..,..,..,..,..,..,..,..,..,..,..,..,..,..,..,..,..,..,..,..,..
Northern Mariana Islands,MNP,Carbon dioxide (CO2) emissions (total) excluding LULUCF (Mt CO2e),EN.GHG.CO2.MT.CE.AR5,0.0001,0.0001,0.0001,0.0001,0.0001,0.0001,0.0001,0.0001,0.0001,0.0001,0.0001,0.0001,0.0001,0.0001,0.0001,0.0001,0.0001,0.0001,0.0001,0.0001,0.0001,0.0001,0.0001,0.0001,0.0001,0.0001,0.0001,0.0001,0.0001,0.0001,0.0001,0.0001,0.0001,..
Northern Mariana Islands,MNP,Energy use (kg of oil equivalent per capita),EG.USE.PCAP.KG.OE,..,..,..,..,..,..,..,..,..,..,..,..,..,..,..,..,..,..,..,..,..,..,..,..,..,..,..,..,..,..,..,..,..,..
Northern Mariana Islands,MNP,"Population, total",SP.POP.TOTL,45181,45952,46730,48176,51706,56596,61337,65916,68356,67984,66778,65421,63938,62354,60682,58941,57150,55325,54091,53608,53234,52758,52178,51514,50773,49959,49077,48129,47528,46979,46078,45143,44278,..
Northern Mariana Islands,MNP,Urban population (% of total population),SP.URB.TOTL.IN.ZS,89.6693094968231,89.617537095238,89.5732787274411,89.5508930843623,89.5865309072347,89.708154992241,89.8728262435101,90.0362235307544,90.1578212649113,90.2518305832026,90.3408350832433,90.4244081904616,90.5036416127499,90.5796270580004,90.6534562341057,90.726220848958,90.7990126104496,90.8729232264729,90.9488180328106,91.0253367901352,91.1011927559234,91.1764941872129,91.2512344351276,91.3254068507915,91.3990047853283,91.4720215898621,91.5444506155168,91.6162852134162,91.6908367362908,91.7842137303802,91.8785788645608,91.9754112887573,92.0747260922394,..
Norway,NOR,"GDP per capita, PPP (constant 2021 international $)",NY.GDP.PCAP.PP.KD,60333.4494661276,61681.8032830775,64432.0723716969,66762.1587276864,69764.3814246187,73053.9655256434,74558.2948989562,75583.834403854,77587.2073182558,78791.3045707129,79447.0914824426,79728.7849973309,82440.9558801113,84079.996241889,85458.5466934023,87043.4979357593,86379.6624832291,83642.0695747773,83256.7880722557,83092.4342216441,84237.1495663816,84070.4583940478,84830.2558016961,85550.2942614495,85787.6174410424,87194.1115421374,87338.4708008985,87725.7283254613,86096.0508947506,88984.1386736515,91051.0831968407,90085.4382059786,91105.246799623,..
Norway,NOR,Carbon dioxide (CO2) emissions (total) excluding LULUCF (Mt CO2e),EN.GHG.CO2.MT.CE.AR5,36.3611,38.5031,40.4825,40.6486,40.9434,43.3041,45.1033,46.7195,41.7695,42.2835,41.5842,44.4457,44.8909,43.3127,44.012,44.9058,47.1048,45.1249,47.9849,46.9389,46.3897,46.8777,46.9905,47.9542,47.3711,47.4084,46.6404,45.3466,43.7079,44.4278,43.5471,41.6042,39.9995,..
Norway,NOR,Energy use (kg of oil equivalent per capita),EG.USE.PCAP.KG.OE,5159.59171943113,5460.5481615252,5315.22229443427,5391.36648885496,5201.94925297777,5475.16675140309,5684.74560231404,5913.28022163827,5826.12232323722,5954.81911743802,5502.08929908871,5934.59079848361,6231.94030988748,6319.92545895993,6319.15452788829,5864.30044405949,6412.35151011432,6200.50244551882,6455.3166845378,5501.9559356258,5805.46758867551,6047.18057523381,5525.57603893844,4930.48137593923,5368.57647170474,5673.5093152418,5539.19011908654,5220.68866140147,5145.72221927617,5298.87662808584,4651.48670758657,4884.6175244586,..,..
Norway,NOR,"Population, total",SP.POP.TOTL,4286401,4311991,4336613,4359184,4381336,4405157,4431464,4461913,4490967,4513751,4538159,4564855,4591910,4623291,4660677,4709153,4768212,4828726,4889252,4953088,5018573,5079623,5137232,5188607,5234519,5276968,5311916,5347896,5379475,5408320,5457127,5519601,5572279,..
Norway,NOR,Urban population (% of total population),SP.URB.TOTL.IN.ZS,72.6495385440231,73.2031436754498,73.6500015258789,73.9197422341132,74.1999969482422,74.7024361307612,75.3306335451989,75.8399963378906,76.1338922449534,76.3958619273785,76.7955442460288,77.2600021362305,77.5684593888498,77.8260148882032,78.0877227783203,78.4072502632828,78.7541006020666,79.0570820210427,79.245002746582,79.311620451463,79.4905925441617,79.9723980455359,80.6117159535579,81.2378240971353,81.6800003051758,81.9699745912375,82.2452112401723,82.4935894878281,82.7029885700532,82.8612877226956,82.9563661816034,83.0718560702166,83.3293737928469,..
Oman,OMN,"GDP per capita, PPP (constant 2021 international $)",NY.GDP.PCAP.PP.KD,36841.4011555658,37455.340258395,37782.723828978,38946.7742715175,39455.8264119985,41191.0312402444,40574.674486189,40145.9312841691,42086.0431536301,43492.2863754557,42654.1482671623,41247.5873733105,41351.7687385072,41551.1413844552,42540.4398485334,43696.9691440917,46586.3955926767,48304.1178923167,48191.6145135737,44440.3092616125,41964.0828578552,40854.4853548905,39639.9870514802,39813.7887054675,39860.9893909688,38691.1077105097,38673.6045360857,38292.3859682752,37560.5998714953,38719.4587682049,39780.2122774985,37793.6164427762,36721.0804634186,..
Oman,OMN,Carbon dioxide (CO2) emissions (total) excluding LULUCF (Mt CO2e),EN.GHG.CO2.MT.CE.AR5,20.5442,20.701,19.5198,20.1514,20.9585,21.9896,22.1484,25.2192,26.3172,28.482,30.4524,32.1826,31.7775,33.0427,42.1453,45.5705,44.7282,47.1039,51.4932,59.7411,67.4368,70.6326,75.0283,79.3244,80.628,81.3599,84.3771,85.4259,82.166,87.7273,93.1054,95.7346,98.5112,..
Oman,OMN,Energy use (kg of oil equivalent per capita),EG.USE.PCAP.KG.OE,2758.17116672704,2960.73570757554,2892.26207066491,2877.3989517825,2894.09879212733,3064.27972813634,3040.69257448675,3126.10277169004,3286.26599451763,3303.97268173668,3469.43506166397,3565.24432327227,3658.50755395167,4030.08185259047,6138.77344250291,6889.71721193841,5927.85053888478,5912.23573208102,6736.89412726066,7155.54208650969,6702.98586928623,6348.55461173282,6076.17706116413,6027.44597600521,5557.31259783447,5765.1904185145,5543.48208572922,5104.14096385215,5696.16549726549,5933.45046971652,5867.32005628854,..,..,..
Oman,OMN,"Population, total",SP.POP.TOTL,1938238,2021675,2081834,2120528,2156926,2190720,2222489,2252909,2282131,2310217,2337140,2363796,2404821,2459802,2514795,2570174,2626529,2684659,2757446,3076763,3547106,3833913,4002439,4184895,4390877,4537396,4597877,4591241,4522497,4500424,4730226,5049269,5281538,..
Oman,OMN,Urban population (% of total population),SP.URB.TOTL.IN.ZS,71.4364862570961,71.64228414407,71.66849688191,71.6582885191073,71.6407545318941,71.6180309794696,71.5922539210329,71.5655594157832,71.5400835229196,71.5179623016414,71.5013318111475,71.4926171971641,71.5428923484265,71.8577803438712,72.3920261203777,73.0679250158092,73.807772368029,74.5338635149003,75.1579724666274,75.6585803514688,76.088156621068,76.4914234214313,76.8892576748951,77.3025363037955,77.7521362304688,78.3142260040136,78.9655839720276,79.5780017545962,80.0176378922722,80.1239942103569,80.0117053152301,79.5702973228932,79.4440302814714,..
Pakistan,PAK,"GDP per capita, PPP (constant 2021 international $)",NY.GDP.PCAP.PP.KD,3404.12138406329,3369.23795906028,3395.50432067539,3462.47336165841,3526.14160875155,3462.58145605889,3454.17665330544,3484.45678319813,3531.71291531612,3559.72784658715,3563.67846926558,3668.77938852508,3859.64601808903,4042.15457513378,4185.86655659206,4257.92556870432,4233.34830715497,4270.43882264229,4228.7817715945,4246.06710882497,4292.02110293486,4407.14705841377,4520.23463399286,4645.28631071145,4886.61212115378,5031.56060738433,5255.06350681272,5295.95295138203,5135.01459288839,5367.27364714762,5526.27928310213,5418.7693189297,5500.32394824285,..
Pakistan,PAK,Carbon dioxide (CO2) emissions (total) excluding LULUCF (Mt CO2e),EN.GHG.CO2.MT.CE.AR5,74.911,83.2937,85.5854,91.8746,96.1688,99.1058,100.0578,109.5793,111.8899,113.9766,113.3313,117.4976,131.4397,133.921,145.311,161.9646,156.377,160.0753,155.6566,155.2393,157.11,160.7989,169.2027,178.2841,196.7976,213.2958,202.3124,198.8407,222.5997,229.1366,235.3725,208.8895,203.9883,..
Pakistan,PAK,Energy use (kg of oil equivalent per capita),EG.USE.PCAP.KG.OE,379.579213707596,387.504827835984,392.525740918468,397.682408796608,403.99573108234,402.965782669408,399.272943328572,410.681455271548,411.540523296893,407.952226836099,404.292241530291,412.793730478842,431.636644125398,436.021708116643,443.865350777373,457.166653731876,437.793091427855,433.232502017003,429.290150470498,422.806783066711,419.511994101923,421.547198130113,433.41831568369,437.113254936443,446.831497143007,456.017360937059,453.513978590289,431.515757251107,454.250317980901,465.029491365502,470.723496524025,..,..,..
Pakistan,PAK,"Population, total",SP.POP.TOTL,123546848,127020117,130748083,134582253,138557092,142531804,146522356,150565377,154879127,159270907,163222549,167110248,171286000,175453212,179682690,184493231,189499113,194376534,199239047,203746065,207667125,211073978,214264647,217290883,220138869,223273967,226928892,230800899,235001746,239477801,243700667,247504495,251269164,..
Pakistan,PAK,Urban population (% of total population),SP.URB.TOTL.IN.ZS,31.2258184044289,31.4576832320988,31.6870914038941,31.9144613917436,32.1402116675762,32.3647607033211,32.5871723893723,32.8015812487933,33.0046884491535,33.1988471664032,33.3857078542752,33.5669209665019,33.7441369568158,33.9190062789495,34.0931793866356,34.2683067336065,34.4460387735948,34.6280259603331,34.8159187475539,35.0113675889897,35.2160229383731,35.4315352494366,35.6595549759128,35.9017325715342,36.1597184900333,36.4351548223399,36.7478511550359,37.1091631735769,37.5080192948099,37.9333395514173,38.3740439760816,38.8191861872791,39.1734368360905,..
Palau,PLW,"GDP per capita, PPP (constant 2021 international $)",NY.GDP.PCAP.PP.KD,16728.0210226785,14327.2728583551,15008.3189890158,16232.8372963508,17455.115927972,17408.8855585991,17358.2841361311,16093.4027866529,15447.9517644732,16433.6411703372,17075.2487452334,16579.3137978346,17015.6800255788,17507.4363236754,17749.7742778468,18255.6693104131,17574.0751337338,16688.7234642116,16524.0426937512,17670.9138744537,18279.8892705019,17931.4312359519,18786.8332875028,20212.0181058882,20449.1316608307,19821.0983603983,19572.3446450452,19519.018546453,18183.7369201975,15780.5501158866,16040.9080564681,16425.9722714446,..,..
Palau,PLW,Carbon dioxide (CO2) emissions (total) excluding LULUCF (Mt CO2e),EN.GHG.CO2.MT.CE.AR5,1.9558,2.0017,2.9958,2.3497,2.2116,2.5182,2.2788,2.4199,2.122,2.3636,1.4441,1.7181,1.5218,1.7352,1.6978,1.3837,1.3978,2.1738,2.1107,2.3697,3.6039,1.8243,1.2677,1.1954,1.1444,1.1964,1.2305,1.2683,1.2764,1.329,1.3981,1.3979,1.4659,..
Palau,PLW,Energy use (kg of oil equivalent per capita),EG.USE.PCAP.KG.OE,..,..,..,..,..,..,..,..,..,..,..,..,..,..,..,..,..,..,..,..,..,..,..,..,..,..,..,..,..,..,..,..,..,..
Palau,PLW,"Population, total",SP.POP.TOTL,15989,16372,16770,17195,17654,18108,18524,18901,19178,19352,19503,19659,19820,19819,19593,19302,19009,18709,18396,18078,17765,17648,17715,17770,17797,17812,17814,17798,17792,17783,17759,17727,17695,..
Palau,PLW,Urban population (% of total population),SP.URB.TOTL.IN.ZS,70.4277022862451,70.8789048721161,71.2273418983072,71.3933455111353,71.2484528378583,70.7652327658767,70.1693100482288,69.6896962372638,69.5876201801789,70.5337109001769,72.3817031907384,74.5444848058291,76.445323887982,77.574268209537,78.306895759147,79.019601300651,79.6639213135968,80.2186712923386,80.6626667312304,80.9747231246263,81.1285663568435,81.0756895339142,80.7338640362566,80.388246269234,80.1089335766065,79.8284579022498,79.5520868568744,79.2803814152827,79.0796884006264,79.0890798782416,79.1134831712956,79.1531991438847,79.2095042878667,..
Panama,PAN,"GDP per capita, PPP (constant 2021 international $)",NY.GDP.PCAP.PP.KD,11649.7957720553,12032.8075975884,12123.3492221421,12086.6434128166,12327.8514997327,13013.8909440715,13826.532301715,14261.7409202087,14572.9752457781,14427.8299350708,14507.1438361336,14957.5532657251,15875.1127056615,16867.960935567,18190.2741337857,20208.8215796091,21867.81875743,21822.98771721,22739.1106156183,24999.4605922405,26926.8852947452,28135.3278787268,28931.8044516019,29933.1555965973,30765.2371534884,31979.8122635605,32681.4463581168,33163.726919217,26881.7987214437,30932.7627809145,33915.1526066674,35872.9506479276,36394.9175291147,..
Panama,PAN,Carbon dioxide (CO2) emissions (total) excluding LULUCF (Mt CO2e),EN.GHG.CO2.MT.CE.AR5,3.7463,3.8287,4.0734,4.3833,4.4136,4.6401,5.7195,5.006,5.1903,6.2056,5.4104,5.4813,5.5089,7.102,7.4912,7.478,7.2579,8.6753,9.1798,9.9976,10.4475,10.2623,10.7719,10.6313,10.6644,10.1483,9.9261,13.1641,9.7127,10.7711,11.4431,12.7389,12.365,..
Panama,PAN,Energy use (kg of oil equivalent per capita),EG.USE.PCAP.KG.OE,714.196355995605,709.578358405823,732.146910632932,728.190793925761,762.62938009797,777.077784028547,884.102722013778,854.249229477648,790.919387331221,887.107864697881,790.860132882429,774.416697085516,755.9909322211,838.635936361115,874.56606978567,858.048128734239,806.672089232316,871.526813807763,948.304837724795,1037.63156478608,1052.69925949498,1002.33596439162,1035.01293838968,1024.97759926054,1045.76582937315,1035.95086028489,1026.38990550231,1162.83608429865,936.065449427601,1033.31759264066,1062.69925631817,..,..,..
Panama,PAN,"Population, total",SP.POP.TOTL,2561336,2615099,2669546,2724557,2780227,2836695,2893914,2951822,3010369,3069537,3129344,3189807,3251155,3313026,3375024,3437490,3500648,3564381,3628535,3693505,3759256,3825329,3892101,3960035,4029086,4098707,4167860,4234700,4293261,4345405,4400773,4458759,4515577,..
Panama,PAN,Urban population (% of total population),SP.URB.TOTL.IN.ZS,55.3376133253207,56.2553745051635,57.2394879441357,58.2484116694001,59.2406037081197,60.1745220874573,61.0086248345759,61.7013699766382,62.2165370013582,62.6337017277411,63.0330904426342,63.4079949945516,63.7553758418416,64.0721934428526,64.355408255933,64.6019807394311,64.8088713516952,64.9730405510737,65.0926097647906,65.1896678664818,65.2829468288151,65.3709770103365,65.4531164770096,65.5287232947981,65.5971555296656,65.6577712475758,65.7099285144924,65.752985396379,65.7862999591993,65.8092302689169,65.8211343914956,65.8601271176084,65.9958447685488,..
Papua New Guinea,PNG,"GDP per capita, PPP (constant 2021 international $)",NY.GDP.PCAP.PP.KD,3690.34502629694,4206.42911730353,4297.89116182918,4008.72203783633,4167.03622077872,3864.23030411237,3590.10012280793,3531.659532466,3326.79859970528,3211.75932963208,3100.79509952543,3064.44402995345,3046.33289602666,3136.58568251035,3202.48730426388,3345.85030363442,3233.91811872812,3349.64345389883,3579.17141222267,3514.83277391807,3577.4517726759,3615.28323843913,3998.61805004308,4154.52332559184,4275.74858615698,4322.22282084806,4211.1454741469,4301.61139205544,4077.63132163554,3976.90380116956,4125.49303365201,4205.84773981096,4288.52828988176,..
Papua New Guinea,PNG,Carbon dioxide (CO2) emissions (total) excluding LULUCF (Mt CO2e),EN.GHG.CO2.MT.CE.AR5,2.4904,2.5382,2.5287,2.4534,2.5119,2.6349,3.2909,2.6833,2.9145,3.5427,4.0639,4.5293,4.819,5.2298,5.3175,5.2839,5.102,4.9502,4.2314,4.4692,4.2609,4.5767,5.5379,5.9739,6.621,5.7792,4.904,5.0364,5.4744,5.3867,5.5295,5.498,5.4677,..
Papua New Guinea,PNG,Energy use (kg of oil equivalent per capita),EG.USE.PCAP.KG.OE,..,..,..,..,..,..,..,..,..,..,..,..,..,..,..,..,..,..,..,..,..,..,..,..,..,..,..,..,..,..,..,..,..,..
Papua New Guinea,PNG,"Population, total",SP.POP.TOTL,4166699,4320872,4480208,4644278,4813361,4987883,5166390,5349333,5537064,5728435,5924003,6123997,6328041,6535905,6747720,6963345,7183002,7406438,7633523,7859346,8081390,8302698,8523441,8743246,8961718,9178714,9394513,9609010,9815746,10012896,10203169,10389635,10576502,..
Papua New Guinea,PNG,Urban population (% of total population),SP.URB.TOTL.IN.ZS,15.1695383588822,14.9415801437447,14.6619125571302,14.3541875157278,14.0420569362263,13.7491727353146,13.4991868296818,13.3157511360166,13.2228772276955,13.1864094716078,13.1530694608835,13.1226067833938,13.0951673752744,13.0708971726612,13.04994211169,13.0324481284965,13.0185611592166,13.008427139986,13.0021920069407,13.0000025015364,13.0143796071362,13.0582475733094,13.1316404025265,13.2341359836319,13.3653651942392,13.5249644881888,13.7125720532162,13.9278267446947,14.1703677185729,14.4398342822353,14.7358658260841,15.0581017891206,15.4061816403333,..
Paraguay,PRY,"GDP per capita, PPP (constant 2021 international $)",NY.GDP.PCAP.PP.KD,9948.42118145656,10178.4547948467,10459.0898500494,10908.2726627911,10825.2874881089,11033.0157241318,10802.5597410663,10435.3986807111,9998.5928544516,9749.25865842257,9610.74777842153,9903.45028992176,10187.194394255,10290.100822296,10672.9933252383,11141.8704701878,11751.1391651711,11601.2854565092,12738.5765601697,13109.4665717904,12834.8015915131,13700.7030515391,14219.3544308099,14427.6002349811,14826.6636909978,15320.3366476954,15592.9841390322,15321.3245528947,14991.6606201148,15406.1670646576,15259.1456311862,15826.087501295,16296.2836189263,..
Paraguay,PRY,Carbon dioxide (CO2) emissions (total) excluding LULUCF (Mt CO2e),EN.GHG.CO2.MT.CE.AR5,2.5581,2.9158,3.4014,3.8597,3.8134,4.2206,4.4217,4.4184,3.6426,3.7869,3.9651,4.0925,4.1409,3.8195,4.116,3.9111,4.5677,4.7128,5.2439,5.451,5.4123,5.641,5.9499,6.661,7.5122,8.4688,8.7429,8.5218,7.8549,7.9771,8.0051,7.7424,8.0253,..
Paraguay,PRY,Energy use (kg of oil equivalent per capita),EG.USE.PCAP.KG.OE,742.794117676138,751.970809780856,802.107643491508,856.423975305465,855.485926426077,909.588896194893,879.796557484584,824.241965931781,756.712974544407,756.521131169345,740.239930868724,747.213467666312,745.141305382425,727.726114470464,742.137810783961,748.808732851018,795.13978096029,803.842403165747,845.813455856112,846.378069858717,838.725851852828,834.864412287503,859.864131506698,925.193411629783,1072.60628446376,1116.33946333541,1130.48367815286,1105.56253694542,1056.5406299527,1094.06594460795,1044.98506765929,1043.9548570783,..,..
Paraguay,PRY,"Population, total",SP.POP.TOTL,4253600,4362696,4471417,4579806,4687543,4794412,4900025,5003135,5100868,5187689,5261328,5326436,5388175,5448097,5505148,5559386,5613574,5671236,5737971,5814626,5897008,5982445,6069811,6159103,6249126,6338660,6427382,6515058,6603739,6684182,6760464,6844146,6929153,..
Paraguay,PRY,Urban population (% of total population),SP.URB.TOTL.IN.ZS,51.8012367901724,52.5682771504092,53.3488083347573,54.1320651066411,54.9016155849672,55.6410278886419,56.3338701365719,56.9637104476634,57.5141169408231,57.9686577349574,58.3089732866691,58.5521334403429,58.7421370296254,58.894079141979,59.0202286834627,59.1328545601355,59.2442256780564,59.3666109432844,59.5122792618786,59.693499539898,59.9212909454702,60.2375315600901,60.7101965948157,61.3302768533263,62.0827613208606,62.9526389826574,63.9248988239553,64.9845298299929,66.116520986009,67.3058612772421,68.6396537819458,69.3466081733694,69.8622585886961,..
Peru,PER,"GDP per capita, PPP (constant 2021 international $)",NY.GDP.PCAP.PP.KD,6161.63575258419,6355.26196593997,6997.70582373207,7372.04245454078,7437.19257195658,7773.82700600992,7603.80928968867,7585.32788841374,7669.0953178046,7611.6662817532,7931.57975039907,8174.37942683849,8495.986392858,8949.95442691077,9547.91327762554,10286.3548193625,11151.530521564,11204.3768755244,12059.0180183322,12726.5999815198,13395.3993805891,14052.1376191683,14244.5660212948,14542.7930911313,14917.4489473588,15069.5221084659,15386.2601642505,15463.5432397882,13609.5999609595,15280.5512106486,15559.821643644,15327.5819994558,15661.7497711956,..
Peru,PER,Carbon dioxide (CO2) emissions (total) excluding LULUCF (Mt CO2e),EN.GHG.CO2.MT.CE.AR5,21.1123,22.2129,22.7871,25.8883,28.4486,28.371,27.2745,29.3146,28.9865,26.9396,28.102,27.5531,31.8204,31.8397,31.49,34.3741,38.9946,41.9747,45.8483,49.1793,49.1215,50.3235,53.2525,54.9014,57.5009,55.2172,55.3468,58.1719,47.5328,59.6288,63.74,65.0789,69.2652,..
Peru,PER,Energy use (kg of oil equivalent per capita),EG.USE.PCAP.KG.OE,404.725692410994,423.43055009833,430.040755246651,450.596166882078,455.442514177719,432.783525835008,495.125029470165,512.507313541697,506.00792489422,483.098550714887,478.085367689992,464.580789404956,499.905030452941,525.129526193377,503.243223308839,531.658944578596,581.604189028885,583.138420968196,603.455432475802,688.059834224801,731.975608324875,698.053820478867,728.635674022974,743.011209215106,764.054757957891,762.042756190787,783.890205846973,798.439603977568,666.666363333809,775.134628731113,826.705646687846,..,..,..
Peru,PER,"Population, total",SP.POP.TOTL,22946340,23413783,23881493,24348919,24811171,25274147,25738095,26186504,26598331,26964601,27288217,27580490,27852190,28101180,28324491,28530699,28719041,28896811,29086019,29304086,29550366,29817919,30115826,30457600,30866494,31324637,31897584,32449303,32838579,33155882,33475438,33845617,34217848,..
Peru,PER,Urban population (% of total population),SP.URB.TOTL.IN.ZS,69.7000538774584,70.0997909655959,70.5003156312488,70.8898533910601,71.271133088093,71.6470953159639,72.0206806682894,72.3948297386861,72.7724831207703,73.1565814081586,73.5500651944675,73.9558750733136,74.3769516383133,74.8162354830832,75.2766672012397,75.7615250588738,76.2744879116779,76.822147540745,77.4020936833934,78.0118164985462,78.6488061451268,79.3105527820586,79.9945465682649,80.698277662669,81.4192362241943,82.1931650502403,82.6854929960921,83.1033003087105,83.5267437189637,83.9480118272361,84.3663554951194,84.7810255849745,85.1912729600355,..
Philippines,PHL,"GDP per capita, PPP (constant 2021 international $)",NY.GDP.PCAP.PP.KD,4293.71810131081,4283.15967786629,4374.06721651165,4477.32317711022,4631.77197705972,4758.70845808515,4616.67292900617,4650.75926947589,4740.43891694569,4778.4008437474,4856.49948429567,5003.38317718716,5229.45080700165,5386.81653712891,5578.57225112139,5840.06810169965,5987.03757861835,5965.30730902221,6273.03927731515,6388.31296959977,6697.55620962768,7016.53846470436,7340.361585912,7691.76308685047,8131.82537948653,8584.13622709699,9016.28659637608,9452.2939715981,8455.18457134106,8857.78995115514,9457.10395402883,9898.53294588746,10375.9404179938,..
Philippines,PHL,Carbon dioxide (CO2) emissions (total) excluding LULUCF (Mt CO2e),EN.GHG.CO2.MT.CE.AR5,46.6136,50.3182,54.2294,65.3468,68.6946,76.8658,75.5809,73.993,74.2644,71.6919,72.9411,74.7742,75.6877,78.8843,70.973,76.9611,77.7622,78.6456,84.9688,84.5875,89.5021,97.4869,104.0134,113.1874,121.2972,135.646,141.3358,147.9244,136.3845,145.6114,151.7004,162.4527,174.1143,..
Philippines,PHL,Energy use (kg of oil equivalent per capita),EG.USE.PCAP.KG.OE,444.418600618215,410.827080255246,446.176123730806,459.479994263148,463.395880336417,477.495245543937,482.924814401891,483.114784115224,487.402779547692,454.033054960371,451.284468681461,442.568789118581,430.074923261744,434.470089148121,423.356012358413,425.625019287303,439.081886950045,420.717035027758,431.460692039266,428.32978664067,437.466406247307,443.26971934561,465.625886441589,499.070776259238,520.980850770081,544.47519980766,554.498283533215,551.866549795025,518.156775784154,530.987980701231,550.793803994865,..,..,..
Philippines,PHL,"Population, total",SP.POP.TOTL,65926125,67530621,69019291,70546246,72190242,73908810,75791024,77753257,79625397,81401488,83068889,84731835,86394504,88015962,89508986,91075184,92699095,94384250,96337125,98248614,100175512,102076336,103767130,105312992,106735719,108119693,109465287,110804683,112081264,113100950,113964338,114891199,115843670,..
Philippines,PHL,Urban population (% of total population),SP.URB.TOTL.IN.ZS,36.5239357507243,36.8021006492264,37.0925396440467,37.3960650120444,37.713489030079,38.0456239750098,38.3932821236964,38.757275752998,39.1384171397742,39.5375185608843,39.9553922931877,40.3928506135438,40.8507057988121,41.3297701258519,41.8308558715226,42.3470499959497,43.1547492407016,44.3356772609527,45.5208176726647,46.6833632464759,47.9182784810426,49.1313688766206,50.2392400212368,51.1549047745227,51.9114748151175,52.6010482354344,53.2088897464754,53.7157859948017,54.1077719895977,54.4504102510776,54.7902343568327,55.1242716168851,55.4520983215477,..
Poland,POL,"GDP per capita, PPP (constant 2021 international $)",NY.GDP.PCAP.PP.KD,12141.2351323725,12563.1045363124,13200.1614164951,14227.5663687798,15083.09812162,16031.7211485265,16766.6492883267,17556.0026927987,18566.3546288772,18800.6018648402,19166.9137058143,19855.6317989181,20878.6545002534,21568.9476594356,22921.1975887696,24484.0656663756,25553.9058406534,26204.410367111,27112.1333797381,28521.6612623568,28952.9157305301,29168.624211075,30334.8786569618,31700.3682364154,32675.3052259954,34354.5987616319,36500.4114282584,38181.6230334689,37852.8021313639,41059.5847829682,43405.0215797441,43672.7668014946,45153.0439773281,..
Poland,POL,Carbon dioxide (CO2) emissions (total) excluding LULUCF (Mt CO2e),EN.GHG.CO2.MT.CE.AR5,360.3244,360.7663,354.6629,356.4423,372.4503,362.6683,334.0673,324.6514,313.0274,309.7595,302.5145,315.3023,317.4868,317.098,330.7509,330.3011,324.5779,311.3787,329.3834,326.9383,319.7269,315.0899,302.5703,305.7942,316.728,330.2221,329.6329,312.0707,296.8799,324.0123,307.9616,280.6501,276.0619,..
Poland,POL,Energy use (kg of oil equivalent per capita),EG.USE.PCAP.KG.OE,2569.22878977271,2625.55495537132,2495.22317226992,2578.20837982237,2680.1080126261,2640.54587904468,2461.01864758147,2396.67141418898,2321.77643337011,2338.14293839845,2312.5947846893,2375.41153801546,2383.78041134423,2414.28237185953,2538.76112384258,2529.61907810596,2563.58518489618,2463.27043395388,2642.06881241023,2652.99080592091,2563.69089214526,2567.18208491979,2473.79770713362,2498.7740659386,2614.97160490538,2734.42727608835,2865.52683144763,2761.07246212926,2710.95606232103,2920.11352538648,2798.00774623397,2639.20385996686,..,..
Poland,POL,"Population, total",SP.POP.TOTL,38363667,38461408,38542652,38594998,38624370,38649660,38663481,38660271,38258629,38248076,38230364,38204570,38182222,38165445,38141267,38120560,38125759,38151603,38042794,38063255,38063164,38040196,38011735,37986412,37970087,37974826,37974750,37965475,37515748,36981559,36821749,36687353,36559233,..
Poland,POL,Urban population (% of total population),SP.URB.TOTL.IN.ZS,61.4357163819024,61.4951989928981,61.5491478044841,61.5973714804995,61.6396786847836,61.6758780811754,61.7057783335144,61.7291881056396,61.7459160613903,61.7557708646056,61.7581534555696,61.7281374379602,61.6555172559989,61.5497010774856,61.4199688499096,61.2756005207604,61.1258760375274,60.9800753477,60.8474783987677,60.7357090652544,60.6341632788866,60.5333187465323,60.4340063344328,60.3362886805635,60.2402284228997,60.145888199417,60.0533306480907,59.9626184068963,59.8738141138092,59.8096513205543,59.8315488048321,59.8859561370214,59.9705468695101,..
Portugal,PRT,"GDP per capita, PPP (constant 2021 international $)",NY.GDP.PCAP.PP.KD,28776.0475772619,28153.6155177216,28348.8658386372,29460.8141864852,30378.7557756388,31574.4021979121,32925.6638725858,34018.9637066505,35069.827570513,35500.226680409,35578.5200308997,35115.3795144127,35658.1298257503,35870.3092741499,36387.5367379519,37226.47026267,37291.504896966,36092.8109314685,36703.1141882821,36127.2949766154,34804.6333340481,34651.7719455055,35097.4098263229,35803.3575649769,36636.2978441633,37943.1150505673,39123.6151282571,40188.2868799219,36852.22873381,38657.6677223425,41070.861152974,41768.2549192626,42197.2025135828,..
Portugal,PRT,Carbon dioxide (CO2) emissions (total) excluding LULUCF (Mt CO2e),EN.GHG.CO2.MT.CE.AR5,48.9986,47.9648,49.4024,52.8069,51.107,53.5946,58.0195,64.7375,64.2448,63.4978,67.7384,62.8034,64.5657,67.8316,62.9435,61.3381,59.2617,58.4903,53.2485,51.3977,49.7787,48.1388,47.6708,51.7215,50.523,55.1436,51.1078,46.4279,40.6444,38.962,39.6684,37.4114,35.5573,..
Portugal,PRT,Energy use (kg of oil equivalent per capita),EG.USE.PCAP.KG.OE,1813.60280380135,1786.33794491445,1827.69065121281,2013.96965845437,1986.79149693102,2083.46205659678,2240.06330016631,2390.35284181731,2390.18870122638,2391.32113737669,2477.60275830907,2400.86139844201,2463.10248808928,2519.13901861547,2390.46374599498,2402.51066519403,2337.4925314705,2304.1784841547,2222.62833547109,2164.03219875257,2039.16999711033,2055.58816601984,2035.41142547114,2121.0872664787,2111.0971132123,2209.9813508898,2140.97558921814,2115.18570481977,1957.30550192994,1943.29269675495,1949.86496103932,1853.15672016889,..,..
Portugal,PRT,"Population, total",SP.POP.TOTL,9952494,9964675,9991525,10026176,10063945,10108977,10160196,10217828,10289898,10362722,10419631,10458821,10483861,10503330,10522288,10542964,10558177,10568247,10573100,10557560,10514844,10457295,10401062,10358076,10325452,10300300,10283822,10286263,10297081,10361831,10434332,10578174,10694681,..
Portugal,PRT,Urban population (% of total population),SP.URB.TOTL.IN.ZS,49.0028717408102,49.6589521380037,50.3288062784649,51.008291015927,51.6932632041232,52.3795796967868,53.063097347651,53.7396730104491,54.4051635389142,55.0679833009212,55.789299869679,56.5865509520713,57.4171857647664,58.2450763389585,59.0340947058419,59.7481128966109,60.3510029424595,60.8066368745822,61.0788867241731,61.1410698395502,61.1409793914666,61.1405315215642,61.1394537361116,61.137469211538,61.1343011242723,61.1296726507436,61.1233069673808,61.114927250613,61.1042566768691,61.0951249296597,61.1259255772782,61.2048652633664,61.3281907341332,..
Puerto Rico (US),PRI,"GDP per capita, PPP (constant 2021 international $)",NY.GDP.PCAP.PP.KD,28219.1160498293,29282.1121792431,30225.7807602628,31310.1801642693,31677.2302541644,32915.7905705568,34537.1851859472,36216.8380896225,37298.5450447133,39568.5528383032,39879.7295566967,39876.0670237773,43355.8226365269,42555.7081189669,42133.9682748773,41888.6232716478,41358.0689136668,40772.3514249612,40777.6892825687,40972.5364074959,41347.4542013586,41556.7852350074,41593.6798280708,41737.6068571153,41858.2626698462,41479.9977732034,41119.3088051648,41656.3291581369,40171.38668761,40559.474811812,42310.9585064702,42837.8994791262,44205.7494879255,..
Puerto Rico (US),PRI,Carbon dioxide (CO2) emissions (total) excluding LULUCF (Mt CO2e),EN.GHG.CO2.MT.CE.AR5,20.2554,20.7688,21.409,21.8662,22.1796,22.7979,23.1865,25.148,25.184,24.8632,20.1436,26.1342,26.1826,26.3123,16.9684,17.9576,15.3966,13.9728,13.4337,11.6673,11.3375,10.9382,11.5116,12.0971,11.3493,11.6298,13.7156,12.6257,12.4658,12.6669,13.9178,14.63,15.4301,..
Puerto Rico (US),PRI,Energy use (kg of oil equivalent per capita),EG.USE.PCAP.KG.OE,..,..,..,..,..,..,..,..,..,..,..,..,..,..,..,..,..,..,..,..,..,..,..,..,..,..,..,..,..,..,..,..,..,..
Puerto Rico (US),PRI,"Population, total",SP.POP.TOTL,3585176,3615497,3649237,3683103,3724655,3759430,3781101,3800081,3810605,3818774,3823701,3826095,3826878,3821362,3805214,3782995,3760866,3740410,3724465,3693464,3661045,3631427,3585017,3535167,3480432,3410837,3290690,3302691,3281590,3262711,3220137,3203792,3203295,..
Puerto Rico (US),PRI,Urban population (% of total population),SP.URB.TOTL.IN.ZS,87.303231035254,88.8343579280057,90.2293991175933,91.464320458156,92.5150878038331,93.3576670087639,93.9680239270876,94.3221244129435,94.4035182032107,94.3774462314518,94.3218712450313,94.2449445194985,94.1544210292187,94.058055748557,93.9636036518786,93.8788197135489,93.8114589079331,93.7692762093964,93.7588772214391,93.7598202101009,93.7630744424317,93.7698316907305,93.7813071818968,93.7987161428303,93.8232738004303,93.8561953815964,93.8986961132283,93.9519912222253,94.0116144995587,94.0550712597302,94.1110923054937,94.1774359275881,94.2539505199436,..
Qatar,QAT,"GDP per capita, PPP (constant 2021 international $)",NY.GDP.PCAP.PP.KD,73450.9520794121,70250.6988205416,69119.8834809747,68732.4655730397,69746.1505971988,87140.0414805606,91901.0695568133,90837.3739354159,93186.9710440179,92115.7349961796,94111.5966588338,93224.3623187548,107023.577147067,107784.417294658,115383.630413612,109579.67852883,109206.297312914,108435.74676157,129044.708988673,145590.759374614,143830.55475292,136453.930654184,128013.946689103,123070.823231761,120054.244506415,115064.83603436,114909.792335472,113160.839750596,103061.899444607,116832.656941972,114740.16518158,116563.992526162,110889.792701691,..
Qatar,QAT,Carbon dioxide (CO2) emissions (total) excluding LULUCF (Mt CO2e),EN.GHG.CO2.MT.CE.AR5,18.9739,19.4709,20.5063,20.9805,22.7838,27.8977,30.0412,32.5326,31.7522,32.4296,36.2002,38.2693,41.1694,43.56,48.987,56.1475,61.8584,63.9748,72.2126,83.1847,92.3214,102.1334,110.7647,114.0841,114.0546,114.1057,114.8966,117.6635,115.3371,118.4421,120.1007,129.1964,135.2669,..
Qatar,QAT,Energy use (kg of oil equivalent per capita),EG.USE.PCAP.KG.OE,16086.8310811281,16177.5093140931,15753.4549066912,15853.7577398647,16354.5772565174,18490.5772365155,18390.9777006325,18487.5692896824,16938.7214410402,17811.9127028494,19201.3018874398,18983.9448332386,21557.4750763638,20198.1689051663,20140.3428752631,18323.3464644697,15946.7278040391,15063.2666244935,16779.9216747321,16473.4269691009,21456.0669284592,20642.1423232651,17814.5431104326,16427.7565434994,15178.8562114172,16718.237047918,16139.7708310186,15760.736902246,14869.2501075493,17100.7506118977,16683.663609726,..,..,..
Qatar,QAT,"Population, total",SP.POP.TOTL,469657,484545,499459,514325,529019,550500,580540,612500,644989,677925,711205,744682,773332,825408,972831,1208595,1426938,1608903,1616832,1624761,1722438,1916426,2151745,2344557,2477113,2545820,2580734,2638657,2794148,2504910,2657333,2656032,2857822,..
Qatar,QAT,Urban population (% of total population),SP.URB.TOTL.IN.ZS,93.9055949154706,94.3339062703838,94.7227105489626,95.0736862740883,95.3885119686424,95.6663501954995,95.9063773884453,96.1111838707823,96.2942718926638,96.4674307551724,96.6424497593905,96.8311182064009,97.0472579559041,97.3016654918171,97.5827378795062,97.8663125111735,98.1295193937322,98.3494885340955,98.5066232166665,98.6300610210909,98.7428010471968,98.8357621827901,98.901627838826,98.9382407681154,98.9855265345423,99.0310125265978,99.0755684762244,99.1191696672067,99.1617913833034,99.203408908243,99.243997525719,99.2835325193835,99.3219891728394,..
Romania,ROU,"GDP per capita, PPP (constant 2021 international $)",NY.GDP.PCAP.PP.KD,13195.0965262879,13415.0744360432,13962.8317660865,14863.2472312959,15488.6217092877,14780.0590188185,14510.0533572297,14478.109394247,14853.6679659943,15848.3696371638,17061.7001240442,17587.5355528951,19532.5610216283,20571.0108222199,22354.6564902844,24328.4940230196,27039.7122195334,25761.7373850906,24903.0077613835,26150.8560702105,26767.5666532405,26942.0436130341,28156.2475476815,29181.9991893663,30189.2729172886,32852.7718069627,34829.0402990684,36399.6255565426,35283.7523567852,37534.1559176911,39256.9888833852,40116.8555054263,40504.0002945958,..
Romania,ROU,Carbon dioxide (CO2) emissions (total) excluding LULUCF (Mt CO2e),EN.GHG.CO2.MT.CE.AR5,138.3634,131.1044,128.155,133.4074,136.5616,124.3214,108.985,93.1885,97.504,104.4084,103.3991,107.8474,105.5802,104.4913,110.842,107.0884,105.3697,85.692,83.3446,89.8189,87.6338,79.5312,78.9902,80.304,78.7065,81.7983,83.0019,81.1522,75.7011,80.7465,75.6755,70.2532,70.8832,..
Romania,ROU,Energy use (kg of oil equivalent per capita),EG.USE.PCAP.KG.OE,2020.96066672171,2007.21364485422,1896.34525995591,2054.45247554785,2115.50331778847,1990.18638099548,1825.71004452739,1613.96489981066,1615.33488235312,1666.72400767413,1755.33108643191,1841.57433869048,1807.04208024679,1808.18761844581,1881.71766548482,1900.48321448247,1925.09359481658,1707.81228256351,1724.69848692837,1771.70358553223,1736.57620479665,1590.19381302075,1579.40659793132,1598.69179785792,1604.62335040687,1693.37364201715,1717.11748022415,1705.25777604649,1669.6382293589,1787.09564245924,1655.23818974845,1600.61942333991,..,..
Romania,ROU,"Population, total",SP.POP.TOTL,22794284,22763280,22730211,22684270,22619004,22553978,22507344,22472040,22442971,22131970,21730496,21574326,21451748,21319685,21193760,20882982,20537875,20367487,20246871,20147528,20058035,19983693,19908979,19815616,19702267,19588715,19473970,19371648,19265250,19122059,19048502,19061062,19051804,..
Romania,ROU,Urban population (% of total population),SP.URB.TOTL.IN.ZS,54.3130567791968,54.2356756582215,54.0905691656188,53.8985438392597,53.677523113411,53.4454304223393,53.2201892003114,53.0197228815939,52.8619549004535,52.764808691157,52.7466427937759,52.8023493819682,52.9175295523808,53.074507031037,53.2566380678272,53.4472789126416,53.6297858153706,53.7875150259042,53.9038227941329,53.9608874244169,53.9563092496073,53.9101758034365,53.8267187624053,53.7071839518893,53.5528171972639,53.3648643239046,53.1445711571868,52.8931835224862,52.611947245178,52.2321512130811,52.1634832477272,52.1645747011867,52.1674778928768,..
Russian Federation,RUS,"GDP per capita, PPP (constant 2021 international $)",NY.GDP.PCAP.PP.KD,23965.244140625,21899.517578125,19153.36328125,18363.712890625,17699.869140625,17977.3515625,17052.755859375,18200.3203125,20104.75,21219.904296875,22319.677734375,24057.927734375,25894.146484375,27656.658203125,30022.671875,32630.369140625,34342.2265625,31654.00390625,33063.5859375,34444.64453125,35740.69921875,36260.06640625,35853.24609375,35037.15234375,35005.44921875,35570.390625,36536.6953125,37319.3203125,36376.3359375,38638.4296875,38214.49609375,39887.33984375,41704.7109375,..
Russian Federation,RUS,Carbon dioxide (CO2) emissions (total) excluding LULUCF (Mt CO2e),EN.GHG.CO2.MT.CE.AR5,2205.4651,2012.9625,1814.9119,1768.5622,1727.1914,1607.3811,1613.2209,1660.9112,1681.1521,1684.2768,1675.2947,1737.2524,1738.8704,1739.3021,1776.1969,1779.046,1764.3555,1662.1017,1746.8968,1832.6123,1819.802,1764.2472,1750.1989,1757.1139,1734.6382,1763.2401,1831.1328,1858.002,1784.1991,1938.4596,1895.4729,1948.3024,2009.1541,..
Russian Federation,RUS,Energy use (kg of oil equivalent per capita),EG.USE.PCAP.KG.OE,5357.07699443819,5060.11636686839,4427.26643919973,4291.53342502059,4254.59294421479,4070.65837100817,3982.26585700237,4137.74703962256,4224.98951887146,4287.90829493258,4289.43957286052,4461.83176005763,4494.50152836851,4541.20863501769,4689.15108443259,4710.47452096269,4822.38136319959,4529.20319928613,4853.36753031766,5004.23439250465,5056.08323400834,4896.95029768812,4894.4255206275,4785.19572494067,4917.54083897618,4999.07990773733,5259.90837585133,5065.14820867318,5044.85366917672,5681.39248037781,5601.08435085175,..,..,..
Russian Federation,RUS,"Population, total",SP.POP.TOTL,148538197,148458777,148407912,148375787,148160129,147915361,147670784,147214776,146596869,145976482,145306497,144648618,144067316,143518814,143049637,142805114,142742366,142785348,142849468,143018195,143378447,143805638,144237223,144640716,145015460,145293260,145398106,145453291,145245148,144746762,144236933,143826130,143533851,..
Russian Federation,RUS,Urban population (% of total population),SP.URB.TOTL.IN.ZS,73.3822937011719,73.0590972900391,72.9541091918945,72.9352798461914,73.0623092651367,73.1156616210938,73.1912078857422,72.96533203125,73.1568222045898,73.22998046875,73.2929008030615,73.4057388305664,73.3065795898438,73.1613922119141,73.2439193725586,73.3856048583984,73.4822463989258,73.5288696289062,73.6696307887624,73.8534851074219,73.97265625,74.0762949770228,74.1776476748791,74.275919065527,74.3703138709243,74.460036813029,74.5442926137992,74.6222859951926,74.6932216791674,74.7516840220252,74.8544893625017,74.9805047873279,75.1119136177067,..
Rwanda,RWA,"GDP per capita, PPP (constant 2021 international $)",NY.GDP.PCAP.PP.KD,1112.59034456897,984.217529921952,575.367548491022,931.367790069386,888.131009878549,874.694728296322,913.71963460585,945.733218859969,1016.66199090104,1093.18409838429,1220.7394919553,1220.49916686742,1277.19280440829,1360.29587570276,1446.71094686551,1516.26750609323,1641.77767401672,1699.94452992694,1779.15851051568,1874.21498172873,1988.01219478847,2032.40480194092,2106.21454365589,2238.53941469642,2316.63731573814,2351.59686866227,2493.44001744938,2667.46458436613,2520.31739425373,2733.43566762447,2892.45964942821,3062.99909649442,3264.64451474392,..
Rwanda,RWA,Carbon dioxide (CO2) emissions (total) excluding LULUCF (Mt CO2e),EN.GHG.CO2.MT.CE.AR5,0.4991,0.5007,0.4794,0.4704,0.4719,0.4819,0.4972,0.5137,0.6805,0.6956,0.8185,0.7085,0.6867,0.7419,0.7446,0.6778,0.6778,0.6965,0.7312,0.7618,0.8472,0.9431,0.9592,1.1072,1.2106,1.3115,1.4591,1.5151,1.4554,1.7066,2.2012,2.2883,2.3114,..
Rwanda,RWA,Energy use (kg of oil equivalent per capita),EG.USE.PCAP.KG.OE,681.702213137456,618.873269815239,766.616212109656,1047.13268372201,919.491144361134,919.964273639363,495.440085605179,514.333283551269,405.776823991798,406.223640037907,407.829159505775,396.494966802982,387.066145752688,352.136028277729,350.903344670586,347.627010114549,347.008912213796,350.122128007432,349.056987418247,350.444162856993,354.165609155772,354.886177609396,352.158641161359,350.169173195487,347.74298432412,352.157966903596,355.698420076335,357.419084978587,358.132557033915,365.508479917565,372.991402429343,..,..,..
Rwanda,RWA,"Population, total",SP.POP.TOTL,7683266,7981132,6792352,5674118,6708764,7755238,8081681,8147912,8213931,8287094,8400180,8586875,8816844,9054528,9299246,9549933,9804269,10060432,10317553,10573733,10829901,11093340,11364757,11640022,11919183,12202060,12487996,12776103,13065837,13355260,13651030,13954471,14256567,..
Rwanda,RWA,Urban population (% of total population),SP.URB.TOTL.IN.ZS,5.66334740292516,6.4000266086375,7.48340913293057,8.81556593108499,10.2985679583814,11.8344861701004,13.3253915215227,14.6733549679289,15.7804474645996,16.5487399668155,16.8778847116752,16.8947432312369,16.9020099536792,16.9072114459454,16.9110139245047,16.9140836058266,16.9170867063804,16.9206894426355,16.9255580310614,16.9323586881273,16.9410248882148,17.0742206053612,17.5020716539756,18.1953149858416,19.1213951786548,20.2477568101111,21.5418444579064,22.9711026997362,24.5029761132966,26.1049092762833,27.7806702737761,28.8555310645477,29.8849714294083,..
Samoa,WSM,"GDP per capita, PPP (constant 2021 international $)",NY.GDP.PCAP.PP.KD,3861.88898142388,3986.45388042165,3854.03940619772,4077.99085675777,4333.51287211017,4325.13822221329,4386.51915961412,4448.31977912795,4638.59446502597,4941.1152254089,5183.45456244226,5425.44383557984,5568.34734622238,5914.889706043,6017.47704264273,6013.27628827659,6182.76327854773,6104.12751491364,6427.31156227699,6616.7710962495,6311.96070235073,6262.32372017912,6247.90480904724,6432.35979168526,6887.30523545286,6919.01572858501,6805.0451717529,7033.52113384547,6745.29241350438,6350.11428353253,6449.36505263744,7383.74570300182,7686.24942571869,..
Samoa,WSM,Carbon dioxide (CO2) emissions (total) excluding LULUCF (Mt CO2e),EN.GHG.CO2.MT.CE.AR5,0.1243,0.1413,0.1452,0.1318,0.133,0.137,0.1409,0.1407,0.186,0.2009,0.2076,0.2143,0.2106,0.2178,0.2187,0.2381,0.2442,0.2482,0.2631,0.2677,0.2681,0.2788,0.2865,0.3288,0.3542,0.3165,0.3447,0.3735,0.3132,0.3435,0.3324,0.3333,0.3498,..
Samoa,WSM,Energy use (kg of oil equivalent per capita),EG.USE.PCAP.KG.OE,..,..,..,..,..,..,..,..,..,..,..,..,300.672755289961,304.848698777396,303.661518627237,307.27988429323,..,..,..,..,..,..,..,..,..,..,..,..,..,..,..,..,..,..
Samoa,WSM,"Population, total",SP.POP.TOTL,170331,171774,173159,174571,176071,177547,178905,180275,181685,183166,184471,185430,186249,186978,187709,188753,190107,191513,193023,194713,196498,198268,200037,201782,203499,205415,207582,209780,211944,213779,215261,216663,218019,..
Samoa,WSM,Urban population (% of total population),SP.URB.TOTL.IN.ZS,21.2265977009629,21.3371352093158,21.4491707347126,21.5591351263865,21.6634592335707,21.7585739054982,21.8409099914022,21.9068983405159,21.9529698020724,21.9749895503804,21.9431903680112,21.7806875309864,21.5282844040566,21.2352904191687,20.9567957063672,20.6944481303605,20.4038457706991,20.1045321482817,19.8302101862085,19.6174273708146,19.478718368689,19.3865949620667,19.3126679480432,19.2340105383551,19.126462366749,18.9657191879831,18.7241267935467,18.4147344481283,18.0516608994722,17.5672426452007,17.5007949951039,17.5012799804602,17.5029115108018,..
San Marino,SMR,"GDP per capita, PPP (constant 2021 international $)",NY.GDP.PCAP.PP.KD,..,..,..,..,..,66923.030342425,71024.5594991968,76474.1297159699,77149.4159964233,80420.7698522018,79649.5323827509,81688.3786834342,80724.8087680421,81632.1748989576,83781.547393613,86785.0181147659,85120.2868772716,73093.8317013426,68669.2526491343,64214.1187563371,58176.3777973964,58467.9769550045,58743.5844219421,59647.6594557072,60669.8186167521,59524.5597904018,59194.0442905609,60171.0471344217,55998.071099456,64745.1316780701,70887.573899815,70951.7895931976,..,..
San Marino,SMR,Carbon dioxide (CO2) emissions (total) excluding LULUCF (Mt CO2e),EN.GHG.CO2.MT.CE.AR5,..,..,..,..,..,..,..,..,..,..,..,..,..,..,..,..,..,..,..,..,..,..,..,..,..,..,..,..,..,..,..,..,..,..
San Marino,SMR,Energy use (kg of oil equivalent per capita),EG.USE.PCAP.KG.OE,..,..,..,..,..,..,..,..,..,..,..,..,..,..,..,..,..,..,..,..,..,..,..,..,..,..,..,..,..,..,..,..,..,..
San Marino,SMR,"Population, total",SP.POP.TOTL,24125,24472,24823,25158,25482,25800,26125,26459,26799,27143,27491,27843,29457,29836,30184,31211,31662,33066,33270,32620,33469,33041,32655,32897,33101,33825,34522,34663,34770,34252,33755,33860,33977,..
San Marino,SMR,Urban population (% of total population),SP.URB.TOTL.IN.ZS,90.9486426338301,91.2814270498757,91.6615095146862,92.0680991876912,92.4804052283208,92.8776367960046,93.2390030501725,93.5437131502544,93.7709762556799,93.9000015258789,93.9488167294543,94,94.2143791763566,94.6454896824635,95.2084276028853,95.8182890221867,96.3901700249324,96.8391666956869,97.074615769187,97.0999984741211,97.0999984741211,97.0999984741211,97.0999984741211,97.0999984741211,97.0999984741211,97.0999984741211,97.0999984741211,97.0999984741211,97.0999984741211,97.1035668453272,97.1141889380465,97.1317310361655,97.1560555881096,..
Sao Tome and Principe,STP,"GDP per capita, PPP (constant 2021 international $)",NY.GDP.PCAP.PP.KD,3798.88352929514,3771.28612416062,3788.48370442152,3802.29132302174,3801.08164933857,3784.7902343178,3828.99823839083,3878.13108525246,3852.89042721453,3907.0192818698,3942.76040695115,4161.63833167542,4202.56186898775,4371.49721644128,4644.18044669991,4698.08416961839,4873.1813112046,4919.19529822865,4882.04796466341,4876.47315792145,4919.55294386577,5072.11200195866,5223.09572886388,5210.2037755431,5388.5091334891,5521.20249597413,5674.72379094011,5702.08347071236,5742.94724858826,5732.69456061536,5632.13890715047,5541.3016760535,5491.29829852275,..
Sao Tome and Principe,STP,Carbon dioxide (CO2) emissions (total) excluding LULUCF (Mt CO2e),EN.GHG.CO2.MT.CE.AR5,0.0435,0.0424,0.0517,0.0532,0.0551,0.0547,0.056,0.0584,0.0547,0.0558,0.0644,0.073,0.0826,0.0893,0.0952,0.0978,0.1047,0.1146,0.1236,0.1273,0.1328,0.1334,0.1316,0.1407,0.1464,0.1491,0.1525,0.1591,0.1541,0.1583,0.1412,0.1456,0.1477,..
Sao Tome and Principe,STP,Energy use (kg of oil equivalent per capita),EG.USE.PCAP.KG.OE,..,..,..,..,..,..,..,..,..,..,..,..,240.956215719223,266.024907355279,265.639527161642,259.281084266352,..,..,..,..,..,..,..,..,..,..,..,..,..,..,..,..,..,..
Sao Tome and Principe,STP,"Population, total",SP.POP.TOTL,128110,130467,132732,134895,136962,138922,140751,142442,144018,146375,149922,153814,157705,161639,165638,169700,173793,177853,181802,185649,189439,193148,196767,200291,203689,206970,210187,213392,217435,221961,226305,230871,235536,..
Sao Tome and Principe,STP,Urban population (% of total population),SP.URB.TOTL.IN.ZS,45.7968298871752,46.7288366793672,47.625880905236,48.5003270529522,49.3645396106862,50.2308830666086,51.1117219088898,52.0194206257004,52.9663437052108,53.9612039920776,55.0882710997103,56.4128470868097,57.8774845467458,59.4188016908917,60.9734167306206,62.4779478773056,63.8690133423199,65.0832313370367,66.0572200728291,66.7275977610702,67.0335889448132,67.1306686401367,67.2606735229492,67.3915710449219,67.5218887329102,67.6520004272461,67.7828826904297,67.9129943847656,68.0436706542969,68.1738967895508,68.3720919798341,68.6043921103568,68.8710170184884,..
Saudi Arabia,SAU,"GDP per capita, PPP (constant 2021 international $)",NY.GDP.PCAP.PP.KD,67183.9100290945,64517.6652891052,62403.6937320122,60058.3174503511,59612.8125993665,58875.5473738828,58306.622809723,55878.1736494426,55962.2661342789,53309.111388544,50371.9783079834,52234.649280791,54196.5514152953,54931.7942450845,54373.737695386,53318.4191601834,54407.7081673247,51760.7643987566,54911.547517012,58645.4459416531,59471.7001909394,57998.4644619155,58872.2671400126,58498.5399040699,57308.4484127497,57942.5484983044,61359.4653740388,62647.7299487842,57420.7335736424,62690.4966645929,67178.5902274906,64481.8441927288,62792.7741476371,..
Saudi Arabia,SAU,Carbon dioxide (CO2) emissions (total) excluding LULUCF (Mt CO2e),EN.GHG.CO2.MT.CE.AR5,190.9731,201.0902,218.7632,217.1595,230.5204,233.2168,249.5028,254.3174,265.2402,275.7907,293.7233,308.3271,327.0192,346.3837,366.7435,387.8798,420.4933,444.0201,486.877,509.215,539.3427,547.1964,585.9278,611.4483,609.5099,603.3295,580.0429,579.8088,577.1045,590.321,620.4308,635.4338,652.511,..
Saudi Arabia,SAU,Energy use (kg of oil equivalent per capita),EG.USE.PCAP.KG.OE,6582.97119687211,6537.84679475271,6591.02644141393,6316.7131696411,6494.45936719249,6019.93240274695,6169.38088980637,6054.28343091785,6516.00755562211,6348.58935367071,6826.99573187577,6631.81585672969,6375.54473048108,6447.07190249029,6605.44101687621,6696.94747279399,6980.05897029755,7125.05300494705,7965.26121862505,7979.3799657336,7862.42354103658,7401.17130265584,7959.81351652344,7786.91651664863,7521.58911581712,7707.05632967392,7650.66372475004,7668.22165933444,7170.88694947248,7465.87573152761,7529.60103058863,..,..,..
Saudi Arabia,SAU,"Population, total",SP.POP.TOTL,11686676,12215862,12750040,13289245,13831009,14374943,14922185,15472075,16177722,17041397,17910910,18786767,19669480,20559890,21459144,22368313,23287877,24217654,23978487,25091867,26168861,27624004,28309273,29816382,30954198,30977355,30196281,30063799,31552510,30784383,32175224,33702731,35300280,..
Saudi Arabia,SAU,Urban population (% of total population),SP.URB.TOTL.IN.ZS,78,78.3431652316083,78.64816223271,78.9202387655061,79.164642592198,79.3866214749866,79.5914231760733,79.7842954576591,79.9704860819453,80.155242811133,80.3438134074234,80.5414456330177,80.7542316538166,80.9775503092999,81.2008588083072,81.4230015549063,81.6441431042994,81.8644480116889,82.0791668544465,82.2543876159947,82.4311918025358,82.6071884619102,82.7822571294871,82.9562773406163,83.129128630626,83.300690534822,83.4708425884849,83.6394643268678,83.8064352851942,83.9716349986538,84.1349430023993,84.2962388315415,84.4554020211443,..
Senegal,SEN,"GDP per capita, PPP (constant 2021 international $)",NY.GDP.PCAP.PP.KD,2874.00297966311,2834.02797281318,2757.86087513844,2835.03272874496,2822.46837323856,2840.60808859832,2938.69162551525,3050.17800998696,3093.28791602615,3149.33113703503,3075.23157503112,3170.03494688479,3240.3020166984,3301.82076160815,3301.03152414193,3316.42037834774,3359.70567090311,3371.46166688616,3403.56707165919,3362.87940537332,3405.10864460824,3385.42590686562,3484.01219749797,3593.79477120389,3710.05531589724,3871.4514678592,3998.28635303406,4070.61227058594,4018.04129277358,4173.67741399619,4228.73382642974,4304.76148720232,4460.92372176318,..
Senegal,SEN,Carbon dioxide (CO2) emissions (total) excluding LULUCF (Mt CO2e),EN.GHG.CO2.MT.CE.AR5,2.6138,2.5522,2.6067,2.7547,2.9716,3.269,3.6668,4.0462,3.9891,4.5133,4.6805,4.5437,5.177,5.7486,5.6142,6.2195,6.4443,6.593,6.9781,7.479,7.3641,7.8409,8.3827,9.2184,10.2971,10.2029,10.7355,11.0288,10.8149,13.1241,14.5438,13.717,14.2023,..
Senegal,SEN,Energy use (kg of oil equivalent per capita),EG.USE.PCAP.KG.OE,217.81353234851,211.181913648416,204.210840716291,210.782876892548,210.661913604609,218.163274180958,225.041071935715,231.69376452684,240.56962512208,253.79128464664,249.886211773534,235.81440136714,247.017188309568,246.435668804505,241.589611245821,253.743519677808,259.2346121475,304.736226945897,313.396782040786,317.49118236804,302.418621518753,271.06546719919,284.845981855555,296.775621300382,287.042022425235,278.019674604295,274.379032674082,298.559525125339,280.607903309744,294.173427358174,315.965932815121,291.050601075038,..,..
Senegal,SEN,"Population, total",SP.POP.TOTL,8168395,8396288,8624078,8848101,9067014,9283495,9502952,9730887,9968260,10212942,10466214,10721176,10975704,11235472,11500094,11770344,12048959,12337389,12635413,12958897,13310495,13710849,14152102,14593331,15034521,15475002,15914498,16352922,16789219,17220867,17651103,18077573,18501984,..
Senegal,SEN,Urban population (% of total population),SP.URB.TOTL.IN.ZS,39.3197068566225,39.4885845930629,39.6503464421449,39.808479397638,39.9664704533115,40.1278066029348,40.2959748402772,40.474462159108,40.6667555531967,40.8763420163126,41.1081471561292,41.35893934855,41.6248193895895,41.9057599695838,42.2046413043069,42.524343609533,42.867747101036,43.23773199459,43.6371785059692,44.0689668509475,44.5359772452989,45.0398750539456,45.6020905341588,46.2747669629858,47.0553579909929,47.9338349639053,48.9001692274485,49.9443321273477,51.0562950093282,52.2260292191155,53.4435061024348,54.6992276190794,55.2368169057304,..
Serbia,SRB,"GDP per capita, PPP (constant 2021 international $)",NY.GDP.PCAP.PP.KD,..,..,..,9444.79079229147,10035.0555901615,10965.5278855606,11598.3788474662,10438.5043036479,11105.9948800547,11879.225653864,12661.9921205411,13273.7451115678,14194.4239957638,15077.621172828,15727.468589842,17028.1573139848,17983.3557621585,17488.1952473271,17841.5052482398,17986.6586186398,17993.8893372708,18163.2800557557,17922.510092839,18247.884779382,18889.4599757385,19439.0723263919,20454.310707953,21541.2157346761,21479.1679289814,23406.4036315634,24651.9500494588,25735.2402009063,26900.853091323,..
Serbia,SRB,Carbon dioxide (CO2) emissions (total) excluding LULUCF (Mt CO2e),EN.GHG.CO2.MT.CE.AR5,..,..,..,..,..,..,..,..,..,..,..,..,..,..,..,..,..,..,..,..,..,..,..,..,..,..,..,..,..,..,..,..,..,..
Serbia,SRB,Energy use (kg of oil equivalent per capita),EG.USE.PCAP.KG.OE,2006.92653842134,1706.63945425021,1570.44859262257,1782.19587927974,2141.60164822946,2273.72549644671,2273.87503539453,1657.59106297871,1801.4812028674,1965.15252074554,2097.94999221022,2211.04337201789,2418.7222777969,2152.46605224195,2293.67913246219,2241.56812781607,2292.38992431852,2073.56720979204,2145.49144722672,2241.32678165321,2023.83135868927,2082.01493164812,1861.59680519425,2080.59060078258,2165.83889288491,2224.78515305498,2200.40410311437,2201.72012144367,2291.6081874127,2355.24230805463,2440.9165854049,2378.08281785261,..,..
Serbia,SRB,"Population, total",SP.POP.TOTL,7604063,7614328,7622711,7628264,7622185,7598538,7567745,7540401,7516346,7503433,7500031,7480591,7463157,7440769,7411569,7381579,7350222,7320807,7291436,7236519,7201497,7166553,7131787,7095383,7058322,7020858,6982604,6945235,6899126,6834326,6664449,6623183,6586476,..
Serbia,SRB,Urban population (% of total population),SP.URB.TOTL.IN.ZS,51.299314734908,51.8163433117438,52.3566205795925,52.9113216254578,53.4716215363434,54.028695399253,54.5737183011903,55.0978653291589,55.5923115701625,56.0482321112049,56.462901503343,56.8784264526306,57.3144555999278,57.7508909888183,58.1709152910668,58.5577111784378,58.8944613226962,59.1643483956067,59.3505550689338,59.4349187787267,59.3468437194824,59.6111068725586,59.8779373168945,60.1388092041016,60.3853870034026,60.621208190918,60.8433609008789,61.0492248535156,61.223201751709,61.363899230957,61.9013813540396,62.1434649229738,62.3830029804177,..
Seychelles,SYC,"GDP per capita, PPP (constant 2021 international $)",NY.GDP.PCAP.PP.KD,16744.5080816034,17596.8977617171,16716.5207188923,16552.4547815231,17942.1733036627,19895.1422188431,19991.2293154949,19969.3513746174,20633.6746950761,20147.4187656167,19777.7525249721,18825.2206936189,18356.4711447212,19917.1194534221,21341.8597526003,23117.8555224771,21990.3685269705,21361.1307875284,21708.7554506566,24406.4129764105,24919.955210328,24770.6514591794,25379.4180707013,27032.2083880002,29905.1347389952,31595.6680570505,32841.4242467381,34346.0708923483,30056.1994300968,29979.8272686091,27978.1770550937,28635.3563581744,29241.7758048825,..
Seychelles,SYC,Carbon dioxide (CO2) emissions (total) excluding LULUCF (Mt CO2e),EN.GHG.CO2.MT.CE.AR5,0.3192,0.3204,0.3193,0.34,0.3521,0.3711,0.3797,0.3962,0.7545,0.8382,0.7586,0.7652,1.0615,0.9643,1.0495,0.8675,0.9212,1.0202,0.917,0.7817,0.8866,0.8023,0.9261,0.9868,1.1003,1.1528,1.0053,0.8948,0.8388,0.7882,0.8424,0.8395,0.8782,..
Seychelles,SYC,Energy use (kg of oil equivalent per capita),EG.USE.PCAP.KG.OE,..,..,..,..,..,..,..,..,..,..,..,..,3103.97090027281,2751.69567211374,2872.34042553192,2410.82873707855,..,..,..,..,..,..,..,..,..,..,..,..,..,..,..,..,..,..
Seychelles,SYC,"Population, total",SP.POP.TOTL,70763,72253,74205,75304,76417,77319,78846,80410,81131,81202,83723,82781,82475,82858,84600,85033,86956,87298,89770,87441,88303,89949,91359,93419,94677,95843,96762,97625,98462,99258,119878,119773,121354,..
Seychelles,SYC,Urban population (% of total population),SP.URB.TOTL.IN.ZS,48.3956533724673,48.0597061439028,47.6882836168039,46.8516399097002,45.4469524119701,44.3776725669881,43.9534538495124,43.6406066285756,43.3974230710038,43.2172985855685,43.0948464521927,43.0049328648162,42.9237756892027,42.8510349075107,42.7880431397027,42.7361330057413,42.696637125589,42.6708881192085,42.660307244583,42.6739844860866,42.7261758463169,42.815069634181,42.9386256186342,43.094803568632,43.2815632531296,43.4968644410824,43.7386669014459,44.0049304031754,44.2936147152263,44.6026796065539,44.9108209981157,45.0971081321658,45.2898622460415,..
Sierra Leone,SLE,"GDP per capita, PPP (constant 2021 international $)",NY.GDP.PCAP.PP.KD,2257.44939868809,2293.56354039047,2240.29005098829,2058.07683318146,2084.1822265,1936.55653107258,1951.82091117813,1903.3269610781,1981.50608696758,1749.35086324104,2089.26152736756,2196.28134548105,2260.83818961545,2296.65767887048,2342.75461136539,2377.80530113361,2404.65198784353,2376.58254518958,2459.76814418708,2590.52839483651,2792.92626544926,3124.72832450941,2812.52832195116,2628.17058146385,2732.26093997048,2753.42719846704,2767.38003381598,2852.66269917494,2752.62615440121,2849.38865926436,2934.73326430435,3034.94608285625,3098.76290609663,..
Sierra Leone,SLE,Carbon dioxide (CO2) emissions (total) excluding LULUCF (Mt CO2e),EN.GHG.CO2.MT.CE.AR5,0.5195,0.5065,0.5234,0.5675,0.6397,0.6193,0.6542,0.6804,0.4316,0.5494,0.5798,0.6169,0.6125,0.5675,0.7116,0.6672,0.6468,0.6527,0.7103,0.8684,0.9744,1.1227,1.207,1.0224,1.0587,1.0446,1.2108,1.2073,1.2307,1.4724,1.4668,1.4104,1.4618,..
Sierra Leone,SLE,Energy use (kg of oil equivalent per capita),EG.USE.PCAP.KG.OE,..,..,..,..,..,..,..,..,..,..,..,..,..,..,..,..,..,..,..,..,..,..,..,..,..,..,..,..,..,..,..,..,..,..
Sierra Leone,SLE,"Population, total",SP.POP.TOTL,4166366,4157130,4173105,4179179,4199210,4253716,4295785,4318043,4423611,4692716,4971435,5177687,5355717,5501712,5624466,5749352,5894722,6055646,6222714,6387251,6551080,6714051,6876385,7037655,7205328,7379299,7554563,7731991,7912558,8094602,8276807,8460512,8642022,..
Sierra Leone,SLE,Urban population (% of total population),SP.URB.TOTL.IN.ZS,33.8956435735053,34.102113310888,34.3032993469197,34.5015825546266,34.6993438070346,34.8989639771697,35.1028239380579,35.3133045627252,35.5327867241975,35.763651295501,36.0082791496616,36.2690511597053,36.5491283814755,36.8485519672439,37.1703805343647,37.5122859420526,37.8725951588418,38.2496351532666,38.6417328938613,39.0472153491602,39.4644094876975,39.8916422780075,40.3272406886245,40.7669565187099,41.229411538771,41.7106682105058,42.2011025267803,42.7018444914441,43.2129659123546,43.7345385973699,44.2666343543487,44.809324991151,45.3626823156371,..
Singapore,SGP,"GDP per capita, PPP (constant 2021 international $)",NY.GDP.PCAP.PP.KD,48897.810341575,53139.844472382,57213.0977645801,59483.6383121123,61381.7523709208,64291.2024694333,60782.1972058002,63746.4792227046,68314.5444027166,65784.4018813783,67744.2702679808,71877.5348633552,78039.024710382,81841.1587801054,86463.8283836607,90417.8073849967,87329.5937792686,84843.5194001734,95456.1893079996,99296.7561111269,101187.825333454,104359.030680724,107066.858613992,108953.724294287,111579.742684331,116471.820764776,119927.769127927,120114.133894235,115893.042395938,132617.354020876,133571.962410322,129555.245509242,132569.525225795,..
Singapore,SGP,Carbon dioxide (CO2) emissions (total) excluding LULUCF (Mt CO2e),EN.GHG.CO2.MT.CE.AR5,34.1903,39.4656,41.6441,41.3412,42.5208,42.1917,41.0625,41.4082,45.5193,45.9066,45.2172,42.4426,44.523,41.7315,41.9694,43.3583,42.9155,43.7607,48.8859,51.3367,50.1515,52.6259,53.8631,55.1746,52.9724,56.8881,54.2117,55.8876,53.8768,55.7179,56.3467,56.1013,58.8681,..
Singapore,SGP,Energy use (kg of oil equivalent per capita),EG.USE.PCAP.KG.OE,4588.88701797782,5487.72262199385,6460.58950762107,5346.98780182868,5359.513368456,5818.45053429947,5083.35878222717,4587.57994680042,4634.81368272521,5146.02323865296,5066.19603486754,6217.05880619521,7371.02793327917,4925.75757554205,5128.30865666219,4537.4171693226,4958.46248257993,5321.08304981114,4856.84920025022,4086.3260711538,4787.02308838074,5273.75292208676,4986.32779651842,5242.6504334371,5449.41985010808,5799.39529471808,5692.66564748734,5565.91519291042,5538.12371561154,5966.32763521289,5785.04367341681,5282.7637359991,..,..
Singapore,SGP,"Population, total",SP.POP.TOTL,3230698,3313471,3419048,3524506,3670704,3796038,3927213,3958723,4027887,4138012,4175950,4114826,4166664,4265762,4401365,4588599,4839396,4987573,5076732,5183688,5312437,5399162,5469724,5535002,5607283,5612253,5638676,5703569,5685807,5453566,5637022,5917648,6036860,..
Singapore,SGP,Urban population (% of total population),SP.URB.TOTL.IN.ZS,100,100,100,100,100,100,100,100,100,100,100,100,100,100,100,100,100,100,100,100,100,100,100,100,100,100,100,100,100,100,100,100,100,..
Sint Maarten (Dutch part),SXM,"GDP per capita, PPP (constant 2021 international $)",NY.GDP.PCAP.PP.KD,..,..,..,..,..,..,..,..,..,..,..,..,..,..,..,..,..,50980.9400838983,52140.59965779,53786.2462000327,53357.003462797,52801.4031054792,52439.4736756048,51375.6032503737,50817.6814942681,46088.3583839152,42154.1020267504,45996.7912346922,39265.7616790568,40507.0672411717,45515.6523389272,46571.0886504628,47303.194758482,..
Sint Maarten (Dutch part),SXM,Carbon dioxide (CO2) emissions (total) excluding LULUCF (Mt CO2e),EN.GHG.CO2.MT.CE.AR5,..,..,..,..,..,..,..,..,..,..,..,..,..,..,..,..,..,..,..,..,..,..,..,..,..,..,..,..,..,..,..,..,..,..
Sint Maarten (Dutch part),SXM,Energy use (kg of oil equivalent per capita),EG.USE.PCAP.KG.OE,..,..,..,..,..,..,..,..,..,..,..,..,..,..,..,..,..,..,..,..,..,..,..,..,..,..,..,..,..,..,..,..,..,..
Sint Maarten (Dutch part),SXM,"Population, total",SP.POP.TOTL,31567,32026,31917,31772,31598,31404,31193,30977,30773,30726,30960,31327,31690,32057,32428,32791,33145,33491,33794,34267,35023,35854,36672,37471,38249,38996,39712,40385,41008,41571,42139,42749,43350,..
Sint Maarten (Dutch part),SXM,Urban population (% of total population),SP.URB.TOTL.IN.ZS,100,100,100,100,100,100,100,100,100,100,100,100,100,100,100,100,100,100,100,100,100,100,100,100,100,100,100,100,100,100,100,100,100,..
Slovak Republic,SVK,"GDP per capita, PPP (constant 2021 international $)",NY.GDP.PCAP.PP.KD,13951.9084432838,14163.0137339867,14982.7472163469,15811.9246441708,16744.0673884448,17630.0397577195,18280.0501282626,18174.9801324587,18343.237153675,18914.3903304531,19757.0677888993,20730.249479935,21851.9549601873,23266.7570493442,25342.3099268358,28075.8072794998,29556.2617975695,27891.8969419417,29758.1740140117,30481.377866428,30907.039248956,31090.9880191144,31901.9424982702,33521.5954764975,34130.5050676203,35057.2223763167,36430.7941704195,37209.5332553073,36216.4002110814,38346.0935768177,38664.9076949851,39518.2209359245,40319.0547230873,..
Slovak Republic,SVK,Carbon dioxide (CO2) emissions (total) excluding LULUCF (Mt CO2e),EN.GHG.CO2.MT.CE.AR5,49.2029,48.1691,45.3992,45.7614,45.989,45.5637,44.6668,43.8885,41.6845,41.9785,41.9516,42.396,41.8399,42.2444,42.2564,41.335,41.1622,37.2268,39.9112,37.8943,36.1064,36.3803,33.9902,34.526,35.4446,37.7288,37.2427,34.8074,32.6439,36.6483,33.1887,31.1483,29.8925,..
Slovak Republic,SVK,Energy use (kg of oil equivalent per capita),EG.USE.PCAP.KG.OE,3410.8847054131,3334.95440622162,3260.772839939,3315.20571732509,3364.39827750028,3362.06121032155,3256.7043135869,3271.60123215094,3292.7785560313,3456.89028050906,3484.03108632161,3468.93628503339,3416.39866050427,3504.64376060296,3469.4496050741,3321.10691268197,3406.38372204535,3107.87988439735,3441.25647593511,3339.0873887237,3220.5055262121,3260.4443972295,3013.30293850524,3131.86282925931,3159.56804668402,3316.8259702586,3269.57251976129,3128.36337933814,3032.64269516845,3305.89912789281,3089.1457459111,3054.72438218715,..,..
Slovak Republic,SVK,"Population, total",SP.POP.TOTL,5305016,5325305,5346331,5361999,5373361,5383291,5390516,5396020,5388720,5378867,5376912,5373374,5372280,5372807,5373054,5374622,5379233,5386406,5391428,5398384,5407579,5413393,5418649,5423801,5430798,5439232,5446771,5454147,5458827,5447247,5431752,5426740,5422069,..
Slovak Republic,SVK,Urban population (% of total population),SP.URB.TOTL.IN.ZS,56.807175465707,56.7645334025874,56.7028303199392,56.6251654840935,56.5346381613813,56.4343476181338,56.3273931206821,56.2168739353574,56.1058893284907,55.9968426739371,55.8776140379959,55.7386007222942,55.5843833415875,55.4189847597721,55.2464278407442,55.0707354484001,54.895930446636,54.7260356993483,54.5650740704331,54.4167387988534,54.2764528316182,54.1384024098892,54.0029125499893,53.8700628001622,53.7399327086517,53.6126018237016,53.4881496935559,53.3666558664583,53.2481998906526,53.1901479870605,53.1902831072528,53.190805019646,53.1919702985684,..
Slovenia,SVN,"GDP per capita, PPP (constant 2021 international $)",NY.GDP.PCAP.PP.KD,21845.9628529312,22520.738313268,23747.9865664018,24718.0238296539,25454.1256098664,26806.4627835709,27688.0929526812,29125.8913263147,30055.5726465546,30857.1122043437,31830.5553226686,32827.7514419462,34298.1277435263,35558.3777419198,37539.459301666,39995.2052938397,41278.6090856341,37802.0880186755,38056.1815241775,38226.1255489903,37033.7667541886,36678.8746642096,37655.1979898073,38527.4222549683,39667.4579830072,41692.836279788,43361.094447431,44569.5878416535,42463.5635346194,45914.0572392406,47050.0676441642,47977.4268117652,48648.9078834081,..
Slovenia,SVN,Carbon dioxide (CO2) emissions (total) excluding LULUCF (Mt CO2e),EN.GHG.CO2.MT.CE.AR5,13.2718,13.9755,14.0768,14.968,15.7179,16.2137,16.0322,15.473,15.094,16.9662,17.2769,17.1247,17.3993,17.6363,17.9446,17.9355,18.8957,16.8896,17.1608,16.0793,15.517,15.511,14.126,14.2949,15.0187,15.3443,15.45,14.8261,13.5406,13.8601,13.3893,12.6186,13.3314,..
Slovenia,SVN,Energy use (kg of oil equivalent per capita),EG.USE.PCAP.KG.OE,2584.4192705647,2715.39579547481,2827.91079004598,3049.39407580553,3180.19926535879,3310.41012138768,3253.81791483993,3242.49734740677,3281.07859342385,3484.35932286801,3484.57090522828,3539.5091236842,3638.84380821082,3763.9044579396,3735.02431343807,3757.02712910831,3952.12209658593,3514.07527225462,3589.60869535534,3580.6936485935,3428.89786152681,3334.75901290152,3236.59020668788,3195.47512285174,3296.73500361863,3390.66281580197,3341.09971545865,3267.29671944784,3068.8193959428,3144.09351642077,3045.94458555582,2895.95134590199,..,..
Slovenia,SVN,"Population, total",SP.POP.TOTL,1996498,1991746,1989443,1989872,1988628,1985956,1981629,1983045,1988925,1992060,1994530,1995733,1997012,2000474,2006868,2018122,2021316,2039669,2048583,2052843,2057159,2059953,2061980,2063531,2065042,2066388,2073894,2088385,2102419,2108079,2112076,2120461,2127400,..
Slovenia,SVN,Urban population (% of total population),SP.URB.TOTL.IN.ZS,50.6631317138672,50.3572006225586,50.1755294799805,50.2029106884133,50.2747487580715,50.3755853554947,50.4899621472228,50.6024207997953,50.6975029797519,50.7597503536323,50.7744556266555,50.7553842628349,50.7124410611224,50.648781400021,50.5672552816963,50.4707127083144,50.3620036820409,50.2439782050416,50.1194862794826,49.9463818748723,49.7619476318359,50.0466580754027,50.983470916748,53.6612160294144,53.647274017334,55.2451133728027,55.1913430955675,55.4523277282715,55.384391784668,55.3046289429588,55.3377817873563,55.5378927789875,55.7577708405917,..
Solomon Islands,SLB,"GDP per capita, PPP (constant 2021 international $)",NY.GDP.PCAP.PP.KD,2644.50052422748,2669.67595845149,2802.23251201901,2996.27162353451,2957.81917928087,2848.31969373436,2805.2662186594,2717.52715749125,2276.82191920056,2055.27436724543,1960.42387516654,2050.30870033396,2168.50586845628,2287.27362263512,2340.65153178621,2384.31783066088,2489.78306207696,2514.89101043351,2682.28532344354,2777.47851512924,2743.45849913875,2783.59190841229,2716.42200217839,2664.72477884762,2715.23362293936,2703.66346303885,2686.11900111375,2661.61667922254,2515.14143211528,2449.87009821452,2330.10309195408,2339.57493302805,2353.24808229243,..
Solomon Islands,SLB,Carbon dioxide (CO2) emissions (total) excluding LULUCF (Mt CO2e),EN.GHG.CO2.MT.CE.AR5,0.1806,0.1826,0.1877,0.1703,0.1718,0.1771,0.1822,0.1819,0.2328,0.2555,0.2678,0.278,0.2865,0.2989,0.2998,0.3237,0.3284,0.3279,0.3585,0.3728,0.3719,0.3931,0.3745,0.3336,0.3236,0.2919,0.3252,0.3193,0.3077,0.3326,0.299,0.2998,0.3145,..
Solomon Islands,SLB,Energy use (kg of oil equivalent per capita),EG.USE.PCAP.KG.OE,..,..,..,..,..,..,..,..,..,..,..,..,122.205342901871,120.062929535481,120.017738214868,127.960076456146,..,..,..,..,..,..,..,..,..,..,..,..,..,..,..,..,..,..
Solomon Islands,SLB,"Population, total",SP.POP.TOTL,352205,362839,373675,384733,396009,407474,419071,430500,440469,449125,457671,466154,474611,483080,491594,500156,508790,518141,532968,552945,573606,594945,616908,639415,662379,685672,709101,728147,744498,762591,781066,800005,819198,..
Solomon Islands,SLB,Urban population (% of total population),SP.URB.TOTL.IN.ZS,14.1156307980977,14.28070381854,14.4475349923074,14.620892263109,14.8055435746538,15.006256870651,15.2278000948096,15.4759628886412,15.7523593692696,16.0619258388978,16.4026212138182,16.7733115757749,17.172863006512,17.6001415877737,18.0540134013038,18.5333445288467,19.0370010521463,19.5633740998673,20.1194058206257,20.7284892962955,21.3906964219987,22.1027262484765,22.8612778264703,23.6630502067213,24.5047424399707,25.3830535769599,26.2946826684302,27.275106750276,28.0327555150022,28.6889396820578,29.3511689856806,30.0088821088389,30.6617188562194,..
"Somalia, Fed. Rep.",SOM,"GDP per capita, PPP (constant 2021 international $)",NY.GDP.PCAP.PP.KD,803.787078571713,812.557291159159,634.727734128934,636.662071307674,663.351131548354,648.017163551169,662.674857185695,682.979123343567,702.850071117611,723.37973295051,749.913550912115,777.884552733299,803.059780580571,830.807245939909,857.993655901941,887.36935223579,919.132083452828,956.220325392405,995.225555512318,1054.36214979106,1114.80414892809,1197.72166459747,1259.27432882615,1343.92517439606,1384.15517410135,1527.66029071672,1504.97908203481,1491.29493918405,1396.05544674978,1392.31782053371,1387.54753732191,1401.64735228455,1409.33492233283,..
"Somalia, Fed. Rep.",SOM,Carbon dioxide (CO2) emissions (total) excluding LULUCF (Mt CO2e),EN.GHG.CO2.MT.CE.AR5,0.3777,0.3873,0.386,0.3966,0.4105,0.4081,0.418,0.4359,0.6253,0.6627,0.7384,0.7524,0.7421,0.7544,0.7794,0.7896,0.7631,0.7756,0.7885,0.7883,0.7783,0.7827,0.7732,0.8225,0.8378,0.8367,0.8562,0.8465,0.7896,0.8172,0.8329,0.8496,0.8652,..
"Somalia, Fed. Rep.",SOM,Energy use (kg of oil equivalent per capita),EG.USE.PCAP.KG.OE,..,..,..,..,..,..,..,..,..,..,..,..,..,..,..,..,..,..,..,..,..,..,..,..,..,..,..,..,..,..,..,..,..,..
"Somalia, Fed. Rep.",SOM,"Population, total",SP.POP.TOTL,6495107,6681399,7026797,7285007,7554474,7824525,8155417,8492059,8838713,9198493,9550063,9909157,10280998,10644228,10975502,11322582,11663084,11961201,12261756,12348830,12461160,12869594,13339491,13806963,14348740,14916629,15452487,16030971,16651191,17271431,17801897,18358615,19009151,..
"Somalia, Fed. Rep.",SOM,Urban population (% of total population),SP.URB.TOTL.IN.ZS,30.0394744239389,30.3703404224041,30.7119175783784,31.0655148002693,31.4324409964838,31.8140050754292,32.2115159455126,32.6262825151413,33.0596136927225,33.5128183866634,33.9872055053711,34.4719665654476,34.9620706047618,35.4674928136211,35.9982083823331,36.5641925012053,37.1754203605454,37.8418671506609,38.5735080618592,39.380318284448,40.2722730087349,41.2593474250273,42.3515167236328,43.8618107408479,45.942842729174,48.3639630032265,50.9506215336872,51.6421170703225,52.286318011754,52.9060649733324,53.5010115886789,54.0714435506882,54.6176465524521,..
South Africa,ZAF,"GDP per capita, PPP (constant 2021 international $)",NY.GDP.PCAP.PP.KD,10053.6101212292,9976.96506458374,10130.8058233004,10318.8385984353,10623.8603593151,10770.2779624828,10693.6882326622,10831.6589617949,11183.825503143,11387.492366782,11697.5657261687,11923.1211013633,12341.2102655828,12861.5633089114,13444.2332126058,14016.2444716386,14297.6887802632,13910.7017093394,14164.9958363115,14434.2611456048,14563.7624041032,14681.096638957,14643.3384782936,14541.6748613669,14501.2807823402,14573.5980840004,14553.5615668957,14352.6698709871,13250.5666594456,13681.9548144813,13767.4967589936,13695.3755694076,13597.6538495998,..
South Africa,ZAF,Carbon dioxide (CO2) emissions (total) excluding LULUCF (Mt CO2e),EN.GHG.CO2.MT.CE.AR5,299.6397,301.7907,308.5614,325.1785,336.3377,351.1989,357.2564,340.7664,347.2832,357.3788,370.7728,393.576,425.7469,436.2554,440.6064,459.9521,487.9246,456.9459,464.3532,443.9719,461.2756,475.0891,486.6007,462.2677,460.1959,469.5833,473.4182,477.5446,450.8617,448.5635,429.3281,427.2669,440.1678,..
South Africa,ZAF,Energy use (kg of oil equivalent per capita),EG.USE.PCAP.KG.OE,2104.60311343692,2197.40025902621,2255.95489604194,2357.97344794861,2395.08882561738,2418.36525437478,2434.78353341314,2365.70130153691,2269.37063464901,2180.26593384169,2072.05766349373,2300.85052603256,2478.00378605228,2374.43550245537,2397.99082240112,2576.78503956652,2738.08467369962,2735.00618529644,2518.44190314477,2536.41417638413,2394.39798705356,2341.17923180198,2438.67891656885,2257.19467617813,2311.76901865151,2283.45815447669,2184.87777550689,2231.91074710296,2037.46194166103,2124.62297436572,1938.30644693274,1938.50916018053,..,..
South Africa,ZAF,"Population, total",SP.POP.TOTL,42443509,43297156,44004139,44541554,45123018,45666838,46223880,46730335,47159719,47566800,48019415,48500348,48991421,49490033,49998277,50528584,51114599,51728516,52344051,52995205,53782567,54678791,55594838,56723537,57259551,57635162,58613001,59587885,60562381,61502603,62378410,63212384,64007187,..
South Africa,ZAF,Urban population (% of total population),SP.URB.TOTL.IN.ZS,52.6805094926402,52.893505042748,53.0838026074521,53.2962166180026,53.5749191516739,54.0040163031993,54.6562438276427,55.4408521794673,56.2589954883628,57.0014339378269,57.6723587528482,58.3724341232066,59.0977390950102,59.8241758378997,60.5276465215157,61.1840533154988,61.7692983894896,62.2592839131287,62.6299120560569,62.850627754452,62.9616560303263,63.0524024097034,63.1352327065742,63.2096349937231,63.2750973439347,63.3311078299936,63.3771545246841,63.4127255007908,63.4373088310982,63.4503925883909,63.4766699210327,63.5823705163545,63.6917984858172,..
South Sudan,SSD,"GDP per capita, PPP (constant 2021 international $)",NY.GDP.PCAP.PP.KD,..,..,..,..,..,..,..,..,..,..,..,..,..,..,..,..,..,..,..,..,..,..,..,..,..,..,..,..,..,..,..,..,..,..
South Sudan,SSD,Carbon dioxide (CO2) emissions (total) excluding LULUCF (Mt CO2e),EN.GHG.CO2.MT.CE.AR5,..,..,..,..,..,..,..,..,..,..,..,..,..,..,..,..,..,..,..,..,..,..,..,..,..,..,..,..,..,..,..,..,..,..
South Sudan,SSD,Energy use (kg of oil equivalent per capita),EG.USE.PCAP.KG.OE,..,..,..,..,..,..,..,..,..,..,..,..,..,..,..,..,..,..,..,..,59.2749172998602,60.5484890514934,62.1484252216993,76.3915617802014,70.8326893678568,69.9997248691173,76.5851681637923,75.7046918043061,72.108308743408,72.6949436429603,69.0433646121056,..,..,..
South Sudan,SSD,"Population, total",SP.POP.TOTL,4909749,4956002,5071184,5225836,5356925,5509136,5620068,5771628,6032267,6308391,6596806,6903127,7233041,7590143,7976526,8388788,8817647,9243556,9745953,10288109,10756240,11166275,11235073,11107561,10830102,10259154,10122977,10423384,10698467,10865780,11021177,11483374,11943408,..
South Sudan,SSD,Urban population (% of total population),SP.URB.TOTL.IN.ZS,13.8010477426381,14.1628125972768,14.4519115878723,14.741959594823,15.0253277804679,15.299558729894,15.5621950281887,15.8107792604388,16.0428540117317,16.2559618671544,16.447645411794,16.6154472307377,16.7569099090725,16.8695760318857,16.9509881842643,16.9986889512954,17.0301141193955,17.2937284639317,17.535620199576,17.7817678106789,18.0321885447664,18.2868996493633,18.5459183719929,18.8092619601773,19.0769476614377,19.3489927232944,19.6254143932663,19.9062299188719,20.1914565476286,20.4811115270532,20.7752121046616,21.0737755279692,21.3768190444906,..
Spain,ESP,"GDP per capita, PPP (constant 2021 international $)",NY.GDP.PCAP.PP.KD,32641.082719936,32137.3138437727,32746.9287826598,33501.7314182929,34232.3786868602,35312.0862854389,36679.0942334698,38141.316878689,39945.8971298178,41224.2924057393,41766.0378188791,42223.130174522,42793.3902326006,43570.7652574033,44572.6815459931,45301.2843416374,44926.348951812,42852.220888454,42695.5274189933,42271.8346788238,41034.0481566356,40594.914008768,41339.4111169417,43053.761430314,44274.6676149922,45446.2508575695,46325.2099441141,46896.4171141424,41553.4477945675,44251.6658222621,46733.4809780536,47322.5937004504,48460.2914069661,..
Spain,ESP,Carbon dioxide (CO2) emissions (total) excluding LULUCF (Mt CO2e),EN.GHG.CO2.MT.CE.AR5,245.4839,231.1055,242.1689,255.0491,244.7984,263.9908,272.6113,294.7226,310.3327,310.5378,328.5903,335.9673,352.4974,367.8339,358.3338,371.5076,340.1206,300.4025,287.7519,289.521,284.9722,256.3568,255.241,271.5397,263.0479,278.3849,271.7891,254.3514,214.4546,233.1927,238.6544,220.9934,220.0839,..
Spain,ESP,Energy use (kg of oil equivalent per capita),EG.USE.PCAP.KG.OE,2430.88437246788,2319.50158512719,2435.94127282847,2537.01654979213,2489.29122824676,2634.70993203434,2756.25615027943,2878.01236592727,2991.49306471374,3048.84384472463,3095.99686843763,3145.4023925367,3226.28942874321,3239.54436471806,3190.72627710892,3168.95970956596,3015.00798974738,2749.85548907362,2735.18257337486,2684.34318918947,2677.18038552382,2506.25540520067,2458.57177736167,2552.40125248088,2563.00704379932,2690.49733287835,2666.26079715432,2573.90442450746,2303.51311623486,2422.46704705393,2408.92811488939,2293.70814634203,..,..
Spain,ESP,"Population, total",SP.POP.TOTL,39157685,39361262,39549108,39724050,39889852,40057389,40223509,40386875,40567864,40850412,41431558,42187645,42921895,43653155,44397319,45226803,45954106,46362946,46576897,46742697,46773055,46604197,46460733,46422303,46458139,46571232,46782011,47118501,47359424,47443821,47786102,48352528,48848840,..
Spain,ESP,Urban population (% of total population),SP.URB.TOTL.IN.ZS,75.1991108679216,75.3443453546763,75.4723725309182,75.588297274636,75.6972244638181,75.804258976453,75.9145056905294,76.0330694840356,76.1650552349602,76.3156889510385,76.4934217249538,76.709335590859,76.9549627547133,77.2206801920294,77.4968648783202,77.7738937890987,78.0421438998777,78.2919921861701,78.5138156234888,78.695397956495,78.8455680301618,78.9858086902112,79.1196713833488,79.2454892743023,79.3615955277997,79.4663233085683,79.5580057813361,79.6349761108307,79.6955674617799,79.7846242983598,79.9548794567814,80.128491001856,80.315199821207,..
Sri Lanka,LKA,"GDP per capita, PPP (constant 2021 international $)",NY.GDP.PCAP.PP.KD,4866.23941153137,5114.43630396951,5322.72963127148,5523.31225393965,5624.02393650599,5871.72297557268,6032.62212630498,6176.23548455949,6428.61341890463,6230.03051864853,6409.86278893446,6741.01248849424,7059.91098068568,7452.74234124518,7970.66491021045,8454.2067533326,8897.82686006864,9156.31906483165,9832.18622338643,10618.4926000405,11447.6937738135,12249.7223348096,12909.9663068885,13329.7793438947,13845.6146782368,14572.4858214565,14759.8248945765,14637.44429132,13886.6513728651,14316.1352225683,13249.065064602,13024.9404319855,13752.836740386,..
Sri Lanka,LKA,Carbon dioxide (CO2) emissions (total) excluding LULUCF (Mt CO2e),EN.GHG.CO2.MT.CE.AR5,5.5124,5.3962,6.2233,6.2434,8.8106,8.7878,9.0747,10.0281,11.4667,11.3742,11.8987,12.8592,13.2787,14.4301,13.1944,14.124,13.3044,12.7772,13.5184,15.908,17.8941,14.837,17.8805,19.7111,23.486,23.4107,21.9829,23.973,22.6144,22.8196,20.7971,21.5803,23.3347,..
Sri Lanka,LKA,Energy use (kg of oil equivalent per capita),EG.USE.PCAP.KG.OE,343.296447715386,355.8282310162,336.751423969568,341.934236767293,375.359188772233,381.683287158944,380.75209939329,399.100833601744,431.62116957475,410.71839857146,413.944440993586,435.190736130853,438.022357631525,445.253637299827,446.303743469172,451.932624363217,437.179899601695,441.000672616531,467.291270770327,472.004070198765,481.924833084376,456.565215233171,485.842992855467,501.472734960701,542.532333545075,514.191694784091,508.499276672792,523.423393496303,511.066363818929,527.11680981294,473.920825625094,..,..,..
Sri Lanka,LKA,"Population, total",SP.POP.TOTL,16739284,17025918,17275773,17564068,17905018,18248200,18596003,18944731,19293054,19600362,19805752,19951521,20087605,20216524,20352411,20492545,20629378,20756435,20879089,21009048,21169458,20585000,20778000,20970000,21209000,21453000,21670000,21803000,21919000,22156000,22181000,22037000,21916000,..
Sri Lanka,LKA,Urban population (% of total population),SP.URB.TOTL.IN.ZS,17.1453343172557,16.6924029697495,16.2630967827755,15.8652068539762,15.5065242809941,15.1948401614719,14.9379455930521,14.7436316733772,14.6196895000898,14.5739539539707,14.6107836754127,14.7256630416211,14.9130061059922,15.167273918248,15.4829275281105,15.8544279853018,16.2762363395441,16.7428136405592,17.2486209380693,17.7881192817964,18.2617686748284,18.4323136480916,18.6153877203724,18.796256612131,18.9747679368162,19.1507693078088,19.3241083384127,19.4946326418437,19.6621898312161,19.8266275195269,19.9877933196367,20.1455348442463,20.2996997058686,..
St. Kitts and Nevis,KNA,"GDP per capita, PPP (constant 2021 international $)",NY.GDP.PCAP.PP.KD,14557.184258305,15348.6887799847,15955.8375010028,16596.2656266287,17340.2234624221,18288.4943671657,17963.6992379347,18291.4229188676,19840.5800645267,20648.7889741472,20813.4050029806,19927.1818314137,20661.3458642993,22612.7126559455,23258.9842253211,23330.0442404195,25898.7823620981,24973.8045286303,24997.5672513428,25380.0087348215,25114.0572603244,26532.1016561725,28530.3072249013,28729.566447667,29867.0265589791,29948.9200065682,30576.2486749244,31512.1943105684,26736.9283563771,26896.6177065978,29749.8700864823,30616.577281386,30656.4410109367,..
St. Kitts and Nevis,KNA,Carbon dioxide (CO2) emissions (total) excluding LULUCF (Mt CO2e),EN.GHG.CO2.MT.CE.AR5,0.0279,0.0337,0.04,0.0337,0.039,0.04,0.041,0.0415,0.0497,0.0508,0.058,0.0603,0.0654,0.0608,0.0693,0.0765,0.0804,0.0905,0.0987,0.0778,0.0798,0.091,0.0973,0.1019,0.1115,0.104,0.1111,0.1302,0.1196,0.1162,0.1301,0.1305,0.1351,..
St. Kitts and Nevis,KNA,Energy use (kg of oil equivalent per capita),EG.USE.PCAP.KG.OE,..,..,..,..,..,..,..,..,..,..,..,..,1640.93706142718,1701.22962292999,1696.40748137173,1777.07360938637,..,..,..,..,..,..,..,..,..,..,..,..,..,..,..,..,..,..
St. Kitts and Nevis,KNA,"Population, total",SP.POP.TOTL,40715,41242,41776,42326,42877,43428,43998,44601,45248,45761,46020,46176,46315,46437,46569,46706,46835,46916,46846,46886,47033,47069,47089,47087,47075,47050,47008,46952,46870,46763,46709,46758,46843,..
St. Kitts and Nevis,KNA,Urban population (% of total population),SP.URB.TOTL.IN.ZS,34.315544470369,34.1362064106915,33.9452400262317,33.7463783110243,33.543354259104,33.3399008645055,33.1397511212637,32.9466380234133,32.764294564989,32.5960599951138,32.4368354358251,32.2808981467536,32.1287199225823,31.9804975781124,31.8364279281447,31.6967077874804,31.5615339709202,31.4311032932653,31.3056125693165,31.2000648379646,31.2035138804223,31.2131485582887,31.2290015317909,31.2513929695583,31.2806171906169,31.3169642505921,31.3607229995076,31.4121818392285,31.4716289738952,31.5393525093972,31.6156404983167,31.7007809622822,31.795061903951,..
St. Lucia,LCA,"GDP per capita, PPP (constant 2021 international $)",NY.GDP.PCAP.PP.KD,18166.2078109226,18004.0320073031,18020.5127590631,18048.780665013,18301.1522745648,17920.034113687,18786.9976028018,19039.4630213718,18818.8855989431,17993.6372662268,17911.6297765068,18522.5129630157,19715.8297745985,19491.2182260584,20551.0599501307,20759.3043872305,21651.233776084,20907.3343580129,20849.0551242245,21637.8686925992,21515.89963362,21029.2888872138,21214.4773346334,21142.9733304366,21775.4737658629,22422.5970388018,22981.9179294013,22738.2471068581,17142.044063192,19101.1652956675,22962.2818144554,23403.7440265988,24252.4688588491,..
St. Lucia,LCA,Carbon dioxide (CO2) emissions (total) excluding LULUCF (Mt CO2e),EN.GHG.CO2.MT.CE.AR5,0.0722,0.0703,0.0847,0.0832,0.0825,0.0847,0.0867,0.0878,0.0968,0.1036,0.0975,0.1135,0.11,0.1154,0.128,0.1384,0.1496,0.1613,0.1823,0.1412,0.1459,0.1667,0.1778,0.1824,0.1964,0.1963,0.2592,0.2947,0.2776,0.2822,0.2961,0.297,0.3075,..
St. Lucia,LCA,Energy use (kg of oil equivalent per capita),EG.USE.PCAP.KG.OE,..,..,..,..,..,..,..,..,..,..,..,..,730.642539226371,743.427017225748,714.118543678251,763.003850785059,..,..,..,..,..,..,..,..,..,..,..,..,..,..,..,..,..,..
St. Lucia,LCA,"Population, total",SP.POP.TOTL,141617,143726,145890,148208,150436,152569,154677,156702,158616,160237,161641,162976,164239,165450,166639,167758,168808,169869,170906,171801,172587,173369,174138,174905,175646,176342,177017,177661,178250,178522,178781,179285,179744,..
St. Lucia,LCA,Urban population (% of total population),SP.URB.TOTL.IN.ZS,29.5408675059156,29.4587481057258,29.3316316964674,29.1636117100817,28.9587815785097,28.7212347336928,28.4550646075721,28.1643646320887,27.8532282391838,27.5160334778671,26.9383251458178,26.0119584764195,24.8459172882296,23.5419158996884,22.2016686292365,20.9268897953144,19.8192937163625,18.9805947108213,18.5125070971313,18.4743479557314,18.6193081275177,18.9258370999948,19.3915445904726,20.0204288176073,20.8164880000551,21.783720356472,22.9261241055144,24.2476974658382,25.7524386560998,27.4443458949551,29.097678526676,29.0976313248036,29.0973354237452,..
St. Martin (French part),MAF,"GDP per capita, PPP (constant 2021 international $)",NY.GDP.PCAP.PP.KD,..,..,..,..,..,..,..,..,..,..,..,..,..,..,..,..,..,..,..,..,..,..,..,..,..,..,..,..,..,..,..,..,..,..
St. Martin (French part),MAF,Carbon dioxide (CO2) emissions (total) excluding LULUCF (Mt CO2e),EN.GHG.CO2.MT.CE.AR5,..,..,..,..,..,..,..,..,..,..,..,..,..,..,..,..,..,..,..,..,..,..,..,..,..,..,..,..,..,..,..,..,..,..
St. Martin (French part),MAF,Energy use (kg of oil equivalent per capita),EG.USE.PCAP.KG.OE,..,..,..,..,..,..,..,..,..,..,..,..,..,..,..,..,..,..,..,..,..,..,..,..,..,..,..,..,..,..,..,..,..,..
St. Martin (French part),MAF,"Population, total",SP.POP.TOTL,29081,29282,29413,29470,29443,29323,29107,29284,29996,30803,31604,32395,33171,33928,34658,35337,35958,36502,36856,37069,37276,37419,37450,37369,37175,36837,36012,34267,31786,29961,28870,27515,26129,..
St. Martin (French part),MAF,Urban population (% of total population),SP.URB.TOTL.IN.ZS,100,100,100,100,100,100,100,100,100,100,100,100,100,100,100,100,100,100,100,100,100,100,100,100,100,100,100,100,100,100,100,100,100,..
St. Vincent and the Grenadines,VCT,"GDP per capita, PPP (constant 2021 international $)",NY.GDP.PCAP.PP.KD,7984.07959662088,8306.77527139188,8189.84362711098,8815.84871825748,8923.70555514296,9234.69888368764,9609.10378620502,9853.34736551962,9999.05879203685,10177.8094583896,10736.0878714164,11475.3312414531,11979.907294501,12320.0710011077,13233.4068930431,13732.3622591495,13850.3936790063,13723.7838252622,13175.7230154228,13168.8964291743,13397.9632982701,13804.1837951887,14040.2460690452,14508.8609465459,15197.7482513352,15533.2212821544,16139.0661084965,16365.3255785124,15763.7054382539,16200.8994597845,16835.023514541,17858.2446468702,18714.198849353,..
St. Vincent and the Grenadines,VCT,Carbon dioxide (CO2) emissions (total) excluding LULUCF (Mt CO2e),EN.GHG.CO2.MT.CE.AR5,0.0342,0.0278,0.0509,0.0556,0.0496,0.0598,0.0668,0.0676,0.0419,0.0485,0.0556,0.0601,0.0643,0.0663,0.0731,0.0782,0.0815,0.1241,0.097,0.069,0.0876,0.0825,0.0922,0.0951,0.1012,0.1091,0.1102,0.1165,0.1238,0.1174,0.1271,0.1275,0.132,..
St. Vincent and the Grenadines,VCT,Energy use (kg of oil equivalent per capita),EG.USE.PCAP.KG.OE,..,..,..,..,..,..,..,..,..,..,..,..,584.924890326583,595.820364606492,624.921884764404,627.628193058432,..,..,..,..,..,..,..,..,..,..,..,..,..,..,..,..,..,..
St. Vincent and the Grenadines,VCT,"Population, total",SP.POP.TOTL,112509,112735,112918,113047,113119,113141,113180,113366,113545,113501,113347,113141,112835,112450,112014,111531,111028,110508,109959,109349,108736,108135,107535,106960,106349,105663,104926,104167,103526,102841,102046,101323,100616,..
St. Vincent and the Grenadines,VCT,Urban population (% of total population),SP.URB.TOTL.IN.ZS,43.9730261698332,44.0568821225065,44.155714886646,44.2664367297579,44.3859599193481,44.5111967229227,44.6390594079879,44.7664602420497,44.8903114926141,45.0076571524878,45.1214266763803,45.236152710942,45.3517185236482,45.4681221654846,45.5853616874371,45.7034351404912,45.8223405756329,45.9420760438477,46.0626395961215,46.18402928344,46.3063114823836,46.4319347036311,46.5579930468544,46.6845638727475,46.8116589511271,46.9392900518098,47.0674689446123,47.1962073993512,47.3255171858432,47.4554100739049,47.585897833353,47.7169922340041,47.8487050456749,..
Sudan,SDN,"GDP per capita, PPP (constant 2021 international $)",NY.GDP.PCAP.PP.KD,2709.7900390625,2777.27490234375,2736.47192382813,2824.63208007813,2924.29077148438,3380.18676757813,3441.17919921875,3459.22998046875,3575.85205078125,3701.548828125,3814.31323242188,3946.92260742188,4041.05712890625,4152.32275390625,4299.97412109375,4415.78515625,4446.40966796875,4188.0546875,4219.8369140625,4467.6259765625,4145.931640625,4130.48583984375,4207.50048828125,4159.1943359375,4174.56103515625,4061.01831054688,3816.65991210938,3625.52319335938,3401.24975585938,3248.9755859375,3132.0771484375,2181.0791015625,1861.39794921875,..
Sudan,SDN,Carbon dioxide (CO2) emissions (total) excluding LULUCF (Mt CO2e),EN.GHG.CO2.MT.CE.AR5,4.6814,3.3442,4.915,4.5979,4.5318,5.4796,4.9223,5.4435,6,6.5484,7.9985,8.2143,9.2338,10.8686,13.2804,14.4005,15.3767,15.9281,16.9129,16.2393,17.5247,17.6235,18.516,21.5583,23.9363,23.6627,23.6471,23.4708,21.6685,23.6032,21.4434,21.7036,21.8678,..
Sudan,SDN,Energy use (kg of oil equivalent per capita),EG.USE.PCAP.KG.OE,462.480044376231,439.22493414856,496.439746631402,485.611785120867,486.421910396116,485.578928301363,478.711864498464,517.980162387418,486.895648884188,494.123605509951,517.547585761207,491.363979157765,481.357152467204,485.749820750348,508.243151523165,477.508307525311,472.804911242702,481.629873791934,444.591378410567,467.4243451203,390.663141094355,474.39791148882,475.661985814283,463.361659242171,448.456631655364,443.093596413321,435.149435651597,435.397595484311,422.22104307002,426.11403674166,411.780538179181,..,..,..
Sudan,SDN,"Population, total",SP.POP.TOTL,22927355,23445592,24043948,24672143,25231528,25799821,26458999,27130613,27816745,28516770,29228727,29896035,30556637,31262444,31992435,32764135,33623980,34569113,35414399,36140806,36923178,37785849,38823318,40024431,41259892,42714306,44230596,45548175,46789231,48066924,49383346,50042791,50448963,..
Sudan,SDN,Urban population (% of total population),SP.URB.TOTL.IN.ZS,31.7438179745549,31.9884478944617,32.0486931236115,32.1100625013715,32.1664651904255,32.2179601401085,32.2646062997555,32.3064626187016,32.3435880462815,32.3760415318304,32.4038820246832,32.4271684741748,32.4459598296403,32.4603150404146,32.4702930558327,32.4759528252296,32.4816230749746,32.5774622972843,32.7174026591513,32.9059760141986,33.1425561614901,33.4264777958103,33.7624582408117,34.0914394628597,34.1881958841213,34.2872225663509,34.382054222005,34.4727685824236,34.5594433789246,34.6421563427994,34.7209852053086,34.7960076976764,34.8673015510839,..
Suriname,SUR,"GDP per capita, PPP (constant 2021 international $)",NY.GDP.PCAP.PP.KD,17455.1256454322,16217.1660347103,16648.5345258933,16368.311360582,16184.4999295065,16754.3511427064,16789.7549005356,16217.5173031438,16220.1790603262,16556.9440609927,16678.0718706582,17383.5015505612,18585.5170864176,19220.2839696605,20113.6707547695,20902.1391589279,21515.8119551093,21906.4105447498,22772.4754543689,23829.5332856393,24193.8412373922,24624.0219854601,24414.3554759734,23327.5252497447,21950.4122148625,22070.5137570835,22938.5353715545,22966.7405999124,19091.3617184226,18458.234999681,18742.5873760369,19020.8663908707,19179.1018321639,..
Suriname,SUR,Carbon dioxide (CO2) emissions (total) excluding LULUCF (Mt CO2e),EN.GHG.CO2.MT.CE.AR5,1.2248,1.2303,1.2371,1.2612,1.2451,1.2818,1.3026,1.2755,1.4802,1.5206,1.1182,1.2348,1.3939,1.6888,1.5314,1.4148,1.4601,1.452,1.7497,1.9566,2.4449,2.2883,2.6212,2.7261,2.9607,2.4504,2.1512,2.6613,2.6044,2.7191,2.8628,2.496,2.5765,..
Suriname,SUR,Energy use (kg of oil equivalent per capita),EG.USE.PCAP.KG.OE,..,..,..,..,..,..,..,..,1279.91009868174,1352.00051071083,963.414526111558,1004.17207760767,1086.0286292677,1231.36166250567,1174.71907397922,1117.32432132435,1176.34643873161,1163.89303819747,1351.36214118486,1676.95221892351,1411.63824385599,1713.83746780444,1785.94876899071,1577.31172890225,1728.65071732658,1613.95464252908,1523.99899313139,1730.83708121822,1688.41378493841,1698.95174083857,1738.82345454805,1695.16378963307,..,..
Suriname,SUR,"Population, total",SP.POP.TOTL,417589,419352,422375,429606,438830,448067,457406,466916,476643,486560,496551,506414,513923,519313,524997,531016,537245,543568,549923,556269,562633,569020,575373,581627,587757,593713,599513,605768,612317,617896,623164,628886,634431,..
Suriname,SUR,Urban population (% of total population),SP.URB.TOTL.IN.ZS,66.4539597967158,66.491660659069,66.5282351123459,66.5632812810604,66.5963972897263,66.6271812628574,66.6552313249677,66.680145600571,66.7015222141811,66.718959290312,66.7320549534773,66.7404073281911,66.743604713168,66.7321826490881,66.6967982269052,66.6433180134835,66.5776961831642,66.5058869102882,66.4338443691967,66.3675227342307,66.3132562693376,66.2683575134509,66.2249266178037,66.1828815074718,66.1426466980469,66.1046467051207,66.0693060442846,66.0370492311305,66.00830078125,65.9853973388672,65.8985443115234,65.7562408447266,65.7641857200885,..
Sweden,SWE,"GDP per capita, PPP (constant 2021 international $)",NY.GDP.PCAP.PP.KD,39120.9249133997,38090.9458960736,39340.0016622619,40736.4273400135,41364.9857254278,42608.4136690457,44392.8449919299,46221.8079937232,48284.8001841043,48810.644590655,49760.2161636006,50507.9330738641,52412.411275873,53661.3178643623,55855.4978279347,57230.7901610156,56262.4700751994,53411.2005853182,56003.2704715511,57340.5039813247,56682.0187013753,56843.1649263734,57574.0500485264,59468.3538687625,59977.3886010694,60288.7998168676,60647.449528586,61601.6292338778,59975.3644061895,62731.700616293,63088.4236678734,62662.7652797761,62978.9390459835,..
Sweden,SWE,Carbon dioxide (CO2) emissions (total) excluding LULUCF (Mt CO2e),EN.GHG.CO2.MT.CE.AR5,60.1881,60.2661,62.9432,62.6424,67.7555,61.7963,63.0045,61.6853,57.9841,58.0584,59.3887,59.6586,58.0655,54.5336,55.0985,52.8433,51.7125,46.9207,52.8835,48.4621,45.7287,43.9685,42.7792,42.9009,42.49,41.8362,39.6483,39.4951,38.0388,40.4785,37.7526,36.6683,37.7742,..
Sweden,SWE,Energy use (kg of oil equivalent per capita),EG.USE.PCAP.KG.OE,5369.06986784062,5333.87357287498,5659.95258523583,5701.87027966891,5824.79922638629,5683.45838854063,5783.40686535687,5675.23773166234,5375.75151158851,5701.68206771918,5826.34189342548,5676.54834518443,5872.97554411383,5711.64214196537,5532.76265714386,5464.45613719356,5383.76479707233,4891.39219246248,5443.32366800687,5281.40096330574,5295.92806615816,5178.9349383913,4997.87990362276,4573.58907986933,4858.89940544006,4926.81117539334,4966.26111814633,4781.87568337501,4284.99805555044,4558.74420693219,4323.66572139304,4288.83333908122,..,..
Sweden,SWE,"Population, total",SP.POP.TOTL,8668067,8718561,8780745,8826939,8840998,8846062,8850974,8857874,8872109,8895960,8924958,8958229,8993531,9029572,9080505,9148092,9219637,9298515,9378126,9449213,9519374,9600379,9696110,9799186,9923085,10057698,10175214,10278887,10353442,10415811,10486941,10536632,10569709,..
Sweden,SWE,Urban population (% of total population),SP.URB.TOTL.IN.ZS,83.6078889853357,83.7269008050895,83.8312298868944,83.9000015258789,83.9365712484942,83.96246905017,83.9840819295031,84.00779688509,84.0400009155273,84.0827152824223,84.1342508376823,84.1954289653543,84.2670710494849,84.3499984741211,84.4553200620359,84.5906875454778,84.7517366727063,84.9341031919813,85.1334228515625,85.3600748880524,85.6250668883122,85.9249771259894,86.2563838747314,86.6158654081858,87,87.237373786911,87.4737430925296,87.7088420242759,87.9424046895699,88.1741651958315,88.4038576504809,88.631216160938,88.8559748346228,..
Switzerland,CHE,"GDP per capita, PPP (constant 2021 international $)",NY.GDP.PCAP.PP.KD,61922.8908444333,61284.2042587758,61569.5965405613,61453.6297020666,61471.1689633393,62709.9871171841,64418.3857592838,65177.8822005074,67378.3901472877,68008.3441852855,67446.4044310268,66926.167976443,68263.4411390817,69692.5954827493,72077.8598470308,74234.3010991931,75355.202488789,72709.8138293408,74290.2619629278,74800.8886353533,74883.6158924249,75354.1550500884,76189.6018443969,76566.0772542148,77301.2124304857,77626.9027376941,79261.3563641288,79596.7029465098,77324.8870934007,81001.4111206118,82777.293582076,82295.2993346568,82286.1801896488,..
Switzerland,CHE,Carbon dioxide (CO2) emissions (total) excluding LULUCF (Mt CO2e),EN.GHG.CO2.MT.CE.AR5,47.0328,44.7243,43.7923,44.5751,45.1252,43.8343,45.2969,45.5649,44.7643,46.1887,44.5779,45.8584,46.4029,47.0336,46.607,44.6163,45.9807,44.618,46.3246,42.2875,43.6002,44.6067,40.8955,40.2217,40.7885,39.8183,38.5179,38.3954,35.9401,37.6301,34.4805,33.6661,33.7321,..
Switzerland,CHE,Energy use (kg of oil equivalent per capita),EG.USE.PCAP.KG.OE,3606.20840062565,3479.20943929761,3482.93560412511,3405.68478072749,3459.89061670209,3513.12639714122,3544.34495422887,3533.47941266544,3466.50613217002,3658.06649907658,3537.53750331779,3524.60535957512,3513.04226751483,3469.41664326823,3600.20599088199,3391.3409304186,3480.20255913467,3460.61144395548,3323.41218501892,3181.06687778874,3175.97090168674,3274.49948136129,3031.17447656808,2927.96015319396,2819.83095943189,2809.47945669194,2806.4991558403,2857.15819180217,2690.39023280182,2619.80556120156,2591.92141040481,2511.37154209497,..,..
Switzerland,CHE,"Population, total",SP.POP.TOTL,6875364,6938265,6993795,7040687,7071850,7088906,7110001,7143991,7184250,7229854,7284753,7339001,7389625,7437115,7483934,7551117,7647675,7743831,7824909,7912398,7996861,8089346,8188649,8282396,8373338,8451840,8514329,8575280,8638167,8704546,8777088,8888822,9005582,..
Switzerland,CHE,Urban population (% of total population),SP.URB.TOTL.IN.ZS,69.820059647118,70.4051871933076,70.9804424734025,71.5294706058473,72.0359167090865,72.4834259015645,72.8556433017258,73.1362140280151,73.302430524727,73.3762992611964,73.4195324136588,73.4518762174754,73.4761317507392,73.4951000915434,73.5115823179813,73.5283795081459,73.5482927401305,73.5741230920283,73.6086716419323,73.65058748615,73.7522629583622,74.1121384785551,74.7402679059582,75.6044960143169,76.6726675773771,77.9126273688843,79.2922201625844,80.7792907322229,82.3416838515457,84.2006477608879,84.9206266284521,85.1854212679815,85.4615370020764,..
Syrian Arab Republic,SYR,"GDP per capita, PPP (constant 2021 international $)",NY.GDP.PCAP.PP.KD,6662.24314240165,6861.79504697602,7142.95380147314,7431.354210148,7943.44060493443,8126.36577647131,8456.78287525056,7951.39014713749,7807.92995548742,7698.3969367866,7811.81601910972,8177.54506854394,8528.65604597154,8828.94590461523,8885.80539630373,8829.30906367425,8903.77225264131,9284.10162126587,9546.56048805399,9648.82426718361,7144.37244952745,5530.97472757035,5301.62535257941,5302.07413721497,5022.1127178437,4977.79210063798,4956.09296464777,4825.40602053761,4633.34951847728,4592.83860100874,4454.85373271464,..,..,..
Syrian Arab Republic,SYR,Carbon dioxide (CO2) emissions (total) excluding LULUCF (Mt CO2e),EN.GHG.CO2.MT.CE.AR5,35.8801,36.8716,38.8836,40.5128,43.5278,43.335,46.0151,45.2083,45.9017,46.0132,45.8279,45.9819,48.0318,58.8097,61.5688,65.0228,66.6794,62.4091,62.6918,58.6181,46.2477,31.195,30.9873,28.1357,25.8772,31.0807,34.0047,33.3171,31.7492,32.0363,31.1656,31.3571,31.4498,..
Syrian Arab Republic,SYR,Energy use (kg of oil equivalent per capita),EG.USE.PCAP.KG.OE,814.819645402187,794.604852618065,805.004392109051,827.60077910839,850.454402791897,899.532946800197,977.304115507345,948.559637124059,928.43318140297,929.373810570742,942.482652914674,924.928080979621,943.040677936742,1105.30501136572,1101.63821463784,1084.27313710466,1066.1371934826,977.72847382215,963.588419410325,904.135064400008,703.569051687656,559.338291333188,618.190560387965,560.58265085038,530.409473294403,596.403223195594,556.886951170305,553.834989219194,509.57367220202,492.146135843866,454.532086054546,..,..,..
Syrian Arab Republic,SYR,"Population, total",SP.POP.TOTL,13385571,13795686,14208583,14616801,15018104,15417542,15820413,16228061,16637888,17051338,17468332,17889296,18336875,18814091,19637022,20884125,21636564,21976969,22482421,22878098,22759763,21666917,20273659,19424618,19193834,19224668,19577845,20353534,21049429,21628839,22462173,23594623,24672760,..
Syrian Arab Republic,SYR,Urban population (% of total population),SP.URB.TOTL.IN.ZS,49.2650458476971,49.5009544172498,49.7587435362079,50.0454433199127,50.3656541639413,50.7142395730045,51.085856389276,51.4751614549293,51.876811612138,52.2854637030759,52.6957745699164,53.1024010548332,53.5,53.8227202374695,54.059770380523,54.2883969431774,54.5858464394493,55.0293653833552,55.6962002889119,58.4817704183521,65.0896662830335,73.0620491886137,76,75.7529067188542,75.15400963398,74.5395596323392,74.0612602381775,73.8248788261986,73.4125031102512,73.0125007629395,72.6124992370605,72.1673803143204,72.0761345758254,..
Tajikistan,TJK,"GDP per capita, PPP (constant 2021 international $)",NY.GDP.PCAP.PP.KD,2630.38658066186,2169.96747353928,1678.33851733918,1439.50277584065,1175.79407235242,1181.28110133633,1236.67552895556,1275.82249026045,1365.23327447129,1467.39882474638,1594.93890470219,1736.64039749855,1878.28696227255,1965.30020458256,2063.288508243,2181.89798056536,2308.09430040334,2349.50030269416,2449.27358745359,2572.48074895498,2700.09546037358,2828.38542075147,2943.08867917317,3041.44479553257,3169.9667820524,3312.71202243506,3479.69235966041,3649.88375518646,3724.7489591466,3985.91247611219,4213.75618362687,4472.3241378777,4755.93296704719,..
Tajikistan,TJK,Carbon dioxide (CO2) emissions (total) excluding LULUCF (Mt CO2e),EN.GHG.CO2.MT.CE.AR5,8.5568,5.7987,3.5887,3.0457,2.7006,2.9766,3.2154,2.9958,2.7846,2.7419,2.7554,2.8163,3.3521,3.1911,3.4897,4.0503,3.7908,3.05,3.071,3.0824,3.5021,3.5939,4.7682,5.0917,5.7155,6.934,8.2044,9.0405,9.3881,9.4268,9.5606,9.3204,9.7699,..
Tajikistan,TJK,Energy use (kg of oil equivalent per capita),EG.USE.PCAP.KG.OE,733.41087948565,566.672491077633,427.103286964703,374.033375007141,354.100051986627,348.70138047649,364.417668012421,360.528858793095,341.873767516371,330.976128229369,325.679885054417,325.581474313824,345.261040280781,337.915937288384,341.863711848015,358.427683199043,334.362637299147,284.651561490729,284.331249350809,278.854522985683,294.855655829726,288.394960596269,301.614964923042,318.698277378179,326.569218788739,328.781768931872,347.711461590981,370.778875737531,375.367379182413,367.769041949913,375.197095148471,..,..,..
Tajikistan,TJK,"Population, total",SP.POP.TOTL,5649400,5724993,5825368,5948584,6066523,6139829,6176397,6208370,6284735,6407377,6531669,6658575,6790547,6924720,7057566,7194477,7338403,7490230,7652141,7824785,8014084,8216724,8425552,8643840,8865631,9085946,9307333,9529966,9749310,9966908,10182222,10389799,10590927,..
Tajikistan,TJK,Urban population (% of total population),SP.URB.TOTL.IN.ZS,30.6177365157904,29.8872550433905,29.1432537034689,28.4243889333252,27.769317170259,27.2166948515698,26.8051784145572,26.5734242965209,26.5355104669232,26.5345041786379,26.5336513960096,26.5331204386766,26.5327772632159,26.5324878262051,26.5321180842215,26.5315339938424,26.5306015116451,26.529186594207,26.5274312963978,26.4792213439941,26.4102249145508,26.4883155822754,26.5633735656738,26.478832244873,26.3718509674072,26.2731513977051,26.2338752746582,26.1300735473633,26.1925442328719,26.1991525151375,26.1957126615618,26.1890127571429,26.1788063651548,..
Tanzania,TZA,"GDP per capita, PPP (constant 2021 international $)",NY.GDP.PCAP.PP.KD,1751.91845703125,1718.39306640625,1679.66235351563,1685.85107421875,1730.55456542969,1755.8037109375,1773.72424316406,1810.97155761719,1839.93664550781,1899.74536132813,1982.64428710938,2059.83740234375,2155.24145507813,2253.09326171875,2334.1044921875,2423.61596679688,2493.25927734375,2560.81103515625,2654.80346679688,2779.70776367188,2822.4853515625,2924.86328125,3027.56909179688,3111.44458007813,3214.24682617188,3318.28833007813,3392.68872070313,3484.63256835938,3449.82153320313,3493.0830078125,3546.98095703125,3620.79345703125,3713.26293945313,..
Tanzania,TZA,Carbon dioxide (CO2) emissions (total) excluding LULUCF (Mt CO2e),EN.GHG.CO2.MT.CE.AR5,2.0467,2.1486,2.1293,2.9406,3.5082,3.2774,2.8508,2.6648,3.112,3.287,3.7394,3.9553,5.4435,6.1729,6.6034,6.2424,6.2794,6.0772,7.3333,8.8864,10.6021,11.5936,11.257,13.2034,14.1367,14.1975,14.9211,17.0037,16.677,18.9418,20.9124,21.5734,21.3363,..
Tanzania,TZA,Energy use (kg of oil equivalent per capita),EG.USE.PCAP.KG.OE,295.74433490224,306.563680514263,353.556120792701,362.110177694803,360.249005801437,356.997140483118,370.341465130641,383.264250674065,393.715575942908,397.137814048139,405.812432807315,410.864949106248,414.656007754261,426.1625033481,429.313725233187,419.165766354696,414.898580843046,414.932104149828,420.666337595531,432.748223094232,424.81151927742,432.006442053335,414.591294842767,419.719594250318,416.315699078634,406.2529829944,402.924862138835,414.545616952925,405.685641474926,404.468789265296,405.146314827946,..,..,..
Tanzania,TZA,"Population, total",SP.POP.TOTL,27457588,28332692,29442356,30383497,30945762,31578089,32420458,33300330,34260139,35198299,36121304,37089555,38109668,39182076,40294902,41435512,42570728,43633982,44758488,46029367,47374260,48824128,50351512,52020962,53824013,55652890,57437145,59174891,60972798,62830412,64711821,66617606,68560157,..
Tanzania,TZA,Urban population (% of total population),SP.URB.TOTL.IN.ZS,19.589598742605,19.9013730856684,20.2073439854484,20.5123885728178,20.8213839786497,21.1392073338172,21.4707357691933,21.8208464156511,22.1944164040635,22.5963228653037,23.0306918214565,23.5202087261949,24.0832469119457,24.7061884538741,25.3741033202009,26.0720614791471,26.7851328989335,27.498387547781,28.1968953939105,28.865726405543,29.4878764597911,30.0725108782502,30.6443077170742,31.2061566592472,31.7577303242916,32.2987013317296,32.8287423010834,33.3475258518752,33.8547246036273,34.3500111758619,34.8234736377147,35.4748019434954,36.1684458862992,..
Thailand,THA,"GDP per capita, PPP (constant 2021 international $)",NY.GDP.PCAP.PP.KD,9886.89982869121,10538.8163895497,11215.0366594606,11953.920382867,12456.3290857417,11952.8491238372,10897.1533831339,11253.3874955905,11622.5250278537,11901.3182104659,12512.1831324963,13287.3048987459,13997.0013867292,14458.2551810694,15051.0606748719,15742.6552891781,15891.7823409885,15665.9031153449,16730.3697884488,16766.3477057883,17869.6376607459,18242.4256715363,18324.6144674875,18811.9975100064,19370.6087810117,20094.6778762603,20879.9027821449,21277.8392684764,19957.257140917,20242.7700035656,20762.7952598527,21191.4540309274,21740.5403219261,..
Thailand,THA,Carbon dioxide (CO2) emissions (total) excluding LULUCF (Mt CO2e),EN.GHG.CO2.MT.CE.AR5,114.0252,129.4434,144.4147,163.548,183.8926,187.4146,167.0286,174.5482,174.8428,183.5255,195.0715,202.9305,221.1427,229.2248,232.8491,237.863,238.9694,232.0176,246.3596,246.7462,264.8041,275.9576,272.5228,281.4677,277.7638,281.081,276.6537,286.4704,275.6334,268.5767,284.314,275.0344,283.8091,..
Thailand,THA,Energy use (kg of oil equivalent per capita),EG.USE.PCAP.KG.OE,865.704309113413,899.125553407656,979.262431000536,1052.28021147702,1160.58015021158,1166.79566594222,1079.80595351035,1138.84929761085,1153.04552225626,1174.20279195013,1286.14403684353,1379.29175743715,1477.38480877104,1508.58026062719,1525.12655757667,1569.87237319879,1596.82835450256,1578.76107269732,1718.62118368043,1704.82334080525,1818.19204308684,1943.92303978228,1926.22582617648,1932.67390968815,1985.00530928348,1988.13781529099,1951.8556356188,1989.81234226863,1884.35073727402,1848.06336093307,1867.46968312053,1851.27231424167,..,..
Thailand,THA,"Population, total",SP.POP.TOTL,56528834,57408198,58260854,59098232,59920064,60724584,61522630,62299043,63007815,63651141,64266437,64868166,65452047,66017420,66567687,67102394,67619830,68121080,68579447,69007208,69436098,69845114,70216367,70540795,70859841,71160187,71376079,71522271,71641484,71727332,71735329,71702435,71668011,..
Thailand,THA,Urban population (% of total population),SP.URB.TOTL.IN.ZS,20.2251472411188,21.344368876117,22.6578637457835,24.1089855182854,25.6410878617897,27.1975244444636,28.7216489344742,30.1568149999886,31.4626212652205,32.7428054763889,34.0732781018222,35.4270354382579,36.785516284484,38.1301594392881,39.4424037014582,40.7036878697821,41.8954507430475,42.9991311200422,44.0018736622496,44.8048723557374,45.373565813715,45.8321343847773,46.3138799467897,46.9521043776171,47.8801095551247,49.2311973571777,54.5843734741211,55.9266166687012,57.2358779907227,58.5087776184082,59.742374420166,60.9341926574707,61.8689338391321,..
Timor-Leste,TLS,"GDP per capita, PPP (constant 2021 international $)",NY.GDP.PCAP.PP.KD,2493.90862041689,2674.399260003,2786.67628339255,2891.86465034636,3038.23043686518,3073.97043709665,2931.48088622558,2136.64950009543,3783.78349040621,4038.33583266948,3480.98860481918,3264.94649227443,3234.97572893373,3263.94469592966,3038.95253397881,3256.56973696199,3530.88221940661,3792.3582606223,4047.24946392086,4189.79980348341,4297.91482204398,4340.27851790544,4445.3594272103,4467.80011988177,4515.4226379882,4290.02726532164,4188.84115175127,5103.14962872555,6594.88175503901,6825.04588630745,5348.49200064987,4331.07806144305,3890.95763434187,..
Timor-Leste,TLS,Carbon dioxide (CO2) emissions (total) excluding LULUCF (Mt CO2e),EN.GHG.CO2.MT.CE.AR5,0.0793,0.1037,0.1065,0.0968,0.1198,0.1233,0.1895,0.3038,0.3496,0.2656,0.2492,0.2639,0.5158,0.3496,0.3409,0.3133,0.3109,0.3372,0.3344,0.3708,0.6288,0.7585,0.7441,0.6952,0.6609,0.6218,0.6666,0.7283,0.6794,0.7107,0.6946,0.6644,0.6994,..
Timor-Leste,TLS,Energy use (kg of oil equivalent per capita),EG.USE.PCAP.KG.OE,..,..,..,..,..,..,..,..,..,..,..,..,62.4277506420371,61.1613700568695,60.4138656989526,60.7032219478967,..,..,..,..,..,..,..,..,..,..,..,..,..,..,..,..,..,..
Timor-Leste,TLS,"Population, total",SP.POP.TOTL,799318,821437,844493,868146,892282,917184,942530,834697,745088,812249,879159,916878,929074,948311,976597,1004889,1032429,1058782,1084679,1110207,1134885,1158695,1181903,1205131,1228312,1251703,1275959,1300945,1326053,1350139,1369295,1384286,1400638,..
Timor-Leste,TLS,Urban population (% of total population),SP.URB.TOTL.IN.ZS,21.6616345464787,21.9701051886988,22.2694163646854,22.5638717902731,22.8577751812964,23.1554302535899,23.461140722988,23.7792103053254,24.1139427164365,24.469641672156,24.8506108883184,25.2611540807581,25.7040830077802,26.3097308948751,27.121697883382,28.0011655196859,28.8076745459306,29.4007657042596,29.6398840020416,29.633352306451,29.6136082349605,29.5836906253246,29.5463092024041,29.5043315008419,29.4462907628171,29.3600996787092,29.248617510057,29.1148755245217,28.9619049897647,28.7927371734472,28.5857292288968,28.595471832952,28.6641074179574,..
Togo,TGO,"GDP per capita, PPP (constant 2021 international $)",NY.GDP.PCAP.PP.KD,2015.13566927499,1721.57369094046,1972.24744911805,2036.38159822696,2135.45581609458,2366.40275146203,2247.34887088094,2238.93514971661,2160.98936671986,2122.08047449583,2147.97438337226,2234.9772223053,2157.02751991461,2004.25858232153,2000.54176015054,1920.26928670654,1941.15486668393,1989.82990346963,2049.78055930203,2111.47483429916,2186.30951971437,2254.98838359616,2322.40408294543,2388.42609861568,2427.30036226403,2462.27744935268,2517.34898693009,2577.51616831372,2570.48315208534,2638.81095267963,2739.68813234711,2842.23076240747,2960.77542569109,..
Togo,TGO,Carbon dioxide (CO2) emissions (total) excluding LULUCF (Mt CO2e),EN.GHG.CO2.MT.CE.AR5,0.5331,0.411,0.7477,0.7374,1.1297,0.8495,1.0465,1.3541,1.2511,1.1264,1.199,1.4374,1.378,1.3112,1.2217,1.2179,1.5891,2.7107,2.525,2.3171,2.2462,1.9314,1.7347,1.546,2.1279,1.6554,1.9363,2.1053,2.4218,2.534,2.6044,2.5313,2.6276,..
Togo,TGO,Energy use (kg of oil equivalent per capita),EG.USE.PCAP.KG.OE,309.393783541324,312.793696092907,352.437030991428,355.14721431719,383.678171595311,366.369586981837,380.66653946544,423.087966825069,410.709755967091,399.0750456746,403.003921585395,414.930640834631,408.681044425446,405.977841108573,394.055905016925,397.655539665075,402.378522599678,475.809640060012,462.98057269746,453.365161767995,440.167543009316,416.704251255243,423.574336787573,400.729144636073,422.806732967677,403.914387052726,411.046357385599,414.030094273623,424.622212633086,422.533121281505,425.402321106605,..,..,..
Togo,TGO,"Population, total",SP.POP.TOTL,4233617,4207453,4222940,4410832,4577860,4725030,4860913,5000269,5140037,5277382,5413274,5552167,5696508,5844631,6010668,6188344,6368812,6551865,6732590,6916474,7100736,7285442,7472450,7663195,7858289,8057140,8258778,8463068,8669720,8878379,9089738,9304337,9515236,..
Togo,TGO,Urban population (% of total population),SP.URB.TOTL.IN.ZS,29.5373401826042,29.9744565374785,30.4147135360062,30.8577053810879,31.3030262756242,31.750270422516,32.199032024664,32.6489052849687,33.0994844063309,33.5503635916513,34.0011370438307,34.4513989657696,34.9007435603688,35.3487650305291,35.795057579151,36.2392154091353,36.6808327233827,37.1195037247939,37.5545882975638,37.9872305648732,38.4194359598204,38.8516767884103,39.2839506458368,39.7162551272934,40.1485878279739,40.5809463430719,41.013328267781,41.445731197295,41.8781527268075,42.3105904515122,42.7332327975627,43.2496853032436,43.8148491605996,..
Tonga,TON,"GDP per capita, PPP (constant 2021 international $)",NY.GDP.PCAP.PP.KD,4772.33111247152,4946.71766246431,5188.43955195501,5508.33934627723,5510.7084261902,5455.90517573817,5541.68325773841,5632.72252396599,5808.26509143352,5860.08077786935,6085.11323193626,6053.8798660639,5900.45741291394,5828.37054398018,5670.9141842869,5506.65177833752,5758.56828665219,5453.87514548883,5488.75040326595,5847.44389420769,5907.26711603507,5951.69432111238,6096.86914784745,6194.63923003718,6639.13678737964,6862.66870605024,6885.10271620406,6858.83871210154,6980.41011734068,6929.17669288438,6810.60970632543,7030.41917439715,..,..
Tonga,TON,Carbon dioxide (CO2) emissions (total) excluding LULUCF (Mt CO2e),EN.GHG.CO2.MT.CE.AR5,0.0992,0.1003,0.1397,0.1152,0.1309,0.1414,0.1479,0.1476,0.0998,0.0947,0.1046,0.1255,0.1118,0.1212,0.1331,0.1142,0.1237,0.1308,0.1262,0.12,0.1182,0.1194,0.1318,0.1347,0.1432,0.1549,0.1474,0.1655,0.1865,0.2065,0.1614,0.1618,0.1698,..
Tonga,TON,Energy use (kg of oil equivalent per capita),EG.USE.PCAP.KG.OE,..,..,..,..,..,..,..,..,..,..,..,..,542.490316071989,539.410055739039,536.455441258129,543.447707212863,..,..,..,..,..,..,..,..,..,..,..,..,..,..,..,..,..,..
Tonga,TON,"Population, total",SP.POP.TOTL,100022,100103,100166,100225,100275,100674,101388,102046,102677,103288,103874,104464,105071,105671,106253,106726,107020,107203,107400,107570,107460,107078,106609,106095,105524,105356,105567,105669,105704,105490,105042,104597,104175,..
Tonga,TON,Urban population (% of total population),SP.URB.TOTL.IN.ZS,22.4972363831331,22.6228339673977,22.7314128227714,22.8203499530649,22.8856927807696,22.9319816024383,22.9682257410741,22.998777247039,23.0251513819988,23.0488634076195,23.071428585567,23.0943621775072,23.1191794451059,23.1473956500293,23.1801421282521,23.2239976577967,23.2889000757567,23.3612068183251,23.4243619099178,23.46075468367,23.4589062635692,23.4170795020344,23.3431040935971,23.2434422818439,23.1277038505921,22.9711300654966,22.7017138925547,22.3288155626206,21.8766206823411,21.258003897665,21.147219451842,21.147944541337,21.1505271125521,..
Trinidad and Tobago,TTO,"GDP per capita, PPP (constant 2021 international $)",NY.GDP.PCAP.PP.KD,13267.9770581707,13088.7073855168,13472.7464155031,13912.3133299045,14838.9026529676,15895.2438763164,17129.0911444686,18440.5741312908,19637.5545410721,20366.753132212,21876.8529070403,24910.823196152,26757.9075601429,29536.4394101096,33348.7507470886,34793.6457521105,35825.3333456362,34212.2683057008,35145.1253639062,34769.7620251376,36903.6898574094,37994.0686480473,39248.6570516023,38963.9641783011,35914.9901970983,34095.9899256152,33710.0178540008,33748.7060849924,30720.8876936042,30482.1201798631,30784.1112580356,31196.603554718,31960.1568888983,..
Trinidad and Tobago,TTO,Carbon dioxide (CO2) emissions (total) excluding LULUCF (Mt CO2e),EN.GHG.CO2.MT.CE.AR5,13.2797,12.9495,14.3151,13.8172,14.8723,14.8499,17.9535,18.4517,19.1689,21.731,23.4966,27.1427,28.9004,35.0199,38.5543,39.4233,38.6523,37.4346,41.0228,41.2563,38.0759,37.331,37.2008,36.7586,33.7186,32.5451,32.6228,33.2231,29.8017,28.6842,28.4989,26.9495,26.7934,..
Trinidad and Tobago,TTO,Energy use (kg of oil equivalent per capita),EG.USE.PCAP.KG.OE,5145.25562349447,4759.58552332193,4796.41728202912,4619.7280481663,5651.92808881757,5812.91499969311,6250.90915615712,7068.10233527916,7575.58896313876,8336.82302254039,8990.73441697741,10077.8124597532,10262.1290415816,12423.5683148853,13820.6467519783,14651.4392568831,14167.2834575522,14193.29907855,15018.9097839263,14838.9882923701,14480.1691062996,14331.4985446827,14611.6182206133,14043.9759832685,12250.992693627,12330.86332127,12397.1007399961,12540.3004394116,10738.1172587056,11220.6527801603,11038.4068472239,..,..,..
Trinidad and Tobago,TTO,"Population, total",SP.POP.TOTL,1271674,1280466,1288341,1295169,1300928,1305836,1310225,1314708,1319774,1325567,1332011,1338709,1345380,1294494,1297944,1303188,1308587,1310106,1317714,1328019,1335194,1340557,1345343,1349667,1353895,1356633,1359193,1363985,1366725,1367558,1365805,1367510,1368333,..
Trinidad and Tobago,TTO,Urban population (% of total population),SP.URB.TOTL.IN.ZS,55.3352631976883,55.4750221159377,55.5964822885821,55.6994390265373,55.7836876407195,55.8490234420447,55.8952417414289,55.9221378497883,55.9291468285602,55.9010190940268,55.8298121439974,55.7188050758235,55.5711241312409,55.3898955519853,55.1782455797922,54.9393004563973,54.6761864235364,54.3920297229449,54.0899565963587,53.9253615474727,53.9254053431618,53.9255789963372,53.9259699537793,53.926665238022,53.9277523084951,53.9293186833833,53.9314518934907,53.9342394732739,53.9377689584806,53.9421278853848,53.9474037904998,53.9536842104572,53.961056681951,..
Tunisia,TUN,"GDP per capita, PPP (constant 2021 international $)",NY.GDP.PCAP.PP.KD,7241.29105894738,7253.33614579881,7350.65600471494,7406.23900930842,7821.79219107359,8136.3376111408,8417.98493264685,8821.98791288257,9134.41506327005,9380.56317617024,9407.55676671593,9752.02442335824,10263.8055422408,10529.1598956845,10983.9221903991,11613.9247511428,11990.1962371716,12229.7752536693,12458.2710366551,12068.7136257667,12436.3958115735,12587.9950645596,12824.0028914441,12802.7917211433,12803.8797371543,12955.4014814241,13163.1952230357,13243.9024233246,11955.5983698479,12444.3264026887,12712.22345453,12650.9615158166,12774.9158568021,..
Tunisia,TUN,Carbon dioxide (CO2) emissions (total) excluding LULUCF (Mt CO2e),EN.GHG.CO2.MT.CE.AR5,16.211,16.8132,16.923,17.2862,17.8305,18.3731,19.1808,20.1644,21.131,22.0123,21.7773,21.5652,22.8155,23.4473,24.238,24.9827,25.4277,25.3652,27.731,26.2639,28.2414,28.219,30.2046,30.7211,29.8618,30.2963,30.1881,30.2451,28.7185,31.0178,30.3588,31.2092,32.1799,..
Tunisia,TUN,Energy use (kg of oil equivalent per capita),EG.USE.PCAP.KG.OE,627.509817106988,598.684728431468,635.54535664556,633.647279663274,652.843374404444,664.287432602087,714.89307010544,730.204372862909,748.273831151715,781.40012180483,783.697921952401,797.158334635846,832.55467184916,810.836929733225,845.985604662777,865.764456490386,894.304160812003,859.962925384995,955.707047372167,902.903041115908,930.16863461378,935.797099690451,939.769133002953,952.983955126789,955.176493865808,973.953481456321,973.074341333009,950.614263724593,896.515593998175,964.474882954034,956.041118887201,..,..,..
Tunisia,TUN,"Population, total",SP.POP.TOTL,8682512,8857910,9018448,9161258,9294432,9421270,9541667,9655963,9764935,9869677,9971515,10071632,10166163,10255472,10346410,10441702,10542635,10650681,10765980,10886035,11009647,11141361,11274288,11402264,11528674,11650498,11765514,11875081,11974057,12048622,12119334,12200431,12277109,..
Tunisia,TUN,Urban population (% of total population),SP.URB.TOTL.IN.ZS,59.8253634803163,60.5537528217035,61.1336959993493,61.623411363114,62.0784646432836,62.5006240305309,62.8945821796079,63.2650317452664,63.6166653822584,63.9541757453358,64.2822554892505,64.6055972687544,64.9272741461338,65.2340901739004,65.5209809651521,65.8000030517578,66.0676053984361,66.3362197875977,66.6280059814453,66.9191886197857,67.2098922729492,67.4999542236328,67.7524643379101,67.8807907104492,68.0623356528248,68.2877807617188,68.5485240272509,68.8206382576031,69.1043166438476,69.3997523770568,69.707138648303,70.0266686486584,70.3585355691955,..
Turkiye,TUR,"GDP per capita, PPP (constant 2021 international $)",NY.GDP.PCAP.PP.KD,12451.0451201156,13174.4671161888,12343.0041851309,13099.2575267612,13826.9201097072,14631.2958814739,14704.3385744207,14066.1896257233,14856.914625257,13872.1287284566,14587.894621656,15255.7177960689,16583.8837094062,17902.5966004487,18972.0089563632,19909.083519675,19839.5845462269,18612.1925231905,19897.4464836887,21760.4291923634,22517.7148287875,24117.3121099839,24888.8521742576,25984.8027306177,26489.6436816046,28194.688309381,28780.3036458151,28741.0535082701,28976.7179161611,32105.5474400506,33520.8111384208,35069.1701714685,36154.490436557,..
Turkiye,TUR,Carbon dioxide (CO2) emissions (total) excluding LULUCF (Mt CO2e),EN.GHG.CO2.MT.CE.AR5,158.9694,164.5305,163.6181,178.3755,194.5272,204.4499,206.0041,204.5744,227.0564,206.7299,217.3779,229.6955,235.8827,246.0895,274.0011,300.3324,299.5496,301.377,312.1721,332.7685,344.1578,333.874,355.3809,367.843,391.2631,433.2199,429.3432,414.4775,423.0905,460.7071,444.4077,446.4386,460.0275,..
Turkiye,TUR,Energy use (kg of oil equivalent per capita),EG.USE.PCAP.KG.OE,911.309124510702,955.118552884009,927.181663056975,997.967536333338,1073.12750011037,1109.80579406891,1111.04759170567,1079.90999533335,1166.01412005443,1060.57071953568,1107.27991011855,1159.99665803769,1176.75430160118,1211.46561646669,1328.69230138979,1429.92300570179,1385.17801532797,1364.09730379872,1445.41016354332,1515.88033612695,1567.31606123672,1510.79118967025,1543.09095693879,1646.83631130339,1724.54363987712,1828.02986770908,1771.33742856964,1774.19625722275,1762.01062220058,1894.62719281739,1841.55630679263,1849.53592344542,..,..
Turkiye,TUR,"Population, total",SP.POP.TOTL,57990118,58999167,60033836,61024503,61951134,62852966,63734383,64591923,65425961,66245128,67048795,67831730,68592617,69329557,70045349,70158112,71051678,72039206,73142150,74223629,75175827,76147624,77181884,78218479,79277962,80312698,81407204,82579440,83384680,84147318,84979913,85325965,85518661,..
Turkiye,TUR,Urban population (% of total population),SP.URB.TOTL.IN.ZS,52.7929785448463,53.5827837920161,54.3347787764387,55.0652399803539,55.7904438860013,56.5266669756207,57.2901857314518,58.0972766357343,58.9706120006403,59.8722461417316,60.7385342729423,61.5845060653258,62.4388481173262,63.3302470273874,64.2873893939536,65.3389618154687,66.513650890377,67.8401432171223,69.3471253941487,71.0028723528334,73.7788680234324,78.5218368384696,83.6024850744433,87.2167107972537,88.1020958581776,88.0320472717286,88.1655749576173,88.6618152857124,88.9303114965222,89.1762048153239,89.0381164550781,89.0218446796121,89.3443122873887,..
Turkmenistan,TKM,"GDP per capita, PPP (constant 2021 international $)",NY.GDP.PCAP.PP.KD,6128.91556148756,6085.5255499597,4929.73395133335,4493.42793310683,4712.83357844039,4105.36902304428,4323.30168204311,4945.08541988288,5112.52948147352,5228.80329286491,5138.87117760604,5203.8543813176,5360.22429910532,5945.95239804804,6476.82805700551,7060.14844993043,7944.99590073106,8264.86534322735,8842.33283585112,9929.68934634645,10794.2335233663,11633.2905987757,12544.3983464061,13057.8303253557,13552.8477118745,14107.6671199289,14648.135352725,15231.3056176565,15791.1775857601,16434.1399060353,17119.5744946142,17866.4041809169,18662.298799056,..
Turkmenistan,TKM,Carbon dioxide (CO2) emissions (total) excluding LULUCF (Mt CO2e),EN.GHG.CO2.MT.CE.AR5,28.6114,27.1482,34.2411,34.6597,31.5173,31.5044,32.608,38.5614,39.3402,40.2879,43.2202,48.1523,51.3238,52.8983,54.9589,60.7872,61.9382,54.6299,61.6532,66.14,68.2977,65.2746,63.2168,67.9108,67.2897,72.1708,74.2318,73.2506,76.8253,95.4323,101.2613,94.7287,81.408,..
Turkmenistan,TKM,Energy use (kg of oil equivalent per capita),EG.USE.PCAP.KG.OE,2632.47699569568,2603.23450518965,3232.60398266795,3267.47130147645,2805.87501319643,2762.25376106527,2840.55310515569,3302.15882175122,3247.66275154073,2700.90899180476,2214.7855014736,3005.38744315825,3714.90894763692,3554.4342564154,3604.33240214602,3507.2827649472,4237.18811987589,3648.03950949321,4077.8138474231,4315.10295190096,4232.43008359245,3952.26848549516,3758.60667175271,3722.78312991377,3589.90954802381,3558.31901850361,3427.90624399814,3465.56523671972,3395.82680039957,5128.82417624964,5625.64523686666,..,..,..
Turkmenistan,TKM,"Population, total",SP.POP.TOTL,3944689,4032407,4116662,4191203,4263819,4336730,4410507,4492170,4582677,4675409,4769465,4863865,4958093,5052257,5147105,5244046,5345029,5451592,5564356,5683417,5808546,5939341,6075283,6215770,6360041,6507061,6655524,6803944,6949912,7092043,7230193,7364438,7494498,..
Turkmenistan,TKM,Urban population (% of total population),SP.URB.TOTL.IN.ZS,44.802815831344,44.7333631747595,44.6942987480715,44.7104145330766,44.8415980584705,45.0827873053312,45.3928311026819,45.735276090984,46.0736689106993,46.3715562022892,46.5924846062154,46.7000007629395,46.7375427392139,46.7728683922582,46.8060040482349,46.8369760333063,46.8658106736347,46.8925342953825,46.9171732247121,46.9397537877858,46.9603023107661,46.9788451198152,46.9954085410955,47.0100189007695,47.0227025249994,47.0334857399476,47.0423948717765,47.0494562466485,47.0546961907259,47.0581410301711,47.0592103414926,47.0678875054171,47.0875253910294,..
Turks and Caicos Islands,TCA,"GDP per capita, PPP (constant 2021 international $)",NY.GDP.PCAP.PP.KD,..,..,..,..,..,..,..,..,..,..,..,..,..,..,..,21878.8206013071,22689.3160133769,17512.1977777876,17000.2227766463,17147.424764127,16024.6915652254,15461.873511271,16138.8487604249,17201.7720345933,17625.7202843515,29540.3537473151,30286.1196112151,30611.2130237381,19702.5368196855,25056.4880515569,28209.6242536079,31839.3705381969,33390.5267148059,..
Turks and Caicos Islands,TCA,Carbon dioxide (CO2) emissions (total) excluding LULUCF (Mt CO2e),EN.GHG.CO2.MT.CE.AR5,0.0051,0.005,0.0051,0.005,0.005,0.0051,0.0057,0.0058,0.0177,0.0184,0.0259,0.0277,0.028,0.0336,0.0427,0.0525,0.0588,0.0653,0.0733,0.0559,0.058,0.0671,0.076,0.08,0.0881,0.0883,0.1897,0.2211,0.2149,0.215,0.2205,0.2212,0.2291,..
Turks and Caicos Islands,TCA,Energy use (kg of oil equivalent per capita),EG.USE.PCAP.KG.OE,..,..,..,..,..,..,..,..,..,..,..,..,..,..,..,..,..,..,..,..,..,..,..,..,..,..,..,..,..,..,..,..,..,..
Turks and Caicos Islands,TCA,"Population, total",SP.POP.TOTL,12970,13648,14344,15052,15765,16482,17212,17959,18730,19576,20597,21727,22856,23988,25123,26270,27427,28588,29739,30846,32127,33653,35050,36605,38315,39913,41559,43166,44386,45243,45847,46198,46535,..
Turks and Caicos Islands,TCA,Urban population (% of total population),SP.URB.TOTL.IN.ZS,76.8569515208731,78.0245890373966,79.1346004562551,80.1875111801289,81.1838466116978,82.124132153642,83.0088932086415,83.8386551793763,84.6139434685266,85.3337963668196,86.0142597030394,86.671565520254,87.3041883072325,87.908436065312,88.4806167958296,89.0170385001222,89.5140091795268,89.9678368353804,90.3748294690201,90.7312950817828,91.0352667584286,91.3168927865286,91.5971200472541,91.8737937193851,92.1466904484552,92.4155868799755,92.6802596594323,92.9404854322845,93.1960408439605,93.4467025398547,93.6922471653237,93.9324513656818,94.1670917861964,..
Tuvalu,TUV,"GDP per capita, PPP (constant 2021 international $)",NY.GDP.PCAP.PP.KD,3093.82679444063,3189.94908833217,3487.03357118243,3286.4690577009,3070.03942239319,3356.30705964116,3855.65481440805,3777.37177229784,3721.89947875243,3705.59238735794,4042.90117614992,3838.4036432854,3704.92725890715,3488.53634577403,3532.39942573719,3737.8786751003,3933.37396710875,3638.18761780626,3506.0602338093,3687.43927331262,3558.15237041254,3690.24204295331,3695.95345179619,4088.76579910847,4333.24899362162,4464.25884629937,4575.86900510424,5292.03025969421,5154.45957834015,5352.97862537897,5498.18455447209,5812.39924537753,..,..
Tuvalu,TUV,Carbon dioxide (CO2) emissions (total) excluding LULUCF (Mt CO2e),EN.GHG.CO2.MT.CE.AR5,0,0,0,0,0,0,0,0,0,0,0,0,0,0,0,0,0,0,0,0,0,0,0,0,0,0,0,0,0,0,0,0,0,..
Tuvalu,TUV,Energy use (kg of oil equivalent per capita),EG.USE.PCAP.KG.OE,..,..,..,..,..,..,..,..,..,..,..,..,..,..,..,..,..,..,..,..,..,..,..,..,..,..,..,..,..,..,..,..,..,..
Tuvalu,TUV,"Population, total",SP.POP.TOTL,9038,9126,9207,9280,9342,9400,9451,9496,9544,9586,9623,9695,9816,9940,10056,10182,10321,10461,10614,10780,10934,11001,10984,10963,10930,10869,10751,10581,10399,10194,9992,9816,9646,..
Tuvalu,TUV,Urban population (% of total population),SP.URB.TOTL.IN.ZS,41.3141941367199,41.9608854792056,42.5373653208915,43.0613148507687,43.5504152578283,44.0223477310614,44.494793459459,44.9854336320122,45.5119494377121,46.0920220655498,46.7435481854875,47.4986511586165,48.4012126478499,49.4209790930126,50.5229861226256,51.6722693652096,52.8338644492855,53.9728070033742,55.0541326559964,56.0428770356731,56.8964903305448,57.6314336806359,58.2999596618832,58.9148502652344,59.4744768348285,59.9531274910912,60.5596409590777,61.2406529218636,61.9212610534937,62.6098296425994,63.3065768081154,64.0117206689787,64.7254793441291,..
Uganda,UGA,"GDP per capita, PPP (constant 2021 international $)",NY.GDP.PCAP.PP.KD,1102.72992145701,1153.99369070318,1187.36780541734,1288.50886674348,1367.94573764936,1396.63106915218,1422.20789184705,1487.75796178874,1487.00498853512,1516.96423755695,1598.5828380849,1649.1482601448,1709.36159216857,1765.03788457066,1898.97915280479,1999.0624896434,2110.10049271503,2188.29916246327,2244.60595194584,2384.4653273154,2405.09455932767,2420.88808087266,2470.50380909598,2520.0201028843,2554.22769062073,2543.84754394956,2613.87976413963,2689.41009144919,2678.00907202293,2684.92035939744,2724.90609568409,2791.05576885861,2879.67009290376,..
Uganda,UGA,Carbon dioxide (CO2) emissions (total) excluding LULUCF (Mt CO2e),EN.GHG.CO2.MT.CE.AR5,0.86,0.8666,0.7817,1.0126,1.1054,1.1617,1.3574,1.3975,1.4139,1.4377,1.6383,1.731,1.8123,2.2217,2.5786,3.1093,3.4804,3.8307,3.7998,4.2628,4.329,4.4114,4.8524,5.5954,6.0018,6.2539,6.8571,7.0646,7.1198,8.1105,7.9541,8.1166,8.2549,..
Uganda,UGA,Energy use (kg of oil equivalent per capita),EG.USE.PCAP.KG.OE,403.318931431788,398.840479655182,395.501789555371,398.136844410786,401.191313976003,399.680271550759,395.932173820655,389.819275468027,386.584595406427,386.092603822015,387.324648119083,388.389226414675,388.649807194251,392.296679300675,393.870894212368,396.66304999539,402.698980928732,414.792171517828,421.142950548341,429.271141094876,436.121048102054,449.382170398049,456.037640791645,470.560471935976,473.604213435105,468.55301936099,468.502676315592,455.421313903164,475.325187025973,483.425019132137,482.821621536668,..,..,..
Uganda,UGA,"Population, total",SP.POP.TOTL,18785032,19445161,20108801,20665667,21231550,21856046,22515806,23257281,24000150,24745676,25532870,26352124,27154515,27963289,28794003,29653430,30539553,31451151,32390802,33354543,34337438,35337042,36395539,37531446,38799152,40177388,41565831,42999637,44457152,45910930,47312719,48656601,50015092,..
Uganda,UGA,Urban population (% of total population),SP.URB.TOTL.IN.ZS,10.2158523630824,10.4008727872617,10.5688660932226,10.7273719125031,10.8839298766407,11.0460796171733,11.2213607656387,11.4173129535746,11.6414758125187,11.9013889740088,12.202793574555,12.5904136719317,13.1221118400615,13.7907239496723,14.5851520274647,15.494298100139,16.5070641943955,17.6123523369348,18.7990645544572,20.0561028736631,21.372369321253,22.7367659239271,24.1938503391826,24.9777856560427,25.6953567134098,26.4139260579546,27.1280475018884,27.8369781799403,28.5399752271502,29.2362957789022,29.9251969709665,30.6059359395495,31.2777698213557,..
Ukraine,UKR,"GDP per capita, PPP (constant 2021 international $)",NY.GDP.PCAP.PP.KD,18671.873046875,16012.3720703125,12410.525390625,10983.0087890625,9969.5009765625,9754.0498046875,9646.0546875,9704.4453125,10364.0625,11379.3857421875,12092.7890625,13342.8798828125,15021.06640625,15610.5732421875,16901.5078125,18374.013671875,18883.986328125,16092.7958984375,16811.794921875,17783.95703125,17848.740234375,17889.091796875,16978.8125,15403.7099609375,15856.8125,16310.3603515625,16978.984375,17636.5546875,17092.5390625,17846.408203125,13787.12109375,15916.9580078125,16319.8447265625,..
Ukraine,UKR,Carbon dioxide (CO2) emissions (total) excluding LULUCF (Mt CO2e),EN.GHG.CO2.MT.CE.AR5,650.4113,567.8758,470.1563,464.1919,397.6329,382.2377,364.6114,364.3644,361.0273,360.1685,360.5556,392.9829,368.8172,357.0932,356.3792,367.7024,352.2333,292.2332,315.9087,333.3052,324.9176,315.2748,269.3299,226.107,227.2461,205.5813,218.3029,207.9097,198.8972,194.1363,119.345,121.6952,118.4778,..
Ukraine,UKR,Energy use (kg of oil equivalent per capita),EG.USE.PCAP.KG.OE,4196.07414505054,3716.77858553103,3183.56375925579,3168.70052622854,2927.92572780332,2825.73860259937,2693.73243816097,2702.79946004914,2700.10061007166,2730.9849933122,2786.00498673634,2914.06696251373,2957.98499344051,2964.77701596962,2866.6234732695,2961.88351682898,2875.89657843683,2453.43957426865,2848.78160077932,2732.88427034676,2650.99861590717,2517.91132267143,2298.60778628289,2027.641681734,2007.97794185628,1967.83535233788,2068.75608372619,1987.62473314258,1932.92182292303,2096.06217562326,1479.47224953939,1508.27791300021,..,..
Ukraine,UKR,"Population, total",SP.POP.TOTL,52323671,52350126,52075998,51665539,51226109,50786885,50379731,49976446,49556660,49106855,48677281,48315136,47979507,47585556,47278694,47062798,46819175,46623731,46456003,46307853,46210056,46126770,45972380,45784896,45616832,45436041,45208907,44957458,44680014,44298640,41048766,37732836,37860221,..
Ukraine,UKR,Urban population (% of total population),SP.URB.TOTL.IN.ZS,67.8603420916046,67.9179660907452,67.9169130547952,67.8409658081403,67.7194202781316,67.6298703351538,67.5546753434196,67.4811633424084,67.403857296906,67.2749805493459,67.2672733350904,67.419679868405,67.5970968423685,67.8136046317755,68.0293347798948,68.2102322372037,68.3752085755346,68.5251442249547,68.637397133357,68.7234299826222,68.8241983107739,68.9326288082226,69.0554339301313,69.1587317201337,69.2102241609089,69.2633108489282,69.3157992777909,69.3527648708735,69.3839100516745,69.4027032653896,69.42345912103,69.4754455027606,69.5315643200148,..
United Arab Emirates,ARE,"GDP per capita, PPP (constant 2021 international $)",NY.GDP.PCAP.PP.KD,104206.754890763,100422.631522038,102456.104720073,104527.92304577,103653.473060887,103392.439957977,96088.4925317357,92047.5945823489,95390.7013642316,90750.3469329386,87479.2448897115,89828.555395832,93166.1449767722,92750.9148604289,94872.5391985501,87180.6059048658,80285.1852028705,71488.9909603622,70913.778039508,73190.3973792075,73644.0532143257,74237.2214478496,74145.1093706462,75238.5539913477,75671.0564378596,72529.0571050174,72671.0652349751,72822.969940695,66808.6477560191,68580.1485423483,70075.6300053372,70239.8552855072,69701.8047983545,..
United Arab Emirates,ARE,Carbon dioxide (CO2) emissions (total) excluding LULUCF (Mt CO2e),EN.GHG.CO2.MT.CE.AR5,62.5224,65.9141,72.5685,77.4025,80.8908,84.3016,86.4781,89.1524,88.4569,101.2593,103.5184,108.8196,115.0197,122.4613,127.1972,137.1441,164.2519,165.3369,171.9529,177.2572,185.0103,195.0534,198.1138,206.8519,212.4305,204.4227,187.2853,197.8494,195.6742,199.421,195.184,192.6964,200.559,..
United Arab Emirates,ARE,Energy use (kg of oil equivalent per capita),EG.USE.PCAP.KG.OE,10562.8994380617,10572.6698308454,11178.3984813089,11360.9014709113,11250.1691193254,10941.7465226956,10375.285992572,9839.14403490257,8956.94929901911,11703.2751045514,10866.2518811768,10102.2168560285,9441.12715739602,9535.23423153349,9239.48012400956,8929.91291284475,9426.22252523971,9485.64696621464,8944.43348137498,8558.24529408267,8614.16881429917,8858.22242582428,9633.42212114175,10146.376786057,10355.5476088804,8521.13677246594,8482.30317231137,8816.50943614681,8154.35294132635,8674.22641438132,8335.80957162683,..,..,..
United Arab Emirates,ARE,"Population, total",SP.POP.TOTL,2114730,2222093,2328188,2434662,2597564,2817410,3040421,3266009,3493575,3723590,3956826,4192457,4428967,4664790,5009100,5624635,6302664,6707058,6869838,7104538,7391448,7693031,8059440,8505237,8935095,9223225,9346701,9445785,9401038,9575152,10074977,10483751,10986400,..
United Arab Emirates,ARE,Urban population (% of total population),SP.URB.TOTL.IN.ZS,78.4413740139383,78.3519240018627,78.2891342501676,78.2578079598212,78.2689693716933,78.3820753836003,78.5955507596055,78.9002662187301,79.287092479995,79.7469002624215,80.2705602850306,80.8489432668434,81.4729199268812,82.2122832763517,82.5588968646829,82.758608500318,82.9658963549658,83.1701992996163,83.3714299144178,83.5695007795347,83.7643244751488,83.9558135814626,84.1438806787019,84.3284383471193,84.5093991669984,84.686675718659,84.8601805824625,85.0298263388195,85.1955255681984,85.3571908511355,85.5147347682487,85.6680699002526,85.8171088279791,..
United Kingdom,GBR,"GDP per capita, PPP (constant 2021 international $)",NY.GDP.PCAP.PP.KD,32797.7299280942,33861.2523742725,35448.1781034952,36603.7383816545,37465.3771277415,39192.610054674,40347.1799533754,41396.9358449656,43115.5630082237,43976.8391685783,44539.4636492853,45759.4020280715,46558.1299600699,47529.9377511933,48215.0486668938,49243.2517368789,48833.0712359377,46241.8039957358,46917.8912974837,46949.0207981339,47328.2100308702,47820.2821627006,48964.2863514962,49652.7188154397,50346.8592925717,51586.6756125445,52131.6948248133,52515.684446109,47158.985486323,51004.4271714238,53139.151252206,52592.6822066393,52621.1790252979,..
United Kingdom,GBR,Carbon dioxide (CO2) emissions (total) excluding LULUCF (Mt CO2e),EN.GHG.CO2.MT.CE.AR5,578.4391,562.3975,554.8788,548.3394,567.624,546.7394,547.4062,544.0076,551.9584,563.115,547.1609,560.7371,561.1737,559.5236,559.9305,550.4176,533.9109,483.4698,500.7484,459.2066,481.3898,470.2197,430.6573,415.8847,391.8614,380.7118,373.8821,359.0131,319.6964,337.9148,324.9949,304.7866,292.4194,..
United Kingdom,GBR,Energy use (kg of oil equivalent per capita),EG.USE.PCAP.KG.OE,3684.81144729003,3713.443124142,3733.80487842151,3729.55293237334,3880.31355582242,3760.81073205794,3787.50885825831,3784.31837908023,3786.40281086309,3785.6601241847,3716.62337347063,3764.06191688174,3697.50381825103,3689.55051742336,3601.05090812166,3443.58715993443,3370.1581117517,3144.00201324492,3235.05383786127,2973.83120573757,3028.77223348044,2962.29760006424,2767.96188412765,2774.79682774608,2696.97999020896,2658.99577329303,2632.15067210726,2515.97344619501,2317.4085386833,2377.26368887082,2254.36941582721,2127.6084341819,..,..
United Kingdom,GBR,"Population, total",SP.POP.TOTL,57580402,57718614,57865745,58019030,58166950,58316954,58487141,58682466,58892514,59119673,59370479,59647577,59987905,60401206,60846820,61322463,61806995,62276270,62766365,63258810,63711000,64139000,64620000,65088000,65607000,65966000,66289000,66631000,66744000,66984000,67604000,68492000,69226000,..
United Kingdom,GBR,Urban population (% of total population),SP.URB.TOTL.IN.ZS,78.1549335902337,78.2748023147801,78.4474219748331,78.6591002712985,78.8961449050823,79.1448635770901,79.391563988228,79.6225538394017,79.8241408315172,79.9838301298823,80.1146062677742,80.2331593332802,80.3423284929998,80.4455938127627,80.5464353583991,80.6483331957387,80.7547673906116,80.8692180088478,80.995165116277,81.1359685592627,81.2905667759508,81.4573768694887,81.6355750750722,81.8243772295647,82.0229991698295,82.23065673273,82.4465657551295,82.6699420738913,82.9000015258789,82.9886431523641,83.0753982997505,83.1601932891335,83.2429544416085,..
United States,USA,"GDP per capita, PPP (constant 2021 international $)",NY.GDP.PCAP.PP.KD,44659.1514617994,45286.9355090342,46537.3571477424,47220.9579604358,48435.70010416,49984.2696497419,51619.8698375216,53474.045430104,55038.6224959451,55017.3049786608,55436.1169813778,56498.2078314911,58131.6336853496,59604.7536374577,60676.5655690664,61306.596938633,60798.4338401606,58714.9736915861,59789.4129069749,60245.4843994565,61134.530608776,61958.7234416953,63018.8033942192,64359.4725899466,65017.654963867,66155.5555676249,67719.7656392064,69112.602688656,67342.0709287722,71307.4017277218,72679.2575396348,74158.7164155605,75489.2664334817,..
United States,USA,Carbon dioxide (CO2) emissions (total) excluding LULUCF (Mt CO2e),EN.GHG.CO2.MT.CE.AR5,5016.9879,5135.577,5217.8955,5271.4648,5426.4743,5699.5176,5744.8765,5761.8713,5928.7614,5877.6294,5726.7267,5792.9233,5879.9871,5888.1657,5790.0078,5872.7014,5689.2644,5273.1152,5521.4993,5307.6289,5087.711,5224.7089,5243.772,5132.9841,5028.952,4959.4579,5118.3744,4967.9122,4466.8765,4754.3785,4815.7665,4618.2675,4632.1649,..
United States,USA,Energy use (kg of oil equivalent per capita),EG.USE.PCAP.KG.OE,7675.63655553518,7708.10161116809,7755.08252133275,7760.89035266192,7841.59288605808,7825.23663798017,7800.439490719,7920.05392329598,8055.14548852416,7824.24393877407,7840.46095949898,7791.30391526846,7878.53717143427,7843.3910574627,7694.40657948116,7756.0141894981,7484.83268900712,7053.35846690965,7162.55933024159,7009.64607964907,6820.46062064875,6888.38143742637,6915.64165280321,6789.64733291075,6663.4963294418,6590.83509745633,6738.27272433986,6700.93033990565,6141.53125755889,6445.83409243358,6511.68841394546,6363.50015820072,..,..
United States,USA,"Population, total",SP.POP.TOTL,256514000,259919000,263126000,266278000,269394000,272657000,275854000,279040000,282162411,284968955,287625193,290107933,292805298,295516599,298379912,301231207,304093966,306771529,309378227,311839461,314339099,316726282,319257560,321815121,324353340,326608609,328529577,330226227,331577720,332099760,334017321,336806231,340110988,..
United States,USA,Urban population (% of total population),SP.URB.TOTL.IN.ZS,75.8943317611462,76.2998113365493,76.7405657773027,77.1977052961919,77.6523401060025,78.0855804195199,78.4785364495296,78.812318408817,79.0740897861327,79.3086223667912,79.5461039768657,79.7773350255284,79.9960936968363,80.1961581748464,80.3713066436159,80.5153172872016,80.6219682896606,80.6850378350499,80.6997744673366,80.6957554256024,80.6837493386238,80.660889281215,80.6242231779766,80.5707989535091,80.4976645324131,80.4018678392891,80.2804567987377,80.1304793353594,79.997451762548,80.0074765140272,80.0324978239707,80.071561119178,80.1247798047184,..
Uruguay,URY,"GDP per capita, PPP (constant 2021 international $)",NY.GDP.PCAP.PP.KD,15536.4872092796,15865.2775154336,16932.0284550546,16600.0391885928,17433.6932851628,18823.9419170645,19577.7899664694,19192.7175685083,18752.0578112966,17986.9007596433,16572.7881760134,16694.4389231595,17519.3796251133,18811.3195971021,19560.0817556405,20803.893182056,22249.3835165533,23138.0820687014,24879.8350192618,26099.3215293803,26953.2811065384,28119.4833341404,28935.0974409271,28941.6294107011,29332.5672615246,29762.4333171685,29757.9388543783,30010.5742615797,27788.1854968153,29431.8850087471,30804.7032775797,31059.2537072459,32038.7727288227,..
Uruguay,URY,Carbon dioxide (CO2) emissions (total) excluding LULUCF (Mt CO2e),EN.GHG.CO2.MT.CE.AR5,4.9018,4.6343,4.3543,4.767,5.5886,5.6715,5.9043,6.8878,5.5706,5.0175,4.6084,4.5952,5.755,5.5678,6.4885,6.1176,7.9164,7.8326,6.4579,7.7873,8.8815,7.6589,6.7334,6.8951,6.8292,6.4073,6.871,7.1561,6.9135,8.5518,8.093,8.1908,8.6953,..
Uruguay,URY,Energy use (kg of oil equivalent per capita),EG.USE.PCAP.KG.OE,858.94549973557,796.48972768896,757.037323551894,805.45638430458,884.16196125255,893.586695122511,914.894632558476,994.912620386541,948.595701266831,831.884484463778,772.008348325172,774.971327216851,884.970363414793,916.698612830821,990.488024294237,985.905732498087,1274.16949472415,1254.7362886566,1226.9840852731,1327.77878788273,1407.51757319789,1378.79092656473,1397.55777562001,1491.04897158511,1550.98299580242,1512.8381875657,1560.97897875852,1540.78251179675,1531.60055590501,1644.69693874435,1626.06034935571,..,..,..
Uruguay,URY,"Population, total",SP.POP.TOTL,3139702,3156345,3172834,3189440,3206324,3223345,3239280,3254015,3266206,3274251,3278867,3281186,3283148,3285771,3289506,3295153,3302177,3310091,3318580,3326825,3335401,3345337,3356334,3368017,3379283,3388438,3394534,3397206,3398968,3396695,3390913,3388081,3386588,..
Uruguay,URY,Urban population (% of total population),SP.URB.TOTL.IN.ZS,89.780655787039,90.0885354831698,90.364725438899,90.6034292163637,90.7987169022654,90.9527192912429,91.0763563098556,91.1807813592588,91.2769768173566,91.3759250620534,91.4886084712534,91.6260094228609,91.8009434091917,92.0812710048572,92.4845482788191,92.9603688038713,93.45975578621,93.9337324320314,94.3333219475319,94.6036824756941,94.7606597546186,94.8844735142936,94.9897821210514,95.0800002298303,95.1585424955685,95.2288235732042,95.2942581176758,95.3479309082031,95.3997650146484,95.4497146606445,95.4977416992188,95.5439605712891,95.5981951588181,..
Uzbekistan,UZB,"GDP per capita, PPP (constant 2021 international $)",NY.GDP.PCAP.PP.KD,3547.3114038795,3386.46207695591,3142.43287962994,3052.41881077596,3046.56376344753,3150.0853013379,3234.35751357407,3326.4252682467,3410.65044991898,3509.72863761694,3604.69346202514,3711.77853054423,3939.53039814876,4160.95512970703,4413.72281227266,4764.56391427529,5115.64391465594,5439.55068123847,5760.80511957791,6100.25100998284,6435.56467226429,6797.77494784494,7145.10980664151,7529.76364274179,7839.97820100236,8047.05375469466,8348.96057873127,8755.12593984949,8727.41104939223,9247.64382703929,9607.56167273449,10007.685502618,10450.2051402852,..
Uzbekistan,UZB,Carbon dioxide (CO2) emissions (total) excluding LULUCF (Mt CO2e),EN.GHG.CO2.MT.CE.AR5,119.4667,119.2808,113.6737,104.912,108.1291,108.0143,123.4347,124.2258,131.5221,132.6334,136.8801,128.9701,132.1457,125.5292,134.4224,131.3948,137.2899,124.512,135.8014,138.6782,123.1859,121.417,113.1595,107.5503,114.0078,118.2658,112.7949,115.1171,123.9451,134.3607,128.9082,132.6306,148.5388,..
Uzbekistan,UZB,Energy use (kg of oil equivalent per capita),EG.USE.PCAP.KG.OE,2098.83132080431,2130.91862562729,2062.21084114324,1713.58068520437,1744.87031595541,1746.59887028463,1789.4682125784,1838.64635291925,1866.70954311251,1863.69950730922,1907.69659032329,1823.5423217092,1780.21898584248,1662.08972765071,1695.1035686445,1634.47696212044,1656.55650065035,1488.61678124243,1592.96476589268,1603.22239464061,1387.65012211387,1350.32249660587,1240.29664862077,1165.60752398201,1209.61523440111,1253.44940769753,1272.07621933957,1285.18444128817,1351.37520056543,1465.19908492256,1381.80448771676,..,..,..
Uzbekistan,UZB,"Population, total",SP.POP.TOTL,21485090,21987955,22463291,22917589,23351981,23758960,24134929,24476008,24787054,25090283,25399980,25711259,26029350,26356975,26699043,27076008,27494774,27939328,28385506,28823196,29261903,29724065,30222994,30749346,31284568,31819178,32373490,32964701,33586372,34243696,34938955,35652307,36361859,..
Uzbekistan,UZB,Urban population (% of total population),SP.URB.TOTL.IN.ZS,41.5298766018746,42.0894314135234,42.7449627900584,43.4782464742032,44.2710582086815,45.1051737362168,45.9623687995325,46.8244191413524,47.6731005044,48.4901886313987,49.2574592650723,49.9566881481443,50.5696510233382,51.0781236333777,51.4638817209862,51.7087010288873,51.7943572998047,51.6105041503906,51.3321647644043,51.3395500183105,51.3359680175781,51.1276969909668,50.8868713378906,50.6597328186035,50.6572189331055,50.6787376403809,50.5814971923828,50.5920104980469,50.7670402526855,50.9269905090332,50.9847412109375,50.9964841114568,50.9986686706543,..
Vanuatu,VUT,"GDP per capita, PPP (constant 2021 international $)",NY.GDP.PCAP.PP.KD,3122.88933397766,3069.80583421676,3269.62833082984,3226.91509128028,3229.10220217595,3315.48137240776,3285.13835226801,3228.59180513043,3342.16726611558,3148.33464010842,2911.04134701793,2962.03107292132,3005.79726389788,3089.43704035765,3270.70237527622,3283.36553319499,3381.38564426088,3396.73599458141,3359.84954476432,3390.96103912602,3350.77088958974,3292.23424552549,3302.29177948687,3357.63888534014,3397.76730446483,3465.91968561101,3482.02272525905,3512.07197251664,3259.99543753198,3135.83664945678,3222.83595459346,3214.70244012121,3172.04772751391,..
Vanuatu,VUT,Carbon dioxide (CO2) emissions (total) excluding LULUCF (Mt CO2e),EN.GHG.CO2.MT.CE.AR5,0.0532,0.0538,0.0553,0.0502,0.0506,0.0521,0.0537,0.0536,0.084,0.0977,0.0961,0.1122,0.0874,0.0892,0.0803,0.131,0.1287,0.1443,0.1549,0.1797,0.1477,0.151,0.1753,0.1592,0.1659,0.1664,0.2288,0.219,0.2515,0.2909,0.2709,0.2717,0.2851,..
Vanuatu,VUT,Energy use (kg of oil equivalent per capita),EG.USE.PCAP.KG.OE,..,..,..,..,..,..,..,..,..,..,..,..,145.835662652945,142.342000379579,143.56969845732,158.173502774815,..,..,..,..,..,..,..,..,..,..,..,..,..,..,..,..,..,..
Vanuatu,VUT,"Population, total",SP.POP.TOTL,155608,159463,163314,167137,170911,174626,178313,182048,186281,191031,195863,200746,205711,210760,215923,221276,226896,232731,238248,243474,248883,254482,260240,266101,272087,278507,285259,291985,298858,305868,313046,320409,327777,..
Vanuatu,VUT,Urban population (% of total population),SP.URB.TOTL.IN.ZS,19.383874879138,19.676047414188,19.9607994180462,20.2407963936871,20.5187038440851,20.7971872722147,21.0789121810505,21.3677585605054,21.6572490599483,21.9341706883464,22.2011458912344,22.4641372404641,22.7291073078871,23.0020186653551,23.2888338847199,23.5955155378332,23.9280261965467,24.2861753285463,24.742504119873,24.7861634049013,24.8183551383933,24.8407362750263,24.8549637694775,24.8626945764242,24.8654875642873,24.7644441456437,24.2729727045038,23.5024668917075,22.4186852094794,22.2501822422475,22.2541249733107,22.2651966823901,22.2866933360645,..
"Venezuela, RB",VEN,"GDP per capita, PPP (constant 2021 international $)",NY.GDP.PCAP.PP.KD,..,..,..,..,..,..,..,..,..,..,..,..,..,..,..,..,..,..,..,..,..,..,..,..,..,..,..,..,..,..,..,..,..,..
"Venezuela, RB",VEN,Carbon dioxide (CO2) emissions (total) excluding LULUCF (Mt CO2e),EN.GHG.CO2.MT.CE.AR5,106.2215,110.1907,122.5505,119.9197,133.447,133.8226,135.558,131.9326,137.7453,143.2788,148.0955,143.0009,149.704,155.9378,158.9841,155.9702,164.1035,165.2485,176.795,172.9615,193.7941,192.9674,191.9224,175.9339,162.9378,151.9619,137.7913,120.3724,76.6657,75.873,92.004,96.3903,96.4114,..
"Venezuela, RB",VEN,Energy use (kg of oil equivalent per capita),EG.USE.PCAP.KG.OE,2226.55481105961,2027.59967205093,2299.11785137022,2111.33770063193,2203.62644762536,2149.90770739915,2218.43187719732,2399.16210710328,2391.36796026802,2188.40606705914,2648.88652521803,2432.12630470112,2305.02805179379,2371.58340737061,2375.23205873567,2391.58062016859,2346.77022538359,2234.25825126867,2621.33385247062,2309.22244633281,2309.91542806381,2529.69123843792,2174.61144769649,2090.86986204943,1901.6695815311,1798.71760054216,1384.67691686277,1396.90783852331,1104.64248743922,1317.36867421741,1478.06434305688,..,..,..
"Venezuela, RB",VEN,"Population, total",SP.POP.TOTL,20780948,21254520,21725188,22193821,22662113,23131685,23601337,24066593,24526708,24979922,25435671,25892703,26340838,26785804,27224686,27649363,28053696,28438298,28813101,29185212,29553826,29912198,30254079,30573972,30765720,30565323,29807592,28938098,28444077,28237826,28213017,28300854,28405543,..
"Venezuela, RB",VEN,Urban population (% of total population),SP.URB.TOTL.IN.ZS,84.8766356611879,85.3657269170578,85.8624720356125,86.352867491272,86.8229097584563,87.2585953115854,87.6459206250794,87.9708821733583,88.219476430842,88.372774123042,88.4553810951083,88.522274342774,88.5835546444319,88.638673298371,88.6870816028803,88.7282308562487,88.7615723567652,88.7865574027187,88.8026372923982,88.8079278904659,88.8401868543141,88.8786817039721,88.9163913525251,88.9539804079292,88.9914428378712,89.0287726100378,89.0659636921159,89.1030100517924,89.1399056567545,89.1766444746891,89.2132204732836,89.249627620225,89.285859883201,..
Viet Nam,VNM,"GDP per capita, PPP (constant 2021 international $)",NY.GDP.PCAP.PP.KD,2726.47373748487,2890.42431737761,3089.60933725631,3328.21486039558,3584.02898335147,3820.30249485434,3982.95805965603,4119.05367208231,4349.22348751462,4570.26846577385,4809.62151118535,5090.28990869885,5421.09702829121,5776.36304451268,6098.24495436514,6418.54381402878,6659.13561432065,6914.33863589545,7274.73310698016,7652.61895672271,7979.86828926858,8324.19871250047,8751.88280634375,9248.02396069622,9743.1882231455,10290.5487142244,10936.8937859558,11628.6139147451,11851.3965685649,12048.9019935536,12979.7639049934,13545.9346616752,14415.2159532813,..
Viet Nam,VNM,Carbon dioxide (CO2) emissions (total) excluding LULUCF (Mt CO2e),EN.GHG.CO2.MT.CE.AR5,21.7025,25.415,29.8814,34.3721,38.7066,44.644,49.8923,51.1038,56.5356,62.0917,73.0818,77.6463,91.9274,100.5495,103.16,114.314,125.7916,140.8243,156.7839,156.7664,156.2243,163.1599,178.9422,200.8183,223.8051,229.2539,282.0973,336.5288,348.3315,336.1703,343.9999,390.7253,430.8192,..
Viet Nam,VNM,Energy use (kg of oil equivalent per capita),EG.USE.PCAP.KG.OE,276.933206862751,294.74751383968,289.677004526493,303.783392969624,315.960539910077,335.565681064978,352.512759719206,358.075426214906,372.486738202477,393.081627304938,424.572449525025,441.331501223992,485.432705372372,509.245126631649,515.075042472671,544.673183366382,572.099542305108,615.142147070174,670.10802910064,663.574440140704,664.347312614103,674.678165107275,745.633531778112,679.445923972947,738.879533385899,757.479979941312,885.646841787765,987.27147244039,991.281232485165,962.199524881189,1023.0571362687,..,..,..
Viet Nam,VNM,"Population, total",SP.POP.TOTL,68260337,69586384,70854391,72049940,73156447,74226889,75299660,76287452,77154011,77969361,78772224,79563777,80338971,81088313,82167897,83633375,85175788,86460018,87455152,88468314,89510356,90573104,91679578,92823254,94000117,95176977,96237319,97173776,98079191,98935098,99680655,100352192,100987686,..
Viet Nam,VNM,Urban population (% of total population),SP.URB.TOTL.IN.ZS,19.8252510026665,20.3057679487956,20.8567825836322,21.4538464600183,22.072511130796,22.6883281488073,23.2768490668943,23.8212278892522,24.3672526919772,24.9489362725143,25.5540925665659,26.1745407830283,26.8021001307977,27.4285898187702,28.0458290558422,28.6456370509099,29.2198330128693,29.7581347355675,30.2504027258526,30.6996041680996,31.1222779403029,31.5334201724543,31.9480269945454,32.3810945365679,32.8476189285136,33.3625963003742,33.9410227821412,34.6239134999511,35.5706676299742,36.6540656426603,37.5478515625,38.1298904418945,38.4900703430176,..
Virgin Islands (U.S.),VIR,"GDP per capita, PPP (constant 2021 international $)",NY.GDP.PCAP.PP.KD,..,..,..,..,..,..,..,..,..,..,54299.2298699394,54086.1547945673,55883.4545510864,57838.0977142823,59911.7224453162,62332.9445371347,63057.6263123638,58895.3056899496,59272.2456856343,54443.0686942498,46422.4151236223,43563.8864931407,42853.8986599185,42739.0835022993,43502.4336941564,43277.1546523522,44205.4071324394,45632.6364715693,45055.7829303523,46893.5496988741,46479.2996685326,..,..,..
Virgin Islands (U.S.),VIR,Carbon dioxide (CO2) emissions (total) excluding LULUCF (Mt CO2e),EN.GHG.CO2.MT.CE.AR5,0.0002,0.0002,0.0002,0.0002,0.0002,0.0002,0.0002,0.0002,0.0002,0.0002,0.0002,0.0002,0.0002,0.0002,0.0002,0.0002,0.0002,0.0002,0.0002,0.0002,0.0002,0.0002,0.0002,0.0002,0.0002,0.0002,0.0002,0.0002,0.0002,0.0002,0.0002,0.0002,0.0002,..
Virgin Islands (U.S.),VIR,Energy use (kg of oil equivalent per capita),EG.USE.PCAP.KG.OE,..,..,..,..,..,..,..,..,..,..,..,..,..,..,..,..,..,..,..,..,..,..,..,..,..,..,..,..,..,..,..,..,..,..
Virgin Islands (U.S.),VIR,"Population, total",SP.POP.TOTL,105712,106578,107318,107818,108095,108357,108537,108599,108642,108549,108509,108505,108466,108453,108369,108337,108397,108404,108357,108290,108188,108041,107882,107712,107516,107281,107001,106669,106290,105870,105413,104917,104377,..
Virgin Islands (U.S.),VIR,Urban population (% of total population),SP.URB.TOTL.IN.ZS,77.0355694938073,80.1141807479089,82.9639459373535,85.5373565321881,87.7869040024597,89.6650798182152,91.1243754495017,92.1172823663661,92.6234446497486,92.9312505278715,93.2191674762441,93.4773224233974,93.7071483863705,93.9100783822029,94.0875454279337,94.2409825406024,94.3718227372483,94.4814990349105,94.5724392667003,94.6553578863453,94.7353591077883,94.8105958193224,94.8797070702488,94.9413319098685,94.9941093874829,95.0366785523929,95.0676784538999,95.0857481413049,95.0974024521293,95.1604310610968,95.2171514724412,95.2740790945924,95.3312197036061,..
West Bank and Gaza,PSE,"GDP per capita, PPP (constant 2021 international $)",NY.GDP.PCAP.PP.KD,..,..,3966.68875052152,4062.96290335877,3932.22694732854,4311.53876740636,4805.19156878644,5071.82121719043,4520.88992531975,3996.50878001821,3409.17287422698,3788.92652721128,4503.08034061409,4885.07252184444,4714.37331793342,4769.52328096801,4984.80579890695,5270.66331643219,5432.24363072522,5805.32115329251,6009.10925822042,6142.20204342591,5990.42661523778,6072.65031768549,6464.13352537371,6426.79521615335,6342.9374800852,6269.89134527985,5423.68254653126,5663.12160743584,5753.08395899307,5361.13098084938,3845.50297375419,..
West Bank and Gaza,PSE,Carbon dioxide (CO2) emissions (total) excluding LULUCF (Mt CO2e),EN.GHG.CO2.MT.CE.AR5,..,..,..,..,..,..,..,..,..,..,..,..,..,..,..,..,..,..,..,..,..,..,..,..,..,..,..,..,..,..,..,..,..,..
West Bank and Gaza,PSE,Energy use (kg of oil equivalent per capita),EG.USE.PCAP.KG.OE,..,..,..,..,..,..,..,..,..,..,..,..,..,..,..,..,..,..,..,..,..,..,..,..,..,..,..,..,..,..,..,..,..,..
West Bank and Gaza,PSE,"Population, total",SP.POP.TOTL,2163591,2262676,2366298,2474666,2587997,2706518,2776568,2848431,2922153,2997784,3075373,3154969,3236626,3320396,3406334,3494496,3591977,3689099,3786161,3882986,3979998,4076708,4173398,4270092,4367088,4454805,4569087,4685306,4803269,4922749,5043612,5165775,5289152,..
West Bank and Gaza,PSE,Urban population (% of total population),SP.URB.TOTL.IN.ZS,66.1038051489255,66.5380301106892,67.0135359888796,67.5359347159403,68.1108382243154,68.7351827543561,69.4998723632721,70.6277576517327,72.0694328572656,73.7258284491139,75.4978748965208,77.2865026687292,78.9926422349822,80.5172240645229,81.7611786265942,82.596126313073,83.0979098899913,83.5050344815957,83.8853491139676,84.2340950604341,84.5465135943222,84.8178459889593,85.0433335176723,85.2182174537886,85.3377390706351,85.3782255354,85.5351131070872,85.8136174183656,86.0741183743925,86.334956387337,86.5961423216016,86.8576870415886,87.1196014117004,..
"Yemen, Rep.",YEM,"GDP per capita, PPP (constant 2021 international $)",NY.GDP.PCAP.PP.KD,..,..,..,..,..,..,..,..,..,..,..,..,..,..,..,..,..,..,..,..,..,..,..,..,..,..,..,..,..,..,..,..,..,..
"Yemen, Rep.",YEM,Carbon dioxide (CO2) emissions (total) excluding LULUCF (Mt CO2e),EN.GHG.CO2.MT.CE.AR5,9.5953,8.6788,10.0259,11.1564,11.4239,12.2886,13.084,14.7405,15.7452,16.7704,16.8166,19.536,20.4409,22.0232,22.946,24.3239,25.2468,27.6349,26.3447,23.001,22.0028,28.7881,28.3558,14.2523,10.6296,9.826,11.9933,12.3423,11.3173,11.2191,10.9841,10.6254,10.5803,..
"Yemen, Rep.",YEM,Energy use (kg of oil equivalent per capita),EG.USE.PCAP.KG.OE,222.881497111698,185.806376377869,186.966315782925,204.1397676512,201.531838800768,207.425455422355,214.74880211605,234.96098673933,241.884502378759,260.291246901483,244.765880104457,264.070554409773,279.891332102562,289.030753712905,299.542924935684,283.812949035491,289.811528650795,311.080562559356,291.861999994351,240.192428627502,210.827759194461,281.953182312038,259.815942651214,119.994093431265,83.3695325901369,71.9650301584181,93.9408794935562,92.6774709704908,77.587699828637,71.3420686631943,68.9495345137687,..,..,..
"Yemen, Rep.",YEM,"Population, total",SP.POP.TOTL,14989494,15563914,16149147,16740058,17313177,17873936,18446013,19029420,19624141,20226147,20835086,21456379,22095167,22790085,23543083,24318082,25111941,25927724,26754387,27582897,28433647,29312952,30226309,31159379,32109010,33090921,34085182,35111408,36134863,37140230,38222876,39390799,40583164,..
"Yemen, Rep.",YEM,Urban population (% of total population),SP.URB.TOTL.IN.ZS,21.7569525846164,22.4923555641291,23.1700802443959,23.7984859251509,24.3989541605814,24.9808729368956,25.5432575968119,26.0851234830484,26.6054859383233,27.1033603053549,27.5777619268614,28.0277061455611,28.4506523754813,28.8523786558834,29.2379493450977,29.6091538946366,29.9646637170333,30.3031502248211,30.6232848305331,30.9237389467026,31.2031839858628,31.4427187944215,31.8626162180918,32.3883178702702,32.9512008005236,33.5586912522175,34.2106045810864,34.9067561732024,35.7025604580302,36.0704951256305,36.3226310308295,36.5707979836506,36.8077517596594,..
Zambia,ZMB,"GDP per capita, PPP (constant 2021 international $)",NY.GDP.PCAP.PP.KD,2268.49812195378,2365.62953630778,2110.5832556481,2119.95642928697,2197.19564925242,2223.45745445731,2157.57339335667,2198.18912998648,2220.5653712714,2268.96965564597,2299.33289188114,2383.87611741089,2471.72073328685,2564.47560965912,2673.46151928529,2796.3529332184,2908.14362510668,3065.84420108998,3266.50749293828,3335.64339500657,3474.55252844092,3535.22449043144,3585.57748507131,3576.92544834125,3598.17166023389,3612.50597664593,3646.95966481655,3591.56418883108,3391.59541156095,3503.03491418372,3585.12379084347,3673.4841969922,3708.06904295647,..
Zambia,ZMB,Carbon dioxide (CO2) emissions (total) excluding LULUCF (Mt CO2e),EN.GHG.CO2.MT.CE.AR5,3.1378,2.8453,2.3871,2.3571,1.9844,2.5004,2.3443,1.929,1.9522,1.9678,2.0678,2.2392,2.3034,2.4735,2.4089,2.1887,2.6077,2.8749,3.2126,3.4572,4.3193,4.7358,5.5061,5.848,6.3266,8.0384,9.1031,9.034,9.531,9.6802,10.5712,11.3586,11.5732,..
Zambia,ZMB,Energy use (kg of oil equivalent per capita),EG.USE.PCAP.KG.OE,694.529239954776,679.245461720533,668.076358195867,663.32497167535,641.707557085146,652.331608511085,641.720228004232,629.061896478075,595.567896345718,596.349927915799,603.817790407024,611.086621828071,611.62904243083,607.942409416347,604.442195262904,597.399634418715,616.785241364652,619.989950482658,629.082900793812,646.079173071802,662.330990673445,671.712530708792,682.741627698753,686.58901801905,683.714230135287,702.724841881756,726.480224274828,741.616894830948,759.022718469978,769.932818962888,800.674873527651,..,..,..
Zambia,ZMB,"Population, total",SP.POP.TOTL,8176680,8373921,8576269,8785763,9004053,9237063,9482408,9740005,10017631,10325185,10647949,10983595,11338198,11718819,12129553,12565085,13021324,13490389,13965594,14437796,14913629,15398997,15895315,16399089,16914423,17441320,17973569,18513839,19059395,19603607,20152938,20723965,21314956,..
Zambia,ZMB,Urban population (% of total population),SP.URB.TOTL.IN.ZS,39.0972462878148,38.8993519782475,38.6659731487597,38.4031143188477,37.9842763417749,37.3758882162063,36.7233466797411,36.1720484699782,35.8735460960387,35.8846482932758,36.0706035730014,36.3858560115875,36.8035881130253,37.2969823813059,37.8392213204204,38.4034874343601,38.9629632271162,39.4908312026796,39.9558857709992,40.3684491825881,40.7698556821596,41.1682266235825,41.5634741658525,41.9555104679652,42.3442476889162,42.7295979877011,43.1114735233156,43.4897864547552,43.8644489410157,44.2353731410926,44.5988511178469,45.0285853521585,45.4703838491279,..
Zimbabwe,ZWE,"GDP per capita, PPP (constant 2021 international $)",NY.GDP.PCAP.PP.KD,5532.03740345063,5509.0831125663,6010.74241746159,5964.5893804643,6474.16018296527,6524.06265782805,6582.34841934183,6423.70886833195,6170.33390832202,6217.41179425199,5610.19146861437,4601.6607468251,4287.59829196083,4004.66443720945,3819.2334285389,3631.53761566256,2954.09932377926,3299.41379594873,3885.39378454343,4358.92582649309,5003.48706186748,5031.68744400391,5081.11240399225,5102.71432347607,5070.40217016051,5234.3838655748,5415.46976371689,4993.84383894752,4527.71988082724,4827.0886936086,5036.76136109489,5218.02266462129,5215.25301075742,..
Zimbabwe,ZWE,Carbon dioxide (CO2) emissions (total) excluding LULUCF (Mt CO2e),EN.GHG.CO2.MT.CE.AR5,19.205,17.6741,16.5503,16.2689,15.7201,14.7595,14.9728,16.8548,14.6562,14.5958,13.3321,10.9284,10.3653,11.512,10.7255,10.5677,8.3091,7.9434,10.0686,15.8494,12.7437,12.7188,12.6001,12.6919,11.2687,10.5878,12.2724,11.1706,9.0746,10.8831,11.5572,12.566,12.8554,..
Zimbabwe,ZWE,Energy use (kg of oil equivalent per capita),EG.USE.PCAP.KG.OE,950.926998400787,896.550056675906,889.068847985188,896.802808791501,878.324342885053,853.413365011755,856.364413103571,898.603754248396,555.920693046092,540.270613966905,519.581800171555,477.200797479578,449.272021527134,479.190598403953,494.383766335302,472.966456400849,416.061487434695,417.993358333389,420.028576465643,444.80696274803,454.708020211244,462.865283072286,460.332017093667,453.579542968744,423.185508873165,416.196232814442,445.175095167118,412.165419523265,373.557246170741,405.518563648677,416.586875381392,..,..,..
Zimbabwe,ZWE,"Population, total",SP.POP.TOTL,10702700,10860288,10873148,10974599,11158360,11369827,11594297,11783458,11892055,11971901,12087653,12232323,12365896,12483432,12636445,12804058,12959149,13142790,13356548,13595424,13817887,14013808,14207359,14399013,14600294,14812482,15034452,15271368,15526888,15797210,16069056,16340822,16634373,..
Zimbabwe,ZWE,Urban population (% of total population),SP.URB.TOTL.IN.ZS,30.5674246988034,30.8753173320215,31.1618938952517,31.429986132892,31.6769076006021,31.8999718540415,32.0964924488698,32.2637829407466,32.3991568853313,32.4999278382836,32.5631884166934,32.6003372313948,32.6278168233873,32.6482709722903,32.6640794641194,32.67762208489,32.6912786206175,32.7074288573175,32.7284525810054,32.7567295776968,32.7931752128328,32.9019343169941,33.1628075970801,33.5612641766874,34.0799460726314,34.7014953017273,35.4085538807905,36.1837638266364,37.0097671560802,37.8692058859373,38.7055207169041,39.2919370795795,39.8933716820696,..
,,,,,,,,,,,,,,,,,,,,,,,,,,,,,,,,,,,,,
,,,,,,,,,,,,,,,,,,,,,,,,,,,,,,,,,,,,,
,,,,,,,,,,,,,,,,,,,,,,,,,,,,,,,,,,,,,
Data from database: World Development Indicators,,,,,,,,,,,,,,,,,,,,,,,,,,,,,,,,,,,,,
Last Updated: 02/24/2026,,,,,,,,,,,,,,,,,,,,,,,,,,,,,,,,,,,,,
Code,License Type,Indicator Name,Long definition,Source,Topic,Dataset,Unit of measure,Periodicity,Reference period,Aggregation method,Statistical concept and methodology,Development relevance,Limitations and exceptions,Other notes,License URL
NY.GDP.PCAP.PP.KD,CC BY-4.0,"GDP per capita, PPP (constant 2021 international $)","This indicator provides values for gross domestic product (GDP) expressed in constant international dollars, converted by purchasing power parities (PPPs). PPPs account for the different price levels across countries and thus PPP-based comparisons of economic output are more appropriate for comparing the output of economies and the average material well-being of their inhabitants than exchange-rate based comparisons. 

Gross domestic product is the total income earned through the production of goods and services in an economic territory during an accounting period. It can be measured in three different ways: using either the expenditure approach, the income approach, or the production approach. The core indicator has been divided by the general population to achieve a per capita estimate. This indicator is expressed in constant prices, meaning the series has been adjusted to account for price changes over time. The reference year for this adjustment is 2021. The PPP conversion factor is a currency conversion factor and a spatial price deflator. PPPs convert different currencies to a common currency and, in the process of conversion, equalize their purchasing power by eliminating the differences in price levels between countries, thereby allowing volume or output comparisons of GDP and its expenditure components.","International Comparison Program (ICP), World Bank (WB), uri: https://www.worldbank.org/en/programs/icp/data, note: This information is for ICP’s PPPs utilized in WDI, publisher: International Comparison Program (ICP), date accessed: May 30, 2024, date published: May 30, 2024;
The Eurostat PPP Programme, Eurostat (ESTAT), uri: https://ec.europa.eu/eurostat/databrowser/explore/all/all_themes, publisher: Eurostat;
The OECD PPP Programme, Organisation for Economic Co-operation and Development (OECD), uri: https://data-explorer.oecd.org/, publisher: OECD;
Staff estimates, World Bank (WB);
National Accounts data files, Organisation for Economic Co-operation and Development (OECD);
World Economic Outlook database, International Monetary Fund (IMF)",Economic Policy & Debt: Purchasing power parity,WB_WDI,Constant 2021 international $,Annual,1990-2024,Weighted average,"Methodology: The International Comparison Program (ICP) estimates PPPs for the world’s countries. The ICP is conducted as a global partnership of countries, multilateral agencies, and academia. The recent 2021 ICP comparison covered 176 countries, including 49 Eurostat-OECD countries. For countries that have not participated in ICP comparisons, the PPP are imputed based on a regression model. ICP estimated PPPs cover years from 2011 to 2021. WDI extrapolates 2011 PPPs for years earlier years, and 2021 PPPs for later years. For the member countries of Eurostat-OECD PPP Programme, PPP conversion factors are periodically updated based on the organizations’ databases. 

National accounts are compiled in accordance with international standards: System of National Accounts, 2008 or 1993 versions. Specific information on how countries compile their national accounts can be found on the IMF website: https://dsbb.imf.org/  Linked series have been smoothed to remove breaks resulting from changes in base years, data sources or compilation methods. The linking is performed using historical nominal growth rates from archived WDI databases.

Statistical concept(s): PPPs are primarily used to convert the national accounts data of economies, such as GDP and its expenditure components, into a common currency.  In the process of conversion, they control for differences in the price levels of economies, and thus equalize purchasing power. PPP-based comparisons of economic output differ from market exchange rate-based comparisons as the latter do not distinguish between the relative price levels of different items in economies. Overall price levels are normally higher in higher-income economies than they are in lower-income economies (Balassa-Samuelson effect), mostly because of the large differences in price levels for non-traded products. If no account is taken of the larger price level differences for non-traded products when converting GDP to a common currency, the size of higher-income economies with high price levels will be overstated and the size of lower-income economies with low price levels will be understated. No distinction is made between traded products and non-traded products when market exchange rates are used to convert GDP to a common currency: the rate is the same for all products. PPP-converted GDP does not have this bias because PPPs account for the different price levels of traded products and non-traded products. Thus, PPPs are more appropriate for comparing the output of economies and the average material well-being of their inhabitants and are also less impacted by the potential volatility of market exchange rates. PPPs are calculated by the International Comparison Program (ICP) based on the prices of goods and services within an economy and national accounts expenditures. 

The  conceptual elements of the SNA (System of National Accounts) measure what takes place in the economy, between which agents, and for what purpose. At the heart of the SNA is the production of goods and services. These may be used for consumption in the period to which the accounts relate or may be accumulated for use in a later period. In simple terms, the amount of value added generated by production represents GDP. The income corresponding to GDP is distributed to the various agents or groups of agents as income and it is the process of distributing and redistributing income that allows one agent to consume the goods and services produced by another agent or to acquire goods and services for later consumption. The way in which the SNA captures this pattern of economic flows is to identify the activities concerned by recognizing the institutional units in the economy and by specifying the structure of accounts capturing the transactions relevant to one stage or another of the process by which goods and services are produced and ultimately consumed.","PPPs are used to convert national accounts data from different countries, such as GDP and its expenditure components, into a common currency, while also eliminating the effect of price level differences between countries. PPPs are also used to derive price level indexes (PLIs), the ratio of a country’s PPP to its market exchange rate, to directly compare price levels across countries.
The PPP-based expenditures to which they give rise are primarily used to make spatial comparisons of volume and per capita consumption or levels of GDP and its expenditure components across countries.  PPP-based indicators are used for national, regional, and global policy making and analysis across the socioeconomic spectrum from poverty and inequality, to health and education, to energy and climate, through to economic growth, labor, productivity, trade, competitiveness, and infrastructure. A number of Sustainable Development Goals use PPP-based indicators to measure development progress.

This indicator is related to the national accounts, which are critical for understanding and managing a country's economy. They provide a framework for the analysis of economic performance. National accounts are the basis for estimating the Gross Domestic Product (GDP) and Gross National Income (GNI), which are the most widely used indicator of economic performance. They are essential for government policymakers, providing the data needed to design and assess fiscal and monetary policies; and are also used by businesses and investors to assess the economic climate and make investment decisions. NAS enable comparison between economies, which is crucial for international trade, investment decisions, and economic competitiveness. More specifically, this indicator is related to national accounts aggregates. Gross Domestic Product (GDP), Gross National Income (GNI), and other aggregates provide a snapshot of the size and health of an economy by measuring the total economic activity within a country. They can thus be used by policymakers to design and implement economic policies, as they reflect the overall economic performance and can indicate the need for intervention in certain areas. Aggregates also allow for comparisons between different economies, which can be useful for trade negotiations, investment decisions, and economic benchmarking. By examining aggregates over time, economists and analysts can identify trends, cycles, and potential areas of concern within an economy, and investors can use national accounts aggregates to assess the potential risks and returns of investing in a particular country. Overall, national accounts aggregates are fundamental tools for economic analysis, policy formulation, and decision-making at both the national and international levels.",,,https://datacatalog.worldbank.org/public-licenses#cc-by
EN.GHG.CO2.MT.CE.AR5,CC BY-4.0,Carbon dioxide (CO2) emissions (total) excluding LULUCF (Mt CO2e),"A measure of annual emissions of carbon dioxide (CO2), one of the six Kyoto greenhouse gases (GHG), from the agriculture, energy, waste, and industrial sectors, excluding LULUCF.. The measure is standardized to carbon dioxide equivalent values using the Global Warming Potential (GWP) factors of IPCC's 5th Assessment Report (AR5).","EDGAR (Emissions Database for Global Atmospheric Research) Community GHG Database, Joint Research Centre (JRC) - European Commission, uri: https://edgar.jrc.ec.europa.eu/dataset_ghg2024, publisher: JRC European Commission, date published: 2024;
International Energy Agency (IEA), uri: https://edgar.jrc.ec.europa.eu/dataset_ghg2024, publisher: International Energy Agency (IEA), date published: 2024",Environment: Emissions,WB_WDI,Mt CO2eq,Annual,1970-2024,Sum,"Methodology: EDGAR compiles data from multiple authoritative sources, including: International Energy Agency (IEA) – Energy consumption data, United Nations Framework Convention on Climate Change (UNFCCC) – National GHG inventories, Food and Agriculture Organization (FAO) – Agricultural emissions, World Bank & National Statistics Offices – Socioeconomic and industrial data, Scientific Literature & IPCC Guidelines – Emission factors and methodologies. 






EDGAR follows the IPCC (Intergovernmental Panel on Climate Change) Guidelines for National Greenhouse Gas Inventories to estimate emissions. The core equation is:






?? =??×????






Where:






E = Total emissions (kg, tons, or CO2-equivalent)






A = Activity data (e.g., fuel consumption, production levels)






EF = Emission factor (kg of pollutant per unit of activity)













Depending on the pollutant, different tiers of complexity are used:






Tier 1 – Default IPCC emission factors (simple estimation)






Tier 2 – Country/region-specific emission factors






Tier 3 – Detailed process-based models (highest accuracy)","Anthropogenic (human-caused) emissions of global greenhouse gases, including carbon dioxide (CO2), methane (CH4), nitrous oxide (N2O) and F-gases, lead to an increase of the concentration of greenhouse gases in the atmosphere, which in turn causes atmospheric warming by trapping heat in the atmosphere (greenhouse gas effect). Atmospheric warming leads to climatic changes causing more frequent and extreme weather events and higher temperatures globally, leading to large impacts across the globe and particularly in developing countries that often have a limited means to adapt and build resilience. The international scientific community has warned that emissions need to decline to net zero by the middle of the 21st century to limit global warming to well below a 2deg C increase and help avoid the most consequential climate change impacts. 



















Climate change is having a disproportionate impact on developing countries and if unabated will not only reverse past development progress and hinder poverty reduction but will also make future development more costly. Country level assessments of the potential climate change impacts on specific developing countries, performed as part of the World Bank’s Country Climate and Development Reports (CCDRs), show that climate change will have a significant impact on developing countries’ economies, ranging from about 0.5% of GDP for higher income developing countries to over 13% for the lowest income developing countries. The costs of partial adaptation to these changes will be significant as well -- ranging between 1 and 10% of developing countries’ GDP.","Global GHG emissions are currently not directly measurable, but approaches for their estimation exist, and numerous sources exist to supply data for this indicator. Reputable scientific organizations produce these data for use for research, policy analysis, climate negotiations, and broader public communications. The estimated accuracy from fossil fuel combustion and industrial processes are quite high, as quantities of fossil fuels and other emissive materials (such as cement and steel) produced are well known. For these sectors, emissions estimates are roughly accurate to within 10% when aggregated to the global level and between 4% and 35% at the country level (Crippa et al., 2023). For non- combustion and non- industrial process emissions, the accuracy is lower. Agricultural emissions, for example, depend upon many factors including the type of crops grown and livestock raised, specific agricultural practices, and other climate and non-climate factors. For these emissions, the accuracy is lower—around 30% for CH4 and fluorinated gases (HFCs, PFCs, and SF6).",,https://datacatalog.worldbank.org/public-licenses#cc-by
EG.USE.PCAP.KG.OE,CC BY-4.0,Energy use (kg of oil equivalent per capita),"Energy use refers to use of primary energy before transformation to other end-use fuels, which is equal to indigenous production plus imports and stock changes, minus exports and fuels supplied to ships and aircraft engaged in international transport.","IEA Energy Statistics Data Browser, International Energy Agency (IEA), uri: https://www.iea.org/data-and-statistics/data-tools/energy-statistics-data-browser, publisher: International Energy Agency (IEA), date accessed: 2025-03-25",Environment: Energy production & use,WB_WDI,kg of oil equivalent per capita,Annual,1990-2023,Weighted average,"Methodology: Total energy use refers to the use of primary energy before transformation to other end-use fuels (such as electricity and refined petroleum products). It includes energy from combustible renewables and waste - solid biomass and animal products, gas and liquid from biomass, and industrial and municipal waste. Biomass is any plant matter used directly as fuel or converted into fuel, heat, or electricity. World Bank population estimates are used to calculate per capita data.

















Energy data are compiled by the International Energy Agency (IEA). IEA data for economies that are not members of the Organisation for Economic Co-operation and Development (OECD) are based on national energy data adjusted to conform to annual questionnaires completed by OECD member governments.

















Data for combustible renewables and waste are often based on small surveys or other incomplete information and thus give only a broad impression of developments and are not strictly comparable across countries. The IEA reports include country notes that explain some of these differences. All forms of energy - primary energy and primary electricity - are converted into oil equivalents. A notional thermal efficiency of 33 percent is assumed for converting nuclear electricity into oil equivalents and 100 percent efficiency for converting hydroelectric power.","In developing economies growth in energy use is closely related to growth in the modern sectors - industry, motorized transport, and urban areas - but energy use also reflects climatic, geographic, and economic factors (such as the relative price of energy). Energy use has been growing rapidly in low- and middle-income economies, but high-income economies still use almost five times as much energy on a per capita basis.

















Governments in many countries are increasingly aware of the urgent need to make better use of the world's energy resources. Improved energy efficiency is often the most economic and readily available means of improving energy security and reducing greenhouse gas emissions.","The IEA makes these estimates in consultation with national statistical offices, oil companies, electric utilities, and national energy experts. The IEA occasionally revises its time series to reflect political changes, and energy statistics undergo continual changes in coverage or methodology as more detailed energy accounts become available. Breaks in series are therefore unavoidable.",,https://datacatalog.worldbank.org/public-licenses#cc-by
SP.POP.TOTL,CC BY-4.0,"Population, total","Total population is based on the de facto definition of population, which counts all residents regardless of legal status or citizenship. The values shown are midyear estimates.","World Population Prospects, United Nations (UN), uri: https://population.un.org/wpp/, publisher: UN Population Division;
Statistical databases and publications from national statistical offices, National Statistical Offices, uri: https://unstats.un.org/home/nso_sites/, publisher: National Statistical Offices;
Eurostat: Demographic Statistics, Eurostat (ESTAT), uri: https://ec.europa.eu/eurostat/data/database?node_code=earn_ses_monthly, publisher: Eurostat;
Population and Vital Statistics Report (various years), United Nations (UN), uri: https://unstats.un.org, publisher: UN Statistics Division",Health: Population: Structure,WB_WDI,Unit,Annual,1960-2024,Sum,"Methodology: Population estimates are usually based on national population censuses, and estimates of fertility, mortality and migration.



Errors and undercounting in census occur even in high-income countries.  In developing countries errors may be substantial because of limits in the transport, communications, and other resources required to conduct and analyze a full census.



The quality and reliability of official demographic data are also affected by public trust in the government, government commitment to full and accurate enumeration, confidentiality and protection against misuse of census data, and census agencies' independence from political influence. Moreover, comparability of population indicators is limited by differences in the concepts, definitions, collection procedures, and estimation methods used by national statistical agencies and other organizations that collect the data.



The currentness of a census and the availability of complementary data from surveys or registration systems are objective ways to judge demographic data quality. Some European countries' registration systems offer complete information on population in the absence of a census.



The United Nations Statistics Division monitors the completeness of vital registration systems. Some developing countries have made progress over the last 60 years, but others still have deficiencies in civil registration systems.



International migration is the only other factor besides birth and death rates that directly determines a country's population change. Estimating migration is difficult. At any time many people are located outside their home country as tourists, workers, or refugees or for other reasons. Standards for the duration and purpose of international moves that qualify as migration vary, and estimates require information on flows into and out of countries that is difficult to collect.



One of the major data sources of this indicator is UN Population Division's World Population Prospects, which use the cohort component method to produce population estimates and projections.



Population projections, starting from a base year are projected forward using assumptions of mortality, fertility, and migration by age and sex through 2050, based on the UN Population Division's World Population Prospects database medium variant.
Statistical concept(s): Estimates of total population describe the size of total population. Population estimates are dependent on the demographic components of change that are fertility, mortality and migration. As the size of population continues to change throughout the time even within a year, a reference time in the year that the estimate refers to is needed, such as mid-year, end-year or beginning of year. The values shown are midyear estimates.","Increases in human population, whether as a result of immigration or more births than deaths, can impact natural resources and social infrastructure.  This can place pressure on a country's sustainability.  A significant growth in population will negatively impact the availability of land for agricultural production, and will aggravate demand for food, energy, water, social services, and infrastructure. On the other hand, decreasing population size - a result of fewer births than deaths, and people moving out of a country - can impact a government's commitment to maintain services and infrastructure.","Current population estimates for developing countries that lack (i) reliable recent census data, and (ii) pre- and post-census estimates for countries with census data, are provided by the United Nations Population Division and other agencies. 



The cohort component method - a standard method for estimating and projecting population - requires fertility, mortality, and net migration data, often collected from sample surveys, which can be small or limited in coverage. Population estimates are from demographic modeling and so are susceptible to biases and errors from shortcomings in both the model and the data.



Because future trends cannot be known with certainty, population projections have a wide range of uncertainty.",Relevance to gender indicator: disaggregating the population composition by gender will help a country in projecting its demand for social services on a gender basis.,https://datacatalog.worldbank.org/public-licenses#cc-by
SP.URB.TOTL.IN.ZS,CC BY-4.0,Urban population (% of total population),Urban population refers to people living in urban areas as defined by national statistical offices. The data are collected and smoothed by United Nations Population Division.,"World Urbanization Prospects, United Nations (UN), uri: https://population.un.org/wup/, note: United Nations Population Division's World Urbanization Prospects, National definitions, publisher: UN Population Division",Environment: Density & urbanization,WB_WDI,Percentage,Annual,1960-2024,Weighted average,Methodology: Percentages urban are the numbers of persons residing in an area defined as ''urban'' per 100 total population.
Statistical concept(s): Urban population refers to people living in urban areas as defined by national statistical offices. Particular caution should be used in interpreting the figures for percentage urban for different countries. Countries differ in the way they classify population as "urban" or "rural." The population of a city or metropolitan area depends on the boundaries chosen.,"Explosive growth of cities globally signifies the demographic transition from rural to urban, and is associated with shifts from an agriculture-based economy to mass industry, technology, and service.











In principle, cities offer a more favorable setting for the resolution of social and environmental problems than rural areas. Cities generate jobs and income, and deliver education, health care and other services. Cities also present opportunities for social mobilization and women's empowerment.","Aggregation of urban and rural population may not add up to total population because of different country coverage.

Most countries use an urban classification related to the size or characteristics of settlements. Some define urban areas based on the presence of certain infrastructure and services. And other countries designate urban areas based on administrative arrangements. Because of national differences in the characteristics that distinguish urban from rural areas, the distinction between urban and rural population is not amenable to a single definition that would be applicable to all countries.

Estimates of the world's urban population would change significantly if China, India, and a few other populous nations were to change their definition of urban centers.

Because the estimates of city and metropolitan area are based on national definitions of what constitutes a city or metropolitan area, cross-country comparisons should be made with caution.",,https://datacatalog.worldbank.org/public-licenses#cc-by
